{
  "type": "FeatureCollection",
  "features": [
    {
      "type": "Feature",
      "geometry": {
        "type": "Point",
        "coordinates": [
          -0.1422189,
          51.4991255
        ]
      },
      "properties": {
        "timestamp": "2023-01-27T12:58:41Z"
      }
    },
    {
      "type": "Feature",
      "geometry": {
        "type": "Point",
        "coordinates": [
          -0.1422316,
          51.4991286
        ]
      },
      "properties": {
        "timestamp": "2023-01-27T12:58:42Z"
      }
    },
    {
      "type": "Feature",
      "geometry": {
        "type": "Point",
        "coordinates": [
          -0.1422414,
          51.4991138
        ]
      },
      "properties": {
        "timestamp": "2023-01-27T12:58:43Z"
      }
    },
    {
      "type": "Feature",
      "geometry": {
        "type": "Point",
        "coordinates": [
          -0.1422458,
          51.4990805
        ]
      },
      "properties": {
        "timestamp": "2023-01-27T12:58:44Z"
      }
    },
    {
      "type": "Feature",
      "geometry": {
        "type": "Point",
        "coordinates": [
          -0.1422768,
          51.4990267
        ]
      },
      "properties": {
        "timestamp": "2023-01-27T12:58:47Z"
      }
    },
    {
      "type": "Feature",
      "geometry": {
        "type": "Point",
        "coordinates": [
          -0.1422833,
          51.4989613
        ]
      },
      "properties": {
        "timestamp": "2023-01-27T12:58:51Z"
      }
    },
    {
      "type": "Feature",
      "geometry": {
        "type": "Point",
        "coordinates": [
          -0.1422584,
          51.4988845
        ]
      },
      "properties": {
        "timestamp": "2023-01-27T12:58:55Z"
      }
    },
    {
      "type": "Feature",
      "geometry": {
        "type": "Point",
        "coordinates": [
          -0.1422627,
          51.4988784
        ]
      },
      "properties": {
        "timestamp": "2023-01-27T12:58:56Z"
      }
    },
    {
      "type": "Feature",
      "geometry": {
        "type": "Point",
        "coordinates": [
          -0.1422533,
          51.4988859
        ]
      },
      "properties": {
        "timestamp": "2023-01-27T12:58:57Z"
      }
    },
    {
      "type": "Feature",
      "geometry": {
        "type": "Point",
        "coordinates": [
          -0.1422106,
          51.4988917
        ]
      },
      "properties": {
        "timestamp": "2023-01-27T12:59:00Z"
      }
    },
    {
      "type": "Feature",
      "geometry": {
        "type": "Point",
        "coordinates": [
          -0.1422,
          51.4988819
        ]
      },
      "properties": {
        "timestamp": "2023-01-27T12:59:01Z"
      }
    },
    {
      "type": "Feature",
      "geometry": {
        "type": "Point",
        "coordinates": [
          -0.1421769,
          51.4988857
        ]
      },
      "properties": {
        "timestamp": "2023-01-27T12:59:05Z"
      }
    },
    {
      "type": "Feature",
      "geometry": {
        "type": "Point",
        "coordinates": [
          -0.1421559,
          51.4989268
        ]
      },
      "properties": {
        "timestamp": "2023-01-27T12:59:08Z"
      }
    },
    {
      "type": "Feature",
      "geometry": {
        "type": "Point",
        "coordinates": [
          -0.1421295,
          51.49898
        ]
      },
      "properties": {
        "timestamp": "2023-01-27T12:59:12Z"
      }
    },
    {
      "type": "Feature",
      "geometry": {
        "type": "Point",
        "coordinates": [
          -0.1421296,
          51.499
        ]
      },
      "properties": {
        "timestamp": "2023-01-27T12:59:13Z"
      }
    },
    {
      "type": "Feature",
      "geometry": {
        "type": "Point",
        "coordinates": [
          -0.1421125,
          51.4990334
        ]
      },
      "properties": {
        "timestamp": "2023-01-27T12:59:16Z"
      }
    },
    {
      "type": "Feature",
      "geometry": {
        "type": "Point",
        "coordinates": [
          -0.1421085,
          51.4990727
        ]
      },
      "properties": {
        "timestamp": "2023-01-27T12:59:18Z"
      }
    },
    {
      "type": "Feature",
      "geometry": {
        "type": "Point",
        "coordinates": [
          -0.1420313,
          51.4991339
        ]
      },
      "properties": {
        "timestamp": "2023-01-27T12:59:23Z"
      }
    },
    {
      "type": "Feature",
      "geometry": {
        "type": "Point",
        "coordinates": [
          -0.1419799,
          51.4991164
        ]
      },
      "properties": {
        "timestamp": "2023-01-27T12:59:24Z"
      }
    },
    {
      "type": "Feature",
      "geometry": {
        "type": "Point",
        "coordinates": [
          -0.1418959,
          51.49914
        ]
      },
      "properties": {
        "timestamp": "2023-01-27T12:59:29Z"
      }
    },
    {
      "type": "Feature",
      "geometry": {
        "type": "Point",
        "coordinates": [
          -0.1418813,
          51.4991509
        ]
      },
      "properties": {
        "timestamp": "2023-01-27T12:59:30Z"
      }
    },
    {
      "type": "Feature",
      "geometry": {
        "type": "Point",
        "coordinates": [
          -0.141884,
          51.4991939
        ]
      },
      "properties": {
        "timestamp": "2023-01-27T12:59:33Z"
      }
    },
    {
      "type": "Feature",
      "geometry": {
        "type": "Point",
        "coordinates": [
          -0.1418719,
          51.4991836
        ]
      },
      "properties": {
        "timestamp": "2023-01-27T12:59:34Z"
      }
    },
    {
      "type": "Feature",
      "geometry": {
        "type": "Point",
        "coordinates": [
          -0.1418462,
          51.4991697
        ]
      },
      "properties": {
        "timestamp": "2023-01-27T12:59:36Z"
      }
    },
    {
      "type": "Feature",
      "geometry": {
        "type": "Point",
        "coordinates": [
          -0.141836,
          51.4991716
        ]
      },
      "properties": {
        "timestamp": "2023-01-27T12:59:37Z"
      }
    },
    {
      "type": "Feature",
      "geometry": {
        "type": "Point",
        "coordinates": [
          -0.1417889,
          51.4991832
        ]
      },
      "properties": {
        "timestamp": "2023-01-27T12:59:39Z"
      }
    },
    {
      "type": "Feature",
      "geometry": {
        "type": "Point",
        "coordinates": [
          -0.1417344,
          51.4992152
        ]
      },
      "properties": {
        "timestamp": "2023-01-27T12:59:42Z"
      }
    },
    {
      "type": "Feature",
      "geometry": {
        "type": "Point",
        "coordinates": [
          -0.1416101,
          51.4992759
        ]
      },
      "properties": {
        "timestamp": "2023-01-27T12:59:49Z"
      }
    },
    {
      "type": "Feature",
      "geometry": {
        "type": "Point",
        "coordinates": [
          -0.1415916,
          51.4993006
        ]
      },
      "properties": {
        "timestamp": "2023-01-27T12:59:50Z"
      }
    },
    {
      "type": "Feature",
      "geometry": {
        "type": "Point",
        "coordinates": [
          -0.1415599,
          51.4992804
        ]
      },
      "properties": {
        "timestamp": "2023-01-27T12:59:51Z"
      }
    },
    {
      "type": "Feature",
      "geometry": {
        "type": "Point",
        "coordinates": [
          -0.1415387,
          51.4993296
        ]
      },
      "properties": {
        "timestamp": "2023-01-27T12:59:53Z"
      }
    },
    {
      "type": "Feature",
      "geometry": {
        "type": "Point",
        "coordinates": [
          -0.141536,
          51.499359
        ]
      },
      "properties": {
        "timestamp": "2023-01-27T12:59:55Z"
      }
    },
    {
      "type": "Feature",
      "geometry": {
        "type": "Point",
        "coordinates": [
          -0.1415501,
          51.4993832
        ]
      },
      "properties": {
        "timestamp": "2023-01-27T12:59:56Z"
      }
    },
    {
      "type": "Feature",
      "geometry": {
        "type": "Point",
        "coordinates": [
          -0.1415684,
          51.4994202
        ]
      },
      "properties": {
        "timestamp": "2023-01-27T12:59:58Z"
      }
    },
    {
      "type": "Feature",
      "geometry": {
        "type": "Point",
        "coordinates": [
          -0.1415942,
          51.4994569
        ]
      },
      "properties": {
        "timestamp": "2023-01-27T13:00:00Z"
      }
    },
    {
      "type": "Feature",
      "geometry": {
        "type": "Point",
        "coordinates": [
          -0.141646,
          51.499473
        ]
      },
      "properties": {
        "timestamp": "2023-01-27T13:00:04Z"
      }
    },
    {
      "type": "Feature",
      "geometry": {
        "type": "Point",
        "coordinates": [
          -0.1420909,
          51.4994734
        ]
      },
      "properties": {
        "timestamp": "2023-01-27T13:00:26Z"
      }
    },
    {
      "type": "Feature",
      "geometry": {
        "type": "Point",
        "coordinates": [
          -0.1421517,
          51.4996544
        ]
      },
      "properties": {
        "timestamp": "2023-01-27T13:00:31Z"
      }
    },
    {
      "type": "Feature",
      "geometry": {
        "type": "Point",
        "coordinates": [
          -0.1421158,
          51.4999011
        ]
      },
      "properties": {
        "timestamp": "2023-01-27T13:00:34Z"
      }
    },
    {
      "type": "Feature",
      "geometry": {
        "type": "Point",
        "coordinates": [
          -0.1420997,
          51.4999678
        ]
      },
      "properties": {
        "timestamp": "2023-01-27T13:00:35Z"
      }
    },
    {
      "type": "Feature",
      "geometry": {
        "type": "Point",
        "coordinates": [
          -0.1420847,
          51.500077
        ]
      },
      "properties": {
        "timestamp": "2023-01-27T13:00:37Z"
      }
    },
    {
      "type": "Feature",
      "geometry": {
        "type": "Point",
        "coordinates": [
          -0.1420593,
          51.5001649
        ]
      },
      "properties": {
        "timestamp": "2023-01-27T13:00:40Z"
      }
    },
    {
      "type": "Feature",
      "geometry": {
        "type": "Point",
        "coordinates": [
          -0.142068,
          51.5001901
        ]
      },
      "properties": {
        "timestamp": "2023-01-27T13:00:41Z"
      }
    },
    {
      "type": "Feature",
      "geometry": {
        "type": "Point",
        "coordinates": [
          -0.1420706,
          51.5002252
        ]
      },
      "properties": {
        "timestamp": "2023-01-27T13:00:43Z"
      }
    },
    {
      "type": "Feature",
      "geometry": {
        "type": "Point",
        "coordinates": [
          -0.1420588,
          51.5002467
        ]
      },
      "properties": {
        "timestamp": "2023-01-27T13:00:44Z"
      }
    },
    {
      "type": "Feature",
      "geometry": {
        "type": "Point",
        "coordinates": [
          -0.1420299,
          51.5002765
        ]
      },
      "properties": {
        "timestamp": "2023-01-27T13:00:46Z"
      }
    },
    {
      "type": "Feature",
      "geometry": {
        "type": "Point",
        "coordinates": [
          -0.1419793,
          51.5002822
        ]
      },
      "properties": {
        "timestamp": "2023-01-27T13:00:49Z"
      }
    },
    {
      "type": "Feature",
      "geometry": {
        "type": "Point",
        "coordinates": [
          -0.1419457,
          51.5002855
        ]
      },
      "properties": {
        "timestamp": "2023-01-27T13:00:51Z"
      }
    },
    {
      "type": "Feature",
      "geometry": {
        "type": "Point",
        "coordinates": [
          -0.1419245,
          51.5003144
        ]
      },
      "properties": {
        "timestamp": "2023-01-27T13:00:55Z"
      }
    },
    {
      "type": "Feature",
      "geometry": {
        "type": "Point",
        "coordinates": [
          -0.1419082,
          51.5003526
        ]
      },
      "properties": {
        "timestamp": "2023-01-27T13:00:59Z"
      }
    },
    {
      "type": "Feature",
      "geometry": {
        "type": "Point",
        "coordinates": [
          -0.1418872,
          51.500382
        ]
      },
      "properties": {
        "timestamp": "2023-01-27T13:01:02Z"
      }
    },
    {
      "type": "Feature",
      "geometry": {
        "type": "Point",
        "coordinates": [
          -0.141722,
          51.5005055
        ]
      },
      "properties": {
        "timestamp": "2023-01-27T13:01:17Z"
      }
    },
    {
      "type": "Feature",
      "geometry": {
        "type": "Point",
        "coordinates": [
          -0.1417421,
          51.5005273
        ]
      },
      "properties": {
        "timestamp": "2023-01-27T13:01:18Z"
      }
    },
    {
      "type": "Feature",
      "geometry": {
        "type": "Point",
        "coordinates": [
          -0.1416287,
          51.5005201
        ]
      },
      "properties": {
        "timestamp": "2023-01-27T13:01:21Z"
      }
    },
    {
      "type": "Feature",
      "geometry": {
        "type": "Point",
        "coordinates": [
          -0.1415847,
          51.5005201
        ]
      },
      "properties": {
        "timestamp": "2023-01-27T13:01:22Z"
      }
    },
    {
      "type": "Feature",
      "geometry": {
        "type": "Point",
        "coordinates": [
          -0.1415067,
          51.5005202
        ]
      },
      "properties": {
        "timestamp": "2023-01-27T13:01:24Z"
      }
    },
    {
      "type": "Feature",
      "geometry": {
        "type": "Point",
        "coordinates": [
          -0.141437,
          51.5005258
        ]
      },
      "properties": {
        "timestamp": "2023-01-27T13:01:26Z"
      }
    },
    {
      "type": "Feature",
      "geometry": {
        "type": "Point",
        "coordinates": [
          -0.1412937,
          51.5005485
        ]
      },
      "properties": {
        "timestamp": "2023-01-27T13:01:34Z"
      }
    },
    {
      "type": "Feature",
      "geometry": {
        "type": "Point",
        "coordinates": [
          -0.1412858,
          51.5005399
        ]
      },
      "properties": {
        "timestamp": "2023-01-27T13:01:35Z"
      }
    },
    {
      "type": "Feature",
      "geometry": {
        "type": "Point",
        "coordinates": [
          -0.1412743,
          51.5005389
        ]
      },
      "properties": {
        "timestamp": "2023-01-27T13:01:37Z"
      }
    },
    {
      "type": "Feature",
      "geometry": {
        "type": "Point",
        "coordinates": [
          -0.1412419,
          51.5005062
        ]
      },
      "properties": {
        "timestamp": "2023-01-27T13:01:42Z"
      }
    },
    {
      "type": "Feature",
      "geometry": {
        "type": "Point",
        "coordinates": [
          -0.1412246,
          51.5005006
        ]
      },
      "properties": {
        "timestamp": "2023-01-27T13:01:46Z"
      }
    },
    {
      "type": "Feature",
      "geometry": {
        "type": "Point",
        "coordinates": [
          -0.1412024,
          51.5004746
        ]
      },
      "properties": {
        "timestamp": "2023-01-27T13:01:52Z"
      }
    },
    {
      "type": "Feature",
      "geometry": {
        "type": "Point",
        "coordinates": [
          -0.141234,
          51.5005087
        ]
      },
      "properties": {
        "timestamp": "2023-01-27T13:01:58Z"
      }
    },
    {
      "type": "Feature",
      "geometry": {
        "type": "Point",
        "coordinates": [
          -0.1412837,
          51.5006214
        ]
      },
      "properties": {
        "timestamp": "2023-01-27T13:02:06Z"
      }
    },
    {
      "type": "Feature",
      "geometry": {
        "type": "Point",
        "coordinates": [
          -0.1412757,
          51.5006401
        ]
      },
      "properties": {
        "timestamp": "2023-01-27T13:02:09Z"
      }
    },
    {
      "type": "Feature",
      "geometry": {
        "type": "Point",
        "coordinates": [
          -0.1412618,
          51.5006319
        ]
      },
      "properties": {
        "timestamp": "2023-01-27T13:02:11Z"
      }
    },
    {
      "type": "Feature",
      "geometry": {
        "type": "Point",
        "coordinates": [
          -0.1412557,
          51.5006326
        ]
      },
      "properties": {
        "timestamp": "2023-01-27T13:02:12Z"
      }
    },
    {
      "type": "Feature",
      "geometry": {
        "type": "Point",
        "coordinates": [
          -0.1412484,
          51.5006563
        ]
      },
      "properties": {
        "timestamp": "2023-01-27T13:02:14Z"
      }
    },
    {
      "type": "Feature",
      "geometry": {
        "type": "Point",
        "coordinates": [
          -0.1411754,
          51.5006984
        ]
      },
      "properties": {
        "timestamp": "2023-01-27T13:02:20Z"
      }
    },
    {
      "type": "Feature",
      "geometry": {
        "type": "Point",
        "coordinates": [
          -0.1410935,
          51.500741
        ]
      },
      "properties": {
        "timestamp": "2023-01-27T13:02:28Z"
      }
    },
    {
      "type": "Feature",
      "geometry": {
        "type": "Point",
        "coordinates": [
          -0.1409984,
          51.5007618
        ]
      },
      "properties": {
        "timestamp": "2023-01-27T13:02:32Z"
      }
    },
    {
      "type": "Feature",
      "geometry": {
        "type": "Point",
        "coordinates": [
          -0.1409734,
          51.500786
        ]
      },
      "properties": {
        "timestamp": "2023-01-27T13:02:34Z"
      }
    },
    {
      "type": "Feature",
      "geometry": {
        "type": "Point",
        "coordinates": [
          -0.140977,
          51.5008053
        ]
      },
      "properties": {
        "timestamp": "2023-01-27T13:02:35Z"
      }
    },
    {
      "type": "Feature",
      "geometry": {
        "type": "Point",
        "coordinates": [
          -0.140947,
          51.5009062
        ]
      },
      "properties": {
        "timestamp": "2023-01-27T13:02:44Z"
      }
    },
    {
      "type": "Feature",
      "geometry": {
        "type": "Point",
        "coordinates": [
          -0.1408638,
          51.5009917
        ]
      },
      "properties": {
        "timestamp": "2023-01-27T13:02:54Z"
      }
    },
    {
      "type": "Feature",
      "geometry": {
        "type": "Point",
        "coordinates": [
          -0.140839,
          51.5010739
        ]
      },
      "properties": {
        "timestamp": "2023-01-27T13:03:04Z"
      }
    },
    {
      "type": "Feature",
      "geometry": {
        "type": "Point",
        "coordinates": [
          -0.140842,
          51.5011763
        ]
      },
      "properties": {
        "timestamp": "2023-01-27T13:03:11Z"
      }
    },
    {
      "type": "Feature",
      "geometry": {
        "type": "Point",
        "coordinates": [
          -0.1408409,
          51.501187
        ]
      },
      "properties": {
        "timestamp": "2023-01-27T13:03:12Z"
      }
    },
    {
      "type": "Feature",
      "geometry": {
        "type": "Point",
        "coordinates": [
          -0.1408322,
          51.5012017
        ]
      },
      "properties": {
        "timestamp": "2023-01-27T13:03:14Z"
      }
    },
    {
      "type": "Feature",
      "geometry": {
        "type": "Point",
        "coordinates": [
          -0.1408478,
          51.5012447
        ]
      },
      "properties": {
        "timestamp": "2023-01-27T13:03:19Z"
      }
    },
    {
      "type": "Feature",
      "geometry": {
        "type": "Point",
        "coordinates": [
          -0.1408586,
          51.5012519
        ]
      },
      "properties": {
        "timestamp": "2023-01-27T13:03:21Z"
      }
    },
    {
      "type": "Feature",
      "geometry": {
        "type": "Point",
        "coordinates": [
          -0.1409229,
          51.5012853
        ]
      },
      "properties": {
        "timestamp": "2023-01-27T13:03:29Z"
      }
    },
    {
      "type": "Feature",
      "geometry": {
        "type": "Point",
        "coordinates": [
          -0.1409477,
          51.5013274
        ]
      },
      "properties": {
        "timestamp": "2023-01-27T13:03:36Z"
      }
    },
    {
      "type": "Feature",
      "geometry": {
        "type": "Point",
        "coordinates": [
          -0.1410145,
          51.5014196
        ]
      },
      "properties": {
        "timestamp": "2023-01-27T13:03:45Z"
      }
    },
    {
      "type": "Feature",
      "geometry": {
        "type": "Point",
        "coordinates": [
          -0.1411029,
          51.5014406
        ]
      },
      "properties": {
        "timestamp": "2023-01-27T13:03:53Z"
      }
    },
    {
      "type": "Feature",
      "geometry": {
        "type": "Point",
        "coordinates": [
          -0.1411045,
          51.5014431
        ]
      },
      "properties": {
        "timestamp": "2023-01-27T13:03:54Z"
      }
    },
    {
      "type": "Feature",
      "geometry": {
        "type": "Point",
        "coordinates": [
          -0.1411019,
          51.5014688
        ]
      },
      "properties": {
        "timestamp": "2023-01-27T13:03:59Z"
      }
    },
    {
      "type": "Feature",
      "geometry": {
        "type": "Point",
        "coordinates": [
          -0.1410842,
          51.5014858
        ]
      },
      "properties": {
        "timestamp": "2023-01-27T13:04:03Z"
      }
    },
    {
      "type": "Feature",
      "geometry": {
        "type": "Point",
        "coordinates": [
          -0.1410939,
          51.5014877
        ]
      },
      "properties": {
        "timestamp": "2023-01-27T13:04:07Z"
      }
    },
    {
      "type": "Feature",
      "geometry": {
        "type": "Point",
        "coordinates": [
          -0.141102,
          51.5014669
        ]
      },
      "properties": {
        "timestamp": "2023-01-27T13:04:14Z"
      }
    },
    {
      "type": "Feature",
      "geometry": {
        "type": "Point",
        "coordinates": [
          -0.1411266,
          51.5014755
        ]
      },
      "properties": {
        "timestamp": "2023-01-27T13:04:18Z"
      }
    },
    {
      "type": "Feature",
      "geometry": {
        "type": "Point",
        "coordinates": [
          -0.1411445,
          51.5014959
        ]
      },
      "properties": {
        "timestamp": "2023-01-27T13:04:21Z"
      }
    },
    {
      "type": "Feature",
      "geometry": {
        "type": "Point",
        "coordinates": [
          -0.1412313,
          51.5015426
        ]
      },
      "properties": {
        "timestamp": "2023-01-27T13:04:29Z"
      }
    },
    {
      "type": "Feature",
      "geometry": {
        "type": "Point",
        "coordinates": [
          -0.1412709,
          51.5015596
        ]
      },
      "properties": {
        "timestamp": "2023-01-27T13:04:35Z"
      }
    },
    {
      "type": "Feature",
      "geometry": {
        "type": "Point",
        "coordinates": [
          -0.1412705,
          51.5015653
        ]
      },
      "properties": {
        "timestamp": "2023-01-27T13:04:40Z"
      }
    },
    {
      "type": "Feature",
      "geometry": {
        "type": "Point",
        "coordinates": [
          -0.1412722,
          51.5015668
        ]
      },
      "properties": {
        "timestamp": "2023-01-27T13:04:42Z"
      }
    },
    {
      "type": "Feature",
      "geometry": {
        "type": "Point",
        "coordinates": [
          -0.1412473,
          51.5015413
        ]
      },
      "properties": {
        "timestamp": "2023-01-27T13:04:50Z"
      }
    },
    {
      "type": "Feature",
      "geometry": {
        "type": "Point",
        "coordinates": [
          -0.1412378,
          51.5015416
        ]
      },
      "properties": {
        "timestamp": "2023-01-27T13:04:53Z"
      }
    },
    {
      "type": "Feature",
      "geometry": {
        "type": "Point",
        "coordinates": [
          -0.1412378,
          51.5015416
        ]
      },
      "properties": {
        "timestamp": "2023-01-27T13:05:04Z"
      }
    },
    {
      "type": "Feature",
      "geometry": {
        "type": "Point",
        "coordinates": [
          -0.1412378,
          51.5015416
        ]
      },
      "properties": {
        "timestamp": "2023-01-27T13:05:07Z"
      }
    },
    {
      "type": "Feature",
      "geometry": {
        "type": "Point",
        "coordinates": [
          -0.1412019,
          51.5015405
        ]
      },
      "properties": {
        "timestamp": "2023-01-27T13:05:19Z"
      }
    },
    {
      "type": "Feature",
      "geometry": {
        "type": "Point",
        "coordinates": [
          -0.1411979,
          51.5015404
        ]
      },
      "properties": {
        "timestamp": "2023-01-27T13:05:20Z"
      }
    },
    {
      "type": "Feature",
      "geometry": {
        "type": "Point",
        "coordinates": [
          -0.1411968,
          51.5015396
        ]
      },
      "properties": {
        "timestamp": "2023-01-27T13:05:21Z"
      }
    },
    {
      "type": "Feature",
      "geometry": {
        "type": "Point",
        "coordinates": [
          -0.1411813,
          51.5015339
        ]
      },
      "properties": {
        "timestamp": "2023-01-27T13:05:30Z"
      }
    },
    {
      "type": "Feature",
      "geometry": {
        "type": "Point",
        "coordinates": [
          -0.1411783,
          51.5015331
        ]
      },
      "properties": {
        "timestamp": "2023-01-27T13:05:31Z"
      }
    },
    {
      "type": "Feature",
      "geometry": {
        "type": "Point",
        "coordinates": [
          -0.141137,
          51.5015213
        ]
      },
      "properties": {
        "timestamp": "2023-01-27T13:05:46Z"
      }
    },
    {
      "type": "Feature",
      "geometry": {
        "type": "Point",
        "coordinates": [
          -0.1411338,
          51.5015188
        ]
      },
      "properties": {
        "timestamp": "2023-01-27T13:05:54Z"
      }
    },
    {
      "type": "Feature",
      "geometry": {
        "type": "Point",
        "coordinates": [
          -0.1411243,
          51.5015141
        ]
      },
      "properties": {
        "timestamp": "2023-01-27T13:06:40Z"
      }
    },
    {
      "type": "Feature",
      "geometry": {
        "type": "Point",
        "coordinates": [
          -0.141125,
          51.501515
        ]
      },
      "properties": {
        "timestamp": "2023-01-27T13:06:48Z"
      }
    },
    {
      "type": "Feature",
      "geometry": {
        "type": "Point",
        "coordinates": [
          -0.1410932,
          51.5015224
        ]
      },
      "properties": {
        "timestamp": "2023-01-27T13:07:26Z"
      }
    },
    {
      "type": "Feature",
      "geometry": {
        "type": "Point",
        "coordinates": [
          -0.1410855,
          51.5015307
        ]
      },
      "properties": {
        "timestamp": "2023-01-27T13:07:52Z"
      }
    },
    {
      "type": "Feature",
      "geometry": {
        "type": "Point",
        "coordinates": [
          -0.14108,
          51.5015317
        ]
      },
      "properties": {
        "timestamp": "2023-01-27T13:08:12Z"
      }
    },
    {
      "type": "Feature",
      "geometry": {
        "type": "Point",
        "coordinates": [
          -0.14108,
          51.5015317
        ]
      },
      "properties": {
        "timestamp": "2023-01-27T13:08:13Z"
      }
    },
    {
      "type": "Feature",
      "geometry": {
        "type": "Point",
        "coordinates": [
          -0.1410808,
          51.5015312
        ]
      },
      "properties": {
        "timestamp": "2023-01-27T13:08:22Z"
      }
    },
    {
      "type": "Feature",
      "geometry": {
        "type": "Point",
        "coordinates": [
          -0.1410814,
          51.5015312
        ]
      },
      "properties": {
        "timestamp": "2023-01-27T13:08:26Z"
      }
    },
    {
      "type": "Feature",
      "geometry": {
        "type": "Point",
        "coordinates": [
          -0.1410823,
          51.5015306
        ]
      },
      "properties": {
        "timestamp": "2023-01-27T13:08:31Z"
      }
    },
    {
      "type": "Feature",
      "geometry": {
        "type": "Point",
        "coordinates": [
          -0.1410838,
          51.5015295
        ]
      },
      "properties": {
        "timestamp": "2023-01-27T13:08:38Z"
      }
    },
    {
      "type": "Feature",
      "geometry": {
        "type": "Point",
        "coordinates": [
          -0.1410865,
          51.5015285
        ]
      },
      "properties": {
        "timestamp": "2023-01-27T13:08:52Z"
      }
    },
    {
      "type": "Feature",
      "geometry": {
        "type": "Point",
        "coordinates": [
          -0.1410883,
          51.5015269
        ]
      },
      "properties": {
        "timestamp": "2023-01-27T13:09:11Z"
      }
    },
    {
      "type": "Feature",
      "geometry": {
        "type": "Point",
        "coordinates": [
          -0.1410883,
          51.5015269
        ]
      },
      "properties": {
        "timestamp": "2023-01-27T13:09:12Z"
      }
    },
    {
      "type": "Feature",
      "geometry": {
        "type": "Point",
        "coordinates": [
          -0.1410902,
          51.5015255
        ]
      },
      "properties": {
        "timestamp": "2023-01-27T13:09:34Z"
      }
    },
    {
      "type": "Feature",
      "geometry": {
        "type": "Point",
        "coordinates": [
          -0.1410919,
          51.501525
        ]
      },
      "properties": {
        "timestamp": "2023-01-27T13:09:45Z"
      }
    },
    {
      "type": "Feature",
      "geometry": {
        "type": "Point",
        "coordinates": [
          -0.1410942,
          51.5015234
        ]
      },
      "properties": {
        "timestamp": "2023-01-27T13:10:09Z"
      }
    },
    {
      "type": "Feature",
      "geometry": {
        "type": "Point",
        "coordinates": [
          -0.1410943,
          51.5015234
        ]
      },
      "properties": {
        "timestamp": "2023-01-27T13:10:13Z"
      }
    },
    {
      "type": "Feature",
      "geometry": {
        "type": "Point",
        "coordinates": [
          -0.1410942,
          51.5015233
        ]
      },
      "properties": {
        "timestamp": "2023-01-27T13:10:14Z"
      }
    },
    {
      "type": "Feature",
      "geometry": {
        "type": "Point",
        "coordinates": [
          -0.1410946,
          51.5015219
        ]
      },
      "properties": {
        "timestamp": "2023-01-27T13:10:24Z"
      }
    },
    {
      "type": "Feature",
      "geometry": {
        "type": "Point",
        "coordinates": [
          -0.1410951,
          51.5015219
        ]
      },
      "properties": {
        "timestamp": "2023-01-27T13:10:30Z"
      }
    },
    {
      "type": "Feature",
      "geometry": {
        "type": "Point",
        "coordinates": [
          -0.1410963,
          51.5015206
        ]
      },
      "properties": {
        "timestamp": "2023-01-27T13:10:43Z"
      }
    },
    {
      "type": "Feature",
      "geometry": {
        "type": "Point",
        "coordinates": [
          -0.141099,
          51.5015187
        ]
      },
      "properties": {
        "timestamp": "2023-01-27T13:10:59Z"
      }
    },
    {
      "type": "Feature",
      "geometry": {
        "type": "Point",
        "coordinates": [
          -0.1411016,
          51.5015177
        ]
      },
      "properties": {
        "timestamp": "2023-01-27T13:11:17Z"
      }
    },
    {
      "type": "Feature",
      "geometry": {
        "type": "Point",
        "coordinates": [
          -0.1411037,
          51.5015158
        ]
      },
      "properties": {
        "timestamp": "2023-01-27T13:11:41Z"
      }
    },
    {
      "type": "Feature",
      "geometry": {
        "type": "Point",
        "coordinates": [
          -0.1411039,
          51.5015158
        ]
      },
      "properties": {
        "timestamp": "2023-01-27T13:11:46Z"
      }
    },
    {
      "type": "Feature",
      "geometry": {
        "type": "Point",
        "coordinates": [
          -0.1411044,
          51.5015157
        ]
      },
      "properties": {
        "timestamp": "2023-01-27T13:11:54Z"
      }
    },
    {
      "type": "Feature",
      "geometry": {
        "type": "Point",
        "coordinates": [
          -0.1411046,
          51.5015155
        ]
      },
      "properties": {
        "timestamp": "2023-01-27T13:11:56Z"
      }
    },
    {
      "type": "Feature",
      "geometry": {
        "type": "Point",
        "coordinates": [
          -0.1411046,
          51.5015153
        ]
      },
      "properties": {
        "timestamp": "2023-01-27T13:11:58Z"
      }
    },
    {
      "type": "Feature",
      "geometry": {
        "type": "Point",
        "coordinates": [
          -0.1411048,
          51.5015156
        ]
      },
      "properties": {
        "timestamp": "2023-01-27T13:12:05Z"
      }
    },
    {
      "type": "Feature",
      "geometry": {
        "type": "Point",
        "coordinates": [
          -0.1411049,
          51.5015156
        ]
      },
      "properties": {
        "timestamp": "2023-01-27T13:12:06Z"
      }
    },
    {
      "type": "Feature",
      "geometry": {
        "type": "Point",
        "coordinates": [
          -0.1411061,
          51.5015141
        ]
      },
      "properties": {
        "timestamp": "2023-01-27T13:12:35Z"
      }
    },
    {
      "type": "Feature",
      "geometry": {
        "type": "Point",
        "coordinates": [
          -0.1411064,
          51.5015137
        ]
      },
      "properties": {
        "timestamp": "2023-01-27T13:12:40Z"
      }
    },
    {
      "type": "Feature",
      "geometry": {
        "type": "Point",
        "coordinates": [
          -0.1411064,
          51.5015137
        ]
      },
      "properties": {
        "timestamp": "2023-01-27T13:12:43Z"
      }
    },
    {
      "type": "Feature",
      "geometry": {
        "type": "Point",
        "coordinates": [
          -0.1411067,
          51.5015136
        ]
      },
      "properties": {
        "timestamp": "2023-01-27T13:12:48Z"
      }
    },
    {
      "type": "Feature",
      "geometry": {
        "type": "Point",
        "coordinates": [
          -0.1411072,
          51.501513
        ]
      },
      "properties": {
        "timestamp": "2023-01-27T13:12:54Z"
      }
    },
    {
      "type": "Feature",
      "geometry": {
        "type": "Point",
        "coordinates": [
          -0.1411079,
          51.501513
        ]
      },
      "properties": {
        "timestamp": "2023-01-27T13:13:00Z"
      }
    },
    {
      "type": "Feature",
      "geometry": {
        "type": "Point",
        "coordinates": [
          -0.1411091,
          51.5015117
        ]
      },
      "properties": {
        "timestamp": "2023-01-27T13:13:20Z"
      }
    },
    {
      "type": "Feature",
      "geometry": {
        "type": "Point",
        "coordinates": [
          -0.1411096,
          51.5015114
        ]
      },
      "properties": {
        "timestamp": "2023-01-27T13:13:26Z"
      }
    },
    {
      "type": "Feature",
      "geometry": {
        "type": "Point",
        "coordinates": [
          -0.1411105,
          51.5015106
        ]
      },
      "properties": {
        "timestamp": "2023-01-27T13:13:34Z"
      }
    },
    {
      "type": "Feature",
      "geometry": {
        "type": "Point",
        "coordinates": [
          -0.1411114,
          51.5015105
        ]
      },
      "properties": {
        "timestamp": "2023-01-27T13:13:43Z"
      }
    },
    {
      "type": "Feature",
      "geometry": {
        "type": "Point",
        "coordinates": [
          -0.1411111,
          51.5015099
        ]
      },
      "properties": {
        "timestamp": "2023-01-27T13:13:48Z"
      }
    },
    {
      "type": "Feature",
      "geometry": {
        "type": "Point",
        "coordinates": [
          -0.141112,
          51.5015086
        ]
      },
      "properties": {
        "timestamp": "2023-01-27T13:14:08Z"
      }
    },
    {
      "type": "Feature",
      "geometry": {
        "type": "Point",
        "coordinates": [
          -0.141112,
          51.5015084
        ]
      },
      "properties": {
        "timestamp": "2023-01-27T13:14:13Z"
      }
    },
    {
      "type": "Feature",
      "geometry": {
        "type": "Point",
        "coordinates": [
          -0.1411123,
          51.5015084
        ]
      },
      "properties": {
        "timestamp": "2023-01-27T13:14:16Z"
      }
    },
    {
      "type": "Feature",
      "geometry": {
        "type": "Point",
        "coordinates": [
          -0.1411145,
          51.5015077
        ]
      },
      "properties": {
        "timestamp": "2023-01-27T13:14:40Z"
      }
    },
    {
      "type": "Feature",
      "geometry": {
        "type": "Point",
        "coordinates": [
          -0.1411154,
          51.5015061
        ]
      },
      "properties": {
        "timestamp": "2023-01-27T13:15:25Z"
      }
    },
    {
      "type": "Feature",
      "geometry": {
        "type": "Point",
        "coordinates": [
          -0.1411155,
          51.5015046
        ]
      },
      "properties": {
        "timestamp": "2023-01-27T13:15:59Z"
      }
    },
    {
      "type": "Feature",
      "geometry": {
        "type": "Point",
        "coordinates": [
          -0.1411164,
          51.5015042
        ]
      },
      "properties": {
        "timestamp": "2023-01-27T13:16:14Z"
      }
    },
    {
      "type": "Feature",
      "geometry": {
        "type": "Point",
        "coordinates": [
          -0.1411165,
          51.501503
        ]
      },
      "properties": {
        "timestamp": "2023-01-27T13:16:30Z"
      }
    },
    {
      "type": "Feature",
      "geometry": {
        "type": "Point",
        "coordinates": [
          -0.1411165,
          51.5015029
        ]
      },
      "properties": {
        "timestamp": "2023-01-27T13:16:33Z"
      }
    },
    {
      "type": "Feature",
      "geometry": {
        "type": "Point",
        "coordinates": [
          -0.1411165,
          51.5015029
        ]
      },
      "properties": {
        "timestamp": "2023-01-27T13:16:34Z"
      }
    },
    {
      "type": "Feature",
      "geometry": {
        "type": "Point",
        "coordinates": [
          -0.1411165,
          51.5015022
        ]
      },
      "properties": {
        "timestamp": "2023-01-27T13:16:46Z"
      }
    },
    {
      "type": "Feature",
      "geometry": {
        "type": "Point",
        "coordinates": [
          -0.141117,
          51.5015022
        ]
      },
      "properties": {
        "timestamp": "2023-01-27T13:16:51Z"
      }
    },
    {
      "type": "Feature",
      "geometry": {
        "type": "Point",
        "coordinates": [
          -0.1411168,
          51.5015021
        ]
      },
      "properties": {
        "timestamp": "2023-01-27T13:16:55Z"
      }
    },
    {
      "type": "Feature",
      "geometry": {
        "type": "Point",
        "coordinates": [
          -0.1411181,
          51.5015122
        ]
      },
      "properties": {
        "timestamp": "2023-01-27T13:17:16Z"
      }
    },
    {
      "type": "Feature",
      "geometry": {
        "type": "Point",
        "coordinates": [
          -0.141135,
          51.5015312
        ]
      },
      "properties": {
        "timestamp": "2023-01-27T13:17:18Z"
      }
    },
    {
      "type": "Feature",
      "geometry": {
        "type": "Point",
        "coordinates": [
          -0.1411775,
          51.5015874
        ]
      },
      "properties": {
        "timestamp": "2023-01-27T13:17:24Z"
      }
    },
    {
      "type": "Feature",
      "geometry": {
        "type": "Point",
        "coordinates": [
          -0.1412091,
          51.5016161
        ]
      },
      "properties": {
        "timestamp": "2023-01-27T13:17:27Z"
      }
    },
    {
      "type": "Feature",
      "geometry": {
        "type": "Point",
        "coordinates": [
          -0.141219,
          51.5016223
        ]
      },
      "properties": {
        "timestamp": "2023-01-27T13:17:28Z"
      }
    },
    {
      "type": "Feature",
      "geometry": {
        "type": "Point",
        "coordinates": [
          -0.1412844,
          51.5016674
        ]
      },
      "properties": {
        "timestamp": "2023-01-27T13:17:33Z"
      }
    },
    {
      "type": "Feature",
      "geometry": {
        "type": "Point",
        "coordinates": [
          -0.1413151,
          51.501703
        ]
      },
      "properties": {
        "timestamp": "2023-01-27T13:17:36Z"
      }
    },
    {
      "type": "Feature",
      "geometry": {
        "type": "Point",
        "coordinates": [
          -0.1413275,
          51.5017149
        ]
      },
      "properties": {
        "timestamp": "2023-01-27T13:17:37Z"
      }
    },
    {
      "type": "Feature",
      "geometry": {
        "type": "Point",
        "coordinates": [
          -0.1413943,
          51.5017733
        ]
      },
      "properties": {
        "timestamp": "2023-01-27T13:17:43Z"
      }
    },
    {
      "type": "Feature",
      "geometry": {
        "type": "Point",
        "coordinates": [
          -0.1414388,
          51.5018307
        ]
      },
      "properties": {
        "timestamp": "2023-01-27T13:17:48Z"
      }
    },
    {
      "type": "Feature",
      "geometry": {
        "type": "Point",
        "coordinates": [
          -0.14154,
          51.5019127
        ]
      },
      "properties": {
        "timestamp": "2023-01-27T13:17:57Z"
      }
    },
    {
      "type": "Feature",
      "geometry": {
        "type": "Point",
        "coordinates": [
          -0.14162,
          51.5020036
        ]
      },
      "properties": {
        "timestamp": "2023-01-27T13:18:05Z"
      }
    },
    {
      "type": "Feature",
      "geometry": {
        "type": "Point",
        "coordinates": [
          -0.1416294,
          51.5020109
        ]
      },
      "properties": {
        "timestamp": "2023-01-27T13:18:06Z"
      }
    },
    {
      "type": "Feature",
      "geometry": {
        "type": "Point",
        "coordinates": [
          -0.1417729,
          51.5021099
        ]
      },
      "properties": {
        "timestamp": "2023-01-27T13:18:17Z"
      }
    },
    {
      "type": "Feature",
      "geometry": {
        "type": "Point",
        "coordinates": [
          -0.1418689,
          51.5021673
        ]
      },
      "properties": {
        "timestamp": "2023-01-27T13:18:24Z"
      }
    },
    {
      "type": "Feature",
      "geometry": {
        "type": "Point",
        "coordinates": [
          -0.1418775,
          51.5021715
        ]
      },
      "properties": {
        "timestamp": "2023-01-27T13:18:25Z"
      }
    },
    {
      "type": "Feature",
      "geometry": {
        "type": "Point",
        "coordinates": [
          -0.1418759,
          51.5021743
        ]
      },
      "properties": {
        "timestamp": "2023-01-27T13:18:26Z"
      }
    },
    {
      "type": "Feature",
      "geometry": {
        "type": "Point",
        "coordinates": [
          -0.1418744,
          51.5021805
        ]
      },
      "properties": {
        "timestamp": "2023-01-27T13:18:27Z"
      }
    },
    {
      "type": "Feature",
      "geometry": {
        "type": "Point",
        "coordinates": [
          -0.1418865,
          51.50222
        ]
      },
      "properties": {
        "timestamp": "2023-01-27T13:18:30Z"
      }
    },
    {
      "type": "Feature",
      "geometry": {
        "type": "Point",
        "coordinates": [
          -0.1418618,
          51.5023224
        ]
      },
      "properties": {
        "timestamp": "2023-01-27T13:18:38Z"
      }
    },
    {
      "type": "Feature",
      "geometry": {
        "type": "Point",
        "coordinates": [
          -0.1418654,
          51.5023434
        ]
      },
      "properties": {
        "timestamp": "2023-01-27T13:18:42Z"
      }
    },
    {
      "type": "Feature",
      "geometry": {
        "type": "Point",
        "coordinates": [
          -0.1418625,
          51.5023457
        ]
      },
      "properties": {
        "timestamp": "2023-01-27T13:18:43Z"
      }
    },
    {
      "type": "Feature",
      "geometry": {
        "type": "Point",
        "coordinates": [
          -0.1418601,
          51.5023485
        ]
      },
      "properties": {
        "timestamp": "2023-01-27T13:18:44Z"
      }
    },
    {
      "type": "Feature",
      "geometry": {
        "type": "Point",
        "coordinates": [
          -0.1418627,
          51.5023495
        ]
      },
      "properties": {
        "timestamp": "2023-01-27T13:18:51Z"
      }
    },
    {
      "type": "Feature",
      "geometry": {
        "type": "Point",
        "coordinates": [
          -0.1418472,
          51.5023717
        ]
      },
      "properties": {
        "timestamp": "2023-01-27T13:19:29Z"
      }
    },
    {
      "type": "Feature",
      "geometry": {
        "type": "Point",
        "coordinates": [
          -0.1418472,
          51.502376
        ]
      },
      "properties": {
        "timestamp": "2023-01-27T13:19:30Z"
      }
    },
    {
      "type": "Feature",
      "geometry": {
        "type": "Point",
        "coordinates": [
          -0.1418381,
          51.5024014
        ]
      },
      "properties": {
        "timestamp": "2023-01-27T13:19:49Z"
      }
    },
    {
      "type": "Feature",
      "geometry": {
        "type": "Point",
        "coordinates": [
          -0.1418443,
          51.5024075
        ]
      },
      "properties": {
        "timestamp": "2023-01-27T13:20:02Z"
      }
    },
    {
      "type": "Feature",
      "geometry": {
        "type": "Point",
        "coordinates": [
          -0.1418473,
          51.5024072
        ]
      },
      "properties": {
        "timestamp": "2023-01-27T13:20:14Z"
      }
    },
    {
      "type": "Feature",
      "geometry": {
        "type": "Point",
        "coordinates": [
          -0.1418421,
          51.502403
        ]
      },
      "properties": {
        "timestamp": "2023-01-27T13:20:31Z"
      }
    },
    {
      "type": "Feature",
      "geometry": {
        "type": "Point",
        "coordinates": [
          -0.1418421,
          51.502402
        ]
      },
      "properties": {
        "timestamp": "2023-01-27T13:20:40Z"
      }
    },
    {
      "type": "Feature",
      "geometry": {
        "type": "Point",
        "coordinates": [
          -0.1418498,
          51.5024054
        ]
      },
      "properties": {
        "timestamp": "2023-01-27T13:20:50Z"
      }
    },
    {
      "type": "Feature",
      "geometry": {
        "type": "Point",
        "coordinates": [
          -0.1418516,
          51.5024056
        ]
      },
      "properties": {
        "timestamp": "2023-01-27T13:20:51Z"
      }
    },
    {
      "type": "Feature",
      "geometry": {
        "type": "Point",
        "coordinates": [
          -0.1418765,
          51.5024102
        ]
      },
      "properties": {
        "timestamp": "2023-01-27T13:20:58Z"
      }
    },
    {
      "type": "Feature",
      "geometry": {
        "type": "Point",
        "coordinates": [
          -0.14189,
          51.5024154
        ]
      },
      "properties": {
        "timestamp": "2023-01-27T13:21:06Z"
      }
    },
    {
      "type": "Feature",
      "geometry": {
        "type": "Point",
        "coordinates": [
          -0.1419053,
          51.5024293
        ]
      },
      "properties": {
        "timestamp": "2023-01-27T13:21:33Z"
      }
    },
    {
      "type": "Feature",
      "geometry": {
        "type": "Point",
        "coordinates": [
          -0.1419053,
          51.5024293
        ]
      },
      "properties": {
        "timestamp": "2023-01-27T13:21:34Z"
      }
    },
    {
      "type": "Feature",
      "geometry": {
        "type": "Point",
        "coordinates": [
          -0.1419051,
          51.5024294
        ]
      },
      "properties": {
        "timestamp": "2023-01-27T13:21:37Z"
      }
    },
    {
      "type": "Feature",
      "geometry": {
        "type": "Point",
        "coordinates": [
          -0.141922,
          51.50246
        ]
      },
      "properties": {
        "timestamp": "2023-01-27T13:21:49Z"
      }
    },
    {
      "type": "Feature",
      "geometry": {
        "type": "Point",
        "coordinates": [
          -0.1419158,
          51.5025083
        ]
      },
      "properties": {
        "timestamp": "2023-01-27T13:21:55Z"
      }
    },
    {
      "type": "Feature",
      "geometry": {
        "type": "Point",
        "coordinates": [
          -0.1418635,
          51.5025644
        ]
      },
      "properties": {
        "timestamp": "2023-01-27T13:22:03Z"
      }
    },
    {
      "type": "Feature",
      "geometry": {
        "type": "Point",
        "coordinates": [
          -0.1418693,
          51.5025896
        ]
      },
      "properties": {
        "timestamp": "2023-01-27T13:22:06Z"
      }
    },
    {
      "type": "Feature",
      "geometry": {
        "type": "Point",
        "coordinates": [
          -0.1418373,
          51.5026537
        ]
      },
      "properties": {
        "timestamp": "2023-01-27T13:22:12Z"
      }
    },
    {
      "type": "Feature",
      "geometry": {
        "type": "Point",
        "coordinates": [
          -0.1418476,
          51.5027195
        ]
      },
      "properties": {
        "timestamp": "2023-01-27T13:22:17Z"
      }
    },
    {
      "type": "Feature",
      "geometry": {
        "type": "Point",
        "coordinates": [
          -0.1418465,
          51.5027641
        ]
      },
      "properties": {
        "timestamp": "2023-01-27T13:22:21Z"
      }
    },
    {
      "type": "Feature",
      "geometry": {
        "type": "Point",
        "coordinates": [
          -0.1418307,
          51.5027975
        ]
      },
      "properties": {
        "timestamp": "2023-01-27T13:22:25Z"
      }
    },
    {
      "type": "Feature",
      "geometry": {
        "type": "Point",
        "coordinates": [
          -0.1418047,
          51.5028606
        ]
      },
      "properties": {
        "timestamp": "2023-01-27T13:22:31Z"
      }
    },
    {
      "type": "Feature",
      "geometry": {
        "type": "Point",
        "coordinates": [
          -0.1417459,
          51.5029143
        ]
      },
      "properties": {
        "timestamp": "2023-01-27T13:22:38Z"
      }
    },
    {
      "type": "Feature",
      "geometry": {
        "type": "Point",
        "coordinates": [
          -0.1417355,
          51.502995
        ]
      },
      "properties": {
        "timestamp": "2023-01-27T13:22:46Z"
      }
    },
    {
      "type": "Feature",
      "geometry": {
        "type": "Point",
        "coordinates": [
          -0.1417095,
          51.503043
        ]
      },
      "properties": {
        "timestamp": "2023-01-27T13:22:50Z"
      }
    },
    {
      "type": "Feature",
      "geometry": {
        "type": "Point",
        "coordinates": [
          -0.1417076,
          51.5030565
        ]
      },
      "properties": {
        "timestamp": "2023-01-27T13:22:53Z"
      }
    },
    {
      "type": "Feature",
      "geometry": {
        "type": "Point",
        "coordinates": [
          -0.1417196,
          51.5031384
        ]
      },
      "properties": {
        "timestamp": "2023-01-27T13:23:00Z"
      }
    },
    {
      "type": "Feature",
      "geometry": {
        "type": "Point",
        "coordinates": [
          -0.1417233,
          51.5031536
        ]
      },
      "properties": {
        "timestamp": "2023-01-27T13:23:02Z"
      }
    },
    {
      "type": "Feature",
      "geometry": {
        "type": "Point",
        "coordinates": [
          -0.1417308,
          51.5031932
        ]
      },
      "properties": {
        "timestamp": "2023-01-27T13:23:07Z"
      }
    },
    {
      "type": "Feature",
      "geometry": {
        "type": "Point",
        "coordinates": [
          -0.1417269,
          51.5032204
        ]
      },
      "properties": {
        "timestamp": "2023-01-27T13:23:10Z"
      }
    },
    {
      "type": "Feature",
      "geometry": {
        "type": "Point",
        "coordinates": [
          -0.141727,
          51.5032266
        ]
      },
      "properties": {
        "timestamp": "2023-01-27T13:23:11Z"
      }
    },
    {
      "type": "Feature",
      "geometry": {
        "type": "Point",
        "coordinates": [
          -0.141725,
          51.5032348
        ]
      },
      "properties": {
        "timestamp": "2023-01-27T13:23:12Z"
      }
    },
    {
      "type": "Feature",
      "geometry": {
        "type": "Point",
        "coordinates": [
          -0.1417156,
          51.5032451
        ]
      },
      "properties": {
        "timestamp": "2023-01-27T13:23:14Z"
      }
    },
    {
      "type": "Feature",
      "geometry": {
        "type": "Point",
        "coordinates": [
          -0.1417074,
          51.5033048
        ]
      },
      "properties": {
        "timestamp": "2023-01-27T13:23:22Z"
      }
    },
    {
      "type": "Feature",
      "geometry": {
        "type": "Point",
        "coordinates": [
          -0.141749,
          51.5033493
        ]
      },
      "properties": {
        "timestamp": "2023-01-27T13:23:28Z"
      }
    },
    {
      "type": "Feature",
      "geometry": {
        "type": "Point",
        "coordinates": [
          -0.1417506,
          51.5033504
        ]
      },
      "properties": {
        "timestamp": "2023-01-27T13:23:29Z"
      }
    },
    {
      "type": "Feature",
      "geometry": {
        "type": "Point",
        "coordinates": [
          -0.1417532,
          51.5033484
        ]
      },
      "properties": {
        "timestamp": "2023-01-27T13:23:31Z"
      }
    },
    {
      "type": "Feature",
      "geometry": {
        "type": "Point",
        "coordinates": [
          -0.1417557,
          51.5033447
        ]
      },
      "properties": {
        "timestamp": "2023-01-27T13:23:33Z"
      }
    },
    {
      "type": "Feature",
      "geometry": {
        "type": "Point",
        "coordinates": [
          -0.1417607,
          51.5033549
        ]
      },
      "properties": {
        "timestamp": "2023-01-27T13:23:34Z"
      }
    },
    {
      "type": "Feature",
      "geometry": {
        "type": "Point",
        "coordinates": [
          -0.141737,
          51.5033665
        ]
      },
      "properties": {
        "timestamp": "2023-01-27T13:23:37Z"
      }
    },
    {
      "type": "Feature",
      "geometry": {
        "type": "Point",
        "coordinates": [
          -0.1417478,
          51.5034244
        ]
      },
      "properties": {
        "timestamp": "2023-01-27T13:23:41Z"
      }
    },
    {
      "type": "Feature",
      "geometry": {
        "type": "Point",
        "coordinates": [
          -0.1417454,
          51.5034522
        ]
      },
      "properties": {
        "timestamp": "2023-01-27T13:23:43Z"
      }
    },
    {
      "type": "Feature",
      "geometry": {
        "type": "Point",
        "coordinates": [
          -0.141739,
          51.5034989
        ]
      },
      "properties": {
        "timestamp": "2023-01-27T13:23:47Z"
      }
    },
    {
      "type": "Feature",
      "geometry": {
        "type": "Point",
        "coordinates": [
          -0.1417138,
          51.5035307
        ]
      },
      "properties": {
        "timestamp": "2023-01-27T13:23:50Z"
      }
    },
    {
      "type": "Feature",
      "geometry": {
        "type": "Point",
        "coordinates": [
          -0.1416542,
          51.5035954
        ]
      },
      "properties": {
        "timestamp": "2023-01-27T13:23:55Z"
      }
    },
    {
      "type": "Feature",
      "geometry": {
        "type": "Point",
        "coordinates": [
          -0.1416494,
          51.5036185
        ]
      },
      "properties": {
        "timestamp": "2023-01-27T13:23:56Z"
      }
    },
    {
      "type": "Feature",
      "geometry": {
        "type": "Point",
        "coordinates": [
          -0.14164,
          51.5036391
        ]
      },
      "properties": {
        "timestamp": "2023-01-27T13:23:57Z"
      }
    },
    {
      "type": "Feature",
      "geometry": {
        "type": "Point",
        "coordinates": [
          -0.1415196,
          51.5036647
        ]
      },
      "properties": {
        "timestamp": "2023-01-27T13:24:03Z"
      }
    },
    {
      "type": "Feature",
      "geometry": {
        "type": "Point",
        "coordinates": [
          -0.1415139,
          51.5036655
        ]
      },
      "properties": {
        "timestamp": "2023-01-27T13:24:04Z"
      }
    },
    {
      "type": "Feature",
      "geometry": {
        "type": "Point",
        "coordinates": [
          -0.1414949,
          51.5036774
        ]
      },
      "properties": {
        "timestamp": "2023-01-27T13:24:07Z"
      }
    },
    {
      "type": "Feature",
      "geometry": {
        "type": "Point",
        "coordinates": [
          -0.1414739,
          51.5036846
        ]
      },
      "properties": {
        "timestamp": "2023-01-27T13:24:09Z"
      }
    },
    {
      "type": "Feature",
      "geometry": {
        "type": "Point",
        "coordinates": [
          -0.1414139,
          51.5037028
        ]
      },
      "properties": {
        "timestamp": "2023-01-27T13:24:14Z"
      }
    },
    {
      "type": "Feature",
      "geometry": {
        "type": "Point",
        "coordinates": [
          -0.1413104,
          51.5037114
        ]
      },
      "properties": {
        "timestamp": "2023-01-27T13:24:20Z"
      }
    },
    {
      "type": "Feature",
      "geometry": {
        "type": "Point",
        "coordinates": [
          -0.1412735,
          51.5037073
        ]
      },
      "properties": {
        "timestamp": "2023-01-27T13:24:23Z"
      }
    },
    {
      "type": "Feature",
      "geometry": {
        "type": "Point",
        "coordinates": [
          -0.1412573,
          51.5037074
        ]
      },
      "properties": {
        "timestamp": "2023-01-27T13:24:25Z"
      }
    },
    {
      "type": "Feature",
      "geometry": {
        "type": "Point",
        "coordinates": [
          -0.141207,
          51.5037221
        ]
      },
      "properties": {
        "timestamp": "2023-01-27T13:24:28Z"
      }
    },
    {
      "type": "Feature",
      "geometry": {
        "type": "Point",
        "coordinates": [
          -0.1410533,
          51.5037308
        ]
      },
      "properties": {
        "timestamp": "2023-01-27T13:24:36Z"
      }
    },
    {
      "type": "Feature",
      "geometry": {
        "type": "Point",
        "coordinates": [
          -0.1410141,
          51.5037419
        ]
      },
      "properties": {
        "timestamp": "2023-01-27T13:24:39Z"
      }
    },
    {
      "type": "Feature",
      "geometry": {
        "type": "Point",
        "coordinates": [
          -0.1410189,
          51.5037477
        ]
      },
      "properties": {
        "timestamp": "2023-01-27T13:24:40Z"
      }
    },
    {
      "type": "Feature",
      "geometry": {
        "type": "Point",
        "coordinates": [
          -0.1410174,
          51.503752
        ]
      },
      "properties": {
        "timestamp": "2023-01-27T13:24:41Z"
      }
    },
    {
      "type": "Feature",
      "geometry": {
        "type": "Point",
        "coordinates": [
          -0.1410068,
          51.503754
        ]
      },
      "properties": {
        "timestamp": "2023-01-27T13:24:42Z"
      }
    },
    {
      "type": "Feature",
      "geometry": {
        "type": "Point",
        "coordinates": [
          -0.1409925,
          51.5037564
        ]
      },
      "properties": {
        "timestamp": "2023-01-27T13:24:43Z"
      }
    },
    {
      "type": "Feature",
      "geometry": {
        "type": "Point",
        "coordinates": [
          -0.1409048,
          51.5037746
        ]
      },
      "properties": {
        "timestamp": "2023-01-27T13:24:48Z"
      }
    },
    {
      "type": "Feature",
      "geometry": {
        "type": "Point",
        "coordinates": [
          -0.1408257,
          51.5037846
        ]
      },
      "properties": {
        "timestamp": "2023-01-27T13:24:53Z"
      }
    },
    {
      "type": "Feature",
      "geometry": {
        "type": "Point",
        "coordinates": [
          -0.1407421,
          51.5037922
        ]
      },
      "properties": {
        "timestamp": "2023-01-27T13:24:56Z"
      }
    },
    {
      "type": "Feature",
      "geometry": {
        "type": "Point",
        "coordinates": [
          -0.1407215,
          51.5037879
        ]
      },
      "properties": {
        "timestamp": "2023-01-27T13:24:57Z"
      }
    },
    {
      "type": "Feature",
      "geometry": {
        "type": "Point",
        "coordinates": [
          -0.1406591,
          51.5037913
        ]
      },
      "properties": {
        "timestamp": "2023-01-27T13:25:00Z"
      }
    },
    {
      "type": "Feature",
      "geometry": {
        "type": "Point",
        "coordinates": [
          -0.1405897,
          51.5037964
        ]
      },
      "properties": {
        "timestamp": "2023-01-27T13:25:03Z"
      }
    },
    {
      "type": "Feature",
      "geometry": {
        "type": "Point",
        "coordinates": [
          -0.1405741,
          51.5037975
        ]
      },
      "properties": {
        "timestamp": "2023-01-27T13:25:04Z"
      }
    },
    {
      "type": "Feature",
      "geometry": {
        "type": "Point",
        "coordinates": [
          -0.1405688,
          51.5037957
        ]
      },
      "properties": {
        "timestamp": "2023-01-27T13:25:07Z"
      }
    },
    {
      "type": "Feature",
      "geometry": {
        "type": "Point",
        "coordinates": [
          -0.1405178,
          51.5038002
        ]
      },
      "properties": {
        "timestamp": "2023-01-27T13:25:11Z"
      }
    },
    {
      "type": "Feature",
      "geometry": {
        "type": "Point",
        "coordinates": [
          -0.140451,
          51.5037944
        ]
      },
      "properties": {
        "timestamp": "2023-01-27T13:25:15Z"
      }
    },
    {
      "type": "Feature",
      "geometry": {
        "type": "Point",
        "coordinates": [
          -0.1404136,
          51.5037832
        ]
      },
      "properties": {
        "timestamp": "2023-01-27T13:25:19Z"
      }
    },
    {
      "type": "Feature",
      "geometry": {
        "type": "Point",
        "coordinates": [
          -0.1404026,
          51.5037832
        ]
      },
      "properties": {
        "timestamp": "2023-01-27T13:25:20Z"
      }
    },
    {
      "type": "Feature",
      "geometry": {
        "type": "Point",
        "coordinates": [
          -0.1402634,
          51.5038403
        ]
      },
      "properties": {
        "timestamp": "2023-01-27T13:25:27Z"
      }
    },
    {
      "type": "Feature",
      "geometry": {
        "type": "Point",
        "coordinates": [
          -0.1401817,
          51.5038549
        ]
      },
      "properties": {
        "timestamp": "2023-01-27T13:25:31Z"
      }
    },
    {
      "type": "Feature",
      "geometry": {
        "type": "Point",
        "coordinates": [
          -0.1400882,
          51.5038646
        ]
      },
      "properties": {
        "timestamp": "2023-01-27T13:25:35Z"
      }
    },
    {
      "type": "Feature",
      "geometry": {
        "type": "Point",
        "coordinates": [
          -0.1400149,
          51.5038826
        ]
      },
      "properties": {
        "timestamp": "2023-01-27T13:25:40Z"
      }
    },
    {
      "type": "Feature",
      "geometry": {
        "type": "Point",
        "coordinates": [
          -0.1400154,
          51.503898
        ]
      },
      "properties": {
        "timestamp": "2023-01-27T13:25:42Z"
      }
    },
    {
      "type": "Feature",
      "geometry": {
        "type": "Point",
        "coordinates": [
          -0.1400367,
          51.5039069
        ]
      },
      "properties": {
        "timestamp": "2023-01-27T13:25:43Z"
      }
    },
    {
      "type": "Feature",
      "geometry": {
        "type": "Point",
        "coordinates": [
          -0.1401047,
          51.5039753
        ]
      },
      "properties": {
        "timestamp": "2023-01-27T13:25:51Z"
      }
    },
    {
      "type": "Feature",
      "geometry": {
        "type": "Point",
        "coordinates": [
          -0.1401007,
          51.503979
        ]
      },
      "properties": {
        "timestamp": "2023-01-27T13:25:52Z"
      }
    },
    {
      "type": "Feature",
      "geometry": {
        "type": "Point",
        "coordinates": [
          -0.1401175,
          51.5040117
        ]
      },
      "properties": {
        "timestamp": "2023-01-27T13:25:55Z"
      }
    },
    {
      "type": "Feature",
      "geometry": {
        "type": "Point",
        "coordinates": [
          -0.1401277,
          51.5040207
        ]
      },
      "properties": {
        "timestamp": "2023-01-27T13:25:56Z"
      }
    },
    {
      "type": "Feature",
      "geometry": {
        "type": "Point",
        "coordinates": [
          -0.1401305,
          51.5040256
        ]
      },
      "properties": {
        "timestamp": "2023-01-27T13:25:57Z"
      }
    },
    {
      "type": "Feature",
      "geometry": {
        "type": "Point",
        "coordinates": [
          -0.1401334,
          51.5040306
        ]
      },
      "properties": {
        "timestamp": "2023-01-27T13:25:58Z"
      }
    },
    {
      "type": "Feature",
      "geometry": {
        "type": "Point",
        "coordinates": [
          -0.1401442,
          51.5040249
        ]
      },
      "properties": {
        "timestamp": "2023-01-27T13:26:02Z"
      }
    },
    {
      "type": "Feature",
      "geometry": {
        "type": "Point",
        "coordinates": [
          -0.1401582,
          51.5040898
        ]
      },
      "properties": {
        "timestamp": "2023-01-27T13:26:08Z"
      }
    },
    {
      "type": "Feature",
      "geometry": {
        "type": "Point",
        "coordinates": [
          -0.1401896,
          51.5041141
        ]
      },
      "properties": {
        "timestamp": "2023-01-27T13:26:10Z"
      }
    },
    {
      "type": "Feature",
      "geometry": {
        "type": "Point",
        "coordinates": [
          -0.140275,
          51.5041834
        ]
      },
      "properties": {
        "timestamp": "2023-01-27T13:26:15Z"
      }
    },
    {
      "type": "Feature",
      "geometry": {
        "type": "Point",
        "coordinates": [
          -0.1403243,
          51.504258
        ]
      },
      "properties": {
        "timestamp": "2023-01-27T13:26:20Z"
      }
    },
    {
      "type": "Feature",
      "geometry": {
        "type": "Point",
        "coordinates": [
          -0.1403553,
          51.5042781
        ]
      },
      "properties": {
        "timestamp": "2023-01-27T13:26:23Z"
      }
    },
    {
      "type": "Feature",
      "geometry": {
        "type": "Point",
        "coordinates": [
          -0.1403685,
          51.5042951
        ]
      },
      "properties": {
        "timestamp": "2023-01-27T13:26:26Z"
      }
    },
    {
      "type": "Feature",
      "geometry": {
        "type": "Point",
        "coordinates": [
          -0.1403613,
          51.5043005
        ]
      },
      "properties": {
        "timestamp": "2023-01-27T13:26:29Z"
      }
    },
    {
      "type": "Feature",
      "geometry": {
        "type": "Point",
        "coordinates": [
          -0.1402555,
          51.5043227
        ]
      },
      "properties": {
        "timestamp": "2023-01-27T13:26:35Z"
      }
    },
    {
      "type": "Feature",
      "geometry": {
        "type": "Point",
        "coordinates": [
          -0.140231,
          51.5043325
        ]
      },
      "properties": {
        "timestamp": "2023-01-27T13:26:37Z"
      }
    },
    {
      "type": "Feature",
      "geometry": {
        "type": "Point",
        "coordinates": [
          -0.1401475,
          51.5043916
        ]
      },
      "properties": {
        "timestamp": "2023-01-27T13:26:43Z"
      }
    },
    {
      "type": "Feature",
      "geometry": {
        "type": "Point",
        "coordinates": [
          -0.1400798,
          51.5044195
        ]
      },
      "properties": {
        "timestamp": "2023-01-27T13:26:46Z"
      }
    },
    {
      "type": "Feature",
      "geometry": {
        "type": "Point",
        "coordinates": [
          -0.1400354,
          51.5044205
        ]
      },
      "properties": {
        "timestamp": "2023-01-27T13:26:48Z"
      }
    },
    {
      "type": "Feature",
      "geometry": {
        "type": "Point",
        "coordinates": [
          -0.1400023,
          51.5044234
        ]
      },
      "properties": {
        "timestamp": "2023-01-27T13:26:50Z"
      }
    },
    {
      "type": "Feature",
      "geometry": {
        "type": "Point",
        "coordinates": [
          -0.1399943,
          51.5044198
        ]
      },
      "properties": {
        "timestamp": "2023-01-27T13:26:51Z"
      }
    },
    {
      "type": "Feature",
      "geometry": {
        "type": "Point",
        "coordinates": [
          -0.140008,
          51.5043783
        ]
      },
      "properties": {
        "timestamp": "2023-01-27T13:26:54Z"
      }
    },
    {
      "type": "Feature",
      "geometry": {
        "type": "Point",
        "coordinates": [
          -0.1400067,
          51.5043467
        ]
      },
      "properties": {
        "timestamp": "2023-01-27T13:26:58Z"
      }
    },
    {
      "type": "Feature",
      "geometry": {
        "type": "Point",
        "coordinates": [
          -0.1400084,
          51.504346
        ]
      },
      "properties": {
        "timestamp": "2023-01-27T13:26:59Z"
      }
    },
    {
      "type": "Feature",
      "geometry": {
        "type": "Point",
        "coordinates": [
          -0.1400352,
          51.5043751
        ]
      },
      "properties": {
        "timestamp": "2023-01-27T13:27:02Z"
      }
    },
    {
      "type": "Feature",
      "geometry": {
        "type": "Point",
        "coordinates": [
          -0.1400408,
          51.5043763
        ]
      },
      "properties": {
        "timestamp": "2023-01-27T13:27:03Z"
      }
    },
    {
      "type": "Feature",
      "geometry": {
        "type": "Point",
        "coordinates": [
          -0.1400376,
          51.5043667
        ]
      },
      "properties": {
        "timestamp": "2023-01-27T13:27:05Z"
      }
    },
    {
      "type": "Feature",
      "geometry": {
        "type": "Point",
        "coordinates": [
          -0.1400413,
          51.5043579
        ]
      },
      "properties": {
        "timestamp": "2023-01-27T13:27:07Z"
      }
    },
    {
      "type": "Feature",
      "geometry": {
        "type": "Point",
        "coordinates": [
          -0.1400334,
          51.5043575
        ]
      },
      "properties": {
        "timestamp": "2023-01-27T13:27:08Z"
      }
    },
    {
      "type": "Feature",
      "geometry": {
        "type": "Point",
        "coordinates": [
          -0.140007,
          51.504381
        ]
      },
      "properties": {
        "timestamp": "2023-01-27T13:27:12Z"
      }
    },
    {
      "type": "Feature",
      "geometry": {
        "type": "Point",
        "coordinates": [
          -0.1399933,
          51.5043973
        ]
      },
      "properties": {
        "timestamp": "2023-01-27T13:27:13Z"
      }
    },
    {
      "type": "Feature",
      "geometry": {
        "type": "Point",
        "coordinates": [
          -0.1399485,
          51.5043999
        ]
      },
      "properties": {
        "timestamp": "2023-01-27T13:27:16Z"
      }
    },
    {
      "type": "Feature",
      "geometry": {
        "type": "Point",
        "coordinates": [
          -0.1398888,
          51.5044074
        ]
      },
      "properties": {
        "timestamp": "2023-01-27T13:27:19Z"
      }
    },
    {
      "type": "Feature",
      "geometry": {
        "type": "Point",
        "coordinates": [
          -0.1398662,
          51.5044004
        ]
      },
      "properties": {
        "timestamp": "2023-01-27T13:27:20Z"
      }
    },
    {
      "type": "Feature",
      "geometry": {
        "type": "Point",
        "coordinates": [
          -0.1398471,
          51.5044138
        ]
      },
      "properties": {
        "timestamp": "2023-01-27T13:27:21Z"
      }
    },
    {
      "type": "Feature",
      "geometry": {
        "type": "Point",
        "coordinates": [
          -0.1398226,
          51.5044403
        ]
      },
      "properties": {
        "timestamp": "2023-01-27T13:27:23Z"
      }
    },
    {
      "type": "Feature",
      "geometry": {
        "type": "Point",
        "coordinates": [
          -0.1397871,
          51.5045234
        ]
      },
      "properties": {
        "timestamp": "2023-01-27T13:27:26Z"
      }
    },
    {
      "type": "Feature",
      "geometry": {
        "type": "Point",
        "coordinates": [
          -0.1397456,
          51.5045779
        ]
      },
      "properties": {
        "timestamp": "2023-01-27T13:27:28Z"
      }
    },
    {
      "type": "Feature",
      "geometry": {
        "type": "Point",
        "coordinates": [
          -0.139675,
          51.504662
        ]
      },
      "properties": {
        "timestamp": "2023-01-27T13:27:32Z"
      }
    },
    {
      "type": "Feature",
      "geometry": {
        "type": "Point",
        "coordinates": [
          -0.1396292,
          51.5047171
        ]
      },
      "properties": {
        "timestamp": "2023-01-27T13:27:35Z"
      }
    },
    {
      "type": "Feature",
      "geometry": {
        "type": "Point",
        "coordinates": [
          -0.1395905,
          51.5047908
        ]
      },
      "properties": {
        "timestamp": "2023-01-27T13:27:38Z"
      }
    },
    {
      "type": "Feature",
      "geometry": {
        "type": "Point",
        "coordinates": [
          -0.1395929,
          51.5048608
        ]
      },
      "properties": {
        "timestamp": "2023-01-27T13:27:40Z"
      }
    },
    {
      "type": "Feature",
      "geometry": {
        "type": "Point",
        "coordinates": [
          -0.139585,
          51.5048938
        ]
      },
      "properties": {
        "timestamp": "2023-01-27T13:27:43Z"
      }
    },
    {
      "type": "Feature",
      "geometry": {
        "type": "Point",
        "coordinates": [
          -0.139535,
          51.504853
        ]
      },
      "properties": {
        "timestamp": "2023-01-27T13:27:45Z"
      }
    },
    {
      "type": "Feature",
      "geometry": {
        "type": "Point",
        "coordinates": [
          -0.1394347,
          51.5047449
        ]
      },
      "properties": {
        "timestamp": "2023-01-27T13:27:47Z"
      }
    },
    {
      "type": "Feature",
      "geometry": {
        "type": "Point",
        "coordinates": [
          -0.1394103,
          51.5047439
        ]
      },
      "properties": {
        "timestamp": "2023-01-27T13:27:48Z"
      }
    },
    {
      "type": "Feature",
      "geometry": {
        "type": "Point",
        "coordinates": [
          -0.1393513,
          51.5047384
        ]
      },
      "properties": {
        "timestamp": "2023-01-27T13:27:51Z"
      }
    },
    {
      "type": "Feature",
      "geometry": {
        "type": "Point",
        "coordinates": [
          -0.1393436,
          51.5047459
        ]
      },
      "properties": {
        "timestamp": "2023-01-27T13:27:52Z"
      }
    },
    {
      "type": "Feature",
      "geometry": {
        "type": "Point",
        "coordinates": [
          -0.1393368,
          51.5047615
        ]
      },
      "properties": {
        "timestamp": "2023-01-27T13:27:54Z"
      }
    },
    {
      "type": "Feature",
      "geometry": {
        "type": "Point",
        "coordinates": [
          -0.1392921,
          51.5047701
        ]
      },
      "properties": {
        "timestamp": "2023-01-27T13:27:58Z"
      }
    },
    {
      "type": "Feature",
      "geometry": {
        "type": "Point",
        "coordinates": [
          -0.139237,
          51.5047688
        ]
      },
      "properties": {
        "timestamp": "2023-01-27T13:28:02Z"
      }
    },
    {
      "type": "Feature",
      "geometry": {
        "type": "Point",
        "coordinates": [
          -0.1392341,
          51.5047679
        ]
      },
      "properties": {
        "timestamp": "2023-01-27T13:28:03Z"
      }
    },
    {
      "type": "Feature",
      "geometry": {
        "type": "Point",
        "coordinates": [
          -0.1392317,
          51.5047656
        ]
      },
      "properties": {
        "timestamp": "2023-01-27T13:28:04Z"
      }
    },
    {
      "type": "Feature",
      "geometry": {
        "type": "Point",
        "coordinates": [
          -0.1391934,
          51.504761
        ]
      },
      "properties": {
        "timestamp": "2023-01-27T13:28:08Z"
      }
    },
    {
      "type": "Feature",
      "geometry": {
        "type": "Point",
        "coordinates": [
          -0.1391833,
          51.5047589
        ]
      },
      "properties": {
        "timestamp": "2023-01-27T13:28:09Z"
      }
    },
    {
      "type": "Feature",
      "geometry": {
        "type": "Point",
        "coordinates": [
          -0.139103,
          51.5047599
        ]
      },
      "properties": {
        "timestamp": "2023-01-27T13:28:13Z"
      }
    },
    {
      "type": "Feature",
      "geometry": {
        "type": "Point",
        "coordinates": [
          -0.1390815,
          51.5047587
        ]
      },
      "properties": {
        "timestamp": "2023-01-27T13:28:14Z"
      }
    },
    {
      "type": "Feature",
      "geometry": {
        "type": "Point",
        "coordinates": [
          -0.1388588,
          51.5047859
        ]
      },
      "properties": {
        "timestamp": "2023-01-27T13:28:22Z"
      }
    },
    {
      "type": "Feature",
      "geometry": {
        "type": "Point",
        "coordinates": [
          -0.1387699,
          51.5047973
        ]
      },
      "properties": {
        "timestamp": "2023-01-27T13:28:25Z"
      }
    },
    {
      "type": "Feature",
      "geometry": {
        "type": "Point",
        "coordinates": [
          -0.1387419,
          51.5048098
        ]
      },
      "properties": {
        "timestamp": "2023-01-27T13:28:26Z"
      }
    },
    {
      "type": "Feature",
      "geometry": {
        "type": "Point",
        "coordinates": [
          -0.138571,
          51.5048367
        ]
      },
      "properties": {
        "timestamp": "2023-01-27T13:28:35Z"
      }
    },
    {
      "type": "Feature",
      "geometry": {
        "type": "Point",
        "coordinates": [
          -0.1385638,
          51.5048371
        ]
      },
      "properties": {
        "timestamp": "2023-01-27T13:28:36Z"
      }
    },
    {
      "type": "Feature",
      "geometry": {
        "type": "Point",
        "coordinates": [
          -0.1385414,
          51.5048204
        ]
      },
      "properties": {
        "timestamp": "2023-01-27T13:28:39Z"
      }
    },
    {
      "type": "Feature",
      "geometry": {
        "type": "Point",
        "coordinates": [
          -0.1384751,
          51.5048407
        ]
      },
      "properties": {
        "timestamp": "2023-01-27T13:28:43Z"
      }
    },
    {
      "type": "Feature",
      "geometry": {
        "type": "Point",
        "coordinates": [
          -0.1384509,
          51.5048684
        ]
      },
      "properties": {
        "timestamp": "2023-01-27T13:28:46Z"
      }
    },
    {
      "type": "Feature",
      "geometry": {
        "type": "Point",
        "coordinates": [
          -0.1384073,
          51.5048898
        ]
      },
      "properties": {
        "timestamp": "2023-01-27T13:28:49Z"
      }
    },
    {
      "type": "Feature",
      "geometry": {
        "type": "Point",
        "coordinates": [
          -0.1383876,
          51.5048963
        ]
      },
      "properties": {
        "timestamp": "2023-01-27T13:28:50Z"
      }
    },
    {
      "type": "Feature",
      "geometry": {
        "type": "Point",
        "coordinates": [
          -0.1383633,
          51.5049124
        ]
      },
      "properties": {
        "timestamp": "2023-01-27T13:28:52Z"
      }
    },
    {
      "type": "Feature",
      "geometry": {
        "type": "Point",
        "coordinates": [
          -0.1382452,
          51.5049551
        ]
      },
      "properties": {
        "timestamp": "2023-01-27T13:28:58Z"
      }
    },
    {
      "type": "Feature",
      "geometry": {
        "type": "Point",
        "coordinates": [
          -0.1382193,
          51.5049628
        ]
      },
      "properties": {
        "timestamp": "2023-01-27T13:29:00Z"
      }
    },
    {
      "type": "Feature",
      "geometry": {
        "type": "Point",
        "coordinates": [
          -0.1381571,
          51.5049808
        ]
      },
      "properties": {
        "timestamp": "2023-01-27T13:29:04Z"
      }
    },
    {
      "type": "Feature",
      "geometry": {
        "type": "Point",
        "coordinates": [
          -0.1381063,
          51.5049873
        ]
      },
      "properties": {
        "timestamp": "2023-01-27T13:29:06Z"
      }
    },
    {
      "type": "Feature",
      "geometry": {
        "type": "Point",
        "coordinates": [
          -0.138094,
          51.5050178
        ]
      },
      "properties": {
        "timestamp": "2023-01-27T13:29:08Z"
      }
    },
    {
      "type": "Feature",
      "geometry": {
        "type": "Point",
        "coordinates": [
          -0.1380942,
          51.5050315
        ]
      },
      "properties": {
        "timestamp": "2023-01-27T13:29:09Z"
      }
    },
    {
      "type": "Feature",
      "geometry": {
        "type": "Point",
        "coordinates": [
          -0.1380774,
          51.5050588
        ]
      },
      "properties": {
        "timestamp": "2023-01-27T13:29:10Z"
      }
    },
    {
      "type": "Feature",
      "geometry": {
        "type": "Point",
        "coordinates": [
          -0.1380024,
          51.5051236
        ]
      },
      "properties": {
        "timestamp": "2023-01-27T13:29:15Z"
      }
    },
    {
      "type": "Feature",
      "geometry": {
        "type": "Point",
        "coordinates": [
          -0.1379897,
          51.5051385
        ]
      },
      "properties": {
        "timestamp": "2023-01-27T13:29:16Z"
      }
    },
    {
      "type": "Feature",
      "geometry": {
        "type": "Point",
        "coordinates": [
          -0.1379853,
          51.5051679
        ]
      },
      "properties": {
        "timestamp": "2023-01-27T13:29:21Z"
      }
    },
    {
      "type": "Feature",
      "geometry": {
        "type": "Point",
        "coordinates": [
          -0.1379881,
          51.505178
        ]
      },
      "properties": {
        "timestamp": "2023-01-27T13:29:27Z"
      }
    },
    {
      "type": "Feature",
      "geometry": {
        "type": "Point",
        "coordinates": [
          -0.137978,
          51.5051685
        ]
      },
      "properties": {
        "timestamp": "2023-01-27T13:29:28Z"
      }
    },
    {
      "type": "Feature",
      "geometry": {
        "type": "Point",
        "coordinates": [
          -0.1379546,
          51.5051598
        ]
      },
      "properties": {
        "timestamp": "2023-01-27T13:29:33Z"
      }
    },
    {
      "type": "Feature",
      "geometry": {
        "type": "Point",
        "coordinates": [
          -0.1379247,
          51.5051619
        ]
      },
      "properties": {
        "timestamp": "2023-01-27T13:29:38Z"
      }
    },
    {
      "type": "Feature",
      "geometry": {
        "type": "Point",
        "coordinates": [
          -0.1379489,
          51.5051873
        ]
      },
      "properties": {
        "timestamp": "2023-01-27T13:29:43Z"
      }
    },
    {
      "type": "Feature",
      "geometry": {
        "type": "Point",
        "coordinates": [
          -0.1379535,
          51.5052301
        ]
      },
      "properties": {
        "timestamp": "2023-01-27T13:29:49Z"
      }
    },
    {
      "type": "Feature",
      "geometry": {
        "type": "Point",
        "coordinates": [
          -0.1379348,
          51.5052683
        ]
      },
      "properties": {
        "timestamp": "2023-01-27T13:29:53Z"
      }
    },
    {
      "type": "Feature",
      "geometry": {
        "type": "Point",
        "coordinates": [
          -0.1379309,
          51.5052894
        ]
      },
      "properties": {
        "timestamp": "2023-01-27T13:29:56Z"
      }
    },
    {
      "type": "Feature",
      "geometry": {
        "type": "Point",
        "coordinates": [
          -0.1379288,
          51.5052943
        ]
      },
      "properties": {
        "timestamp": "2023-01-27T13:29:58Z"
      }
    },
    {
      "type": "Feature",
      "geometry": {
        "type": "Point",
        "coordinates": [
          -0.1379254,
          51.505315
        ]
      },
      "properties": {
        "timestamp": "2023-01-27T13:30:02Z"
      }
    },
    {
      "type": "Feature",
      "geometry": {
        "type": "Point",
        "coordinates": [
          -0.1379113,
          51.5053213
        ]
      },
      "properties": {
        "timestamp": "2023-01-27T13:30:04Z"
      }
    },
    {
      "type": "Feature",
      "geometry": {
        "type": "Point",
        "coordinates": [
          -0.1378683,
          51.5053361
        ]
      },
      "properties": {
        "timestamp": "2023-01-27T13:30:09Z"
      }
    },
    {
      "type": "Feature",
      "geometry": {
        "type": "Point",
        "coordinates": [
          -0.1378601,
          51.5053372
        ]
      },
      "properties": {
        "timestamp": "2023-01-27T13:30:11Z"
      }
    },
    {
      "type": "Feature",
      "geometry": {
        "type": "Point",
        "coordinates": [
          -0.1378466,
          51.5053258
        ]
      },
      "properties": {
        "timestamp": "2023-01-27T13:30:13Z"
      }
    },
    {
      "type": "Feature",
      "geometry": {
        "type": "Point",
        "coordinates": [
          -0.1378106,
          51.5053417
        ]
      },
      "properties": {
        "timestamp": "2023-01-27T13:30:16Z"
      }
    },
    {
      "type": "Feature",
      "geometry": {
        "type": "Point",
        "coordinates": [
          -0.1376859,
          51.5053935
        ]
      },
      "properties": {
        "timestamp": "2023-01-27T13:30:25Z"
      }
    },
    {
      "type": "Feature",
      "geometry": {
        "type": "Point",
        "coordinates": [
          -0.1376118,
          51.5054179
        ]
      },
      "properties": {
        "timestamp": "2023-01-27T13:30:29Z"
      }
    },
    {
      "type": "Feature",
      "geometry": {
        "type": "Point",
        "coordinates": [
          -0.1375438,
          51.5054399
        ]
      },
      "properties": {
        "timestamp": "2023-01-27T13:30:33Z"
      }
    },
    {
      "type": "Feature",
      "geometry": {
        "type": "Point",
        "coordinates": [
          -0.1374631,
          51.5054572
        ]
      },
      "properties": {
        "timestamp": "2023-01-27T13:30:37Z"
      }
    },
    {
      "type": "Feature",
      "geometry": {
        "type": "Point",
        "coordinates": [
          -0.137348,
          51.5055015
        ]
      },
      "properties": {
        "timestamp": "2023-01-27T13:30:44Z"
      }
    },
    {
      "type": "Feature",
      "geometry": {
        "type": "Point",
        "coordinates": [
          -0.1372104,
          51.5055451
        ]
      },
      "properties": {
        "timestamp": "2023-01-27T13:30:52Z"
      }
    },
    {
      "type": "Feature",
      "geometry": {
        "type": "Point",
        "coordinates": [
          -0.1371696,
          51.5055863
        ]
      },
      "properties": {
        "timestamp": "2023-01-27T13:30:57Z"
      }
    },
    {
      "type": "Feature",
      "geometry": {
        "type": "Point",
        "coordinates": [
          -0.1371605,
          51.5055936
        ]
      },
      "properties": {
        "timestamp": "2023-01-27T13:30:58Z"
      }
    },
    {
      "type": "Feature",
      "geometry": {
        "type": "Point",
        "coordinates": [
          -0.1370771,
          51.5056296
        ]
      },
      "properties": {
        "timestamp": "2023-01-27T13:31:04Z"
      }
    },
    {
      "type": "Feature",
      "geometry": {
        "type": "Point",
        "coordinates": [
          -0.1370553,
          51.5056417
        ]
      },
      "properties": {
        "timestamp": "2023-01-27T13:31:06Z"
      }
    },
    {
      "type": "Feature",
      "geometry": {
        "type": "Point",
        "coordinates": [
          -0.1370279,
          51.5056606
        ]
      },
      "properties": {
        "timestamp": "2023-01-27T13:31:09Z"
      }
    },
    {
      "type": "Feature",
      "geometry": {
        "type": "Point",
        "coordinates": [
          -0.1369961,
          51.5056809
        ]
      },
      "properties": {
        "timestamp": "2023-01-27T13:31:11Z"
      }
    },
    {
      "type": "Feature",
      "geometry": {
        "type": "Point",
        "coordinates": [
          -0.1369904,
          51.5056934
        ]
      },
      "properties": {
        "timestamp": "2023-01-27T13:31:12Z"
      }
    },
    {
      "type": "Feature",
      "geometry": {
        "type": "Point",
        "coordinates": [
          -0.1369467,
          51.5057416
        ]
      },
      "properties": {
        "timestamp": "2023-01-27T13:31:15Z"
      }
    },
    {
      "type": "Feature",
      "geometry": {
        "type": "Point",
        "coordinates": [
          -0.1369355,
          51.5057517
        ]
      },
      "properties": {
        "timestamp": "2023-01-27T13:31:16Z"
      }
    },
    {
      "type": "Feature",
      "geometry": {
        "type": "Point",
        "coordinates": [
          -0.1369227,
          51.5057866
        ]
      },
      "properties": {
        "timestamp": "2023-01-27T13:31:18Z"
      }
    },
    {
      "type": "Feature",
      "geometry": {
        "type": "Point",
        "coordinates": [
          -0.1369066,
          51.505827
        ]
      },
      "properties": {
        "timestamp": "2023-01-27T13:31:21Z"
      }
    },
    {
      "type": "Feature",
      "geometry": {
        "type": "Point",
        "coordinates": [
          -0.1368303,
          51.5058716
        ]
      },
      "properties": {
        "timestamp": "2023-01-27T13:31:24Z"
      }
    },
    {
      "type": "Feature",
      "geometry": {
        "type": "Point",
        "coordinates": [
          -0.1367684,
          51.5058931
        ]
      },
      "properties": {
        "timestamp": "2023-01-27T13:31:26Z"
      }
    },
    {
      "type": "Feature",
      "geometry": {
        "type": "Point",
        "coordinates": [
          -0.1367539,
          51.5059203
        ]
      },
      "properties": {
        "timestamp": "2023-01-27T13:31:28Z"
      }
    },
    {
      "type": "Feature",
      "geometry": {
        "type": "Point",
        "coordinates": [
          -0.1367368,
          51.5059519
        ]
      },
      "properties": {
        "timestamp": "2023-01-27T13:31:30Z"
      }
    },
    {
      "type": "Feature",
      "geometry": {
        "type": "Point",
        "coordinates": [
          -0.1367151,
          51.5059708
        ]
      },
      "properties": {
        "timestamp": "2023-01-27T13:31:33Z"
      }
    },
    {
      "type": "Feature",
      "geometry": {
        "type": "Point",
        "coordinates": [
          -0.1366974,
          51.5059679
        ]
      },
      "properties": {
        "timestamp": "2023-01-27T13:31:34Z"
      }
    },
    {
      "type": "Feature",
      "geometry": {
        "type": "Point",
        "coordinates": [
          -0.1366831,
          51.5059726
        ]
      },
      "properties": {
        "timestamp": "2023-01-27T13:31:35Z"
      }
    },
    {
      "type": "Feature",
      "geometry": {
        "type": "Point",
        "coordinates": [
          -0.1366358,
          51.5059797
        ]
      },
      "properties": {
        "timestamp": "2023-01-27T13:31:37Z"
      }
    },
    {
      "type": "Feature",
      "geometry": {
        "type": "Point",
        "coordinates": [
          -0.1364238,
          51.5059471
        ]
      },
      "properties": {
        "timestamp": "2023-01-27T13:31:43Z"
      }
    },
    {
      "type": "Feature",
      "geometry": {
        "type": "Point",
        "coordinates": [
          -0.1363234,
          51.5059429
        ]
      },
      "properties": {
        "timestamp": "2023-01-27T13:31:46Z"
      }
    },
    {
      "type": "Feature",
      "geometry": {
        "type": "Point",
        "coordinates": [
          -0.136254,
          51.5059622
        ]
      },
      "properties": {
        "timestamp": "2023-01-27T13:31:49Z"
      }
    },
    {
      "type": "Feature",
      "geometry": {
        "type": "Point",
        "coordinates": [
          -0.1362171,
          51.505967
        ]
      },
      "properties": {
        "timestamp": "2023-01-27T13:31:51Z"
      }
    },
    {
      "type": "Feature",
      "geometry": {
        "type": "Point",
        "coordinates": [
          -0.1362046,
          51.5059645
        ]
      },
      "properties": {
        "timestamp": "2023-01-27T13:31:52Z"
      }
    },
    {
      "type": "Feature",
      "geometry": {
        "type": "Point",
        "coordinates": [
          -0.1361806,
          51.5059585
        ]
      },
      "properties": {
        "timestamp": "2023-01-27T13:31:54Z"
      }
    },
    {
      "type": "Feature",
      "geometry": {
        "type": "Point",
        "coordinates": [
          -0.1360682,
          51.5059638
        ]
      },
      "properties": {
        "timestamp": "2023-01-27T13:32:00Z"
      }
    },
    {
      "type": "Feature",
      "geometry": {
        "type": "Point",
        "coordinates": [
          -0.1360528,
          51.5059835
        ]
      },
      "properties": {
        "timestamp": "2023-01-27T13:32:01Z"
      }
    },
    {
      "type": "Feature",
      "geometry": {
        "type": "Point",
        "coordinates": [
          -0.1359998,
          51.5059932
        ]
      },
      "properties": {
        "timestamp": "2023-01-27T13:32:04Z"
      }
    },
    {
      "type": "Feature",
      "geometry": {
        "type": "Point",
        "coordinates": [
          -0.1359039,
          51.5060278
        ]
      },
      "properties": {
        "timestamp": "2023-01-27T13:32:08Z"
      }
    },
    {
      "type": "Feature",
      "geometry": {
        "type": "Point",
        "coordinates": [
          -0.135888,
          51.5060337
        ]
      },
      "properties": {
        "timestamp": "2023-01-27T13:32:09Z"
      }
    },
    {
      "type": "Feature",
      "geometry": {
        "type": "Point",
        "coordinates": [
          -0.1358784,
          51.5061047
        ]
      },
      "properties": {
        "timestamp": "2023-01-27T13:32:16Z"
      }
    },
    {
      "type": "Feature",
      "geometry": {
        "type": "Point",
        "coordinates": [
          -0.1358799,
          51.5061264
        ]
      },
      "properties": {
        "timestamp": "2023-01-27T13:32:19Z"
      }
    },
    {
      "type": "Feature",
      "geometry": {
        "type": "Point",
        "coordinates": [
          -0.1358707,
          51.5061471
        ]
      },
      "properties": {
        "timestamp": "2023-01-27T13:32:21Z"
      }
    },
    {
      "type": "Feature",
      "geometry": {
        "type": "Point",
        "coordinates": [
          -0.1358592,
          51.5061492
        ]
      },
      "properties": {
        "timestamp": "2023-01-27T13:32:26Z"
      }
    },
    {
      "type": "Feature",
      "geometry": {
        "type": "Point",
        "coordinates": [
          -0.1359062,
          51.5061694
        ]
      },
      "properties": {
        "timestamp": "2023-01-27T13:32:28Z"
      }
    },
    {
      "type": "Feature",
      "geometry": {
        "type": "Point",
        "coordinates": [
          -0.1359825,
          51.5062268
        ]
      },
      "properties": {
        "timestamp": "2023-01-27T13:32:32Z"
      }
    },
    {
      "type": "Feature",
      "geometry": {
        "type": "Point",
        "coordinates": [
          -0.1359699,
          51.5062161
        ]
      },
      "properties": {
        "timestamp": "2023-01-27T13:32:35Z"
      }
    },
    {
      "type": "Feature",
      "geometry": {
        "type": "Point",
        "coordinates": [
          -0.1359598,
          51.5062039
        ]
      },
      "properties": {
        "timestamp": "2023-01-27T13:32:36Z"
      }
    },
    {
      "type": "Feature",
      "geometry": {
        "type": "Point",
        "coordinates": [
          -0.1359447,
          51.5061896
        ]
      },
      "properties": {
        "timestamp": "2023-01-27T13:32:37Z"
      }
    },
    {
      "type": "Feature",
      "geometry": {
        "type": "Point",
        "coordinates": [
          -0.1359265,
          51.5061807
        ]
      },
      "properties": {
        "timestamp": "2023-01-27T13:32:39Z"
      }
    },
    {
      "type": "Feature",
      "geometry": {
        "type": "Point",
        "coordinates": [
          -0.1359303,
          51.5061833
        ]
      },
      "properties": {
        "timestamp": "2023-01-27T13:32:40Z"
      }
    },
    {
      "type": "Feature",
      "geometry": {
        "type": "Point",
        "coordinates": [
          -0.1359416,
          51.5062067
        ]
      },
      "properties": {
        "timestamp": "2023-01-27T13:32:43Z"
      }
    },
    {
      "type": "Feature",
      "geometry": {
        "type": "Point",
        "coordinates": [
          -0.1359494,
          51.5062078
        ]
      },
      "properties": {
        "timestamp": "2023-01-27T13:32:45Z"
      }
    },
    {
      "type": "Feature",
      "geometry": {
        "type": "Point",
        "coordinates": [
          -0.1359511,
          51.5062249
        ]
      },
      "properties": {
        "timestamp": "2023-01-27T13:32:47Z"
      }
    },
    {
      "type": "Feature",
      "geometry": {
        "type": "Point",
        "coordinates": [
          -0.1359437,
          51.5062246
        ]
      },
      "properties": {
        "timestamp": "2023-01-27T13:32:49Z"
      }
    },
    {
      "type": "Feature",
      "geometry": {
        "type": "Point",
        "coordinates": [
          -0.1359437,
          51.5062246
        ]
      },
      "properties": {
        "timestamp": "2023-01-27T13:32:50Z"
      }
    },
    {
      "type": "Feature",
      "geometry": {
        "type": "Point",
        "coordinates": [
          -0.1359458,
          51.5062279
        ]
      },
      "properties": {
        "timestamp": "2023-01-27T13:32:53Z"
      }
    },
    {
      "type": "Feature",
      "geometry": {
        "type": "Point",
        "coordinates": [
          -0.1359449,
          51.50623
        ]
      },
      "properties": {
        "timestamp": "2023-01-27T13:32:54Z"
      }
    },
    {
      "type": "Feature",
      "geometry": {
        "type": "Point",
        "coordinates": [
          -0.1359339,
          51.5062254
        ]
      },
      "properties": {
        "timestamp": "2023-01-27T13:32:55Z"
      }
    },
    {
      "type": "Feature",
      "geometry": {
        "type": "Point",
        "coordinates": [
          -0.1359207,
          51.5062013
        ]
      },
      "properties": {
        "timestamp": "2023-01-27T13:32:56Z"
      }
    },
    {
      "type": "Feature",
      "geometry": {
        "type": "Point",
        "coordinates": [
          -0.1359014,
          51.5062029
        ]
      },
      "properties": {
        "timestamp": "2023-01-27T13:32:59Z"
      }
    },
    {
      "type": "Feature",
      "geometry": {
        "type": "Point",
        "coordinates": [
          -0.1357975,
          51.5062131
        ]
      },
      "properties": {
        "timestamp": "2023-01-27T13:33:03Z"
      }
    },
    {
      "type": "Feature",
      "geometry": {
        "type": "Point",
        "coordinates": [
          -0.1357783,
          51.506215
        ]
      },
      "properties": {
        "timestamp": "2023-01-27T13:33:04Z"
      }
    },
    {
      "type": "Feature",
      "geometry": {
        "type": "Point",
        "coordinates": [
          -0.1357648,
          51.5062074
        ]
      },
      "properties": {
        "timestamp": "2023-01-27T13:33:06Z"
      }
    },
    {
      "type": "Feature",
      "geometry": {
        "type": "Point",
        "coordinates": [
          -0.1357798,
          51.5062155
        ]
      },
      "properties": {
        "timestamp": "2023-01-27T13:33:07Z"
      }
    },
    {
      "type": "Feature",
      "geometry": {
        "type": "Point",
        "coordinates": [
          -0.1358231,
          51.5062439
        ]
      },
      "properties": {
        "timestamp": "2023-01-27T13:33:10Z"
      }
    },
    {
      "type": "Feature",
      "geometry": {
        "type": "Point",
        "coordinates": [
          -0.1358138,
          51.5062415
        ]
      },
      "properties": {
        "timestamp": "2023-01-27T13:33:11Z"
      }
    },
    {
      "type": "Feature",
      "geometry": {
        "type": "Point",
        "coordinates": [
          -0.1358249,
          51.5062414
        ]
      },
      "properties": {
        "timestamp": "2023-01-27T13:33:13Z"
      }
    },
    {
      "type": "Feature",
      "geometry": {
        "type": "Point",
        "coordinates": [
          -0.1358292,
          51.5062477
        ]
      },
      "properties": {
        "timestamp": "2023-01-27T13:33:14Z"
      }
    },
    {
      "type": "Feature",
      "geometry": {
        "type": "Point",
        "coordinates": [
          -0.1358227,
          51.5062529
        ]
      },
      "properties": {
        "timestamp": "2023-01-27T13:33:16Z"
      }
    },
    {
      "type": "Feature",
      "geometry": {
        "type": "Point",
        "coordinates": [
          -0.1358182,
          51.5062564
        ]
      },
      "properties": {
        "timestamp": "2023-01-27T13:33:17Z"
      }
    },
    {
      "type": "Feature",
      "geometry": {
        "type": "Point",
        "coordinates": [
          -0.1358245,
          51.506263
        ]
      },
      "properties": {
        "timestamp": "2023-01-27T13:33:19Z"
      }
    },
    {
      "type": "Feature",
      "geometry": {
        "type": "Point",
        "coordinates": [
          -0.1357989,
          51.5062377
        ]
      },
      "properties": {
        "timestamp": "2023-01-27T13:33:21Z"
      }
    },
    {
      "type": "Feature",
      "geometry": {
        "type": "Point",
        "coordinates": [
          -0.1358049,
          51.5061974
        ]
      },
      "properties": {
        "timestamp": "2023-01-27T13:33:23Z"
      }
    },
    {
      "type": "Feature",
      "geometry": {
        "type": "Point",
        "coordinates": [
          -0.1358211,
          51.5061866
        ]
      },
      "properties": {
        "timestamp": "2023-01-27T13:33:24Z"
      }
    },
    {
      "type": "Feature",
      "geometry": {
        "type": "Point",
        "coordinates": [
          -0.1357843,
          51.5061673
        ]
      },
      "properties": {
        "timestamp": "2023-01-27T13:33:26Z"
      }
    },
    {
      "type": "Feature",
      "geometry": {
        "type": "Point",
        "coordinates": [
          -0.1358064,
          51.5061774
        ]
      },
      "properties": {
        "timestamp": "2023-01-27T13:33:28Z"
      }
    },
    {
      "type": "Feature",
      "geometry": {
        "type": "Point",
        "coordinates": [
          -0.1358517,
          51.5061728
        ]
      },
      "properties": {
        "timestamp": "2023-01-27T13:33:33Z"
      }
    },
    {
      "type": "Feature",
      "geometry": {
        "type": "Point",
        "coordinates": [
          -0.1358675,
          51.5061966
        ]
      },
      "properties": {
        "timestamp": "2023-01-27T13:33:35Z"
      }
    },
    {
      "type": "Feature",
      "geometry": {
        "type": "Point",
        "coordinates": [
          -0.1358639,
          51.5062228
        ]
      },
      "properties": {
        "timestamp": "2023-01-27T13:33:36Z"
      }
    },
    {
      "type": "Feature",
      "geometry": {
        "type": "Point",
        "coordinates": [
          -0.1358774,
          51.5062549
        ]
      },
      "properties": {
        "timestamp": "2023-01-27T13:33:39Z"
      }
    },
    {
      "type": "Feature",
      "geometry": {
        "type": "Point",
        "coordinates": [
          -0.1358954,
          51.5062764
        ]
      },
      "properties": {
        "timestamp": "2023-01-27T13:33:40Z"
      }
    },
    {
      "type": "Feature",
      "geometry": {
        "type": "Point",
        "coordinates": [
          -0.1358852,
          51.5062813
        ]
      },
      "properties": {
        "timestamp": "2023-01-27T13:33:42Z"
      }
    },
    {
      "type": "Feature",
      "geometry": {
        "type": "Point",
        "coordinates": [
          -0.1358691,
          51.5062778
        ]
      },
      "properties": {
        "timestamp": "2023-01-27T13:33:43Z"
      }
    },
    {
      "type": "Feature",
      "geometry": {
        "type": "Point",
        "coordinates": [
          -0.1358634,
          51.5062787
        ]
      },
      "properties": {
        "timestamp": "2023-01-27T13:33:44Z"
      }
    },
    {
      "type": "Feature",
      "geometry": {
        "type": "Point",
        "coordinates": [
          -0.1358311,
          51.5062638
        ]
      },
      "properties": {
        "timestamp": "2023-01-27T13:33:49Z"
      }
    },
    {
      "type": "Feature",
      "geometry": {
        "type": "Point",
        "coordinates": [
          -0.1358225,
          51.5062487
        ]
      },
      "properties": {
        "timestamp": "2023-01-27T13:33:51Z"
      }
    },
    {
      "type": "Feature",
      "geometry": {
        "type": "Point",
        "coordinates": [
          -0.1358282,
          51.5062339
        ]
      },
      "properties": {
        "timestamp": "2023-01-27T13:33:54Z"
      }
    },
    {
      "type": "Feature",
      "geometry": {
        "type": "Point",
        "coordinates": [
          -0.135834,
          51.5062413
        ]
      },
      "properties": {
        "timestamp": "2023-01-27T13:33:55Z"
      }
    },
    {
      "type": "Feature",
      "geometry": {
        "type": "Point",
        "coordinates": [
          -0.1358264,
          51.5062681
        ]
      },
      "properties": {
        "timestamp": "2023-01-27T13:34:01Z"
      }
    },
    {
      "type": "Feature",
      "geometry": {
        "type": "Point",
        "coordinates": [
          -0.1358179,
          51.5062625
        ]
      },
      "properties": {
        "timestamp": "2023-01-27T13:34:03Z"
      }
    },
    {
      "type": "Feature",
      "geometry": {
        "type": "Point",
        "coordinates": [
          -0.1358075,
          51.5062622
        ]
      },
      "properties": {
        "timestamp": "2023-01-27T13:34:05Z"
      }
    },
    {
      "type": "Feature",
      "geometry": {
        "type": "Point",
        "coordinates": [
          -0.1358075,
          51.5062622
        ]
      },
      "properties": {
        "timestamp": "2023-01-27T13:34:07Z"
      }
    },
    {
      "type": "Feature",
      "geometry": {
        "type": "Point",
        "coordinates": [
          -0.1358302,
          51.506279
        ]
      },
      "properties": {
        "timestamp": "2023-01-27T13:34:18Z"
      }
    },
    {
      "type": "Feature",
      "geometry": {
        "type": "Point",
        "coordinates": [
          -0.1358512,
          51.506292
        ]
      },
      "properties": {
        "timestamp": "2023-01-27T13:34:23Z"
      }
    },
    {
      "type": "Feature",
      "geometry": {
        "type": "Point",
        "coordinates": [
          -0.1358558,
          51.506287
        ]
      },
      "properties": {
        "timestamp": "2023-01-27T13:34:24Z"
      }
    },
    {
      "type": "Feature",
      "geometry": {
        "type": "Point",
        "coordinates": [
          -0.1358598,
          51.5062659
        ]
      },
      "properties": {
        "timestamp": "2023-01-27T13:34:29Z"
      }
    },
    {
      "type": "Feature",
      "geometry": {
        "type": "Point",
        "coordinates": [
          -0.1358341,
          51.5062534
        ]
      },
      "properties": {
        "timestamp": "2023-01-27T13:34:33Z"
      }
    },
    {
      "type": "Feature",
      "geometry": {
        "type": "Point",
        "coordinates": [
          -0.1358162,
          51.5062105
        ]
      },
      "properties": {
        "timestamp": "2023-01-27T13:34:39Z"
      }
    },
    {
      "type": "Feature",
      "geometry": {
        "type": "Point",
        "coordinates": [
          -0.1358174,
          51.5062116
        ]
      },
      "properties": {
        "timestamp": "2023-01-27T13:34:40Z"
      }
    },
    {
      "type": "Feature",
      "geometry": {
        "type": "Point",
        "coordinates": [
          -0.1358415,
          51.5062028
        ]
      },
      "properties": {
        "timestamp": "2023-01-27T13:34:46Z"
      }
    },
    {
      "type": "Feature",
      "geometry": {
        "type": "Point",
        "coordinates": [
          -0.1358105,
          51.5061852
        ]
      },
      "properties": {
        "timestamp": "2023-01-27T13:34:51Z"
      }
    },
    {
      "type": "Feature",
      "geometry": {
        "type": "Point",
        "coordinates": [
          -0.1358115,
          51.5061899
        ]
      },
      "properties": {
        "timestamp": "2023-01-27T13:34:55Z"
      }
    },
    {
      "type": "Feature",
      "geometry": {
        "type": "Point",
        "coordinates": [
          -0.13578,
          51.5061832
        ]
      },
      "properties": {
        "timestamp": "2023-01-27T13:34:59Z"
      }
    },
    {
      "type": "Feature",
      "geometry": {
        "type": "Point",
        "coordinates": [
          -0.1357831,
          51.5061671
        ]
      },
      "properties": {
        "timestamp": "2023-01-27T13:35:03Z"
      }
    },
    {
      "type": "Feature",
      "geometry": {
        "type": "Point",
        "coordinates": [
          -0.1357397,
          51.5061609
        ]
      },
      "properties": {
        "timestamp": "2023-01-27T13:35:12Z"
      }
    },
    {
      "type": "Feature",
      "geometry": {
        "type": "Point",
        "coordinates": [
          -0.135702,
          51.506142
        ]
      },
      "properties": {
        "timestamp": "2023-01-27T13:35:16Z"
      }
    },
    {
      "type": "Feature",
      "geometry": {
        "type": "Point",
        "coordinates": [
          -0.1356879,
          51.5061363
        ]
      },
      "properties": {
        "timestamp": "2023-01-27T13:35:17Z"
      }
    },
    {
      "type": "Feature",
      "geometry": {
        "type": "Point",
        "coordinates": [
          -0.1356899,
          51.506139
        ]
      },
      "properties": {
        "timestamp": "2023-01-27T13:35:21Z"
      }
    },
    {
      "type": "Feature",
      "geometry": {
        "type": "Point",
        "coordinates": [
          -0.1356941,
          51.5061387
        ]
      },
      "properties": {
        "timestamp": "2023-01-27T13:35:22Z"
      }
    },
    {
      "type": "Feature",
      "geometry": {
        "type": "Point",
        "coordinates": [
          -0.1356691,
          51.5061189
        ]
      },
      "properties": {
        "timestamp": "2023-01-27T13:35:24Z"
      }
    },
    {
      "type": "Feature",
      "geometry": {
        "type": "Point",
        "coordinates": [
          -0.1356999,
          51.5061196
        ]
      },
      "properties": {
        "timestamp": "2023-01-27T13:35:27Z"
      }
    },
    {
      "type": "Feature",
      "geometry": {
        "type": "Point",
        "coordinates": [
          -0.1356925,
          51.5061306
        ]
      },
      "properties": {
        "timestamp": "2023-01-27T13:35:31Z"
      }
    },
    {
      "type": "Feature",
      "geometry": {
        "type": "Point",
        "coordinates": [
          -0.1356937,
          51.50614
        ]
      },
      "properties": {
        "timestamp": "2023-01-27T13:35:34Z"
      }
    },
    {
      "type": "Feature",
      "geometry": {
        "type": "Point",
        "coordinates": [
          -0.1356628,
          51.5061607
        ]
      },
      "properties": {
        "timestamp": "2023-01-27T13:35:39Z"
      }
    },
    {
      "type": "Feature",
      "geometry": {
        "type": "Point",
        "coordinates": [
          -0.1356612,
          51.5061607
        ]
      },
      "properties": {
        "timestamp": "2023-01-27T13:35:44Z"
      }
    },
    {
      "type": "Feature",
      "geometry": {
        "type": "Point",
        "coordinates": [
          -0.1356912,
          51.5061379
        ]
      },
      "properties": {
        "timestamp": "2023-01-27T13:35:52Z"
      }
    },
    {
      "type": "Feature",
      "geometry": {
        "type": "Point",
        "coordinates": [
          -0.1357602,
          51.5061025
        ]
      },
      "properties": {
        "timestamp": "2023-01-27T13:35:58Z"
      }
    },
    {
      "type": "Feature",
      "geometry": {
        "type": "Point",
        "coordinates": [
          -0.1357963,
          51.5061125
        ]
      },
      "properties": {
        "timestamp": "2023-01-27T13:36:00Z"
      }
    },
    {
      "type": "Feature",
      "geometry": {
        "type": "Point",
        "coordinates": [
          -0.1358045,
          51.5060819
        ]
      },
      "properties": {
        "timestamp": "2023-01-27T13:36:03Z"
      }
    },
    {
      "type": "Feature",
      "geometry": {
        "type": "Point",
        "coordinates": [
          -0.1357955,
          51.5060839
        ]
      },
      "properties": {
        "timestamp": "2023-01-27T13:36:06Z"
      }
    },
    {
      "type": "Feature",
      "geometry": {
        "type": "Point",
        "coordinates": [
          -0.1358045,
          51.5060729
        ]
      },
      "properties": {
        "timestamp": "2023-01-27T13:36:08Z"
      }
    },
    {
      "type": "Feature",
      "geometry": {
        "type": "Point",
        "coordinates": [
          -0.1358387,
          51.5060523
        ]
      },
      "properties": {
        "timestamp": "2023-01-27T13:36:11Z"
      }
    },
    {
      "type": "Feature",
      "geometry": {
        "type": "Point",
        "coordinates": [
          -0.1358463,
          51.5060546
        ]
      },
      "properties": {
        "timestamp": "2023-01-27T13:36:12Z"
      }
    },
    {
      "type": "Feature",
      "geometry": {
        "type": "Point",
        "coordinates": [
          -0.1358814,
          51.5060855
        ]
      },
      "properties": {
        "timestamp": "2023-01-27T13:36:17Z"
      }
    },
    {
      "type": "Feature",
      "geometry": {
        "type": "Point",
        "coordinates": [
          -0.1358614,
          51.5060809
        ]
      },
      "properties": {
        "timestamp": "2023-01-27T13:36:22Z"
      }
    },
    {
      "type": "Feature",
      "geometry": {
        "type": "Point",
        "coordinates": [
          -0.1358496,
          51.5060804
        ]
      },
      "properties": {
        "timestamp": "2023-01-27T13:36:27Z"
      }
    },
    {
      "type": "Feature",
      "geometry": {
        "type": "Point",
        "coordinates": [
          -0.1358473,
          51.5060667
        ]
      },
      "properties": {
        "timestamp": "2023-01-27T13:36:34Z"
      }
    },
    {
      "type": "Feature",
      "geometry": {
        "type": "Point",
        "coordinates": [
          -0.1358332,
          51.506052
        ]
      },
      "properties": {
        "timestamp": "2023-01-27T13:36:37Z"
      }
    },
    {
      "type": "Feature",
      "geometry": {
        "type": "Point",
        "coordinates": [
          -0.1358361,
          51.506055
        ]
      },
      "properties": {
        "timestamp": "2023-01-27T13:36:42Z"
      }
    },
    {
      "type": "Feature",
      "geometry": {
        "type": "Point",
        "coordinates": [
          -0.1358361,
          51.506055
        ]
      },
      "properties": {
        "timestamp": "2023-01-27T13:36:50Z"
      }
    },
    {
      "type": "Feature",
      "geometry": {
        "type": "Point",
        "coordinates": [
          -0.1358361,
          51.506055
        ]
      },
      "properties": {
        "timestamp": "2023-01-27T13:36:51Z"
      }
    },
    {
      "type": "Feature",
      "geometry": {
        "type": "Point",
        "coordinates": [
          -0.1358354,
          51.506055
        ]
      },
      "properties": {
        "timestamp": "2023-01-27T13:36:55Z"
      }
    },
    {
      "type": "Feature",
      "geometry": {
        "type": "Point",
        "coordinates": [
          -0.1358315,
          51.5060422
        ]
      },
      "properties": {
        "timestamp": "2023-01-27T13:37:12Z"
      }
    },
    {
      "type": "Feature",
      "geometry": {
        "type": "Point",
        "coordinates": [
          -0.1359082,
          51.5060922
        ]
      },
      "properties": {
        "timestamp": "2023-01-27T13:37:17Z"
      }
    },
    {
      "type": "Feature",
      "geometry": {
        "type": "Point",
        "coordinates": [
          -0.1359254,
          51.506118
        ]
      },
      "properties": {
        "timestamp": "2023-01-27T13:37:20Z"
      }
    },
    {
      "type": "Feature",
      "geometry": {
        "type": "Point",
        "coordinates": [
          -0.1358881,
          51.5061354
        ]
      },
      "properties": {
        "timestamp": "2023-01-27T13:37:24Z"
      }
    },
    {
      "type": "Feature",
      "geometry": {
        "type": "Point",
        "coordinates": [
          -0.1358871,
          51.5061316
        ]
      },
      "properties": {
        "timestamp": "2023-01-27T13:37:25Z"
      }
    },
    {
      "type": "Feature",
      "geometry": {
        "type": "Point",
        "coordinates": [
          -0.1358438,
          51.5060888
        ]
      },
      "properties": {
        "timestamp": "2023-01-27T13:37:31Z"
      }
    },
    {
      "type": "Feature",
      "geometry": {
        "type": "Point",
        "coordinates": [
          -0.1358473,
          51.506121
        ]
      },
      "properties": {
        "timestamp": "2023-01-27T13:37:38Z"
      }
    },
    {
      "type": "Feature",
      "geometry": {
        "type": "Point",
        "coordinates": [
          -0.1358452,
          51.5061155
        ]
      },
      "properties": {
        "timestamp": "2023-01-27T13:37:44Z"
      }
    },
    {
      "type": "Feature",
      "geometry": {
        "type": "Point",
        "coordinates": [
          -0.1358581,
          51.5060992
        ]
      },
      "properties": {
        "timestamp": "2023-01-27T13:37:48Z"
      }
    },
    {
      "type": "Feature",
      "geometry": {
        "type": "Point",
        "coordinates": [
          -0.1359063,
          51.5061042
        ]
      },
      "properties": {
        "timestamp": "2023-01-27T13:37:52Z"
      }
    },
    {
      "type": "Feature",
      "geometry": {
        "type": "Point",
        "coordinates": [
          -0.1358872,
          51.506103
        ]
      },
      "properties": {
        "timestamp": "2023-01-27T13:37:58Z"
      }
    },
    {
      "type": "Feature",
      "geometry": {
        "type": "Point",
        "coordinates": [
          -0.1358722,
          51.506084
        ]
      },
      "properties": {
        "timestamp": "2023-01-27T13:37:59Z"
      }
    },
    {
      "type": "Feature",
      "geometry": {
        "type": "Point",
        "coordinates": [
          -0.1358339,
          51.5060429
        ]
      },
      "properties": {
        "timestamp": "2023-01-27T13:38:03Z"
      }
    },
    {
      "type": "Feature",
      "geometry": {
        "type": "Point",
        "coordinates": [
          -0.1358433,
          51.5060777
        ]
      },
      "properties": {
        "timestamp": "2023-01-27T13:38:09Z"
      }
    },
    {
      "type": "Feature",
      "geometry": {
        "type": "Point",
        "coordinates": [
          -0.1358609,
          51.5061546
        ]
      },
      "properties": {
        "timestamp": "2023-01-27T13:38:14Z"
      }
    },
    {
      "type": "Feature",
      "geometry": {
        "type": "Point",
        "coordinates": [
          -0.1358474,
          51.5061593
        ]
      },
      "properties": {
        "timestamp": "2023-01-27T13:38:17Z"
      }
    },
    {
      "type": "Feature",
      "geometry": {
        "type": "Point",
        "coordinates": [
          -0.1358426,
          51.506174
        ]
      },
      "properties": {
        "timestamp": "2023-01-27T13:38:24Z"
      }
    },
    {
      "type": "Feature",
      "geometry": {
        "type": "Point",
        "coordinates": [
          -0.135838,
          51.5061995
        ]
      },
      "properties": {
        "timestamp": "2023-01-27T13:38:32Z"
      }
    },
    {
      "type": "Feature",
      "geometry": {
        "type": "Point",
        "coordinates": [
          -0.1358385,
          51.5061972
        ]
      },
      "properties": {
        "timestamp": "2023-01-27T13:38:35Z"
      }
    },
    {
      "type": "Feature",
      "geometry": {
        "type": "Point",
        "coordinates": [
          -0.1358375,
          51.5061999
        ]
      },
      "properties": {
        "timestamp": "2023-01-27T13:38:37Z"
      }
    },
    {
      "type": "Feature",
      "geometry": {
        "type": "Point",
        "coordinates": [
          -0.135832,
          51.5061995
        ]
      },
      "properties": {
        "timestamp": "2023-01-27T13:38:38Z"
      }
    },
    {
      "type": "Feature",
      "geometry": {
        "type": "Point",
        "coordinates": [
          -0.1357992,
          51.506194
        ]
      },
      "properties": {
        "timestamp": "2023-01-27T13:38:41Z"
      }
    },
    {
      "type": "Feature",
      "geometry": {
        "type": "Point",
        "coordinates": [
          -0.1359056,
          51.5061813
        ]
      },
      "properties": {
        "timestamp": "2023-01-27T13:38:44Z"
      }
    },
    {
      "type": "Feature",
      "geometry": {
        "type": "Point",
        "coordinates": [
          -0.1359253,
          51.506156
        ]
      },
      "properties": {
        "timestamp": "2023-01-27T13:38:45Z"
      }
    },
    {
      "type": "Feature",
      "geometry": {
        "type": "Point",
        "coordinates": [
          -0.1359435,
          51.5061383
        ]
      },
      "properties": {
        "timestamp": "2023-01-27T13:38:47Z"
      }
    },
    {
      "type": "Feature",
      "geometry": {
        "type": "Point",
        "coordinates": [
          -0.1359007,
          51.5061135
        ]
      },
      "properties": {
        "timestamp": "2023-01-27T13:38:50Z"
      }
    },
    {
      "type": "Feature",
      "geometry": {
        "type": "Point",
        "coordinates": [
          -0.1358499,
          51.506098
        ]
      },
      "properties": {
        "timestamp": "2023-01-27T13:38:54Z"
      }
    },
    {
      "type": "Feature",
      "geometry": {
        "type": "Point",
        "coordinates": [
          -0.1358077,
          51.506104
        ]
      },
      "properties": {
        "timestamp": "2023-01-27T13:38:57Z"
      }
    },
    {
      "type": "Feature",
      "geometry": {
        "type": "Point",
        "coordinates": [
          -0.1358106,
          51.5061093
        ]
      },
      "properties": {
        "timestamp": "2023-01-27T13:39:00Z"
      }
    },
    {
      "type": "Feature",
      "geometry": {
        "type": "Point",
        "coordinates": [
          -0.1358076,
          51.5061019
        ]
      },
      "properties": {
        "timestamp": "2023-01-27T13:39:02Z"
      }
    },
    {
      "type": "Feature",
      "geometry": {
        "type": "Point",
        "coordinates": [
          -0.1357969,
          51.506102
        ]
      },
      "properties": {
        "timestamp": "2023-01-27T13:39:03Z"
      }
    },
    {
      "type": "Feature",
      "geometry": {
        "type": "Point",
        "coordinates": [
          -0.1357874,
          51.5061084
        ]
      },
      "properties": {
        "timestamp": "2023-01-27T13:39:06Z"
      }
    },
    {
      "type": "Feature",
      "geometry": {
        "type": "Point",
        "coordinates": [
          -0.1357696,
          51.5061159
        ]
      },
      "properties": {
        "timestamp": "2023-01-27T13:39:12Z"
      }
    },
    {
      "type": "Feature",
      "geometry": {
        "type": "Point",
        "coordinates": [
          -0.1357605,
          51.5061373
        ]
      },
      "properties": {
        "timestamp": "2023-01-27T13:39:16Z"
      }
    },
    {
      "type": "Feature",
      "geometry": {
        "type": "Point",
        "coordinates": [
          -0.1357824,
          51.5061554
        ]
      },
      "properties": {
        "timestamp": "2023-01-27T13:39:21Z"
      }
    },
    {
      "type": "Feature",
      "geometry": {
        "type": "Point",
        "coordinates": [
          -0.1357668,
          51.5061731
        ]
      },
      "properties": {
        "timestamp": "2023-01-27T13:39:25Z"
      }
    },
    {
      "type": "Feature",
      "geometry": {
        "type": "Point",
        "coordinates": [
          -0.1357435,
          51.5061881
        ]
      },
      "properties": {
        "timestamp": "2023-01-27T13:39:31Z"
      }
    },
    {
      "type": "Feature",
      "geometry": {
        "type": "Point",
        "coordinates": [
          -0.135696,
          51.5061582
        ]
      },
      "properties": {
        "timestamp": "2023-01-27T13:39:37Z"
      }
    },
    {
      "type": "Feature",
      "geometry": {
        "type": "Point",
        "coordinates": [
          -0.1355828,
          51.5061204
        ]
      },
      "properties": {
        "timestamp": "2023-01-27T13:39:42Z"
      }
    },
    {
      "type": "Feature",
      "geometry": {
        "type": "Point",
        "coordinates": [
          -0.1355562,
          51.5061231
        ]
      },
      "properties": {
        "timestamp": "2023-01-27T13:39:43Z"
      }
    },
    {
      "type": "Feature",
      "geometry": {
        "type": "Point",
        "coordinates": [
          -0.1355034,
          51.5061458
        ]
      },
      "properties": {
        "timestamp": "2023-01-27T13:39:45Z"
      }
    },
    {
      "type": "Feature",
      "geometry": {
        "type": "Point",
        "coordinates": [
          -0.1354977,
          51.5061555
        ]
      },
      "properties": {
        "timestamp": "2023-01-27T13:39:46Z"
      }
    },
    {
      "type": "Feature",
      "geometry": {
        "type": "Point",
        "coordinates": [
          -0.1354927,
          51.5061635
        ]
      },
      "properties": {
        "timestamp": "2023-01-27T13:39:47Z"
      }
    },
    {
      "type": "Feature",
      "geometry": {
        "type": "Point",
        "coordinates": [
          -0.1354854,
          51.5061839
        ]
      },
      "properties": {
        "timestamp": "2023-01-27T13:39:49Z"
      }
    },
    {
      "type": "Feature",
      "geometry": {
        "type": "Point",
        "coordinates": [
          -0.1354741,
          51.5062014
        ]
      },
      "properties": {
        "timestamp": "2023-01-27T13:39:51Z"
      }
    },
    {
      "type": "Feature",
      "geometry": {
        "type": "Point",
        "coordinates": [
          -0.1354764,
          51.5062172
        ]
      },
      "properties": {
        "timestamp": "2023-01-27T13:39:54Z"
      }
    },
    {
      "type": "Feature",
      "geometry": {
        "type": "Point",
        "coordinates": [
          -0.1354738,
          51.5062189
        ]
      },
      "properties": {
        "timestamp": "2023-01-27T13:39:56Z"
      }
    },
    {
      "type": "Feature",
      "geometry": {
        "type": "Point",
        "coordinates": [
          -0.1354732,
          51.5062187
        ]
      },
      "properties": {
        "timestamp": "2023-01-27T13:39:57Z"
      }
    },
    {
      "type": "Feature",
      "geometry": {
        "type": "Point",
        "coordinates": [
          -0.1354381,
          51.5062122
        ]
      },
      "properties": {
        "timestamp": "2023-01-27T13:40:01Z"
      }
    },
    {
      "type": "Feature",
      "geometry": {
        "type": "Point",
        "coordinates": [
          -0.135435,
          51.5062232
        ]
      },
      "properties": {
        "timestamp": "2023-01-27T13:40:02Z"
      }
    },
    {
      "type": "Feature",
      "geometry": {
        "type": "Point",
        "coordinates": [
          -0.1354194,
          51.5062329
        ]
      },
      "properties": {
        "timestamp": "2023-01-27T13:40:05Z"
      }
    },
    {
      "type": "Feature",
      "geometry": {
        "type": "Point",
        "coordinates": [
          -0.1354184,
          51.5062404
        ]
      },
      "properties": {
        "timestamp": "2023-01-27T13:40:07Z"
      }
    },
    {
      "type": "Feature",
      "geometry": {
        "type": "Point",
        "coordinates": [
          -0.1354165,
          51.5062529
        ]
      },
      "properties": {
        "timestamp": "2023-01-27T13:40:08Z"
      }
    },
    {
      "type": "Feature",
      "geometry": {
        "type": "Point",
        "coordinates": [
          -0.1354249,
          51.5062771
        ]
      },
      "properties": {
        "timestamp": "2023-01-27T13:40:09Z"
      }
    },
    {
      "type": "Feature",
      "geometry": {
        "type": "Point",
        "coordinates": [
          -0.1354399,
          51.5063292
        ]
      },
      "properties": {
        "timestamp": "2023-01-27T13:40:12Z"
      }
    },
    {
      "type": "Feature",
      "geometry": {
        "type": "Point",
        "coordinates": [
          -0.1354445,
          51.5063591
        ]
      },
      "properties": {
        "timestamp": "2023-01-27T13:40:16Z"
      }
    },
    {
      "type": "Feature",
      "geometry": {
        "type": "Point",
        "coordinates": [
          -0.1354576,
          51.506384
        ]
      },
      "properties": {
        "timestamp": "2023-01-27T13:40:21Z"
      }
    },
    {
      "type": "Feature",
      "geometry": {
        "type": "Point",
        "coordinates": [
          -0.1354744,
          51.5064022
        ]
      },
      "properties": {
        "timestamp": "2023-01-27T13:40:25Z"
      }
    },
    {
      "type": "Feature",
      "geometry": {
        "type": "Point",
        "coordinates": [
          -0.1354993,
          51.5063785
        ]
      },
      "properties": {
        "timestamp": "2023-01-27T13:40:28Z"
      }
    },
    {
      "type": "Feature",
      "geometry": {
        "type": "Point",
        "coordinates": [
          -0.1354865,
          51.5063798
        ]
      },
      "properties": {
        "timestamp": "2023-01-27T13:40:31Z"
      }
    },
    {
      "type": "Feature",
      "geometry": {
        "type": "Point",
        "coordinates": [
          -0.1354963,
          51.5063827
        ]
      },
      "properties": {
        "timestamp": "2023-01-27T13:40:34Z"
      }
    },
    {
      "type": "Feature",
      "geometry": {
        "type": "Point",
        "coordinates": [
          -0.1354865,
          51.5063873
        ]
      },
      "properties": {
        "timestamp": "2023-01-27T13:40:39Z"
      }
    },
    {
      "type": "Feature",
      "geometry": {
        "type": "Point",
        "coordinates": [
          -0.1354919,
          51.5063981
        ]
      },
      "properties": {
        "timestamp": "2023-01-27T13:40:41Z"
      }
    },
    {
      "type": "Feature",
      "geometry": {
        "type": "Point",
        "coordinates": [
          -0.135491,
          51.5064017
        ]
      },
      "properties": {
        "timestamp": "2023-01-27T13:40:42Z"
      }
    },
    {
      "type": "Feature",
      "geometry": {
        "type": "Point",
        "coordinates": [
          -0.1354958,
          51.5064072
        ]
      },
      "properties": {
        "timestamp": "2023-01-27T13:40:43Z"
      }
    },
    {
      "type": "Feature",
      "geometry": {
        "type": "Point",
        "coordinates": [
          -0.135497,
          51.5064124
        ]
      },
      "properties": {
        "timestamp": "2023-01-27T13:40:44Z"
      }
    },
    {
      "type": "Feature",
      "geometry": {
        "type": "Point",
        "coordinates": [
          -0.1354963,
          51.5064152
        ]
      },
      "properties": {
        "timestamp": "2023-01-27T13:40:45Z"
      }
    },
    {
      "type": "Feature",
      "geometry": {
        "type": "Point",
        "coordinates": [
          -0.1354645,
          51.5064178
        ]
      },
      "properties": {
        "timestamp": "2023-01-27T13:40:47Z"
      }
    },
    {
      "type": "Feature",
      "geometry": {
        "type": "Point",
        "coordinates": [
          -0.1354634,
          51.5064185
        ]
      },
      "properties": {
        "timestamp": "2023-01-27T13:40:49Z"
      }
    },
    {
      "type": "Feature",
      "geometry": {
        "type": "Point",
        "coordinates": [
          -0.1354634,
          51.5064185
        ]
      },
      "properties": {
        "timestamp": "2023-01-27T13:40:51Z"
      }
    },
    {
      "type": "Feature",
      "geometry": {
        "type": "Point",
        "coordinates": [
          -0.1354607,
          51.5064372
        ]
      },
      "properties": {
        "timestamp": "2023-01-27T13:40:54Z"
      }
    },
    {
      "type": "Feature",
      "geometry": {
        "type": "Point",
        "coordinates": [
          -0.1354627,
          51.5064631
        ]
      },
      "properties": {
        "timestamp": "2023-01-27T13:40:56Z"
      }
    },
    {
      "type": "Feature",
      "geometry": {
        "type": "Point",
        "coordinates": [
          -0.1354651,
          51.5064902
        ]
      },
      "properties": {
        "timestamp": "2023-01-27T13:40:58Z"
      }
    },
    {
      "type": "Feature",
      "geometry": {
        "type": "Point",
        "coordinates": [
          -0.1354637,
          51.5065323
        ]
      },
      "properties": {
        "timestamp": "2023-01-27T13:41:01Z"
      }
    },
    {
      "type": "Feature",
      "geometry": {
        "type": "Point",
        "coordinates": [
          -0.1354367,
          51.5065679
        ]
      },
      "properties": {
        "timestamp": "2023-01-27T13:41:04Z"
      }
    },
    {
      "type": "Feature",
      "geometry": {
        "type": "Point",
        "coordinates": [
          -0.1354521,
          51.5065772
        ]
      },
      "properties": {
        "timestamp": "2023-01-27T13:41:06Z"
      }
    },
    {
      "type": "Feature",
      "geometry": {
        "type": "Point",
        "coordinates": [
          -0.1354951,
          51.5065721
        ]
      },
      "properties": {
        "timestamp": "2023-01-27T13:41:08Z"
      }
    },
    {
      "type": "Feature",
      "geometry": {
        "type": "Point",
        "coordinates": [
          -0.1355148,
          51.5065854
        ]
      },
      "properties": {
        "timestamp": "2023-01-27T13:41:10Z"
      }
    },
    {
      "type": "Feature",
      "geometry": {
        "type": "Point",
        "coordinates": [
          -0.1355138,
          51.5065957
        ]
      },
      "properties": {
        "timestamp": "2023-01-27T13:41:11Z"
      }
    },
    {
      "type": "Feature",
      "geometry": {
        "type": "Point",
        "coordinates": [
          -0.1355377,
          51.5066349
        ]
      },
      "properties": {
        "timestamp": "2023-01-27T13:41:15Z"
      }
    },
    {
      "type": "Feature",
      "geometry": {
        "type": "Point",
        "coordinates": [
          -0.1355277,
          51.5066574
        ]
      },
      "properties": {
        "timestamp": "2023-01-27T13:41:18Z"
      }
    },
    {
      "type": "Feature",
      "geometry": {
        "type": "Point",
        "coordinates": [
          -0.1355325,
          51.5066706
        ]
      },
      "properties": {
        "timestamp": "2023-01-27T13:41:21Z"
      }
    },
    {
      "type": "Feature",
      "geometry": {
        "type": "Point",
        "coordinates": [
          -0.1355323,
          51.5066826
        ]
      },
      "properties": {
        "timestamp": "2023-01-27T13:41:22Z"
      }
    },
    {
      "type": "Feature",
      "geometry": {
        "type": "Point",
        "coordinates": [
          -0.1355272,
          51.5067403
        ]
      },
      "properties": {
        "timestamp": "2023-01-27T13:41:28Z"
      }
    },
    {
      "type": "Feature",
      "geometry": {
        "type": "Point",
        "coordinates": [
          -0.1355275,
          51.5067545
        ]
      },
      "properties": {
        "timestamp": "2023-01-27T13:41:30Z"
      }
    },
    {
      "type": "Feature",
      "geometry": {
        "type": "Point",
        "coordinates": [
          -0.1355674,
          51.5067986
        ]
      },
      "properties": {
        "timestamp": "2023-01-27T13:41:34Z"
      }
    },
    {
      "type": "Feature",
      "geometry": {
        "type": "Point",
        "coordinates": [
          -0.1355943,
          51.506812
        ]
      },
      "properties": {
        "timestamp": "2023-01-27T13:41:35Z"
      }
    },
    {
      "type": "Feature",
      "geometry": {
        "type": "Point",
        "coordinates": [
          -0.1356313,
          51.506904
        ]
      },
      "properties": {
        "timestamp": "2023-01-27T13:41:42Z"
      }
    },
    {
      "type": "Feature",
      "geometry": {
        "type": "Point",
        "coordinates": [
          -0.1356709,
          51.5069404
        ]
      },
      "properties": {
        "timestamp": "2023-01-27T13:41:46Z"
      }
    },
    {
      "type": "Feature",
      "geometry": {
        "type": "Point",
        "coordinates": [
          -0.1357493,
          51.5069639
        ]
      },
      "properties": {
        "timestamp": "2023-01-27T13:41:49Z"
      }
    },
    {
      "type": "Feature",
      "geometry": {
        "type": "Point",
        "coordinates": [
          -0.1357538,
          51.5069646
        ]
      },
      "properties": {
        "timestamp": "2023-01-27T13:41:50Z"
      }
    },
    {
      "type": "Feature",
      "geometry": {
        "type": "Point",
        "coordinates": [
          -0.1357321,
          51.506971
        ]
      },
      "properties": {
        "timestamp": "2023-01-27T13:41:54Z"
      }
    },
    {
      "type": "Feature",
      "geometry": {
        "type": "Point",
        "coordinates": [
          -0.1357106,
          51.5069874
        ]
      },
      "properties": {
        "timestamp": "2023-01-27T13:41:56Z"
      }
    },
    {
      "type": "Feature",
      "geometry": {
        "type": "Point",
        "coordinates": [
          -0.1356983,
          51.5069936
        ]
      },
      "properties": {
        "timestamp": "2023-01-27T13:41:57Z"
      }
    },
    {
      "type": "Feature",
      "geometry": {
        "type": "Point",
        "coordinates": [
          -0.1355721,
          51.5070398
        ]
      },
      "properties": {
        "timestamp": "2023-01-27T13:42:03Z"
      }
    },
    {
      "type": "Feature",
      "geometry": {
        "type": "Point",
        "coordinates": [
          -0.1355177,
          51.5070723
        ]
      },
      "properties": {
        "timestamp": "2023-01-27T13:42:07Z"
      }
    },
    {
      "type": "Feature",
      "geometry": {
        "type": "Point",
        "coordinates": [
          -0.1354825,
          51.5070836
        ]
      },
      "properties": {
        "timestamp": "2023-01-27T13:42:10Z"
      }
    },
    {
      "type": "Feature",
      "geometry": {
        "type": "Point",
        "coordinates": [
          -0.1354681,
          51.5070879
        ]
      },
      "properties": {
        "timestamp": "2023-01-27T13:42:11Z"
      }
    },
    {
      "type": "Feature",
      "geometry": {
        "type": "Point",
        "coordinates": [
          -0.1354573,
          51.5070956
        ]
      },
      "properties": {
        "timestamp": "2023-01-27T13:42:17Z"
      }
    },
    {
      "type": "Feature",
      "geometry": {
        "type": "Point",
        "coordinates": [
          -0.1354552,
          51.5070958
        ]
      },
      "properties": {
        "timestamp": "2023-01-27T13:42:19Z"
      }
    },
    {
      "type": "Feature",
      "geometry": {
        "type": "Point",
        "coordinates": [
          -0.1354521,
          51.5070965
        ]
      },
      "properties": {
        "timestamp": "2023-01-27T13:42:22Z"
      }
    },
    {
      "type": "Feature",
      "geometry": {
        "type": "Point",
        "coordinates": [
          -0.1355279,
          51.5071013
        ]
      },
      "properties": {
        "timestamp": "2023-01-27T13:42:26Z"
      }
    },
    {
      "type": "Feature",
      "geometry": {
        "type": "Point",
        "coordinates": [
          -0.1355931,
          51.5071064
        ]
      },
      "properties": {
        "timestamp": "2023-01-27T13:42:29Z"
      }
    },
    {
      "type": "Feature",
      "geometry": {
        "type": "Point",
        "coordinates": [
          -0.1355621,
          51.5071056
        ]
      },
      "properties": {
        "timestamp": "2023-01-27T13:42:33Z"
      }
    },
    {
      "type": "Feature",
      "geometry": {
        "type": "Point",
        "coordinates": [
          -0.1355213,
          51.5071102
        ]
      },
      "properties": {
        "timestamp": "2023-01-27T13:42:39Z"
      }
    },
    {
      "type": "Feature",
      "geometry": {
        "type": "Point",
        "coordinates": [
          -0.1354452,
          51.5070594
        ]
      },
      "properties": {
        "timestamp": "2023-01-27T13:42:46Z"
      }
    },
    {
      "type": "Feature",
      "geometry": {
        "type": "Point",
        "coordinates": [
          -0.1352726,
          51.507049
        ]
      },
      "properties": {
        "timestamp": "2023-01-27T13:42:53Z"
      }
    },
    {
      "type": "Feature",
      "geometry": {
        "type": "Point",
        "coordinates": [
          -0.1350675,
          51.5070802
        ]
      },
      "properties": {
        "timestamp": "2023-01-27T13:43:03Z"
      }
    },
    {
      "type": "Feature",
      "geometry": {
        "type": "Point",
        "coordinates": [
          -0.13494,
          51.5071745
        ]
      },
      "properties": {
        "timestamp": "2023-01-27T13:43:13Z"
      }
    },
    {
      "type": "Feature",
      "geometry": {
        "type": "Point",
        "coordinates": [
          -0.1349439,
          51.5072282
        ]
      },
      "properties": {
        "timestamp": "2023-01-27T13:43:17Z"
      }
    },
    {
      "type": "Feature",
      "geometry": {
        "type": "Point",
        "coordinates": [
          -0.1349906,
          51.5072879
        ]
      },
      "properties": {
        "timestamp": "2023-01-27T13:43:21Z"
      }
    },
    {
      "type": "Feature",
      "geometry": {
        "type": "Point",
        "coordinates": [
          -0.1350012,
          51.507317
        ]
      },
      "properties": {
        "timestamp": "2023-01-27T13:43:22Z"
      }
    },
    {
      "type": "Feature",
      "geometry": {
        "type": "Point",
        "coordinates": [
          -0.1350035,
          51.5073238
        ]
      },
      "properties": {
        "timestamp": "2023-01-27T13:43:28Z"
      }
    },
    {
      "type": "Feature",
      "geometry": {
        "type": "Point",
        "coordinates": [
          -0.135002,
          51.5073278
        ]
      },
      "properties": {
        "timestamp": "2023-01-27T13:43:34Z"
      }
    },
    {
      "type": "Feature",
      "geometry": {
        "type": "Point",
        "coordinates": [
          -0.1350119,
          51.5073399
        ]
      },
      "properties": {
        "timestamp": "2023-01-27T13:43:35Z"
      }
    },
    {
      "type": "Feature",
      "geometry": {
        "type": "Point",
        "coordinates": [
          -0.1350116,
          51.5073448
        ]
      },
      "properties": {
        "timestamp": "2023-01-27T13:43:38Z"
      }
    },
    {
      "type": "Feature",
      "geometry": {
        "type": "Point",
        "coordinates": [
          -0.1350118,
          51.5073464
        ]
      },
      "properties": {
        "timestamp": "2023-01-27T13:43:41Z"
      }
    },
    {
      "type": "Feature",
      "geometry": {
        "type": "Point",
        "coordinates": [
          -0.1350106,
          51.5073448
        ]
      },
      "properties": {
        "timestamp": "2023-01-27T13:43:59Z"
      }
    },
    {
      "type": "Feature",
      "geometry": {
        "type": "Point",
        "coordinates": [
          -0.1349956,
          51.5073459
        ]
      },
      "properties": {
        "timestamp": "2023-01-27T13:44:07Z"
      }
    },
    {
      "type": "Feature",
      "geometry": {
        "type": "Point",
        "coordinates": [
          -0.1349527,
          51.5073572
        ]
      },
      "properties": {
        "timestamp": "2023-01-27T13:44:09Z"
      }
    },
    {
      "type": "Feature",
      "geometry": {
        "type": "Point",
        "coordinates": [
          -0.1348837,
          51.5073785
        ]
      },
      "properties": {
        "timestamp": "2023-01-27T13:44:12Z"
      }
    },
    {
      "type": "Feature",
      "geometry": {
        "type": "Point",
        "coordinates": [
          -0.1348555,
          51.5073842
        ]
      },
      "properties": {
        "timestamp": "2023-01-27T13:44:13Z"
      }
    },
    {
      "type": "Feature",
      "geometry": {
        "type": "Point",
        "coordinates": [
          -0.1347743,
          51.5074047
        ]
      },
      "properties": {
        "timestamp": "2023-01-27T13:44:16Z"
      }
    },
    {
      "type": "Feature",
      "geometry": {
        "type": "Point",
        "coordinates": [
          -0.1347494,
          51.507416
        ]
      },
      "properties": {
        "timestamp": "2023-01-27T13:44:18Z"
      }
    },
    {
      "type": "Feature",
      "geometry": {
        "type": "Point",
        "coordinates": [
          -0.1346753,
          51.5074557
        ]
      },
      "properties": {
        "timestamp": "2023-01-27T13:44:23Z"
      }
    },
    {
      "type": "Feature",
      "geometry": {
        "type": "Point",
        "coordinates": [
          -0.1346571,
          51.5074708
        ]
      },
      "properties": {
        "timestamp": "2023-01-27T13:44:25Z"
      }
    },
    {
      "type": "Feature",
      "geometry": {
        "type": "Point",
        "coordinates": [
          -0.1346626,
          51.507475
        ]
      },
      "properties": {
        "timestamp": "2023-01-27T13:44:26Z"
      }
    },
    {
      "type": "Feature",
      "geometry": {
        "type": "Point",
        "coordinates": [
          -0.1346039,
          51.5075153
        ]
      },
      "properties": {
        "timestamp": "2023-01-27T13:44:32Z"
      }
    },
    {
      "type": "Feature",
      "geometry": {
        "type": "Point",
        "coordinates": [
          -0.1345925,
          51.5075283
        ]
      },
      "properties": {
        "timestamp": "2023-01-27T13:44:35Z"
      }
    },
    {
      "type": "Feature",
      "geometry": {
        "type": "Point",
        "coordinates": [
          -0.1345752,
          51.5075312
        ]
      },
      "properties": {
        "timestamp": "2023-01-27T13:44:37Z"
      }
    },
    {
      "type": "Feature",
      "geometry": {
        "type": "Point",
        "coordinates": [
          -0.1344957,
          51.5075542
        ]
      },
      "properties": {
        "timestamp": "2023-01-27T13:44:41Z"
      }
    },
    {
      "type": "Feature",
      "geometry": {
        "type": "Point",
        "coordinates": [
          -0.1344432,
          51.5075654
        ]
      },
      "properties": {
        "timestamp": "2023-01-27T13:44:43Z"
      }
    },
    {
      "type": "Feature",
      "geometry": {
        "type": "Point",
        "coordinates": [
          -0.1342966,
          51.5075951
        ]
      },
      "properties": {
        "timestamp": "2023-01-27T13:44:49Z"
      }
    },
    {
      "type": "Feature",
      "geometry": {
        "type": "Point",
        "coordinates": [
          -0.134269,
          51.5076007
        ]
      },
      "properties": {
        "timestamp": "2023-01-27T13:44:50Z"
      }
    },
    {
      "type": "Feature",
      "geometry": {
        "type": "Point",
        "coordinates": [
          -0.1341963,
          51.5076282
        ]
      },
      "properties": {
        "timestamp": "2023-01-27T13:44:54Z"
      }
    },
    {
      "type": "Feature",
      "geometry": {
        "type": "Point",
        "coordinates": [
          -0.1341671,
          51.5076435
        ]
      },
      "properties": {
        "timestamp": "2023-01-27T13:44:56Z"
      }
    },
    {
      "type": "Feature",
      "geometry": {
        "type": "Point",
        "coordinates": [
          -0.1341384,
          51.5076696
        ]
      },
      "properties": {
        "timestamp": "2023-01-27T13:44:58Z"
      }
    },
    {
      "type": "Feature",
      "geometry": {
        "type": "Point",
        "coordinates": [
          -0.1341287,
          51.5077022
        ]
      },
      "properties": {
        "timestamp": "2023-01-27T13:45:01Z"
      }
    },
    {
      "type": "Feature",
      "geometry": {
        "type": "Point",
        "coordinates": [
          -0.1340782,
          51.5077444
        ]
      },
      "properties": {
        "timestamp": "2023-01-27T13:45:05Z"
      }
    },
    {
      "type": "Feature",
      "geometry": {
        "type": "Point",
        "coordinates": [
          -0.1340558,
          51.5077457
        ]
      },
      "properties": {
        "timestamp": "2023-01-27T13:45:06Z"
      }
    },
    {
      "type": "Feature",
      "geometry": {
        "type": "Point",
        "coordinates": [
          -0.1340341,
          51.5077416
        ]
      },
      "properties": {
        "timestamp": "2023-01-27T13:45:07Z"
      }
    },
    {
      "type": "Feature",
      "geometry": {
        "type": "Point",
        "coordinates": [
          -0.1339721,
          51.5077465
        ]
      },
      "properties": {
        "timestamp": "2023-01-27T13:45:09Z"
      }
    },
    {
      "type": "Feature",
      "geometry": {
        "type": "Point",
        "coordinates": [
          -0.1339127,
          51.507752
        ]
      },
      "properties": {
        "timestamp": "2023-01-27T13:45:11Z"
      }
    },
    {
      "type": "Feature",
      "geometry": {
        "type": "Point",
        "coordinates": [
          -0.1338607,
          51.5077683
        ]
      },
      "properties": {
        "timestamp": "2023-01-27T13:45:13Z"
      }
    },
    {
      "type": "Feature",
      "geometry": {
        "type": "Point",
        "coordinates": [
          -0.1337929,
          51.5077967
        ]
      },
      "properties": {
        "timestamp": "2023-01-27T13:45:16Z"
      }
    },
    {
      "type": "Feature",
      "geometry": {
        "type": "Point",
        "coordinates": [
          -0.1337801,
          51.5078039
        ]
      },
      "properties": {
        "timestamp": "2023-01-27T13:45:17Z"
      }
    },
    {
      "type": "Feature",
      "geometry": {
        "type": "Point",
        "coordinates": [
          -0.1337319,
          51.5078345
        ]
      },
      "properties": {
        "timestamp": "2023-01-27T13:45:20Z"
      }
    },
    {
      "type": "Feature",
      "geometry": {
        "type": "Point",
        "coordinates": [
          -0.1336873,
          51.5078517
        ]
      },
      "properties": {
        "timestamp": "2023-01-27T13:45:22Z"
      }
    },
    {
      "type": "Feature",
      "geometry": {
        "type": "Point",
        "coordinates": [
          -0.1336679,
          51.5078631
        ]
      },
      "properties": {
        "timestamp": "2023-01-27T13:45:23Z"
      }
    },
    {
      "type": "Feature",
      "geometry": {
        "type": "Point",
        "coordinates": [
          -0.1336432,
          51.5078758
        ]
      },
      "properties": {
        "timestamp": "2023-01-27T13:45:25Z"
      }
    },
    {
      "type": "Feature",
      "geometry": {
        "type": "Point",
        "coordinates": [
          -0.1336321,
          51.5078784
        ]
      },
      "properties": {
        "timestamp": "2023-01-27T13:45:26Z"
      }
    },
    {
      "type": "Feature",
      "geometry": {
        "type": "Point",
        "coordinates": [
          -0.1335972,
          51.5078906
        ]
      },
      "properties": {
        "timestamp": "2023-01-27T13:45:28Z"
      }
    },
    {
      "type": "Feature",
      "geometry": {
        "type": "Point",
        "coordinates": [
          -0.133541,
          51.5079159
        ]
      },
      "properties": {
        "timestamp": "2023-01-27T13:45:30Z"
      }
    },
    {
      "type": "Feature",
      "geometry": {
        "type": "Point",
        "coordinates": [
          -0.1334629,
          51.5079304
        ]
      },
      "properties": {
        "timestamp": "2023-01-27T13:45:35Z"
      }
    },
    {
      "type": "Feature",
      "geometry": {
        "type": "Point",
        "coordinates": [
          -0.1333841,
          51.5079353
        ]
      },
      "properties": {
        "timestamp": "2023-01-27T13:45:41Z"
      }
    },
    {
      "type": "Feature",
      "geometry": {
        "type": "Point",
        "coordinates": [
          -0.1333923,
          51.5079367
        ]
      },
      "properties": {
        "timestamp": "2023-01-27T13:45:46Z"
      }
    },
    {
      "type": "Feature",
      "geometry": {
        "type": "Point",
        "coordinates": [
          -0.1334004,
          51.5079389
        ]
      },
      "properties": {
        "timestamp": "2023-01-27T13:45:49Z"
      }
    },
    {
      "type": "Feature",
      "geometry": {
        "type": "Point",
        "coordinates": [
          -0.1333813,
          51.5079305
        ]
      },
      "properties": {
        "timestamp": "2023-01-27T13:45:53Z"
      }
    },
    {
      "type": "Feature",
      "geometry": {
        "type": "Point",
        "coordinates": [
          -0.1333987,
          51.507909
        ]
      },
      "properties": {
        "timestamp": "2023-01-27T13:46:00Z"
      }
    },
    {
      "type": "Feature",
      "geometry": {
        "type": "Point",
        "coordinates": [
          -0.1334066,
          51.5079109
        ]
      },
      "properties": {
        "timestamp": "2023-01-27T13:46:08Z"
      }
    },
    {
      "type": "Feature",
      "geometry": {
        "type": "Point",
        "coordinates": [
          -0.1334066,
          51.5079109
        ]
      },
      "properties": {
        "timestamp": "2023-01-27T13:46:09Z"
      }
    },
    {
      "type": "Feature",
      "geometry": {
        "type": "Point",
        "coordinates": [
          -0.1333627,
          51.5079209
        ]
      },
      "properties": {
        "timestamp": "2023-01-27T13:46:37Z"
      }
    },
    {
      "type": "Feature",
      "geometry": {
        "type": "Point",
        "coordinates": [
          -0.1332986,
          51.5079305
        ]
      },
      "properties": {
        "timestamp": "2023-01-27T13:46:40Z"
      }
    },
    {
      "type": "Feature",
      "geometry": {
        "type": "Point",
        "coordinates": [
          -0.1332531,
          51.5079505
        ]
      },
      "properties": {
        "timestamp": "2023-01-27T13:46:42Z"
      }
    },
    {
      "type": "Feature",
      "geometry": {
        "type": "Point",
        "coordinates": [
          -0.1331404,
          51.5080078
        ]
      },
      "properties": {
        "timestamp": "2023-01-27T13:46:47Z"
      }
    },
    {
      "type": "Feature",
      "geometry": {
        "type": "Point",
        "coordinates": [
          -0.1330525,
          51.5080876
        ]
      },
      "properties": {
        "timestamp": "2023-01-27T13:46:55Z"
      }
    },
    {
      "type": "Feature",
      "geometry": {
        "type": "Point",
        "coordinates": [
          -0.1329802,
          51.5081107
        ]
      },
      "properties": {
        "timestamp": "2023-01-27T13:46:59Z"
      }
    },
    {
      "type": "Feature",
      "geometry": {
        "type": "Point",
        "coordinates": [
          -0.1329453,
          51.5081362
        ]
      },
      "properties": {
        "timestamp": "2023-01-27T13:47:01Z"
      }
    },
    {
      "type": "Feature",
      "geometry": {
        "type": "Point",
        "coordinates": [
          -0.132858,
          51.5081684
        ]
      },
      "properties": {
        "timestamp": "2023-01-27T13:47:05Z"
      }
    },
    {
      "type": "Feature",
      "geometry": {
        "type": "Point",
        "coordinates": [
          -0.1327953,
          51.5081917
        ]
      },
      "properties": {
        "timestamp": "2023-01-27T13:47:07Z"
      }
    },
    {
      "type": "Feature",
      "geometry": {
        "type": "Point",
        "coordinates": [
          -0.132738,
          51.5082233
        ]
      },
      "properties": {
        "timestamp": "2023-01-27T13:47:09Z"
      }
    },
    {
      "type": "Feature",
      "geometry": {
        "type": "Point",
        "coordinates": [
          -0.1326592,
          51.5082277
        ]
      },
      "properties": {
        "timestamp": "2023-01-27T13:47:12Z"
      }
    },
    {
      "type": "Feature",
      "geometry": {
        "type": "Point",
        "coordinates": [
          -0.1325535,
          51.5082438
        ]
      },
      "properties": {
        "timestamp": "2023-01-27T13:47:17Z"
      }
    },
    {
      "type": "Feature",
      "geometry": {
        "type": "Point",
        "coordinates": [
          -0.1325305,
          51.5082421
        ]
      },
      "properties": {
        "timestamp": "2023-01-27T13:47:18Z"
      }
    },
    {
      "type": "Feature",
      "geometry": {
        "type": "Point",
        "coordinates": [
          -0.1324456,
          51.5082768
        ]
      },
      "properties": {
        "timestamp": "2023-01-27T13:47:23Z"
      }
    },
    {
      "type": "Feature",
      "geometry": {
        "type": "Point",
        "coordinates": [
          -0.1324066,
          51.5082882
        ]
      },
      "properties": {
        "timestamp": "2023-01-27T13:47:25Z"
      }
    },
    {
      "type": "Feature",
      "geometry": {
        "type": "Point",
        "coordinates": [
          -0.1323865,
          51.5082935
        ]
      },
      "properties": {
        "timestamp": "2023-01-27T13:47:27Z"
      }
    },
    {
      "type": "Feature",
      "geometry": {
        "type": "Point",
        "coordinates": [
          -0.1323669,
          51.5082947
        ]
      },
      "properties": {
        "timestamp": "2023-01-27T13:47:28Z"
      }
    },
    {
      "type": "Feature",
      "geometry": {
        "type": "Point",
        "coordinates": [
          -0.1323088,
          51.5082995
        ]
      },
      "properties": {
        "timestamp": "2023-01-27T13:47:30Z"
      }
    },
    {
      "type": "Feature",
      "geometry": {
        "type": "Point",
        "coordinates": [
          -0.1321454,
          51.5083083
        ]
      },
      "properties": {
        "timestamp": "2023-01-27T13:47:35Z"
      }
    },
    {
      "type": "Feature",
      "geometry": {
        "type": "Point",
        "coordinates": [
          -0.1321002,
          51.5083335
        ]
      },
      "properties": {
        "timestamp": "2023-01-27T13:47:37Z"
      }
    },
    {
      "type": "Feature",
      "geometry": {
        "type": "Point",
        "coordinates": [
          -0.1320355,
          51.5083521
        ]
      },
      "properties": {
        "timestamp": "2023-01-27T13:47:40Z"
      }
    },
    {
      "type": "Feature",
      "geometry": {
        "type": "Point",
        "coordinates": [
          -0.131956,
          51.5084032
        ]
      },
      "properties": {
        "timestamp": "2023-01-27T13:47:46Z"
      }
    },
    {
      "type": "Feature",
      "geometry": {
        "type": "Point",
        "coordinates": [
          -0.1318987,
          51.5084207
        ]
      },
      "properties": {
        "timestamp": "2023-01-27T13:47:49Z"
      }
    },
    {
      "type": "Feature",
      "geometry": {
        "type": "Point",
        "coordinates": [
          -0.1318019,
          51.508443
        ]
      },
      "properties": {
        "timestamp": "2023-01-27T13:47:53Z"
      }
    },
    {
      "type": "Feature",
      "geometry": {
        "type": "Point",
        "coordinates": [
          -0.1317863,
          51.508457
        ]
      },
      "properties": {
        "timestamp": "2023-01-27T13:47:54Z"
      }
    },
    {
      "type": "Feature",
      "geometry": {
        "type": "Point",
        "coordinates": [
          -0.1317551,
          51.5084759
        ]
      },
      "properties": {
        "timestamp": "2023-01-27T13:48:00Z"
      }
    },
    {
      "type": "Feature",
      "geometry": {
        "type": "Point",
        "coordinates": [
          -0.1317219,
          51.5084812
        ]
      },
      "properties": {
        "timestamp": "2023-01-27T13:48:03Z"
      }
    },
    {
      "type": "Feature",
      "geometry": {
        "type": "Point",
        "coordinates": [
          -0.1317273,
          51.5084827
        ]
      },
      "properties": {
        "timestamp": "2023-01-27T13:48:06Z"
      }
    },
    {
      "type": "Feature",
      "geometry": {
        "type": "Point",
        "coordinates": [
          -0.1317293,
          51.5084854
        ]
      },
      "properties": {
        "timestamp": "2023-01-27T13:48:07Z"
      }
    },
    {
      "type": "Feature",
      "geometry": {
        "type": "Point",
        "coordinates": [
          -0.1317483,
          51.5084896
        ]
      },
      "properties": {
        "timestamp": "2023-01-27T13:48:14Z"
      }
    },
    {
      "type": "Feature",
      "geometry": {
        "type": "Point",
        "coordinates": [
          -0.1317252,
          51.5085017
        ]
      },
      "properties": {
        "timestamp": "2023-01-27T13:48:18Z"
      }
    },
    {
      "type": "Feature",
      "geometry": {
        "type": "Point",
        "coordinates": [
          -0.1317236,
          51.5084973
        ]
      },
      "properties": {
        "timestamp": "2023-01-27T13:48:23Z"
      }
    },
    {
      "type": "Feature",
      "geometry": {
        "type": "Point",
        "coordinates": [
          -0.131694,
          51.5085126
        ]
      },
      "properties": {
        "timestamp": "2023-01-27T13:48:38Z"
      }
    },
    {
      "type": "Feature",
      "geometry": {
        "type": "Point",
        "coordinates": [
          -0.1317008,
          51.5085199
        ]
      },
      "properties": {
        "timestamp": "2023-01-27T13:48:43Z"
      }
    },
    {
      "type": "Feature",
      "geometry": {
        "type": "Point",
        "coordinates": [
          -0.1317426,
          51.5085089
        ]
      },
      "properties": {
        "timestamp": "2023-01-27T13:48:45Z"
      }
    },
    {
      "type": "Feature",
      "geometry": {
        "type": "Point",
        "coordinates": [
          -0.1317767,
          51.5085176
        ]
      },
      "properties": {
        "timestamp": "2023-01-27T13:48:47Z"
      }
    },
    {
      "type": "Feature",
      "geometry": {
        "type": "Point",
        "coordinates": [
          -0.1317853,
          51.5085381
        ]
      },
      "properties": {
        "timestamp": "2023-01-27T13:48:49Z"
      }
    },
    {
      "type": "Feature",
      "geometry": {
        "type": "Point",
        "coordinates": [
          -0.1318157,
          51.5085681
        ]
      },
      "properties": {
        "timestamp": "2023-01-27T13:48:52Z"
      }
    },
    {
      "type": "Feature",
      "geometry": {
        "type": "Point",
        "coordinates": [
          -0.131837,
          51.5085857
        ]
      },
      "properties": {
        "timestamp": "2023-01-27T13:48:54Z"
      }
    },
    {
      "type": "Feature",
      "geometry": {
        "type": "Point",
        "coordinates": [
          -0.1318909,
          51.5086191
        ]
      },
      "properties": {
        "timestamp": "2023-01-27T13:48:57Z"
      }
    },
    {
      "type": "Feature",
      "geometry": {
        "type": "Point",
        "coordinates": [
          -0.1319046,
          51.5086366
        ]
      },
      "properties": {
        "timestamp": "2023-01-27T13:48:58Z"
      }
    },
    {
      "type": "Feature",
      "geometry": {
        "type": "Point",
        "coordinates": [
          -0.1319175,
          51.5086563
        ]
      },
      "properties": {
        "timestamp": "2023-01-27T13:48:59Z"
      }
    },
    {
      "type": "Feature",
      "geometry": {
        "type": "Point",
        "coordinates": [
          -0.131965,
          51.5086906
        ]
      },
      "properties": {
        "timestamp": "2023-01-27T13:49:02Z"
      }
    },
    {
      "type": "Feature",
      "geometry": {
        "type": "Point",
        "coordinates": [
          -0.1319737,
          51.5086984
        ]
      },
      "properties": {
        "timestamp": "2023-01-27T13:49:04Z"
      }
    },
    {
      "type": "Feature",
      "geometry": {
        "type": "Point",
        "coordinates": [
          -0.1319433,
          51.5088105
        ]
      },
      "properties": {
        "timestamp": "2023-01-27T13:49:11Z"
      }
    },
    {
      "type": "Feature",
      "geometry": {
        "type": "Point",
        "coordinates": [
          -0.1319273,
          51.5088064
        ]
      },
      "properties": {
        "timestamp": "2023-01-27T13:49:12Z"
      }
    },
    {
      "type": "Feature",
      "geometry": {
        "type": "Point",
        "coordinates": [
          -0.1319194,
          51.508803
        ]
      },
      "properties": {
        "timestamp": "2023-01-27T13:49:14Z"
      }
    },
    {
      "type": "Feature",
      "geometry": {
        "type": "Point",
        "coordinates": [
          -0.1319282,
          51.5088123
        ]
      },
      "properties": {
        "timestamp": "2023-01-27T13:49:16Z"
      }
    },
    {
      "type": "Feature",
      "geometry": {
        "type": "Point",
        "coordinates": [
          -0.1319276,
          51.5088847
        ]
      },
      "properties": {
        "timestamp": "2023-01-27T13:49:23Z"
      }
    },
    {
      "type": "Feature",
      "geometry": {
        "type": "Point",
        "coordinates": [
          -0.1318509,
          51.5089137
        ]
      },
      "properties": {
        "timestamp": "2023-01-27T13:49:27Z"
      }
    },
    {
      "type": "Feature",
      "geometry": {
        "type": "Point",
        "coordinates": [
          -0.1318154,
          51.5089097
        ]
      },
      "properties": {
        "timestamp": "2023-01-27T13:49:28Z"
      }
    },
    {
      "type": "Feature",
      "geometry": {
        "type": "Point",
        "coordinates": [
          -0.1317939,
          51.5089293
        ]
      },
      "properties": {
        "timestamp": "2023-01-27T13:49:30Z"
      }
    },
    {
      "type": "Feature",
      "geometry": {
        "type": "Point",
        "coordinates": [
          -0.1317845,
          51.5089351
        ]
      },
      "properties": {
        "timestamp": "2023-01-27T13:49:31Z"
      }
    },
    {
      "type": "Feature",
      "geometry": {
        "type": "Point",
        "coordinates": [
          -0.1317338,
          51.5089302
        ]
      },
      "properties": {
        "timestamp": "2023-01-27T13:49:34Z"
      }
    },
    {
      "type": "Feature",
      "geometry": {
        "type": "Point",
        "coordinates": [
          -0.1316879,
          51.5089274
        ]
      },
      "properties": {
        "timestamp": "2023-01-27T13:49:36Z"
      }
    },
    {
      "type": "Feature",
      "geometry": {
        "type": "Point",
        "coordinates": [
          -0.1316433,
          51.5089447
        ]
      },
      "properties": {
        "timestamp": "2023-01-27T13:49:38Z"
      }
    },
    {
      "type": "Feature",
      "geometry": {
        "type": "Point",
        "coordinates": [
          -0.1315866,
          51.5089607
        ]
      },
      "properties": {
        "timestamp": "2023-01-27T13:49:40Z"
      }
    },
    {
      "type": "Feature",
      "geometry": {
        "type": "Point",
        "coordinates": [
          -0.131537,
          51.508962
        ]
      },
      "properties": {
        "timestamp": "2023-01-27T13:49:42Z"
      }
    },
    {
      "type": "Feature",
      "geometry": {
        "type": "Point",
        "coordinates": [
          -0.1314986,
          51.5089766
        ]
      },
      "properties": {
        "timestamp": "2023-01-27T13:49:44Z"
      }
    },
    {
      "type": "Feature",
      "geometry": {
        "type": "Point",
        "coordinates": [
          -0.1314746,
          51.5089873
        ]
      },
      "properties": {
        "timestamp": "2023-01-27T13:49:45Z"
      }
    },
    {
      "type": "Feature",
      "geometry": {
        "type": "Point",
        "coordinates": [
          -0.131439,
          51.5089989
        ]
      },
      "properties": {
        "timestamp": "2023-01-27T13:49:47Z"
      }
    },
    {
      "type": "Feature",
      "geometry": {
        "type": "Point",
        "coordinates": [
          -0.1314268,
          51.5090109
        ]
      },
      "properties": {
        "timestamp": "2023-01-27T13:49:48Z"
      }
    },
    {
      "type": "Feature",
      "geometry": {
        "type": "Point",
        "coordinates": [
          -0.1313999,
          51.509047
        ]
      },
      "properties": {
        "timestamp": "2023-01-27T13:49:50Z"
      }
    },
    {
      "type": "Feature",
      "geometry": {
        "type": "Point",
        "coordinates": [
          -0.1313897,
          51.5090974
        ]
      },
      "properties": {
        "timestamp": "2023-01-27T13:49:52Z"
      }
    },
    {
      "type": "Feature",
      "geometry": {
        "type": "Point",
        "coordinates": [
          -0.1313849,
          51.5091397
        ]
      },
      "properties": {
        "timestamp": "2023-01-27T13:49:54Z"
      }
    },
    {
      "type": "Feature",
      "geometry": {
        "type": "Point",
        "coordinates": [
          -0.131377,
          51.50916
        ]
      },
      "properties": {
        "timestamp": "2023-01-27T13:49:55Z"
      }
    },
    {
      "type": "Feature",
      "geometry": {
        "type": "Point",
        "coordinates": [
          -0.1313526,
          51.5091922
        ]
      },
      "properties": {
        "timestamp": "2023-01-27T13:49:57Z"
      }
    },
    {
      "type": "Feature",
      "geometry": {
        "type": "Point",
        "coordinates": [
          -0.131319,
          51.5092264
        ]
      },
      "properties": {
        "timestamp": "2023-01-27T13:50:00Z"
      }
    },
    {
      "type": "Feature",
      "geometry": {
        "type": "Point",
        "coordinates": [
          -0.1313059,
          51.5092438
        ]
      },
      "properties": {
        "timestamp": "2023-01-27T13:50:02Z"
      }
    },
    {
      "type": "Feature",
      "geometry": {
        "type": "Point",
        "coordinates": [
          -0.1313031,
          51.5092442
        ]
      },
      "properties": {
        "timestamp": "2023-01-27T13:50:03Z"
      }
    },
    {
      "type": "Feature",
      "geometry": {
        "type": "Point",
        "coordinates": [
          -0.1313156,
          51.509243
        ]
      },
      "properties": {
        "timestamp": "2023-01-27T13:50:06Z"
      }
    },
    {
      "type": "Feature",
      "geometry": {
        "type": "Point",
        "coordinates": [
          -0.1313094,
          51.5092563
        ]
      },
      "properties": {
        "timestamp": "2023-01-27T13:50:07Z"
      }
    },
    {
      "type": "Feature",
      "geometry": {
        "type": "Point",
        "coordinates": [
          -0.1312705,
          51.5092706
        ]
      },
      "properties": {
        "timestamp": "2023-01-27T13:50:11Z"
      }
    },
    {
      "type": "Feature",
      "geometry": {
        "type": "Point",
        "coordinates": [
          -0.1312469,
          51.5092705
        ]
      },
      "properties": {
        "timestamp": "2023-01-27T13:50:12Z"
      }
    },
    {
      "type": "Feature",
      "geometry": {
        "type": "Point",
        "coordinates": [
          -0.1311442,
          51.5092738
        ]
      },
      "properties": {
        "timestamp": "2023-01-27T13:50:16Z"
      }
    },
    {
      "type": "Feature",
      "geometry": {
        "type": "Point",
        "coordinates": [
          -0.1310277,
          51.5092541
        ]
      },
      "properties": {
        "timestamp": "2023-01-27T13:50:21Z"
      }
    },
    {
      "type": "Feature",
      "geometry": {
        "type": "Point",
        "coordinates": [
          -0.1310027,
          51.5092646
        ]
      },
      "properties": {
        "timestamp": "2023-01-27T13:50:22Z"
      }
    },
    {
      "type": "Feature",
      "geometry": {
        "type": "Point",
        "coordinates": [
          -0.1308644,
          51.5093066
        ]
      },
      "properties": {
        "timestamp": "2023-01-27T13:50:29Z"
      }
    },
    {
      "type": "Feature",
      "geometry": {
        "type": "Point",
        "coordinates": [
          -0.1308401,
          51.5093153
        ]
      },
      "properties": {
        "timestamp": "2023-01-27T13:50:30Z"
      }
    },
    {
      "type": "Feature",
      "geometry": {
        "type": "Point",
        "coordinates": [
          -0.1306977,
          51.5093606
        ]
      },
      "properties": {
        "timestamp": "2023-01-27T13:50:36Z"
      }
    },
    {
      "type": "Feature",
      "geometry": {
        "type": "Point",
        "coordinates": [
          -0.1306731,
          51.5093732
        ]
      },
      "properties": {
        "timestamp": "2023-01-27T13:50:37Z"
      }
    },
    {
      "type": "Feature",
      "geometry": {
        "type": "Point",
        "coordinates": [
          -0.1305968,
          51.5094063
        ]
      },
      "properties": {
        "timestamp": "2023-01-27T13:50:40Z"
      }
    },
    {
      "type": "Feature",
      "geometry": {
        "type": "Point",
        "coordinates": [
          -0.1305437,
          51.5094191
        ]
      },
      "properties": {
        "timestamp": "2023-01-27T13:50:43Z"
      }
    },
    {
      "type": "Feature",
      "geometry": {
        "type": "Point",
        "coordinates": [
          -0.1304733,
          51.509438
        ]
      },
      "properties": {
        "timestamp": "2023-01-27T13:50:46Z"
      }
    },
    {
      "type": "Feature",
      "geometry": {
        "type": "Point",
        "coordinates": [
          -0.1304663,
          51.50944
        ]
      },
      "properties": {
        "timestamp": "2023-01-27T13:50:47Z"
      }
    },
    {
      "type": "Feature",
      "geometry": {
        "type": "Point",
        "coordinates": [
          -0.13046,
          51.5094397
        ]
      },
      "properties": {
        "timestamp": "2023-01-27T13:50:49Z"
      }
    },
    {
      "type": "Feature",
      "geometry": {
        "type": "Point",
        "coordinates": [
          -0.1304619,
          51.5094405
        ]
      },
      "properties": {
        "timestamp": "2023-01-27T13:50:50Z"
      }
    },
    {
      "type": "Feature",
      "geometry": {
        "type": "Point",
        "coordinates": [
          -0.1305093,
          51.5094707
        ]
      },
      "properties": {
        "timestamp": "2023-01-27T13:50:56Z"
      }
    },
    {
      "type": "Feature",
      "geometry": {
        "type": "Point",
        "coordinates": [
          -0.1304573,
          51.5094892
        ]
      },
      "properties": {
        "timestamp": "2023-01-27T13:51:01Z"
      }
    },
    {
      "type": "Feature",
      "geometry": {
        "type": "Point",
        "coordinates": [
          -0.1303546,
          51.5094926
        ]
      },
      "properties": {
        "timestamp": "2023-01-27T13:51:07Z"
      }
    },
    {
      "type": "Feature",
      "geometry": {
        "type": "Point",
        "coordinates": [
          -0.1302894,
          51.5095049
        ]
      },
      "properties": {
        "timestamp": "2023-01-27T13:51:10Z"
      }
    },
    {
      "type": "Feature",
      "geometry": {
        "type": "Point",
        "coordinates": [
          -0.1302318,
          51.5095215
        ]
      },
      "properties": {
        "timestamp": "2023-01-27T13:51:13Z"
      }
    },
    {
      "type": "Feature",
      "geometry": {
        "type": "Point",
        "coordinates": [
          -0.1301887,
          51.5095238
        ]
      },
      "properties": {
        "timestamp": "2023-01-27T13:51:15Z"
      }
    },
    {
      "type": "Feature",
      "geometry": {
        "type": "Point",
        "coordinates": [
          -0.1301562,
          51.5095368
        ]
      },
      "properties": {
        "timestamp": "2023-01-27T13:51:17Z"
      }
    },
    {
      "type": "Feature",
      "geometry": {
        "type": "Point",
        "coordinates": [
          -0.1301461,
          51.5095559
        ]
      },
      "properties": {
        "timestamp": "2023-01-27T13:51:18Z"
      }
    },
    {
      "type": "Feature",
      "geometry": {
        "type": "Point",
        "coordinates": [
          -0.1301338,
          51.5095702
        ]
      },
      "properties": {
        "timestamp": "2023-01-27T13:51:19Z"
      }
    },
    {
      "type": "Feature",
      "geometry": {
        "type": "Point",
        "coordinates": [
          -0.1301147,
          51.5095738
        ]
      },
      "properties": {
        "timestamp": "2023-01-27T13:51:20Z"
      }
    },
    {
      "type": "Feature",
      "geometry": {
        "type": "Point",
        "coordinates": [
          -0.1300798,
          51.5095647
        ]
      },
      "properties": {
        "timestamp": "2023-01-27T13:51:22Z"
      }
    },
    {
      "type": "Feature",
      "geometry": {
        "type": "Point",
        "coordinates": [
          -0.1300734,
          51.509556
        ]
      },
      "properties": {
        "timestamp": "2023-01-27T13:51:23Z"
      }
    },
    {
      "type": "Feature",
      "geometry": {
        "type": "Point",
        "coordinates": [
          -0.1300505,
          51.5095311
        ]
      },
      "properties": {
        "timestamp": "2023-01-27T13:51:25Z"
      }
    },
    {
      "type": "Feature",
      "geometry": {
        "type": "Point",
        "coordinates": [
          -0.1300398,
          51.5095327
        ]
      },
      "properties": {
        "timestamp": "2023-01-27T13:51:27Z"
      }
    },
    {
      "type": "Feature",
      "geometry": {
        "type": "Point",
        "coordinates": [
          -0.1299788,
          51.509537
        ]
      },
      "properties": {
        "timestamp": "2023-01-27T13:51:30Z"
      }
    },
    {
      "type": "Feature",
      "geometry": {
        "type": "Point",
        "coordinates": [
          -0.1299255,
          51.5095218
        ]
      },
      "properties": {
        "timestamp": "2023-01-27T13:51:34Z"
      }
    },
    {
      "type": "Feature",
      "geometry": {
        "type": "Point",
        "coordinates": [
          -0.1298758,
          51.509523
        ]
      },
      "properties": {
        "timestamp": "2023-01-27T13:51:37Z"
      }
    },
    {
      "type": "Feature",
      "geometry": {
        "type": "Point",
        "coordinates": [
          -0.1297866,
          51.5095461
        ]
      },
      "properties": {
        "timestamp": "2023-01-27T13:51:41Z"
      }
    },
    {
      "type": "Feature",
      "geometry": {
        "type": "Point",
        "coordinates": [
          -0.1297705,
          51.5095766
        ]
      },
      "properties": {
        "timestamp": "2023-01-27T13:51:43Z"
      }
    },
    {
      "type": "Feature",
      "geometry": {
        "type": "Point",
        "coordinates": [
          -0.1297507,
          51.5096074
        ]
      },
      "properties": {
        "timestamp": "2023-01-27T13:51:45Z"
      }
    },
    {
      "type": "Feature",
      "geometry": {
        "type": "Point",
        "coordinates": [
          -0.1297385,
          51.5096287
        ]
      },
      "properties": {
        "timestamp": "2023-01-27T13:51:47Z"
      }
    },
    {
      "type": "Feature",
      "geometry": {
        "type": "Point",
        "coordinates": [
          -0.1297581,
          51.509645
        ]
      },
      "properties": {
        "timestamp": "2023-01-27T13:51:49Z"
      }
    },
    {
      "type": "Feature",
      "geometry": {
        "type": "Point",
        "coordinates": [
          -0.1298052,
          51.5096504
        ]
      },
      "properties": {
        "timestamp": "2023-01-27T13:51:51Z"
      }
    },
    {
      "type": "Feature",
      "geometry": {
        "type": "Point",
        "coordinates": [
          -0.1298446,
          51.5096477
        ]
      },
      "properties": {
        "timestamp": "2023-01-27T13:51:53Z"
      }
    },
    {
      "type": "Feature",
      "geometry": {
        "type": "Point",
        "coordinates": [
          -0.1298993,
          51.5096253
        ]
      },
      "properties": {
        "timestamp": "2023-01-27T13:51:58Z"
      }
    },
    {
      "type": "Feature",
      "geometry": {
        "type": "Point",
        "coordinates": [
          -0.1299284,
          51.5095966
        ]
      },
      "properties": {
        "timestamp": "2023-01-27T13:52:00Z"
      }
    },
    {
      "type": "Feature",
      "geometry": {
        "type": "Point",
        "coordinates": [
          -0.1299645,
          51.5094977
        ]
      },
      "properties": {
        "timestamp": "2023-01-27T13:52:04Z"
      }
    },
    {
      "type": "Feature",
      "geometry": {
        "type": "Point",
        "coordinates": [
          -0.1299781,
          51.5093367
        ]
      },
      "properties": {
        "timestamp": "2023-01-27T13:52:11Z"
      }
    },
    {
      "type": "Feature",
      "geometry": {
        "type": "Point",
        "coordinates": [
          -0.1299861,
          51.5093162
        ]
      },
      "properties": {
        "timestamp": "2023-01-27T13:52:12Z"
      }
    },
    {
      "type": "Feature",
      "geometry": {
        "type": "Point",
        "coordinates": [
          -0.1299992,
          51.5091779
        ]
      },
      "properties": {
        "timestamp": "2023-01-27T13:52:18Z"
      }
    },
    {
      "type": "Feature",
      "geometry": {
        "type": "Point",
        "coordinates": [
          -0.1299377,
          51.5091392
        ]
      },
      "properties": {
        "timestamp": "2023-01-27T13:52:24Z"
      }
    },
    {
      "type": "Feature",
      "geometry": {
        "type": "Point",
        "coordinates": [
          -0.1299268,
          51.5091563
        ]
      },
      "properties": {
        "timestamp": "2023-01-27T13:52:25Z"
      }
    },
    {
      "type": "Feature",
      "geometry": {
        "type": "Point",
        "coordinates": [
          -0.1299158,
          51.5091679
        ]
      },
      "properties": {
        "timestamp": "2023-01-27T13:52:29Z"
      }
    },
    {
      "type": "Feature",
      "geometry": {
        "type": "Point",
        "coordinates": [
          -0.1299078,
          51.5091647
        ]
      },
      "properties": {
        "timestamp": "2023-01-27T13:52:32Z"
      }
    },
    {
      "type": "Feature",
      "geometry": {
        "type": "Point",
        "coordinates": [
          -0.1299009,
          51.5091478
        ]
      },
      "properties": {
        "timestamp": "2023-01-27T13:52:33Z"
      }
    },
    {
      "type": "Feature",
      "geometry": {
        "type": "Point",
        "coordinates": [
          -0.1298938,
          51.5091281
        ]
      },
      "properties": {
        "timestamp": "2023-01-27T13:52:34Z"
      }
    },
    {
      "type": "Feature",
      "geometry": {
        "type": "Point",
        "coordinates": [
          -0.1298785,
          51.5091146
        ]
      },
      "properties": {
        "timestamp": "2023-01-27T13:52:35Z"
      }
    },
    {
      "type": "Feature",
      "geometry": {
        "type": "Point",
        "coordinates": [
          -0.1298473,
          51.5090641
        ]
      },
      "properties": {
        "timestamp": "2023-01-27T13:52:40Z"
      }
    },
    {
      "type": "Feature",
      "geometry": {
        "type": "Point",
        "coordinates": [
          -0.1298483,
          51.509063
        ]
      },
      "properties": {
        "timestamp": "2023-01-27T13:52:41Z"
      }
    },
    {
      "type": "Feature",
      "geometry": {
        "type": "Point",
        "coordinates": [
          -0.1298479,
          51.5090762
        ]
      },
      "properties": {
        "timestamp": "2023-01-27T13:52:46Z"
      }
    },
    {
      "type": "Feature",
      "geometry": {
        "type": "Point",
        "coordinates": [
          -0.1298682,
          51.5090842
        ]
      },
      "properties": {
        "timestamp": "2023-01-27T13:52:51Z"
      }
    },
    {
      "type": "Feature",
      "geometry": {
        "type": "Point",
        "coordinates": [
          -0.1299243,
          51.5090719
        ]
      },
      "properties": {
        "timestamp": "2023-01-27T13:52:57Z"
      }
    },
    {
      "type": "Feature",
      "geometry": {
        "type": "Point",
        "coordinates": [
          -0.1300018,
          51.5090787
        ]
      },
      "properties": {
        "timestamp": "2023-01-27T13:53:01Z"
      }
    },
    {
      "type": "Feature",
      "geometry": {
        "type": "Point",
        "coordinates": [
          -0.1300364,
          51.5090633
        ]
      },
      "properties": {
        "timestamp": "2023-01-27T13:53:04Z"
      }
    },
    {
      "type": "Feature",
      "geometry": {
        "type": "Point",
        "coordinates": [
          -0.1300959,
          51.509049
        ]
      },
      "properties": {
        "timestamp": "2023-01-27T13:53:08Z"
      }
    },
    {
      "type": "Feature",
      "geometry": {
        "type": "Point",
        "coordinates": [
          -0.1301176,
          51.5090382
        ]
      },
      "properties": {
        "timestamp": "2023-01-27T13:53:10Z"
      }
    },
    {
      "type": "Feature",
      "geometry": {
        "type": "Point",
        "coordinates": [
          -0.1301384,
          51.5090326
        ]
      },
      "properties": {
        "timestamp": "2023-01-27T13:53:11Z"
      }
    },
    {
      "type": "Feature",
      "geometry": {
        "type": "Point",
        "coordinates": [
          -0.1302592,
          51.5089932
        ]
      },
      "properties": {
        "timestamp": "2023-01-27T13:53:18Z"
      }
    },
    {
      "type": "Feature",
      "geometry": {
        "type": "Point",
        "coordinates": [
          -0.1303004,
          51.5089423
        ]
      },
      "properties": {
        "timestamp": "2023-01-27T13:53:23Z"
      }
    },
    {
      "type": "Feature",
      "geometry": {
        "type": "Point",
        "coordinates": [
          -0.1303072,
          51.5089276
        ]
      },
      "properties": {
        "timestamp": "2023-01-27T13:53:25Z"
      }
    },
    {
      "type": "Feature",
      "geometry": {
        "type": "Point",
        "coordinates": [
          -0.1303048,
          51.5089247
        ]
      },
      "properties": {
        "timestamp": "2023-01-27T13:53:26Z"
      }
    },
    {
      "type": "Feature",
      "geometry": {
        "type": "Point",
        "coordinates": [
          -0.1302886,
          51.5089175
        ]
      },
      "properties": {
        "timestamp": "2023-01-27T13:53:27Z"
      }
    },
    {
      "type": "Feature",
      "geometry": {
        "type": "Point",
        "coordinates": [
          -0.130276,
          51.5089131
        ]
      },
      "properties": {
        "timestamp": "2023-01-27T13:53:29Z"
      }
    },
    {
      "type": "Feature",
      "geometry": {
        "type": "Point",
        "coordinates": [
          -0.1302543,
          51.5088783
        ]
      },
      "properties": {
        "timestamp": "2023-01-27T13:53:31Z"
      }
    },
    {
      "type": "Feature",
      "geometry": {
        "type": "Point",
        "coordinates": [
          -0.1302463,
          51.5088439
        ]
      },
      "properties": {
        "timestamp": "2023-01-27T13:53:35Z"
      }
    },
    {
      "type": "Feature",
      "geometry": {
        "type": "Point",
        "coordinates": [
          -0.1302475,
          51.5088393
        ]
      },
      "properties": {
        "timestamp": "2023-01-27T13:53:36Z"
      }
    },
    {
      "type": "Feature",
      "geometry": {
        "type": "Point",
        "coordinates": [
          -0.1302238,
          51.5087869
        ]
      },
      "properties": {
        "timestamp": "2023-01-27T13:53:39Z"
      }
    },
    {
      "type": "Feature",
      "geometry": {
        "type": "Point",
        "coordinates": [
          -0.1302049,
          51.5087571
        ]
      },
      "properties": {
        "timestamp": "2023-01-27T13:53:41Z"
      }
    },
    {
      "type": "Feature",
      "geometry": {
        "type": "Point",
        "coordinates": [
          -0.1301505,
          51.508675
        ]
      },
      "properties": {
        "timestamp": "2023-01-27T13:53:45Z"
      }
    },
    {
      "type": "Feature",
      "geometry": {
        "type": "Point",
        "coordinates": [
          -0.1301097,
          51.508645
        ]
      },
      "properties": {
        "timestamp": "2023-01-27T13:53:47Z"
      }
    },
    {
      "type": "Feature",
      "geometry": {
        "type": "Point",
        "coordinates": [
          -0.1300695,
          51.5085909
        ]
      },
      "properties": {
        "timestamp": "2023-01-27T13:53:52Z"
      }
    },
    {
      "type": "Feature",
      "geometry": {
        "type": "Point",
        "coordinates": [
          -0.1300326,
          51.5085316
        ]
      },
      "properties": {
        "timestamp": "2023-01-27T13:53:58Z"
      }
    },
    {
      "type": "Feature",
      "geometry": {
        "type": "Point",
        "coordinates": [
          -0.1300275,
          51.5085288
        ]
      },
      "properties": {
        "timestamp": "2023-01-27T13:53:59Z"
      }
    },
    {
      "type": "Feature",
      "geometry": {
        "type": "Point",
        "coordinates": [
          -0.1300302,
          51.5085276
        ]
      },
      "properties": {
        "timestamp": "2023-01-27T13:54:01Z"
      }
    },
    {
      "type": "Feature",
      "geometry": {
        "type": "Point",
        "coordinates": [
          -0.1300555,
          51.5085225
        ]
      },
      "properties": {
        "timestamp": "2023-01-27T13:54:04Z"
      }
    },
    {
      "type": "Feature",
      "geometry": {
        "type": "Point",
        "coordinates": [
          -0.1300674,
          51.5085299
        ]
      },
      "properties": {
        "timestamp": "2023-01-27T13:54:05Z"
      }
    },
    {
      "type": "Feature",
      "geometry": {
        "type": "Point",
        "coordinates": [
          -0.1301018,
          51.5085163
        ]
      },
      "properties": {
        "timestamp": "2023-01-27T13:54:08Z"
      }
    },
    {
      "type": "Feature",
      "geometry": {
        "type": "Point",
        "coordinates": [
          -0.1300979,
          51.5084842
        ]
      },
      "properties": {
        "timestamp": "2023-01-27T13:54:10Z"
      }
    },
    {
      "type": "Feature",
      "geometry": {
        "type": "Point",
        "coordinates": [
          -0.1300519,
          51.5084199
        ]
      },
      "properties": {
        "timestamp": "2023-01-27T13:54:15Z"
      }
    },
    {
      "type": "Feature",
      "geometry": {
        "type": "Point",
        "coordinates": [
          -0.1300679,
          51.5083881
        ]
      },
      "properties": {
        "timestamp": "2023-01-27T13:54:19Z"
      }
    },
    {
      "type": "Feature",
      "geometry": {
        "type": "Point",
        "coordinates": [
          -0.1300417,
          51.5083737
        ]
      },
      "properties": {
        "timestamp": "2023-01-27T13:54:22Z"
      }
    },
    {
      "type": "Feature",
      "geometry": {
        "type": "Point",
        "coordinates": [
          -0.1300166,
          51.508372
        ]
      },
      "properties": {
        "timestamp": "2023-01-27T13:54:23Z"
      }
    },
    {
      "type": "Feature",
      "geometry": {
        "type": "Point",
        "coordinates": [
          -0.129927,
          51.5083734
        ]
      },
      "properties": {
        "timestamp": "2023-01-27T13:54:26Z"
      }
    },
    {
      "type": "Feature",
      "geometry": {
        "type": "Point",
        "coordinates": [
          -0.1298078,
          51.5083852
        ]
      },
      "properties": {
        "timestamp": "2023-01-27T13:54:30Z"
      }
    },
    {
      "type": "Feature",
      "geometry": {
        "type": "Point",
        "coordinates": [
          -0.1297462,
          51.5083971
        ]
      },
      "properties": {
        "timestamp": "2023-01-27T13:54:32Z"
      }
    },
    {
      "type": "Feature",
      "geometry": {
        "type": "Point",
        "coordinates": [
          -0.1294572,
          51.5084465
        ]
      },
      "properties": {
        "timestamp": "2023-01-27T13:54:40Z"
      }
    },
    {
      "type": "Feature",
      "geometry": {
        "type": "Point",
        "coordinates": [
          -0.1292762,
          51.5084235
        ]
      },
      "properties": {
        "timestamp": "2023-01-27T13:54:49Z"
      }
    },
    {
      "type": "Feature",
      "geometry": {
        "type": "Point",
        "coordinates": [
          -0.1292129,
          51.508457
        ]
      },
      "properties": {
        "timestamp": "2023-01-27T13:54:55Z"
      }
    },
    {
      "type": "Feature",
      "geometry": {
        "type": "Point",
        "coordinates": [
          -0.1292144,
          51.5084567
        ]
      },
      "properties": {
        "timestamp": "2023-01-27T13:54:56Z"
      }
    },
    {
      "type": "Feature",
      "geometry": {
        "type": "Point",
        "coordinates": [
          -0.129232,
          51.5084572
        ]
      },
      "properties": {
        "timestamp": "2023-01-27T13:55:00Z"
      }
    },
    {
      "type": "Feature",
      "geometry": {
        "type": "Point",
        "coordinates": [
          -0.12924,
          51.5084568
        ]
      },
      "properties": {
        "timestamp": "2023-01-27T13:55:02Z"
      }
    },
    {
      "type": "Feature",
      "geometry": {
        "type": "Point",
        "coordinates": [
          -0.1292427,
          51.5084562
        ]
      },
      "properties": {
        "timestamp": "2023-01-27T13:55:03Z"
      }
    },
    {
      "type": "Feature",
      "geometry": {
        "type": "Point",
        "coordinates": [
          -0.1292431,
          51.5084611
        ]
      },
      "properties": {
        "timestamp": "2023-01-27T13:55:08Z"
      }
    },
    {
      "type": "Feature",
      "geometry": {
        "type": "Point",
        "coordinates": [
          -0.1292427,
          51.5084595
        ]
      },
      "properties": {
        "timestamp": "2023-01-27T13:55:22Z"
      }
    },
    {
      "type": "Feature",
      "geometry": {
        "type": "Point",
        "coordinates": [
          -0.1292088,
          51.5084417
        ]
      },
      "properties": {
        "timestamp": "2023-01-27T13:55:32Z"
      }
    },
    {
      "type": "Feature",
      "geometry": {
        "type": "Point",
        "coordinates": [
          -0.1291936,
          51.5084295
        ]
      },
      "properties": {
        "timestamp": "2023-01-27T13:55:40Z"
      }
    },
    {
      "type": "Feature",
      "geometry": {
        "type": "Point",
        "coordinates": [
          -0.1292025,
          51.5084234
        ]
      },
      "properties": {
        "timestamp": "2023-01-27T13:55:46Z"
      }
    },
    {
      "type": "Feature",
      "geometry": {
        "type": "Point",
        "coordinates": [
          -0.1292104,
          51.5084285
        ]
      },
      "properties": {
        "timestamp": "2023-01-27T13:55:52Z"
      }
    },
    {
      "type": "Feature",
      "geometry": {
        "type": "Point",
        "coordinates": [
          -0.1292474,
          51.5084038
        ]
      },
      "properties": {
        "timestamp": "2023-01-27T13:55:59Z"
      }
    },
    {
      "type": "Feature",
      "geometry": {
        "type": "Point",
        "coordinates": [
          -0.1292632,
          51.5083946
        ]
      },
      "properties": {
        "timestamp": "2023-01-27T13:56:03Z"
      }
    },
    {
      "type": "Feature",
      "geometry": {
        "type": "Point",
        "coordinates": [
          -0.1292702,
          51.5083947
        ]
      },
      "properties": {
        "timestamp": "2023-01-27T13:56:04Z"
      }
    },
    {
      "type": "Feature",
      "geometry": {
        "type": "Point",
        "coordinates": [
          -0.1292721,
          51.5083951
        ]
      },
      "properties": {
        "timestamp": "2023-01-27T13:56:05Z"
      }
    },
    {
      "type": "Feature",
      "geometry": {
        "type": "Point",
        "coordinates": [
          -0.1292629,
          51.5083859
        ]
      },
      "properties": {
        "timestamp": "2023-01-27T13:56:11Z"
      }
    },
    {
      "type": "Feature",
      "geometry": {
        "type": "Point",
        "coordinates": [
          -0.12925,
          51.5083797
        ]
      },
      "properties": {
        "timestamp": "2023-01-27T13:56:19Z"
      }
    },
    {
      "type": "Feature",
      "geometry": {
        "type": "Point",
        "coordinates": [
          -0.1292053,
          51.5083708
        ]
      },
      "properties": {
        "timestamp": "2023-01-27T13:56:26Z"
      }
    },
    {
      "type": "Feature",
      "geometry": {
        "type": "Point",
        "coordinates": [
          -0.1291948,
          51.5083819
        ]
      },
      "properties": {
        "timestamp": "2023-01-27T13:56:31Z"
      }
    },
    {
      "type": "Feature",
      "geometry": {
        "type": "Point",
        "coordinates": [
          -0.1291705,
          51.5083983
        ]
      },
      "properties": {
        "timestamp": "2023-01-27T13:56:37Z"
      }
    },
    {
      "type": "Feature",
      "geometry": {
        "type": "Point",
        "coordinates": [
          -0.1291511,
          51.5083943
        ]
      },
      "properties": {
        "timestamp": "2023-01-27T13:56:42Z"
      }
    },
    {
      "type": "Feature",
      "geometry": {
        "type": "Point",
        "coordinates": [
          -0.1291627,
          51.5083734
        ]
      },
      "properties": {
        "timestamp": "2023-01-27T13:56:47Z"
      }
    },
    {
      "type": "Feature",
      "geometry": {
        "type": "Point",
        "coordinates": [
          -0.1291468,
          51.5083644
        ]
      },
      "properties": {
        "timestamp": "2023-01-27T13:56:49Z"
      }
    },
    {
      "type": "Feature",
      "geometry": {
        "type": "Point",
        "coordinates": [
          -0.1291448,
          51.5083423
        ]
      },
      "properties": {
        "timestamp": "2023-01-27T13:56:52Z"
      }
    },
    {
      "type": "Feature",
      "geometry": {
        "type": "Point",
        "coordinates": [
          -0.1286636,
          51.5088704
        ]
      },
      "properties": {
        "timestamp": "2023-01-27T14:34:09Z"
      }
    },
    {
      "type": "Feature",
      "geometry": {
        "type": "Point",
        "coordinates": [
          -0.1293094,
          51.508045
        ]
      },
      "properties": {
        "timestamp": "2023-01-27T14:50:30Z"
      }
    },
    {
      "type": "Feature",
      "geometry": {
        "type": "Point",
        "coordinates": [
          -0.1292702,
          51.5080307
        ]
      },
      "properties": {
        "timestamp": "2023-01-27T14:50:32Z"
      }
    },
    {
      "type": "Feature",
      "geometry": {
        "type": "Point",
        "coordinates": [
          -0.1293349,
          51.5080707
        ]
      },
      "properties": {
        "timestamp": "2023-01-27T14:50:37Z"
      }
    },
    {
      "type": "Feature",
      "geometry": {
        "type": "Point",
        "coordinates": [
          -0.129433,
          51.5081607
        ]
      },
      "properties": {
        "timestamp": "2023-01-27T14:50:41Z"
      }
    },
    {
      "type": "Feature",
      "geometry": {
        "type": "Point",
        "coordinates": [
          -0.1294414,
          51.5081752
        ]
      },
      "properties": {
        "timestamp": "2023-01-27T14:50:42Z"
      }
    },
    {
      "type": "Feature",
      "geometry": {
        "type": "Point",
        "coordinates": [
          -0.1294655,
          51.5082377
        ]
      },
      "properties": {
        "timestamp": "2023-01-27T14:50:56Z"
      }
    },
    {
      "type": "Feature",
      "geometry": {
        "type": "Point",
        "coordinates": [
          -0.1294608,
          51.5082384
        ]
      },
      "properties": {
        "timestamp": "2023-01-27T14:51:00Z"
      }
    },
    {
      "type": "Feature",
      "geometry": {
        "type": "Point",
        "coordinates": [
          -0.1294531,
          51.5082769
        ]
      },
      "properties": {
        "timestamp": "2023-01-27T14:51:11Z"
      }
    },
    {
      "type": "Feature",
      "geometry": {
        "type": "Point",
        "coordinates": [
          -0.1294425,
          51.5083403
        ]
      },
      "properties": {
        "timestamp": "2023-01-27T14:51:14Z"
      }
    },
    {
      "type": "Feature",
      "geometry": {
        "type": "Point",
        "coordinates": [
          -0.1294535,
          51.5084038
        ]
      },
      "properties": {
        "timestamp": "2023-01-27T14:51:17Z"
      }
    },
    {
      "type": "Feature",
      "geometry": {
        "type": "Point",
        "coordinates": [
          -0.1294686,
          51.5084134
        ]
      },
      "properties": {
        "timestamp": "2023-01-27T14:51:18Z"
      }
    },
    {
      "type": "Feature",
      "geometry": {
        "type": "Point",
        "coordinates": [
          -0.1295097,
          51.5084322
        ]
      },
      "properties": {
        "timestamp": "2023-01-27T14:51:21Z"
      }
    },
    {
      "type": "Feature",
      "geometry": {
        "type": "Point",
        "coordinates": [
          -0.1295006,
          51.5084345
        ]
      },
      "properties": {
        "timestamp": "2023-01-27T14:51:23Z"
      }
    },
    {
      "type": "Feature",
      "geometry": {
        "type": "Point",
        "coordinates": [
          -0.12948,
          51.508421
        ]
      },
      "properties": {
        "timestamp": "2023-01-27T14:51:25Z"
      }
    },
    {
      "type": "Feature",
      "geometry": {
        "type": "Point",
        "coordinates": [
          -0.1277972,
          51.5085175
        ]
      },
      "properties": {
        "timestamp": "2023-01-27T14:59:45Z"
      }
    },
    {
      "type": "Feature",
      "geometry": {
        "type": "Point",
        "coordinates": [
          -0.1277861,
          51.5085973
        ]
      },
      "properties": {
        "timestamp": "2023-01-27T14:59:46Z"
      }
    },
    {
      "type": "Feature",
      "geometry": {
        "type": "Point",
        "coordinates": [
          -0.1278206,
          51.5085955
        ]
      },
      "properties": {
        "timestamp": "2023-01-27T14:59:47Z"
      }
    },
    {
      "type": "Feature",
      "geometry": {
        "type": "Point",
        "coordinates": [
          -0.1278547,
          51.5085849
        ]
      },
      "properties": {
        "timestamp": "2023-01-27T14:59:51Z"
      }
    },
    {
      "type": "Feature",
      "geometry": {
        "type": "Point",
        "coordinates": [
          -0.1278193,
          51.5085948
        ]
      },
      "properties": {
        "timestamp": "2023-01-27T14:59:53Z"
      }
    },
    {
      "type": "Feature",
      "geometry": {
        "type": "Point",
        "coordinates": [
          -0.1278197,
          51.5085883
        ]
      },
      "properties": {
        "timestamp": "2023-01-27T15:00:01Z"
      }
    },
    {
      "type": "Feature",
      "geometry": {
        "type": "Point",
        "coordinates": [
          -0.1278788,
          51.5085926
        ]
      },
      "properties": {
        "timestamp": "2023-01-27T15:00:07Z"
      }
    },
    {
      "type": "Feature",
      "geometry": {
        "type": "Point",
        "coordinates": [
          -0.1278779,
          51.5085974
        ]
      },
      "properties": {
        "timestamp": "2023-01-27T15:00:09Z"
      }
    },
    {
      "type": "Feature",
      "geometry": {
        "type": "Point",
        "coordinates": [
          -0.1278581,
          51.5085932
        ]
      },
      "properties": {
        "timestamp": "2023-01-27T15:00:14Z"
      }
    },
    {
      "type": "Feature",
      "geometry": {
        "type": "Point",
        "coordinates": [
          -0.1278522,
          51.5085917
        ]
      },
      "properties": {
        "timestamp": "2023-01-27T15:00:19Z"
      }
    },
    {
      "type": "Feature",
      "geometry": {
        "type": "Point",
        "coordinates": [
          -0.1278522,
          51.5085963
        ]
      },
      "properties": {
        "timestamp": "2023-01-27T15:00:30Z"
      }
    },
    {
      "type": "Feature",
      "geometry": {
        "type": "Point",
        "coordinates": [
          -0.1278457,
          51.5086007
        ]
      },
      "properties": {
        "timestamp": "2023-01-27T15:00:42Z"
      }
    },
    {
      "type": "Feature",
      "geometry": {
        "type": "Point",
        "coordinates": [
          -0.12787,
          51.5086087
        ]
      },
      "properties": {
        "timestamp": "2023-01-27T15:00:50Z"
      }
    },
    {
      "type": "Feature",
      "geometry": {
        "type": "Point",
        "coordinates": [
          -0.1279322,
          51.5086021
        ]
      },
      "properties": {
        "timestamp": "2023-01-27T15:00:53Z"
      }
    },
    {
      "type": "Feature",
      "geometry": {
        "type": "Point",
        "coordinates": [
          -0.1280689,
          51.5085189
        ]
      },
      "properties": {
        "timestamp": "2023-01-27T15:01:04Z"
      }
    },
    {
      "type": "Feature",
      "geometry": {
        "type": "Point",
        "coordinates": [
          -0.1281211,
          51.5084024
        ]
      },
      "properties": {
        "timestamp": "2023-01-27T15:01:18Z"
      }
    },
    {
      "type": "Feature",
      "geometry": {
        "type": "Point",
        "coordinates": [
          -0.1281034,
          51.5084129
        ]
      },
      "properties": {
        "timestamp": "2023-01-27T15:01:28Z"
      }
    },
    {
      "type": "Feature",
      "geometry": {
        "type": "Point",
        "coordinates": [
          -0.1281103,
          51.5084236
        ]
      },
      "properties": {
        "timestamp": "2023-01-27T15:01:32Z"
      }
    },
    {
      "type": "Feature",
      "geometry": {
        "type": "Point",
        "coordinates": [
          -0.1281103,
          51.5084236
        ]
      },
      "properties": {
        "timestamp": "2023-01-27T15:01:39Z"
      }
    },
    {
      "type": "Feature",
      "geometry": {
        "type": "Point",
        "coordinates": [
          -0.1281222,
          51.5084225
        ]
      },
      "properties": {
        "timestamp": "2023-01-27T15:01:53Z"
      }
    },
    {
      "type": "Feature",
      "geometry": {
        "type": "Point",
        "coordinates": [
          -0.1281372,
          51.5084229
        ]
      },
      "properties": {
        "timestamp": "2023-01-27T15:02:01Z"
      }
    },
    {
      "type": "Feature",
      "geometry": {
        "type": "Point",
        "coordinates": [
          -0.1281083,
          51.508458
        ]
      },
      "properties": {
        "timestamp": "2023-01-27T15:02:07Z"
      }
    },
    {
      "type": "Feature",
      "geometry": {
        "type": "Point",
        "coordinates": [
          -0.1280966,
          51.5084714
        ]
      },
      "properties": {
        "timestamp": "2023-01-27T15:02:08Z"
      }
    },
    {
      "type": "Feature",
      "geometry": {
        "type": "Point",
        "coordinates": [
          -0.1280891,
          51.5084864
        ]
      },
      "properties": {
        "timestamp": "2023-01-27T15:02:09Z"
      }
    },
    {
      "type": "Feature",
      "geometry": {
        "type": "Point",
        "coordinates": [
          -0.1280811,
          51.5085018
        ]
      },
      "properties": {
        "timestamp": "2023-01-27T15:02:10Z"
      }
    },
    {
      "type": "Feature",
      "geometry": {
        "type": "Point",
        "coordinates": [
          -0.1280364,
          51.5085453
        ]
      },
      "properties": {
        "timestamp": "2023-01-27T15:02:14Z"
      }
    },
    {
      "type": "Feature",
      "geometry": {
        "type": "Point",
        "coordinates": [
          -0.127998,
          51.5085602
        ]
      },
      "properties": {
        "timestamp": "2023-01-27T15:02:17Z"
      }
    },
    {
      "type": "Feature",
      "geometry": {
        "type": "Point",
        "coordinates": [
          -0.1278762,
          51.5086176
        ]
      },
      "properties": {
        "timestamp": "2023-01-27T15:02:27Z"
      }
    },
    {
      "type": "Feature",
      "geometry": {
        "type": "Point",
        "coordinates": [
          -0.1278379,
          51.5086196
        ]
      },
      "properties": {
        "timestamp": "2023-01-27T15:02:32Z"
      }
    },
    {
      "type": "Feature",
      "geometry": {
        "type": "Point",
        "coordinates": [
          -0.1278394,
          51.5086206
        ]
      },
      "properties": {
        "timestamp": "2023-01-27T15:02:33Z"
      }
    },
    {
      "type": "Feature",
      "geometry": {
        "type": "Point",
        "coordinates": [
          -0.1278445,
          51.5086354
        ]
      },
      "properties": {
        "timestamp": "2023-01-27T15:02:57Z"
      }
    },
    {
      "type": "Feature",
      "geometry": {
        "type": "Point",
        "coordinates": [
          -0.1278447,
          51.5086347
        ]
      },
      "properties": {
        "timestamp": "2023-01-27T15:02:59Z"
      }
    },
    {
      "type": "Feature",
      "geometry": {
        "type": "Point",
        "coordinates": [
          -0.1278454,
          51.5086345
        ]
      },
      "properties": {
        "timestamp": "2023-01-27T15:03:01Z"
      }
    },
    {
      "type": "Feature",
      "geometry": {
        "type": "Point",
        "coordinates": [
          -0.1278562,
          51.5086315
        ]
      },
      "properties": {
        "timestamp": "2023-01-27T15:03:07Z"
      }
    },
    {
      "type": "Feature",
      "geometry": {
        "type": "Point",
        "coordinates": [
          -0.1278902,
          51.5086249
        ]
      },
      "properties": {
        "timestamp": "2023-01-27T15:03:11Z"
      }
    },
    {
      "type": "Feature",
      "geometry": {
        "type": "Point",
        "coordinates": [
          -0.1278829,
          51.5085932
        ]
      },
      "properties": {
        "timestamp": "2023-01-27T15:03:13Z"
      }
    },
    {
      "type": "Feature",
      "geometry": {
        "type": "Point",
        "coordinates": [
          -0.1278961,
          51.5085436
        ]
      },
      "properties": {
        "timestamp": "2023-01-27T15:03:16Z"
      }
    },
    {
      "type": "Feature",
      "geometry": {
        "type": "Point",
        "coordinates": [
          -0.1278516,
          51.5084319
        ]
      },
      "properties": {
        "timestamp": "2023-01-27T15:03:24Z"
      }
    },
    {
      "type": "Feature",
      "geometry": {
        "type": "Point",
        "coordinates": [
          -0.1278107,
          51.5083881
        ]
      },
      "properties": {
        "timestamp": "2023-01-27T15:03:29Z"
      }
    },
    {
      "type": "Feature",
      "geometry": {
        "type": "Point",
        "coordinates": [
          -0.127802,
          51.5083834
        ]
      },
      "properties": {
        "timestamp": "2023-01-27T15:03:30Z"
      }
    },
    {
      "type": "Feature",
      "geometry": {
        "type": "Point",
        "coordinates": [
          -0.1277612,
          51.5083701
        ]
      },
      "properties": {
        "timestamp": "2023-01-27T15:03:33Z"
      }
    },
    {
      "type": "Feature",
      "geometry": {
        "type": "Point",
        "coordinates": [
          -0.1277525,
          51.5083665
        ]
      },
      "properties": {
        "timestamp": "2023-01-27T15:03:35Z"
      }
    },
    {
      "type": "Feature",
      "geometry": {
        "type": "Point",
        "coordinates": [
          -0.1277615,
          51.5083713
        ]
      },
      "properties": {
        "timestamp": "2023-01-27T15:03:40Z"
      }
    },
    {
      "type": "Feature",
      "geometry": {
        "type": "Point",
        "coordinates": [
          -0.1277659,
          51.5083809
        ]
      },
      "properties": {
        "timestamp": "2023-01-27T15:03:51Z"
      }
    },
    {
      "type": "Feature",
      "geometry": {
        "type": "Point",
        "coordinates": [
          -0.1277659,
          51.5083809
        ]
      },
      "properties": {
        "timestamp": "2023-01-27T15:03:57Z"
      }
    },
    {
      "type": "Feature",
      "geometry": {
        "type": "Point",
        "coordinates": [
          -0.1277676,
          51.5083842
        ]
      },
      "properties": {
        "timestamp": "2023-01-27T15:04:04Z"
      }
    },
    {
      "type": "Feature",
      "geometry": {
        "type": "Point",
        "coordinates": [
          -0.127767,
          51.5083871
        ]
      },
      "properties": {
        "timestamp": "2023-01-27T15:04:17Z"
      }
    },
    {
      "type": "Feature",
      "geometry": {
        "type": "Point",
        "coordinates": [
          -0.1277648,
          51.5083872
        ]
      },
      "properties": {
        "timestamp": "2023-01-27T15:04:21Z"
      }
    },
    {
      "type": "Feature",
      "geometry": {
        "type": "Point",
        "coordinates": [
          -0.1277586,
          51.5083896
        ]
      },
      "properties": {
        "timestamp": "2023-01-27T15:04:27Z"
      }
    },
    {
      "type": "Feature",
      "geometry": {
        "type": "Point",
        "coordinates": [
          -0.1277571,
          51.5083895
        ]
      },
      "properties": {
        "timestamp": "2023-01-27T15:04:31Z"
      }
    },
    {
      "type": "Feature",
      "geometry": {
        "type": "Point",
        "coordinates": [
          -0.1277531,
          51.5083902
        ]
      },
      "properties": {
        "timestamp": "2023-01-27T15:04:41Z"
      }
    },
    {
      "type": "Feature",
      "geometry": {
        "type": "Point",
        "coordinates": [
          -0.12775,
          51.5083928
        ]
      },
      "properties": {
        "timestamp": "2023-01-27T15:04:48Z"
      }
    },
    {
      "type": "Feature",
      "geometry": {
        "type": "Point",
        "coordinates": [
          -0.1277503,
          51.5083819
        ]
      },
      "properties": {
        "timestamp": "2023-01-27T15:05:19Z"
      }
    },
    {
      "type": "Feature",
      "geometry": {
        "type": "Point",
        "coordinates": [
          -0.1277288,
          51.5083595
        ]
      },
      "properties": {
        "timestamp": "2023-01-27T15:05:47Z"
      }
    },
    {
      "type": "Feature",
      "geometry": {
        "type": "Point",
        "coordinates": [
          -0.1277358,
          51.5083628
        ]
      },
      "properties": {
        "timestamp": "2023-01-27T15:05:53Z"
      }
    },
    {
      "type": "Feature",
      "geometry": {
        "type": "Point",
        "coordinates": [
          -0.1277367,
          51.5083668
        ]
      },
      "properties": {
        "timestamp": "2023-01-27T15:06:11Z"
      }
    },
    {
      "type": "Feature",
      "geometry": {
        "type": "Point",
        "coordinates": [
          -0.127736,
          51.5083624
        ]
      },
      "properties": {
        "timestamp": "2023-01-27T15:06:16Z"
      }
    },
    {
      "type": "Feature",
      "geometry": {
        "type": "Point",
        "coordinates": [
          -0.1277497,
          51.5083594
        ]
      },
      "properties": {
        "timestamp": "2023-01-27T15:06:41Z"
      }
    },
    {
      "type": "Feature",
      "geometry": {
        "type": "Point",
        "coordinates": [
          -0.1277546,
          51.5083602
        ]
      },
      "properties": {
        "timestamp": "2023-01-27T15:07:15Z"
      }
    },
    {
      "type": "Feature",
      "geometry": {
        "type": "Point",
        "coordinates": [
          -0.1277546,
          51.5083606
        ]
      },
      "properties": {
        "timestamp": "2023-01-27T15:07:33Z"
      }
    },
    {
      "type": "Feature",
      "geometry": {
        "type": "Point",
        "coordinates": [
          -0.1277545,
          51.5083609
        ]
      },
      "properties": {
        "timestamp": "2023-01-27T15:07:36Z"
      }
    },
    {
      "type": "Feature",
      "geometry": {
        "type": "Point",
        "coordinates": [
          -0.1277546,
          51.5083612
        ]
      },
      "properties": {
        "timestamp": "2023-01-27T15:07:41Z"
      }
    },
    {
      "type": "Feature",
      "geometry": {
        "type": "Point",
        "coordinates": [
          -0.1277547,
          51.5083613
        ]
      },
      "properties": {
        "timestamp": "2023-01-27T15:07:42Z"
      }
    },
    {
      "type": "Feature",
      "geometry": {
        "type": "Point",
        "coordinates": [
          -0.1277548,
          51.5083611
        ]
      },
      "properties": {
        "timestamp": "2023-01-27T15:07:50Z"
      }
    },
    {
      "type": "Feature",
      "geometry": {
        "type": "Point",
        "coordinates": [
          -0.1277554,
          51.5083611
        ]
      },
      "properties": {
        "timestamp": "2023-01-27T15:08:20Z"
      }
    },
    {
      "type": "Feature",
      "geometry": {
        "type": "Point",
        "coordinates": [
          -0.1277556,
          51.5083611
        ]
      },
      "properties": {
        "timestamp": "2023-01-27T15:08:21Z"
      }
    },
    {
      "type": "Feature",
      "geometry": {
        "type": "Point",
        "coordinates": [
          -0.1277571,
          51.5083615
        ]
      },
      "properties": {
        "timestamp": "2023-01-27T15:08:27Z"
      }
    },
    {
      "type": "Feature",
      "geometry": {
        "type": "Point",
        "coordinates": [
          -0.1277581,
          51.5083618
        ]
      },
      "properties": {
        "timestamp": "2023-01-27T15:08:30Z"
      }
    },
    {
      "type": "Feature",
      "geometry": {
        "type": "Point",
        "coordinates": [
          -0.1277597,
          51.5083626
        ]
      },
      "properties": {
        "timestamp": "2023-01-27T15:08:36Z"
      }
    },
    {
      "type": "Feature",
      "geometry": {
        "type": "Point",
        "coordinates": [
          -0.1277615,
          51.508363
        ]
      },
      "properties": {
        "timestamp": "2023-01-27T15:08:48Z"
      }
    },
    {
      "type": "Feature",
      "geometry": {
        "type": "Point",
        "coordinates": [
          -0.1277612,
          51.5083627
        ]
      },
      "properties": {
        "timestamp": "2023-01-27T15:09:02Z"
      }
    },
    {
      "type": "Feature",
      "geometry": {
        "type": "Point",
        "coordinates": [
          -0.1277609,
          51.5083626
        ]
      },
      "properties": {
        "timestamp": "2023-01-27T15:09:08Z"
      }
    },
    {
      "type": "Feature",
      "geometry": {
        "type": "Point",
        "coordinates": [
          -0.1277612,
          51.5083627
        ]
      },
      "properties": {
        "timestamp": "2023-01-27T15:09:19Z"
      }
    },
    {
      "type": "Feature",
      "geometry": {
        "type": "Point",
        "coordinates": [
          -0.1277609,
          51.508364
        ]
      },
      "properties": {
        "timestamp": "2023-01-27T15:09:42Z"
      }
    },
    {
      "type": "Feature",
      "geometry": {
        "type": "Point",
        "coordinates": [
          -0.1277609,
          51.5083642
        ]
      },
      "properties": {
        "timestamp": "2023-01-27T15:09:45Z"
      }
    },
    {
      "type": "Feature",
      "geometry": {
        "type": "Point",
        "coordinates": [
          -0.127761,
          51.5083649
        ]
      },
      "properties": {
        "timestamp": "2023-01-27T15:10:05Z"
      }
    },
    {
      "type": "Feature",
      "geometry": {
        "type": "Point",
        "coordinates": [
          -0.1277608,
          51.508365
        ]
      },
      "properties": {
        "timestamp": "2023-01-27T15:10:18Z"
      }
    },
    {
      "type": "Feature",
      "geometry": {
        "type": "Point",
        "coordinates": [
          -0.1277608,
          51.5083652
        ]
      },
      "properties": {
        "timestamp": "2023-01-27T15:10:21Z"
      }
    },
    {
      "type": "Feature",
      "geometry": {
        "type": "Point",
        "coordinates": [
          -0.1277606,
          51.5083653
        ]
      },
      "properties": {
        "timestamp": "2023-01-27T15:10:28Z"
      }
    },
    {
      "type": "Feature",
      "geometry": {
        "type": "Point",
        "coordinates": [
          -0.1277609,
          51.5083651
        ]
      },
      "properties": {
        "timestamp": "2023-01-27T15:10:50Z"
      }
    },
    {
      "type": "Feature",
      "geometry": {
        "type": "Point",
        "coordinates": [
          -0.1277609,
          51.508365
        ]
      },
      "properties": {
        "timestamp": "2023-01-27T15:10:51Z"
      }
    },
    {
      "type": "Feature",
      "geometry": {
        "type": "Point",
        "coordinates": [
          -0.1277611,
          51.5083647
        ]
      },
      "properties": {
        "timestamp": "2023-01-27T15:10:55Z"
      }
    },
    {
      "type": "Feature",
      "geometry": {
        "type": "Point",
        "coordinates": [
          -0.1277607,
          51.5083646
        ]
      },
      "properties": {
        "timestamp": "2023-01-27T15:11:08Z"
      }
    },
    {
      "type": "Feature",
      "geometry": {
        "type": "Point",
        "coordinates": [
          -0.1277603,
          51.5083666
        ]
      },
      "properties": {
        "timestamp": "2023-01-27T15:11:37Z"
      }
    },
    {
      "type": "Feature",
      "geometry": {
        "type": "Point",
        "coordinates": [
          -0.1278542,
          51.5083614
        ]
      },
      "properties": {
        "timestamp": "2023-01-27T15:11:56Z"
      }
    },
    {
      "type": "Feature",
      "geometry": {
        "type": "Point",
        "coordinates": [
          -0.1279053,
          51.5083645
        ]
      },
      "properties": {
        "timestamp": "2023-01-27T15:12:01Z"
      }
    },
    {
      "type": "Feature",
      "geometry": {
        "type": "Point",
        "coordinates": [
          -0.1279325,
          51.5083616
        ]
      },
      "properties": {
        "timestamp": "2023-01-27T15:12:36Z"
      }
    },
    {
      "type": "Feature",
      "geometry": {
        "type": "Point",
        "coordinates": [
          -0.1279353,
          51.5083597
        ]
      },
      "properties": {
        "timestamp": "2023-01-27T15:12:53Z"
      }
    },
    {
      "type": "Feature",
      "geometry": {
        "type": "Point",
        "coordinates": [
          -0.1279472,
          51.5083477
        ]
      },
      "properties": {
        "timestamp": "2023-01-27T15:13:35Z"
      }
    },
    {
      "type": "Feature",
      "geometry": {
        "type": "Point",
        "coordinates": [
          -0.1278684,
          51.5083617
        ]
      },
      "properties": {
        "timestamp": "2023-01-27T15:13:53Z"
      }
    },
    {
      "type": "Feature",
      "geometry": {
        "type": "Point",
        "coordinates": [
          -0.1277274,
          51.5083868
        ]
      },
      "properties": {
        "timestamp": "2023-01-27T15:14:00Z"
      }
    },
    {
      "type": "Feature",
      "geometry": {
        "type": "Point",
        "coordinates": [
          -0.1277291,
          51.5083889
        ]
      },
      "properties": {
        "timestamp": "2023-01-27T15:14:01Z"
      }
    },
    {
      "type": "Feature",
      "geometry": {
        "type": "Point",
        "coordinates": [
          -0.1277315,
          51.5084
        ]
      },
      "properties": {
        "timestamp": "2023-01-27T15:14:06Z"
      }
    },
    {
      "type": "Feature",
      "geometry": {
        "type": "Point",
        "coordinates": [
          -0.1277258,
          51.5083973
        ]
      },
      "properties": {
        "timestamp": "2023-01-27T15:14:34Z"
      }
    },
    {
      "type": "Feature",
      "geometry": {
        "type": "Point",
        "coordinates": [
          -0.1277265,
          51.5083901
        ]
      },
      "properties": {
        "timestamp": "2023-01-27T15:14:38Z"
      }
    },
    {
      "type": "Feature",
      "geometry": {
        "type": "Point",
        "coordinates": [
          -0.1277368,
          51.5083736
        ]
      },
      "properties": {
        "timestamp": "2023-01-27T15:14:57Z"
      }
    },
    {
      "type": "Feature",
      "geometry": {
        "type": "Point",
        "coordinates": [
          -0.1277389,
          51.5083735
        ]
      },
      "properties": {
        "timestamp": "2023-01-27T15:15:01Z"
      }
    },
    {
      "type": "Feature",
      "geometry": {
        "type": "Point",
        "coordinates": [
          -0.1277635,
          51.5083754
        ]
      },
      "properties": {
        "timestamp": "2023-01-27T15:15:17Z"
      }
    },
    {
      "type": "Feature",
      "geometry": {
        "type": "Point",
        "coordinates": [
          -0.1277662,
          51.5083749
        ]
      },
      "properties": {
        "timestamp": "2023-01-27T15:15:23Z"
      }
    },
    {
      "type": "Feature",
      "geometry": {
        "type": "Point",
        "coordinates": [
          -0.1277693,
          51.5083729
        ]
      },
      "properties": {
        "timestamp": "2023-01-27T15:15:35Z"
      }
    },
    {
      "type": "Feature",
      "geometry": {
        "type": "Point",
        "coordinates": [
          -0.1277696,
          51.5083721
        ]
      },
      "properties": {
        "timestamp": "2023-01-27T15:15:36Z"
      }
    },
    {
      "type": "Feature",
      "geometry": {
        "type": "Point",
        "coordinates": [
          -0.1277938,
          51.5083269
        ]
      },
      "properties": {
        "timestamp": "2023-01-27T15:16:14Z"
      }
    },
    {
      "type": "Feature",
      "geometry": {
        "type": "Point",
        "coordinates": [
          -0.1277938,
          51.5083264
        ]
      },
      "properties": {
        "timestamp": "2023-01-27T15:16:16Z"
      }
    },
    {
      "type": "Feature",
      "geometry": {
        "type": "Point",
        "coordinates": [
          -0.1277952,
          51.5083272
        ]
      },
      "properties": {
        "timestamp": "2023-01-27T15:16:24Z"
      }
    },
    {
      "type": "Feature",
      "geometry": {
        "type": "Point",
        "coordinates": [
          -0.1277954,
          51.5083269
        ]
      },
      "properties": {
        "timestamp": "2023-01-27T15:16:43Z"
      }
    },
    {
      "type": "Feature",
      "geometry": {
        "type": "Point",
        "coordinates": [
          -0.1278221,
          51.5083618
        ]
      },
      "properties": {
        "timestamp": "2023-01-27T15:17:01Z"
      }
    },
    {
      "type": "Feature",
      "geometry": {
        "type": "Point",
        "coordinates": [
          -0.1278447,
          51.5083662
        ]
      },
      "properties": {
        "timestamp": "2023-01-27T15:17:06Z"
      }
    },
    {
      "type": "Feature",
      "geometry": {
        "type": "Point",
        "coordinates": [
          -0.1278595,
          51.5083986
        ]
      },
      "properties": {
        "timestamp": "2023-01-27T15:17:15Z"
      }
    },
    {
      "type": "Feature",
      "geometry": {
        "type": "Point",
        "coordinates": [
          -0.1279154,
          51.5084659
        ]
      },
      "properties": {
        "timestamp": "2023-01-27T15:17:21Z"
      }
    },
    {
      "type": "Feature",
      "geometry": {
        "type": "Point",
        "coordinates": [
          -0.127929,
          51.5084754
        ]
      },
      "properties": {
        "timestamp": "2023-01-27T15:17:22Z"
      }
    },
    {
      "type": "Feature",
      "geometry": {
        "type": "Point",
        "coordinates": [
          -0.128034,
          51.508473
        ]
      },
      "properties": {
        "timestamp": "2023-01-27T15:17:29Z"
      }
    },
    {
      "type": "Feature",
      "geometry": {
        "type": "Point",
        "coordinates": [
          -0.1280411,
          51.5084622
        ]
      },
      "properties": {
        "timestamp": "2023-01-27T15:17:31Z"
      }
    },
    {
      "type": "Feature",
      "geometry": {
        "type": "Point",
        "coordinates": [
          -0.1280615,
          51.5084461
        ]
      },
      "properties": {
        "timestamp": "2023-01-27T15:17:32Z"
      }
    },
    {
      "type": "Feature",
      "geometry": {
        "type": "Point",
        "coordinates": [
          -0.128076,
          51.5084483
        ]
      },
      "properties": {
        "timestamp": "2023-01-27T15:17:36Z"
      }
    },
    {
      "type": "Feature",
      "geometry": {
        "type": "Point",
        "coordinates": [
          -0.1281144,
          51.5084456
        ]
      },
      "properties": {
        "timestamp": "2023-01-27T15:17:40Z"
      }
    },
    {
      "type": "Feature",
      "geometry": {
        "type": "Point",
        "coordinates": [
          -0.1281149,
          51.5084397
        ]
      },
      "properties": {
        "timestamp": "2023-01-27T15:17:41Z"
      }
    },
    {
      "type": "Feature",
      "geometry": {
        "type": "Point",
        "coordinates": [
          -0.1281128,
          51.508435
        ]
      },
      "properties": {
        "timestamp": "2023-01-27T15:17:42Z"
      }
    },
    {
      "type": "Feature",
      "geometry": {
        "type": "Point",
        "coordinates": [
          -0.128112,
          51.5084374
        ]
      },
      "properties": {
        "timestamp": "2023-01-27T15:17:43Z"
      }
    },
    {
      "type": "Feature",
      "geometry": {
        "type": "Point",
        "coordinates": [
          -0.1280698,
          51.5084272
        ]
      },
      "properties": {
        "timestamp": "2023-01-27T15:17:50Z"
      }
    },
    {
      "type": "Feature",
      "geometry": {
        "type": "Point",
        "coordinates": [
          -0.1280728,
          51.5084331
        ]
      },
      "properties": {
        "timestamp": "2023-01-27T15:18:02Z"
      }
    },
    {
      "type": "Feature",
      "geometry": {
        "type": "Point",
        "coordinates": [
          -0.1280936,
          51.5084343
        ]
      },
      "properties": {
        "timestamp": "2023-01-27T15:18:13Z"
      }
    },
    {
      "type": "Feature",
      "geometry": {
        "type": "Point",
        "coordinates": [
          -0.1281034,
          51.5084345
        ]
      },
      "properties": {
        "timestamp": "2023-01-27T15:18:17Z"
      }
    },
    {
      "type": "Feature",
      "geometry": {
        "type": "Point",
        "coordinates": [
          -0.128105,
          51.5084347
        ]
      },
      "properties": {
        "timestamp": "2023-01-27T15:18:18Z"
      }
    },
    {
      "type": "Feature",
      "geometry": {
        "type": "Point",
        "coordinates": [
          -0.1281079,
          51.5084379
        ]
      },
      "properties": {
        "timestamp": "2023-01-27T15:18:20Z"
      }
    },
    {
      "type": "Feature",
      "geometry": {
        "type": "Point",
        "coordinates": [
          -0.1281083,
          51.5084383
        ]
      },
      "properties": {
        "timestamp": "2023-01-27T15:18:21Z"
      }
    },
    {
      "type": "Feature",
      "geometry": {
        "type": "Point",
        "coordinates": [
          -0.1281093,
          51.5084385
        ]
      },
      "properties": {
        "timestamp": "2023-01-27T15:18:23Z"
      }
    },
    {
      "type": "Feature",
      "geometry": {
        "type": "Point",
        "coordinates": [
          -0.1281192,
          51.5084385
        ]
      },
      "properties": {
        "timestamp": "2023-01-27T15:18:25Z"
      }
    },
    {
      "type": "Feature",
      "geometry": {
        "type": "Point",
        "coordinates": [
          -0.128146,
          51.5084382
        ]
      },
      "properties": {
        "timestamp": "2023-01-27T15:18:29Z"
      }
    },
    {
      "type": "Feature",
      "geometry": {
        "type": "Point",
        "coordinates": [
          -0.1282575,
          51.5084423
        ]
      },
      "properties": {
        "timestamp": "2023-01-27T15:18:40Z"
      }
    },
    {
      "type": "Feature",
      "geometry": {
        "type": "Point",
        "coordinates": [
          -0.1284131,
          51.5084488
        ]
      },
      "properties": {
        "timestamp": "2023-01-27T15:18:47Z"
      }
    },
    {
      "type": "Feature",
      "geometry": {
        "type": "Point",
        "coordinates": [
          -0.1284513,
          51.5084555
        ]
      },
      "properties": {
        "timestamp": "2023-01-27T15:18:49Z"
      }
    },
    {
      "type": "Feature",
      "geometry": {
        "type": "Point",
        "coordinates": [
          -0.1285544,
          51.5084589
        ]
      },
      "properties": {
        "timestamp": "2023-01-27T15:18:54Z"
      }
    },
    {
      "type": "Feature",
      "geometry": {
        "type": "Point",
        "coordinates": [
          -0.1286651,
          51.5084719
        ]
      },
      "properties": {
        "timestamp": "2023-01-27T15:19:00Z"
      }
    },
    {
      "type": "Feature",
      "geometry": {
        "type": "Point",
        "coordinates": [
          -0.1286838,
          51.5084734
        ]
      },
      "properties": {
        "timestamp": "2023-01-27T15:19:01Z"
      }
    },
    {
      "type": "Feature",
      "geometry": {
        "type": "Point",
        "coordinates": [
          -0.1287978,
          51.5084748
        ]
      },
      "properties": {
        "timestamp": "2023-01-27T15:19:08Z"
      }
    },
    {
      "type": "Feature",
      "geometry": {
        "type": "Point",
        "coordinates": [
          -0.1288102,
          51.5084773
        ]
      },
      "properties": {
        "timestamp": "2023-01-27T15:19:09Z"
      }
    },
    {
      "type": "Feature",
      "geometry": {
        "type": "Point",
        "coordinates": [
          -0.1288257,
          51.5084803
        ]
      },
      "properties": {
        "timestamp": "2023-01-27T15:19:10Z"
      }
    },
    {
      "type": "Feature",
      "geometry": {
        "type": "Point",
        "coordinates": [
          -0.1288677,
          51.5084797
        ]
      },
      "properties": {
        "timestamp": "2023-01-27T15:19:13Z"
      }
    },
    {
      "type": "Feature",
      "geometry": {
        "type": "Point",
        "coordinates": [
          -0.1288809,
          51.5084754
        ]
      },
      "properties": {
        "timestamp": "2023-01-27T15:19:14Z"
      }
    },
    {
      "type": "Feature",
      "geometry": {
        "type": "Point",
        "coordinates": [
          -0.1288813,
          51.5084776
        ]
      },
      "properties": {
        "timestamp": "2023-01-27T15:19:15Z"
      }
    },
    {
      "type": "Feature",
      "geometry": {
        "type": "Point",
        "coordinates": [
          -0.1289794,
          51.5084727
        ]
      },
      "properties": {
        "timestamp": "2023-01-27T15:19:22Z"
      }
    },
    {
      "type": "Feature",
      "geometry": {
        "type": "Point",
        "coordinates": [
          -0.1289977,
          51.5084682
        ]
      },
      "properties": {
        "timestamp": "2023-01-27T15:19:23Z"
      }
    },
    {
      "type": "Feature",
      "geometry": {
        "type": "Point",
        "coordinates": [
          -0.1291328,
          51.5084472
        ]
      },
      "properties": {
        "timestamp": "2023-01-27T15:19:31Z"
      }
    },
    {
      "type": "Feature",
      "geometry": {
        "type": "Point",
        "coordinates": [
          -0.1292913,
          51.5084255
        ]
      },
      "properties": {
        "timestamp": "2023-01-27T15:19:39Z"
      }
    },
    {
      "type": "Feature",
      "geometry": {
        "type": "Point",
        "coordinates": [
          -0.1293186,
          51.5084221
        ]
      },
      "properties": {
        "timestamp": "2023-01-27T15:19:40Z"
      }
    },
    {
      "type": "Feature",
      "geometry": {
        "type": "Point",
        "coordinates": [
          -0.1293424,
          51.508415
        ]
      },
      "properties": {
        "timestamp": "2023-01-27T15:19:45Z"
      }
    },
    {
      "type": "Feature",
      "geometry": {
        "type": "Point",
        "coordinates": [
          -0.1293481,
          51.5084067
        ]
      },
      "properties": {
        "timestamp": "2023-01-27T15:19:46Z"
      }
    },
    {
      "type": "Feature",
      "geometry": {
        "type": "Point",
        "coordinates": [
          -0.1293826,
          51.5083666
        ]
      },
      "properties": {
        "timestamp": "2023-01-27T15:19:50Z"
      }
    },
    {
      "type": "Feature",
      "geometry": {
        "type": "Point",
        "coordinates": [
          -0.1294292,
          51.5083454
        ]
      },
      "properties": {
        "timestamp": "2023-01-27T15:19:52Z"
      }
    },
    {
      "type": "Feature",
      "geometry": {
        "type": "Point",
        "coordinates": [
          -0.1294819,
          51.5083146
        ]
      },
      "properties": {
        "timestamp": "2023-01-27T15:19:55Z"
      }
    },
    {
      "type": "Feature",
      "geometry": {
        "type": "Point",
        "coordinates": [
          -0.1294914,
          51.5083004
        ]
      },
      "properties": {
        "timestamp": "2023-01-27T15:19:56Z"
      }
    },
    {
      "type": "Feature",
      "geometry": {
        "type": "Point",
        "coordinates": [
          -0.1295161,
          51.5082796
        ]
      },
      "properties": {
        "timestamp": "2023-01-27T15:19:59Z"
      }
    },
    {
      "type": "Feature",
      "geometry": {
        "type": "Point",
        "coordinates": [
          -0.1295239,
          51.5082726
        ]
      },
      "properties": {
        "timestamp": "2023-01-27T15:20:00Z"
      }
    },
    {
      "type": "Feature",
      "geometry": {
        "type": "Point",
        "coordinates": [
          -0.1295333,
          51.5082612
        ]
      },
      "properties": {
        "timestamp": "2023-01-27T15:20:01Z"
      }
    },
    {
      "type": "Feature",
      "geometry": {
        "type": "Point",
        "coordinates": [
          -0.1295663,
          51.5082418
        ]
      },
      "properties": {
        "timestamp": "2023-01-27T15:20:04Z"
      }
    },
    {
      "type": "Feature",
      "geometry": {
        "type": "Point",
        "coordinates": [
          -0.1296032,
          51.508238
        ]
      },
      "properties": {
        "timestamp": "2023-01-27T15:20:06Z"
      }
    },
    {
      "type": "Feature",
      "geometry": {
        "type": "Point",
        "coordinates": [
          -0.1297923,
          51.5082648
        ]
      },
      "properties": {
        "timestamp": "2023-01-27T15:20:13Z"
      }
    },
    {
      "type": "Feature",
      "geometry": {
        "type": "Point",
        "coordinates": [
          -0.1298067,
          51.5082634
        ]
      },
      "properties": {
        "timestamp": "2023-01-27T15:20:14Z"
      }
    },
    {
      "type": "Feature",
      "geometry": {
        "type": "Point",
        "coordinates": [
          -0.1298844,
          51.508277
        ]
      },
      "properties": {
        "timestamp": "2023-01-27T15:20:17Z"
      }
    },
    {
      "type": "Feature",
      "geometry": {
        "type": "Point",
        "coordinates": [
          -0.1299201,
          51.5082795
        ]
      },
      "properties": {
        "timestamp": "2023-01-27T15:20:19Z"
      }
    },
    {
      "type": "Feature",
      "geometry": {
        "type": "Point",
        "coordinates": [
          -0.1299446,
          51.508292
        ]
      },
      "properties": {
        "timestamp": "2023-01-27T15:20:21Z"
      }
    },
    {
      "type": "Feature",
      "geometry": {
        "type": "Point",
        "coordinates": [
          -0.1299564,
          51.5082959
        ]
      },
      "properties": {
        "timestamp": "2023-01-27T15:20:22Z"
      }
    },
    {
      "type": "Feature",
      "geometry": {
        "type": "Point",
        "coordinates": [
          -0.1299823,
          51.508317
        ]
      },
      "properties": {
        "timestamp": "2023-01-27T15:20:24Z"
      }
    },
    {
      "type": "Feature",
      "geometry": {
        "type": "Point",
        "coordinates": [
          -0.1299935,
          51.5083268
        ]
      },
      "properties": {
        "timestamp": "2023-01-27T15:20:26Z"
      }
    },
    {
      "type": "Feature",
      "geometry": {
        "type": "Point",
        "coordinates": [
          -0.1300199,
          51.5083421
        ]
      },
      "properties": {
        "timestamp": "2023-01-27T15:20:29Z"
      }
    },
    {
      "type": "Feature",
      "geometry": {
        "type": "Point",
        "coordinates": [
          -0.1300404,
          51.5083699
        ]
      },
      "properties": {
        "timestamp": "2023-01-27T15:20:31Z"
      }
    },
    {
      "type": "Feature",
      "geometry": {
        "type": "Point",
        "coordinates": [
          -0.1300695,
          51.5083796
        ]
      },
      "properties": {
        "timestamp": "2023-01-27T15:20:33Z"
      }
    },
    {
      "type": "Feature",
      "geometry": {
        "type": "Point",
        "coordinates": [
          -0.1300934,
          51.5084052
        ]
      },
      "properties": {
        "timestamp": "2023-01-27T15:20:36Z"
      }
    },
    {
      "type": "Feature",
      "geometry": {
        "type": "Point",
        "coordinates": [
          -0.1301009,
          51.5084404
        ]
      },
      "properties": {
        "timestamp": "2023-01-27T15:20:39Z"
      }
    },
    {
      "type": "Feature",
      "geometry": {
        "type": "Point",
        "coordinates": [
          -0.1301373,
          51.5085394
        ]
      },
      "properties": {
        "timestamp": "2023-01-27T15:20:46Z"
      }
    },
    {
      "type": "Feature",
      "geometry": {
        "type": "Point",
        "coordinates": [
          -0.1301375,
          51.5085892
        ]
      },
      "properties": {
        "timestamp": "2023-01-27T15:20:52Z"
      }
    },
    {
      "type": "Feature",
      "geometry": {
        "type": "Point",
        "coordinates": [
          -0.1301435,
          51.5085959
        ]
      },
      "properties": {
        "timestamp": "2023-01-27T15:20:53Z"
      }
    },
    {
      "type": "Feature",
      "geometry": {
        "type": "Point",
        "coordinates": [
          -0.1301793,
          51.5086461
        ]
      },
      "properties": {
        "timestamp": "2023-01-27T15:20:56Z"
      }
    },
    {
      "type": "Feature",
      "geometry": {
        "type": "Point",
        "coordinates": [
          -0.1302071,
          51.5086662
        ]
      },
      "properties": {
        "timestamp": "2023-01-27T15:20:58Z"
      }
    },
    {
      "type": "Feature",
      "geometry": {
        "type": "Point",
        "coordinates": [
          -0.1302414,
          51.5087072
        ]
      },
      "properties": {
        "timestamp": "2023-01-27T15:21:01Z"
      }
    },
    {
      "type": "Feature",
      "geometry": {
        "type": "Point",
        "coordinates": [
          -0.1302503,
          51.5087216
        ]
      },
      "properties": {
        "timestamp": "2023-01-27T15:21:02Z"
      }
    },
    {
      "type": "Feature",
      "geometry": {
        "type": "Point",
        "coordinates": [
          -0.1302435,
          51.5087543
        ]
      },
      "properties": {
        "timestamp": "2023-01-27T15:21:04Z"
      }
    },
    {
      "type": "Feature",
      "geometry": {
        "type": "Point",
        "coordinates": [
          -0.1302335,
          51.5088272
        ]
      },
      "properties": {
        "timestamp": "2023-01-27T15:21:08Z"
      }
    },
    {
      "type": "Feature",
      "geometry": {
        "type": "Point",
        "coordinates": [
          -0.1302592,
          51.5088584
        ]
      },
      "properties": {
        "timestamp": "2023-01-27T15:21:13Z"
      }
    },
    {
      "type": "Feature",
      "geometry": {
        "type": "Point",
        "coordinates": [
          -0.1302803,
          51.5089077
        ]
      },
      "properties": {
        "timestamp": "2023-01-27T15:21:17Z"
      }
    },
    {
      "type": "Feature",
      "geometry": {
        "type": "Point",
        "coordinates": [
          -0.1302969,
          51.5089025
        ]
      },
      "properties": {
        "timestamp": "2023-01-27T15:21:18Z"
      }
    },
    {
      "type": "Feature",
      "geometry": {
        "type": "Point",
        "coordinates": [
          -0.1303043,
          51.5089217
        ]
      },
      "properties": {
        "timestamp": "2023-01-27T15:21:20Z"
      }
    },
    {
      "type": "Feature",
      "geometry": {
        "type": "Point",
        "coordinates": [
          -0.1303332,
          51.5089098
        ]
      },
      "properties": {
        "timestamp": "2023-01-27T15:21:22Z"
      }
    },
    {
      "type": "Feature",
      "geometry": {
        "type": "Point",
        "coordinates": [
          -0.1303547,
          51.5089101
        ]
      },
      "properties": {
        "timestamp": "2023-01-27T15:21:23Z"
      }
    },
    {
      "type": "Feature",
      "geometry": {
        "type": "Point",
        "coordinates": [
          -0.1303821,
          51.5089069
        ]
      },
      "properties": {
        "timestamp": "2023-01-27T15:21:24Z"
      }
    },
    {
      "type": "Feature",
      "geometry": {
        "type": "Point",
        "coordinates": [
          -0.130438,
          51.5089045
        ]
      },
      "properties": {
        "timestamp": "2023-01-27T15:21:26Z"
      }
    },
    {
      "type": "Feature",
      "geometry": {
        "type": "Point",
        "coordinates": [
          -0.1304703,
          51.5089056
        ]
      },
      "properties": {
        "timestamp": "2023-01-27T15:21:28Z"
      }
    },
    {
      "type": "Feature",
      "geometry": {
        "type": "Point",
        "coordinates": [
          -0.1304626,
          51.5089129
        ]
      },
      "properties": {
        "timestamp": "2023-01-27T15:21:29Z"
      }
    },
    {
      "type": "Feature",
      "geometry": {
        "type": "Point",
        "coordinates": [
          -0.1303955,
          51.5089582
        ]
      },
      "properties": {
        "timestamp": "2023-01-27T15:21:32Z"
      }
    },
    {
      "type": "Feature",
      "geometry": {
        "type": "Point",
        "coordinates": [
          -0.130348,
          51.5089754
        ]
      },
      "properties": {
        "timestamp": "2023-01-27T15:21:37Z"
      }
    },
    {
      "type": "Feature",
      "geometry": {
        "type": "Point",
        "coordinates": [
          -0.1303518,
          51.5089595
        ]
      },
      "properties": {
        "timestamp": "2023-01-27T15:21:38Z"
      }
    },
    {
      "type": "Feature",
      "geometry": {
        "type": "Point",
        "coordinates": [
          -0.1303948,
          51.5089565
        ]
      },
      "properties": {
        "timestamp": "2023-01-27T15:21:42Z"
      }
    },
    {
      "type": "Feature",
      "geometry": {
        "type": "Point",
        "coordinates": [
          -0.130401,
          51.5089569
        ]
      },
      "properties": {
        "timestamp": "2023-01-27T15:21:43Z"
      }
    },
    {
      "type": "Feature",
      "geometry": {
        "type": "Point",
        "coordinates": [
          -0.1304492,
          51.508977
        ]
      },
      "properties": {
        "timestamp": "2023-01-27T15:21:47Z"
      }
    },
    {
      "type": "Feature",
      "geometry": {
        "type": "Point",
        "coordinates": [
          -0.1304523,
          51.5089931
        ]
      },
      "properties": {
        "timestamp": "2023-01-27T15:21:48Z"
      }
    },
    {
      "type": "Feature",
      "geometry": {
        "type": "Point",
        "coordinates": [
          -0.1304721,
          51.5090605
        ]
      },
      "properties": {
        "timestamp": "2023-01-27T15:21:52Z"
      }
    },
    {
      "type": "Feature",
      "geometry": {
        "type": "Point",
        "coordinates": [
          -0.1304742,
          51.5090821
        ]
      },
      "properties": {
        "timestamp": "2023-01-27T15:21:53Z"
      }
    },
    {
      "type": "Feature",
      "geometry": {
        "type": "Point",
        "coordinates": [
          -0.1304768,
          51.5091143
        ]
      },
      "properties": {
        "timestamp": "2023-01-27T15:21:54Z"
      }
    },
    {
      "type": "Feature",
      "geometry": {
        "type": "Point",
        "coordinates": [
          -0.1304907,
          51.5091726
        ]
      },
      "properties": {
        "timestamp": "2023-01-27T15:21:57Z"
      }
    },
    {
      "type": "Feature",
      "geometry": {
        "type": "Point",
        "coordinates": [
          -0.1305247,
          51.5092205
        ]
      },
      "properties": {
        "timestamp": "2023-01-27T15:22:00Z"
      }
    },
    {
      "type": "Feature",
      "geometry": {
        "type": "Point",
        "coordinates": [
          -0.1305336,
          51.5092322
        ]
      },
      "properties": {
        "timestamp": "2023-01-27T15:22:01Z"
      }
    },
    {
      "type": "Feature",
      "geometry": {
        "type": "Point",
        "coordinates": [
          -0.1305629,
          51.5092545
        ]
      },
      "properties": {
        "timestamp": "2023-01-27T15:22:03Z"
      }
    },
    {
      "type": "Feature",
      "geometry": {
        "type": "Point",
        "coordinates": [
          -0.1306068,
          51.5092824
        ]
      },
      "properties": {
        "timestamp": "2023-01-27T15:22:06Z"
      }
    },
    {
      "type": "Feature",
      "geometry": {
        "type": "Point",
        "coordinates": [
          -0.1306219,
          51.509293
        ]
      },
      "properties": {
        "timestamp": "2023-01-27T15:22:07Z"
      }
    },
    {
      "type": "Feature",
      "geometry": {
        "type": "Point",
        "coordinates": [
          -0.1306885,
          51.5093267
        ]
      },
      "properties": {
        "timestamp": "2023-01-27T15:22:11Z"
      }
    },
    {
      "type": "Feature",
      "geometry": {
        "type": "Point",
        "coordinates": [
          -0.1307685,
          51.5093179
        ]
      },
      "properties": {
        "timestamp": "2023-01-27T15:22:14Z"
      }
    },
    {
      "type": "Feature",
      "geometry": {
        "type": "Point",
        "coordinates": [
          -0.1308242,
          51.5093239
        ]
      },
      "properties": {
        "timestamp": "2023-01-27T15:22:16Z"
      }
    },
    {
      "type": "Feature",
      "geometry": {
        "type": "Point",
        "coordinates": [
          -0.1309029,
          51.5093333
        ]
      },
      "properties": {
        "timestamp": "2023-01-27T15:22:19Z"
      }
    },
    {
      "type": "Feature",
      "geometry": {
        "type": "Point",
        "coordinates": [
          -0.1309014,
          51.5093376
        ]
      },
      "properties": {
        "timestamp": "2023-01-27T15:22:20Z"
      }
    },
    {
      "type": "Feature",
      "geometry": {
        "type": "Point",
        "coordinates": [
          -0.1309088,
          51.5093453
        ]
      },
      "properties": {
        "timestamp": "2023-01-27T15:22:22Z"
      }
    },
    {
      "type": "Feature",
      "geometry": {
        "type": "Point",
        "coordinates": [
          -0.1309164,
          51.5093636
        ]
      },
      "properties": {
        "timestamp": "2023-01-27T15:22:24Z"
      }
    },
    {
      "type": "Feature",
      "geometry": {
        "type": "Point",
        "coordinates": [
          -0.1309265,
          51.5093565
        ]
      },
      "properties": {
        "timestamp": "2023-01-27T15:22:25Z"
      }
    },
    {
      "type": "Feature",
      "geometry": {
        "type": "Point",
        "coordinates": [
          -0.1309293,
          51.5093474
        ]
      },
      "properties": {
        "timestamp": "2023-01-27T15:22:27Z"
      }
    },
    {
      "type": "Feature",
      "geometry": {
        "type": "Point",
        "coordinates": [
          -0.1309263,
          51.5093386
        ]
      },
      "properties": {
        "timestamp": "2023-01-27T15:22:28Z"
      }
    },
    {
      "type": "Feature",
      "geometry": {
        "type": "Point",
        "coordinates": [
          -0.1309298,
          51.5093273
        ]
      },
      "properties": {
        "timestamp": "2023-01-27T15:22:29Z"
      }
    },
    {
      "type": "Feature",
      "geometry": {
        "type": "Point",
        "coordinates": [
          -0.1309379,
          51.5093057
        ]
      },
      "properties": {
        "timestamp": "2023-01-27T15:22:30Z"
      }
    },
    {
      "type": "Feature",
      "geometry": {
        "type": "Point",
        "coordinates": [
          -0.1309537,
          51.5092932
        ]
      },
      "properties": {
        "timestamp": "2023-01-27T15:22:32Z"
      }
    },
    {
      "type": "Feature",
      "geometry": {
        "type": "Point",
        "coordinates": [
          -0.1309825,
          51.5092822
        ]
      },
      "properties": {
        "timestamp": "2023-01-27T15:22:34Z"
      }
    },
    {
      "type": "Feature",
      "geometry": {
        "type": "Point",
        "coordinates": [
          -0.1309987,
          51.5092821
        ]
      },
      "properties": {
        "timestamp": "2023-01-27T15:22:35Z"
      }
    },
    {
      "type": "Feature",
      "geometry": {
        "type": "Point",
        "coordinates": [
          -0.131035,
          51.5092251
        ]
      },
      "properties": {
        "timestamp": "2023-01-27T15:22:38Z"
      }
    },
    {
      "type": "Feature",
      "geometry": {
        "type": "Point",
        "coordinates": [
          -0.1310578,
          51.5092157
        ]
      },
      "properties": {
        "timestamp": "2023-01-27T15:22:39Z"
      }
    },
    {
      "type": "Feature",
      "geometry": {
        "type": "Point",
        "coordinates": [
          -0.1310783,
          51.5092139
        ]
      },
      "properties": {
        "timestamp": "2023-01-27T15:22:40Z"
      }
    },
    {
      "type": "Feature",
      "geometry": {
        "type": "Point",
        "coordinates": [
          -0.1310956,
          51.5092196
        ]
      },
      "properties": {
        "timestamp": "2023-01-27T15:22:42Z"
      }
    },
    {
      "type": "Feature",
      "geometry": {
        "type": "Point",
        "coordinates": [
          -0.1311626,
          51.5091811
        ]
      },
      "properties": {
        "timestamp": "2023-01-27T15:22:47Z"
      }
    },
    {
      "type": "Feature",
      "geometry": {
        "type": "Point",
        "coordinates": [
          -0.131251,
          51.5091243
        ]
      },
      "properties": {
        "timestamp": "2023-01-27T15:22:52Z"
      }
    },
    {
      "type": "Feature",
      "geometry": {
        "type": "Point",
        "coordinates": [
          -0.1312753,
          51.5091009
        ]
      },
      "properties": {
        "timestamp": "2023-01-27T15:22:54Z"
      }
    },
    {
      "type": "Feature",
      "geometry": {
        "type": "Point",
        "coordinates": [
          -0.1312929,
          51.5090884
        ]
      },
      "properties": {
        "timestamp": "2023-01-27T15:22:56Z"
      }
    },
    {
      "type": "Feature",
      "geometry": {
        "type": "Point",
        "coordinates": [
          -0.1313339,
          51.5090389
        ]
      },
      "properties": {
        "timestamp": "2023-01-27T15:22:59Z"
      }
    },
    {
      "type": "Feature",
      "geometry": {
        "type": "Point",
        "coordinates": [
          -0.131357,
          51.5090566
        ]
      },
      "properties": {
        "timestamp": "2023-01-27T15:23:00Z"
      }
    },
    {
      "type": "Feature",
      "geometry": {
        "type": "Point",
        "coordinates": [
          -0.1313728,
          51.5090592
        ]
      },
      "properties": {
        "timestamp": "2023-01-27T15:23:01Z"
      }
    },
    {
      "type": "Feature",
      "geometry": {
        "type": "Point",
        "coordinates": [
          -0.1313747,
          51.5090737
        ]
      },
      "properties": {
        "timestamp": "2023-01-27T15:23:02Z"
      }
    },
    {
      "type": "Feature",
      "geometry": {
        "type": "Point",
        "coordinates": [
          -0.1313934,
          51.5090666
        ]
      },
      "properties": {
        "timestamp": "2023-01-27T15:23:04Z"
      }
    },
    {
      "type": "Feature",
      "geometry": {
        "type": "Point",
        "coordinates": [
          -0.1315025,
          51.5091038
        ]
      },
      "properties": {
        "timestamp": "2023-01-27T15:23:09Z"
      }
    },
    {
      "type": "Feature",
      "geometry": {
        "type": "Point",
        "coordinates": [
          -0.1315091,
          51.509101
        ]
      },
      "properties": {
        "timestamp": "2023-01-27T15:23:10Z"
      }
    },
    {
      "type": "Feature",
      "geometry": {
        "type": "Point",
        "coordinates": [
          -0.1315117,
          51.5090913
        ]
      },
      "properties": {
        "timestamp": "2023-01-27T15:23:12Z"
      }
    },
    {
      "type": "Feature",
      "geometry": {
        "type": "Point",
        "coordinates": [
          -0.1315077,
          51.5090948
        ]
      },
      "properties": {
        "timestamp": "2023-01-27T15:23:14Z"
      }
    },
    {
      "type": "Feature",
      "geometry": {
        "type": "Point",
        "coordinates": [
          -0.1315084,
          51.5090959
        ]
      },
      "properties": {
        "timestamp": "2023-01-27T15:23:16Z"
      }
    },
    {
      "type": "Feature",
      "geometry": {
        "type": "Point",
        "coordinates": [
          -0.1315152,
          51.5090679
        ]
      },
      "properties": {
        "timestamp": "2023-01-27T15:23:20Z"
      }
    },
    {
      "type": "Feature",
      "geometry": {
        "type": "Point",
        "coordinates": [
          -0.1314964,
          51.5090382
        ]
      },
      "properties": {
        "timestamp": "2023-01-27T15:23:22Z"
      }
    },
    {
      "type": "Feature",
      "geometry": {
        "type": "Point",
        "coordinates": [
          -0.1314634,
          51.5090154
        ]
      },
      "properties": {
        "timestamp": "2023-01-27T15:23:26Z"
      }
    },
    {
      "type": "Feature",
      "geometry": {
        "type": "Point",
        "coordinates": [
          -0.1314561,
          51.5090129
        ]
      },
      "properties": {
        "timestamp": "2023-01-27T15:23:27Z"
      }
    },
    {
      "type": "Feature",
      "geometry": {
        "type": "Point",
        "coordinates": [
          -0.1314535,
          51.5090114
        ]
      },
      "properties": {
        "timestamp": "2023-01-27T15:23:28Z"
      }
    },
    {
      "type": "Feature",
      "geometry": {
        "type": "Point",
        "coordinates": [
          -0.131314,
          51.5087854
        ]
      },
      "properties": {
        "timestamp": "2023-01-27T15:46:51Z"
      }
    },
    {
      "type": "Feature",
      "geometry": {
        "type": "Point",
        "coordinates": [
          -0.1313142,
          51.5088619
        ]
      },
      "properties": {
        "timestamp": "2023-01-27T15:46:53Z"
      }
    },
    {
      "type": "Feature",
      "geometry": {
        "type": "Point",
        "coordinates": [
          -0.1313004,
          51.5089113
        ]
      },
      "properties": {
        "timestamp": "2023-01-27T15:46:55Z"
      }
    },
    {
      "type": "Feature",
      "geometry": {
        "type": "Point",
        "coordinates": [
          -0.1313423,
          51.5089725
        ]
      },
      "properties": {
        "timestamp": "2023-01-27T15:46:56Z"
      }
    },
    {
      "type": "Feature",
      "geometry": {
        "type": "Point",
        "coordinates": [
          -0.1313384,
          51.5089632
        ]
      },
      "properties": {
        "timestamp": "2023-01-27T15:46:57Z"
      }
    },
    {
      "type": "Feature",
      "geometry": {
        "type": "Point",
        "coordinates": [
          -0.131316,
          51.508938
        ]
      },
      "properties": {
        "timestamp": "2023-01-27T15:46:59Z"
      }
    },
    {
      "type": "Feature",
      "geometry": {
        "type": "Point",
        "coordinates": [
          -0.1313157,
          51.5089452
        ]
      },
      "properties": {
        "timestamp": "2023-01-27T15:47:00Z"
      }
    },
    {
      "type": "Feature",
      "geometry": {
        "type": "Point",
        "coordinates": [
          -0.1313166,
          51.5089773
        ]
      },
      "properties": {
        "timestamp": "2023-01-27T15:47:02Z"
      }
    },
    {
      "type": "Feature",
      "geometry": {
        "type": "Point",
        "coordinates": [
          -0.1313036,
          51.508991
        ]
      },
      "properties": {
        "timestamp": "2023-01-27T15:47:04Z"
      }
    },
    {
      "type": "Feature",
      "geometry": {
        "type": "Point",
        "coordinates": [
          -0.1313405,
          51.5089272
        ]
      },
      "properties": {
        "timestamp": "2023-01-27T15:47:05Z"
      }
    },
    {
      "type": "Feature",
      "geometry": {
        "type": "Point",
        "coordinates": [
          -0.1313392,
          51.5089023
        ]
      },
      "properties": {
        "timestamp": "2023-01-27T15:47:06Z"
      }
    },
    {
      "type": "Feature",
      "geometry": {
        "type": "Point",
        "coordinates": [
          -0.1313448,
          51.508873
        ]
      },
      "properties": {
        "timestamp": "2023-01-27T15:47:09Z"
      }
    },
    {
      "type": "Feature",
      "geometry": {
        "type": "Point",
        "coordinates": [
          -0.1313117,
          51.5089304
        ]
      },
      "properties": {
        "timestamp": "2023-01-27T15:47:12Z"
      }
    },
    {
      "type": "Feature",
      "geometry": {
        "type": "Point",
        "coordinates": [
          -0.1313163,
          51.5089035
        ]
      },
      "properties": {
        "timestamp": "2023-01-27T15:47:13Z"
      }
    },
    {
      "type": "Feature",
      "geometry": {
        "type": "Point",
        "coordinates": [
          -0.1313068,
          51.5088429
        ]
      },
      "properties": {
        "timestamp": "2023-01-27T15:47:17Z"
      }
    },
    {
      "type": "Feature",
      "geometry": {
        "type": "Point",
        "coordinates": [
          -0.1312663,
          51.5087871
        ]
      },
      "properties": {
        "timestamp": "2023-01-27T15:47:22Z"
      }
    },
    {
      "type": "Feature",
      "geometry": {
        "type": "Point",
        "coordinates": [
          -0.1312169,
          51.5087323
        ]
      },
      "properties": {
        "timestamp": "2023-01-27T15:47:26Z"
      }
    },
    {
      "type": "Feature",
      "geometry": {
        "type": "Point",
        "coordinates": [
          -0.1311421,
          51.5087092
        ]
      },
      "properties": {
        "timestamp": "2023-01-27T15:47:30Z"
      }
    },
    {
      "type": "Feature",
      "geometry": {
        "type": "Point",
        "coordinates": [
          -0.1311072,
          51.508697
        ]
      },
      "properties": {
        "timestamp": "2023-01-27T15:47:31Z"
      }
    },
    {
      "type": "Feature",
      "geometry": {
        "type": "Point",
        "coordinates": [
          -0.1310722,
          51.5087075
        ]
      },
      "properties": {
        "timestamp": "2023-01-27T15:47:32Z"
      }
    },
    {
      "type": "Feature",
      "geometry": {
        "type": "Point",
        "coordinates": [
          -0.1310532,
          51.5087124
        ]
      },
      "properties": {
        "timestamp": "2023-01-27T15:47:33Z"
      }
    },
    {
      "type": "Feature",
      "geometry": {
        "type": "Point",
        "coordinates": [
          -0.131021,
          51.5087489
        ]
      },
      "properties": {
        "timestamp": "2023-01-27T15:47:35Z"
      }
    },
    {
      "type": "Feature",
      "geometry": {
        "type": "Point",
        "coordinates": [
          -0.1309966,
          51.5087908
        ]
      },
      "properties": {
        "timestamp": "2023-01-27T15:47:36Z"
      }
    },
    {
      "type": "Feature",
      "geometry": {
        "type": "Point",
        "coordinates": [
          -0.1309501,
          51.5088592
        ]
      },
      "properties": {
        "timestamp": "2023-01-27T15:47:38Z"
      }
    },
    {
      "type": "Feature",
      "geometry": {
        "type": "Point",
        "coordinates": [
          -0.1308953,
          51.5089206
        ]
      },
      "properties": {
        "timestamp": "2023-01-27T15:47:41Z"
      }
    },
    {
      "type": "Feature",
      "geometry": {
        "type": "Point",
        "coordinates": [
          -0.1308309,
          51.5090366
        ]
      },
      "properties": {
        "timestamp": "2023-01-27T15:47:47Z"
      }
    },
    {
      "type": "Feature",
      "geometry": {
        "type": "Point",
        "coordinates": [
          -0.1308204,
          51.5090703
        ]
      },
      "properties": {
        "timestamp": "2023-01-27T15:47:48Z"
      }
    },
    {
      "type": "Feature",
      "geometry": {
        "type": "Point",
        "coordinates": [
          -0.1307405,
          51.5091568
        ]
      },
      "properties": {
        "timestamp": "2023-01-27T15:47:51Z"
      }
    },
    {
      "type": "Feature",
      "geometry": {
        "type": "Point",
        "coordinates": [
          -0.1307015,
          51.5091921
        ]
      },
      "properties": {
        "timestamp": "2023-01-27T15:47:53Z"
      }
    },
    {
      "type": "Feature",
      "geometry": {
        "type": "Point",
        "coordinates": [
          -0.1306603,
          51.5092121
        ]
      },
      "properties": {
        "timestamp": "2023-01-27T15:47:56Z"
      }
    },
    {
      "type": "Feature",
      "geometry": {
        "type": "Point",
        "coordinates": [
          -0.1306398,
          51.5092153
        ]
      },
      "properties": {
        "timestamp": "2023-01-27T15:47:57Z"
      }
    },
    {
      "type": "Feature",
      "geometry": {
        "type": "Point",
        "coordinates": [
          -0.1305971,
          51.509222
        ]
      },
      "properties": {
        "timestamp": "2023-01-27T15:47:59Z"
      }
    },
    {
      "type": "Feature",
      "geometry": {
        "type": "Point",
        "coordinates": [
          -0.1305599,
          51.5092552
        ]
      },
      "properties": {
        "timestamp": "2023-01-27T15:48:01Z"
      }
    },
    {
      "type": "Feature",
      "geometry": {
        "type": "Point",
        "coordinates": [
          -0.1305393,
          51.5092784
        ]
      },
      "properties": {
        "timestamp": "2023-01-27T15:48:02Z"
      }
    },
    {
      "type": "Feature",
      "geometry": {
        "type": "Point",
        "coordinates": [
          -0.1305206,
          51.5092866
        ]
      },
      "properties": {
        "timestamp": "2023-01-27T15:48:03Z"
      }
    },
    {
      "type": "Feature",
      "geometry": {
        "type": "Point",
        "coordinates": [
          -0.1304608,
          51.5093344
        ]
      },
      "properties": {
        "timestamp": "2023-01-27T15:48:05Z"
      }
    },
    {
      "type": "Feature",
      "geometry": {
        "type": "Point",
        "coordinates": [
          -0.1304473,
          51.509364
        ]
      },
      "properties": {
        "timestamp": "2023-01-27T15:48:06Z"
      }
    },
    {
      "type": "Feature",
      "geometry": {
        "type": "Point",
        "coordinates": [
          -0.1304218,
          51.5093984
        ]
      },
      "properties": {
        "timestamp": "2023-01-27T15:48:07Z"
      }
    },
    {
      "type": "Feature",
      "geometry": {
        "type": "Point",
        "coordinates": [
          -0.1303364,
          51.5094491
        ]
      },
      "properties": {
        "timestamp": "2023-01-27T15:48:10Z"
      }
    },
    {
      "type": "Feature",
      "geometry": {
        "type": "Point",
        "coordinates": [
          -0.1302879,
          51.5094604
        ]
      },
      "properties": {
        "timestamp": "2023-01-27T15:48:12Z"
      }
    },
    {
      "type": "Feature",
      "geometry": {
        "type": "Point",
        "coordinates": [
          -0.1302741,
          51.5094697
        ]
      },
      "properties": {
        "timestamp": "2023-01-27T15:48:13Z"
      }
    },
    {
      "type": "Feature",
      "geometry": {
        "type": "Point",
        "coordinates": [
          -0.1302596,
          51.5094802
        ]
      },
      "properties": {
        "timestamp": "2023-01-27T15:48:14Z"
      }
    },
    {
      "type": "Feature",
      "geometry": {
        "type": "Point",
        "coordinates": [
          -0.1302096,
          51.5095119
        ]
      },
      "properties": {
        "timestamp": "2023-01-27T15:48:17Z"
      }
    },
    {
      "type": "Feature",
      "geometry": {
        "type": "Point",
        "coordinates": [
          -0.1301539,
          51.5095069
        ]
      },
      "properties": {
        "timestamp": "2023-01-27T15:48:24Z"
      }
    },
    {
      "type": "Feature",
      "geometry": {
        "type": "Point",
        "coordinates": [
          -0.1301147,
          51.5094923
        ]
      },
      "properties": {
        "timestamp": "2023-01-27T15:48:26Z"
      }
    },
    {
      "type": "Feature",
      "geometry": {
        "type": "Point",
        "coordinates": [
          -0.130103,
          51.509483
        ]
      },
      "properties": {
        "timestamp": "2023-01-27T15:48:27Z"
      }
    },
    {
      "type": "Feature",
      "geometry": {
        "type": "Point",
        "coordinates": [
          -0.1300535,
          51.5095002
        ]
      },
      "properties": {
        "timestamp": "2023-01-27T15:48:29Z"
      }
    },
    {
      "type": "Feature",
      "geometry": {
        "type": "Point",
        "coordinates": [
          -0.1300006,
          51.5095038
        ]
      },
      "properties": {
        "timestamp": "2023-01-27T15:48:32Z"
      }
    },
    {
      "type": "Feature",
      "geometry": {
        "type": "Point",
        "coordinates": [
          -0.1299924,
          51.5094878
        ]
      },
      "properties": {
        "timestamp": "2023-01-27T15:48:33Z"
      }
    },
    {
      "type": "Feature",
      "geometry": {
        "type": "Point",
        "coordinates": [
          -0.129955,
          51.5094705
        ]
      },
      "properties": {
        "timestamp": "2023-01-27T15:48:35Z"
      }
    },
    {
      "type": "Feature",
      "geometry": {
        "type": "Point",
        "coordinates": [
          -0.1299291,
          51.5094573
        ]
      },
      "properties": {
        "timestamp": "2023-01-27T15:48:37Z"
      }
    },
    {
      "type": "Feature",
      "geometry": {
        "type": "Point",
        "coordinates": [
          -0.1298712,
          51.5094587
        ]
      },
      "properties": {
        "timestamp": "2023-01-27T15:48:40Z"
      }
    },
    {
      "type": "Feature",
      "geometry": {
        "type": "Point",
        "coordinates": [
          -0.1298352,
          51.509458
        ]
      },
      "properties": {
        "timestamp": "2023-01-27T15:48:42Z"
      }
    },
    {
      "type": "Feature",
      "geometry": {
        "type": "Point",
        "coordinates": [
          -0.1298192,
          51.5094785
        ]
      },
      "properties": {
        "timestamp": "2023-01-27T15:48:43Z"
      }
    },
    {
      "type": "Feature",
      "geometry": {
        "type": "Point",
        "coordinates": [
          -0.1297601,
          51.5095525
        ]
      },
      "properties": {
        "timestamp": "2023-01-27T15:48:48Z"
      }
    },
    {
      "type": "Feature",
      "geometry": {
        "type": "Point",
        "coordinates": [
          -0.1297379,
          51.5095749
        ]
      },
      "properties": {
        "timestamp": "2023-01-27T15:48:51Z"
      }
    },
    {
      "type": "Feature",
      "geometry": {
        "type": "Point",
        "coordinates": [
          -0.1297135,
          51.5095618
        ]
      },
      "properties": {
        "timestamp": "2023-01-27T15:48:53Z"
      }
    },
    {
      "type": "Feature",
      "geometry": {
        "type": "Point",
        "coordinates": [
          -0.1296556,
          51.5095573
        ]
      },
      "properties": {
        "timestamp": "2023-01-27T15:48:56Z"
      }
    },
    {
      "type": "Feature",
      "geometry": {
        "type": "Point",
        "coordinates": [
          -0.1295805,
          51.5095442
        ]
      },
      "properties": {
        "timestamp": "2023-01-27T15:49:00Z"
      }
    },
    {
      "type": "Feature",
      "geometry": {
        "type": "Point",
        "coordinates": [
          -0.1295568,
          51.5095423
        ]
      },
      "properties": {
        "timestamp": "2023-01-27T15:49:02Z"
      }
    },
    {
      "type": "Feature",
      "geometry": {
        "type": "Point",
        "coordinates": [
          -0.1295259,
          51.5095352
        ]
      },
      "properties": {
        "timestamp": "2023-01-27T15:49:04Z"
      }
    },
    {
      "type": "Feature",
      "geometry": {
        "type": "Point",
        "coordinates": [
          -0.1294629,
          51.5095065
        ]
      },
      "properties": {
        "timestamp": "2023-01-27T15:49:08Z"
      }
    },
    {
      "type": "Feature",
      "geometry": {
        "type": "Point",
        "coordinates": [
          -0.1294426,
          51.50949
        ]
      },
      "properties": {
        "timestamp": "2023-01-27T15:49:10Z"
      }
    },
    {
      "type": "Feature",
      "geometry": {
        "type": "Point",
        "coordinates": [
          -0.129389,
          51.5094876
        ]
      },
      "properties": {
        "timestamp": "2023-01-27T15:49:13Z"
      }
    },
    {
      "type": "Feature",
      "geometry": {
        "type": "Point",
        "coordinates": [
          -0.1293249,
          51.5094457
        ]
      },
      "properties": {
        "timestamp": "2023-01-27T15:49:18Z"
      }
    },
    {
      "type": "Feature",
      "geometry": {
        "type": "Point",
        "coordinates": [
          -0.1293204,
          51.5094392
        ]
      },
      "properties": {
        "timestamp": "2023-01-27T15:49:19Z"
      }
    },
    {
      "type": "Feature",
      "geometry": {
        "type": "Point",
        "coordinates": [
          -0.1293121,
          51.5094322
        ]
      },
      "properties": {
        "timestamp": "2023-01-27T15:49:20Z"
      }
    },
    {
      "type": "Feature",
      "geometry": {
        "type": "Point",
        "coordinates": [
          -0.1292879,
          51.5094328
        ]
      },
      "properties": {
        "timestamp": "2023-01-27T15:49:22Z"
      }
    },
    {
      "type": "Feature",
      "geometry": {
        "type": "Point",
        "coordinates": [
          -0.1292407,
          51.5094445
        ]
      },
      "properties": {
        "timestamp": "2023-01-27T15:49:24Z"
      }
    },
    {
      "type": "Feature",
      "geometry": {
        "type": "Point",
        "coordinates": [
          -0.1292116,
          51.5094493
        ]
      },
      "properties": {
        "timestamp": "2023-01-27T15:49:26Z"
      }
    },
    {
      "type": "Feature",
      "geometry": {
        "type": "Point",
        "coordinates": [
          -0.1291479,
          51.509475
        ]
      },
      "properties": {
        "timestamp": "2023-01-27T15:49:30Z"
      }
    },
    {
      "type": "Feature",
      "geometry": {
        "type": "Point",
        "coordinates": [
          -0.1290868,
          51.5094961
        ]
      },
      "properties": {
        "timestamp": "2023-01-27T15:49:33Z"
      }
    },
    {
      "type": "Feature",
      "geometry": {
        "type": "Point",
        "coordinates": [
          -0.1290426,
          51.5095106
        ]
      },
      "properties": {
        "timestamp": "2023-01-27T15:49:35Z"
      }
    },
    {
      "type": "Feature",
      "geometry": {
        "type": "Point",
        "coordinates": [
          -0.1289946,
          51.5095198
        ]
      },
      "properties": {
        "timestamp": "2023-01-27T15:49:37Z"
      }
    },
    {
      "type": "Feature",
      "geometry": {
        "type": "Point",
        "coordinates": [
          -0.1289486,
          51.5095137
        ]
      },
      "properties": {
        "timestamp": "2023-01-27T15:49:39Z"
      }
    },
    {
      "type": "Feature",
      "geometry": {
        "type": "Point",
        "coordinates": [
          -0.1288847,
          51.5095142
        ]
      },
      "properties": {
        "timestamp": "2023-01-27T15:49:42Z"
      }
    },
    {
      "type": "Feature",
      "geometry": {
        "type": "Point",
        "coordinates": [
          -0.1288504,
          51.5095155
        ]
      },
      "properties": {
        "timestamp": "2023-01-27T15:49:44Z"
      }
    },
    {
      "type": "Feature",
      "geometry": {
        "type": "Point",
        "coordinates": [
          -0.1288092,
          51.5095375
        ]
      },
      "properties": {
        "timestamp": "2023-01-27T15:49:46Z"
      }
    },
    {
      "type": "Feature",
      "geometry": {
        "type": "Point",
        "coordinates": [
          -0.1287914,
          51.5095441
        ]
      },
      "properties": {
        "timestamp": "2023-01-27T15:49:47Z"
      }
    },
    {
      "type": "Feature",
      "geometry": {
        "type": "Point",
        "coordinates": [
          -0.1287515,
          51.5095379
        ]
      },
      "properties": {
        "timestamp": "2023-01-27T15:49:49Z"
      }
    },
    {
      "type": "Feature",
      "geometry": {
        "type": "Point",
        "coordinates": [
          -0.128713,
          51.5095497
        ]
      },
      "properties": {
        "timestamp": "2023-01-27T15:49:51Z"
      }
    },
    {
      "type": "Feature",
      "geometry": {
        "type": "Point",
        "coordinates": [
          -0.1286019,
          51.5095883
        ]
      },
      "properties": {
        "timestamp": "2023-01-27T15:49:57Z"
      }
    },
    {
      "type": "Feature",
      "geometry": {
        "type": "Point",
        "coordinates": [
          -0.1285818,
          51.5096034
        ]
      },
      "properties": {
        "timestamp": "2023-01-27T15:49:58Z"
      }
    },
    {
      "type": "Feature",
      "geometry": {
        "type": "Point",
        "coordinates": [
          -0.1285432,
          51.5096417
        ]
      },
      "properties": {
        "timestamp": "2023-01-27T15:50:00Z"
      }
    },
    {
      "type": "Feature",
      "geometry": {
        "type": "Point",
        "coordinates": [
          -0.1285053,
          51.5096563
        ]
      },
      "properties": {
        "timestamp": "2023-01-27T15:50:01Z"
      }
    },
    {
      "type": "Feature",
      "geometry": {
        "type": "Point",
        "coordinates": [
          -0.1284788,
          51.5096656
        ]
      },
      "properties": {
        "timestamp": "2023-01-27T15:50:02Z"
      }
    },
    {
      "type": "Feature",
      "geometry": {
        "type": "Point",
        "coordinates": [
          -0.1284538,
          51.509681
        ]
      },
      "properties": {
        "timestamp": "2023-01-27T15:50:03Z"
      }
    },
    {
      "type": "Feature",
      "geometry": {
        "type": "Point",
        "coordinates": [
          -0.1284221,
          51.5097123
        ]
      },
      "properties": {
        "timestamp": "2023-01-27T15:50:05Z"
      }
    },
    {
      "type": "Feature",
      "geometry": {
        "type": "Point",
        "coordinates": [
          -0.1284065,
          51.5097204
        ]
      },
      "properties": {
        "timestamp": "2023-01-27T15:50:08Z"
      }
    },
    {
      "type": "Feature",
      "geometry": {
        "type": "Point",
        "coordinates": [
          -0.1284089,
          51.5097238
        ]
      },
      "properties": {
        "timestamp": "2023-01-27T15:50:12Z"
      }
    },
    {
      "type": "Feature",
      "geometry": {
        "type": "Point",
        "coordinates": [
          -0.1284156,
          51.5097188
        ]
      },
      "properties": {
        "timestamp": "2023-01-27T15:50:16Z"
      }
    },
    {
      "type": "Feature",
      "geometry": {
        "type": "Point",
        "coordinates": [
          -0.1284017,
          51.5097269
        ]
      },
      "properties": {
        "timestamp": "2023-01-27T15:50:19Z"
      }
    },
    {
      "type": "Feature",
      "geometry": {
        "type": "Point",
        "coordinates": [
          -0.1283798,
          51.5097465
        ]
      },
      "properties": {
        "timestamp": "2023-01-27T15:50:23Z"
      }
    },
    {
      "type": "Feature",
      "geometry": {
        "type": "Point",
        "coordinates": [
          -0.1283875,
          51.5098041
        ]
      },
      "properties": {
        "timestamp": "2023-01-27T15:50:29Z"
      }
    },
    {
      "type": "Feature",
      "geometry": {
        "type": "Point",
        "coordinates": [
          -0.1284024,
          51.5098064
        ]
      },
      "properties": {
        "timestamp": "2023-01-27T15:50:30Z"
      }
    },
    {
      "type": "Feature",
      "geometry": {
        "type": "Point",
        "coordinates": [
          -0.1284291,
          51.5098291
        ]
      },
      "properties": {
        "timestamp": "2023-01-27T15:50:33Z"
      }
    },
    {
      "type": "Feature",
      "geometry": {
        "type": "Point",
        "coordinates": [
          -0.1283926,
          51.5098537
        ]
      },
      "properties": {
        "timestamp": "2023-01-27T15:50:36Z"
      }
    },
    {
      "type": "Feature",
      "geometry": {
        "type": "Point",
        "coordinates": [
          -0.1283061,
          51.5098644
        ]
      },
      "properties": {
        "timestamp": "2023-01-27T15:50:43Z"
      }
    },
    {
      "type": "Feature",
      "geometry": {
        "type": "Point",
        "coordinates": [
          -0.128271,
          51.5098762
        ]
      },
      "properties": {
        "timestamp": "2023-01-27T15:50:45Z"
      }
    },
    {
      "type": "Feature",
      "geometry": {
        "type": "Point",
        "coordinates": [
          -0.1281582,
          51.5098261
        ]
      },
      "properties": {
        "timestamp": "2023-01-27T15:50:52Z"
      }
    },
    {
      "type": "Feature",
      "geometry": {
        "type": "Point",
        "coordinates": [
          -0.1281116,
          51.5098079
        ]
      },
      "properties": {
        "timestamp": "2023-01-27T15:50:55Z"
      }
    },
    {
      "type": "Feature",
      "geometry": {
        "type": "Point",
        "coordinates": [
          -0.1280845,
          51.5097804
        ]
      },
      "properties": {
        "timestamp": "2023-01-27T15:50:57Z"
      }
    },
    {
      "type": "Feature",
      "geometry": {
        "type": "Point",
        "coordinates": [
          -0.1280637,
          51.5097432
        ]
      },
      "properties": {
        "timestamp": "2023-01-27T15:50:59Z"
      }
    },
    {
      "type": "Feature",
      "geometry": {
        "type": "Point",
        "coordinates": [
          -0.1280037,
          51.509707
        ]
      },
      "properties": {
        "timestamp": "2023-01-27T15:51:03Z"
      }
    },
    {
      "type": "Feature",
      "geometry": {
        "type": "Point",
        "coordinates": [
          -0.1279715,
          51.5097101
        ]
      },
      "properties": {
        "timestamp": "2023-01-27T15:51:05Z"
      }
    },
    {
      "type": "Feature",
      "geometry": {
        "type": "Point",
        "coordinates": [
          -0.1279653,
          51.5097027
        ]
      },
      "properties": {
        "timestamp": "2023-01-27T15:51:06Z"
      }
    },
    {
      "type": "Feature",
      "geometry": {
        "type": "Point",
        "coordinates": [
          -0.1279378,
          51.5096841
        ]
      },
      "properties": {
        "timestamp": "2023-01-27T15:51:10Z"
      }
    },
    {
      "type": "Feature",
      "geometry": {
        "type": "Point",
        "coordinates": [
          -0.1279029,
          51.509685
        ]
      },
      "properties": {
        "timestamp": "2023-01-27T15:51:15Z"
      }
    },
    {
      "type": "Feature",
      "geometry": {
        "type": "Point",
        "coordinates": [
          -0.1278961,
          51.5096727
        ]
      },
      "properties": {
        "timestamp": "2023-01-27T15:51:16Z"
      }
    },
    {
      "type": "Feature",
      "geometry": {
        "type": "Point",
        "coordinates": [
          -0.1279029,
          51.5096283
        ]
      },
      "properties": {
        "timestamp": "2023-01-27T15:51:18Z"
      }
    },
    {
      "type": "Feature",
      "geometry": {
        "type": "Point",
        "coordinates": [
          -0.127897,
          51.5095935
        ]
      },
      "properties": {
        "timestamp": "2023-01-27T15:51:20Z"
      }
    },
    {
      "type": "Feature",
      "geometry": {
        "type": "Point",
        "coordinates": [
          -0.127885,
          51.5095806
        ]
      },
      "properties": {
        "timestamp": "2023-01-27T15:51:21Z"
      }
    },
    {
      "type": "Feature",
      "geometry": {
        "type": "Point",
        "coordinates": [
          -0.127887,
          51.5094919
        ]
      },
      "properties": {
        "timestamp": "2023-01-27T15:51:25Z"
      }
    },
    {
      "type": "Feature",
      "geometry": {
        "type": "Point",
        "coordinates": [
          -0.1278628,
          51.5094676
        ]
      },
      "properties": {
        "timestamp": "2023-01-27T15:51:27Z"
      }
    },
    {
      "type": "Feature",
      "geometry": {
        "type": "Point",
        "coordinates": [
          -0.1278094,
          51.5094588
        ]
      },
      "properties": {
        "timestamp": "2023-01-27T15:51:30Z"
      }
    },
    {
      "type": "Feature",
      "geometry": {
        "type": "Point",
        "coordinates": [
          -0.1277925,
          51.5094686
        ]
      },
      "properties": {
        "timestamp": "2023-01-27T15:51:32Z"
      }
    },
    {
      "type": "Feature",
      "geometry": {
        "type": "Point",
        "coordinates": [
          -0.1277713,
          51.509452
        ]
      },
      "properties": {
        "timestamp": "2023-01-27T15:51:34Z"
      }
    },
    {
      "type": "Feature",
      "geometry": {
        "type": "Point",
        "coordinates": [
          -0.1277094,
          51.5094566
        ]
      },
      "properties": {
        "timestamp": "2023-01-27T15:51:37Z"
      }
    },
    {
      "type": "Feature",
      "geometry": {
        "type": "Point",
        "coordinates": [
          -0.1276781,
          51.5094509
        ]
      },
      "properties": {
        "timestamp": "2023-01-27T15:51:39Z"
      }
    },
    {
      "type": "Feature",
      "geometry": {
        "type": "Point",
        "coordinates": [
          -0.1276423,
          51.5094458
        ]
      },
      "properties": {
        "timestamp": "2023-01-27T15:51:41Z"
      }
    },
    {
      "type": "Feature",
      "geometry": {
        "type": "Point",
        "coordinates": [
          -0.1276062,
          51.5094629
        ]
      },
      "properties": {
        "timestamp": "2023-01-27T15:51:42Z"
      }
    },
    {
      "type": "Feature",
      "geometry": {
        "type": "Point",
        "coordinates": [
          -0.1274884,
          51.5094887
        ]
      },
      "properties": {
        "timestamp": "2023-01-27T15:51:46Z"
      }
    },
    {
      "type": "Feature",
      "geometry": {
        "type": "Point",
        "coordinates": [
          -0.1274639,
          51.5094866
        ]
      },
      "properties": {
        "timestamp": "2023-01-27T15:51:47Z"
      }
    },
    {
      "type": "Feature",
      "geometry": {
        "type": "Point",
        "coordinates": [
          -0.127383,
          51.5094669
        ]
      },
      "properties": {
        "timestamp": "2023-01-27T15:51:51Z"
      }
    },
    {
      "type": "Feature",
      "geometry": {
        "type": "Point",
        "coordinates": [
          -0.1273298,
          51.5094551
        ]
      },
      "properties": {
        "timestamp": "2023-01-27T15:51:54Z"
      }
    },
    {
      "type": "Feature",
      "geometry": {
        "type": "Point",
        "coordinates": [
          -0.1272844,
          51.5094125
        ]
      },
      "properties": {
        "timestamp": "2023-01-27T15:52:00Z"
      }
    },
    {
      "type": "Feature",
      "geometry": {
        "type": "Point",
        "coordinates": [
          -0.1272784,
          51.5094039
        ]
      },
      "properties": {
        "timestamp": "2023-01-27T15:52:01Z"
      }
    },
    {
      "type": "Feature",
      "geometry": {
        "type": "Point",
        "coordinates": [
          -0.1272988,
          51.5093409
        ]
      },
      "properties": {
        "timestamp": "2023-01-27T15:52:05Z"
      }
    },
    {
      "type": "Feature",
      "geometry": {
        "type": "Point",
        "coordinates": [
          -0.1272968,
          51.5093377
        ]
      },
      "properties": {
        "timestamp": "2023-01-27T15:52:06Z"
      }
    },
    {
      "type": "Feature",
      "geometry": {
        "type": "Point",
        "coordinates": [
          -0.1273052,
          51.5092841
        ]
      },
      "properties": {
        "timestamp": "2023-01-27T15:52:11Z"
      }
    },
    {
      "type": "Feature",
      "geometry": {
        "type": "Point",
        "coordinates": [
          -0.1272868,
          51.5092526
        ]
      },
      "properties": {
        "timestamp": "2023-01-27T15:52:13Z"
      }
    },
    {
      "type": "Feature",
      "geometry": {
        "type": "Point",
        "coordinates": [
          -0.1272758,
          51.5092376
        ]
      },
      "properties": {
        "timestamp": "2023-01-27T15:52:14Z"
      }
    },
    {
      "type": "Feature",
      "geometry": {
        "type": "Point",
        "coordinates": [
          -0.1272588,
          51.5092327
        ]
      },
      "properties": {
        "timestamp": "2023-01-27T15:52:15Z"
      }
    },
    {
      "type": "Feature",
      "geometry": {
        "type": "Point",
        "coordinates": [
          -0.12724,
          51.5092227
        ]
      },
      "properties": {
        "timestamp": "2023-01-27T15:52:16Z"
      }
    },
    {
      "type": "Feature",
      "geometry": {
        "type": "Point",
        "coordinates": [
          -0.1272288,
          51.5092198
        ]
      },
      "properties": {
        "timestamp": "2023-01-27T15:52:17Z"
      }
    },
    {
      "type": "Feature",
      "geometry": {
        "type": "Point",
        "coordinates": [
          -0.1272198,
          51.509216
        ]
      },
      "properties": {
        "timestamp": "2023-01-27T15:52:19Z"
      }
    },
    {
      "type": "Feature",
      "geometry": {
        "type": "Point",
        "coordinates": [
          -0.1272011,
          51.5091926
        ]
      },
      "properties": {
        "timestamp": "2023-01-27T15:52:23Z"
      }
    },
    {
      "type": "Feature",
      "geometry": {
        "type": "Point",
        "coordinates": [
          -0.1271851,
          51.5091742
        ]
      },
      "properties": {
        "timestamp": "2023-01-27T15:52:25Z"
      }
    },
    {
      "type": "Feature",
      "geometry": {
        "type": "Point",
        "coordinates": [
          -0.1272037,
          51.5091029
        ]
      },
      "properties": {
        "timestamp": "2023-01-27T15:52:30Z"
      }
    },
    {
      "type": "Feature",
      "geometry": {
        "type": "Point",
        "coordinates": [
          -0.1272069,
          51.509061
        ]
      },
      "properties": {
        "timestamp": "2023-01-27T15:52:33Z"
      }
    },
    {
      "type": "Feature",
      "geometry": {
        "type": "Point",
        "coordinates": [
          -0.1271826,
          51.5090672
        ]
      },
      "properties": {
        "timestamp": "2023-01-27T15:52:34Z"
      }
    },
    {
      "type": "Feature",
      "geometry": {
        "type": "Point",
        "coordinates": [
          -0.127173,
          51.5090128
        ]
      },
      "properties": {
        "timestamp": "2023-01-27T15:52:38Z"
      }
    },
    {
      "type": "Feature",
      "geometry": {
        "type": "Point",
        "coordinates": [
          -0.1271728,
          51.508997
        ]
      },
      "properties": {
        "timestamp": "2023-01-27T15:52:39Z"
      }
    },
    {
      "type": "Feature",
      "geometry": {
        "type": "Point",
        "coordinates": [
          -0.1271753,
          51.5089712
        ]
      },
      "properties": {
        "timestamp": "2023-01-27T15:52:40Z"
      }
    },
    {
      "type": "Feature",
      "geometry": {
        "type": "Point",
        "coordinates": [
          -0.1271756,
          51.5089651
        ]
      },
      "properties": {
        "timestamp": "2023-01-27T15:52:41Z"
      }
    },
    {
      "type": "Feature",
      "geometry": {
        "type": "Point",
        "coordinates": [
          -0.127172,
          51.5089485
        ]
      },
      "properties": {
        "timestamp": "2023-01-27T15:52:43Z"
      }
    },
    {
      "type": "Feature",
      "geometry": {
        "type": "Point",
        "coordinates": [
          -0.1271802,
          51.5088814
        ]
      },
      "properties": {
        "timestamp": "2023-01-27T15:52:48Z"
      }
    },
    {
      "type": "Feature",
      "geometry": {
        "type": "Point",
        "coordinates": [
          -0.1271681,
          51.5088671
        ]
      },
      "properties": {
        "timestamp": "2023-01-27T15:52:51Z"
      }
    },
    {
      "type": "Feature",
      "geometry": {
        "type": "Point",
        "coordinates": [
          -0.1271639,
          51.5088687
        ]
      },
      "properties": {
        "timestamp": "2023-01-27T15:52:52Z"
      }
    },
    {
      "type": "Feature",
      "geometry": {
        "type": "Point",
        "coordinates": [
          -0.1271654,
          51.5088632
        ]
      },
      "properties": {
        "timestamp": "2023-01-27T15:52:53Z"
      }
    },
    {
      "type": "Feature",
      "geometry": {
        "type": "Point",
        "coordinates": [
          -0.1271732,
          51.5088302
        ]
      },
      "properties": {
        "timestamp": "2023-01-27T15:52:56Z"
      }
    },
    {
      "type": "Feature",
      "geometry": {
        "type": "Point",
        "coordinates": [
          -0.1271911,
          51.5088171
        ]
      },
      "properties": {
        "timestamp": "2023-01-27T15:52:59Z"
      }
    },
    {
      "type": "Feature",
      "geometry": {
        "type": "Point",
        "coordinates": [
          -0.1272146,
          51.5088175
        ]
      },
      "properties": {
        "timestamp": "2023-01-27T15:53:01Z"
      }
    },
    {
      "type": "Feature",
      "geometry": {
        "type": "Point",
        "coordinates": [
          -0.127222,
          51.5088129
        ]
      },
      "properties": {
        "timestamp": "2023-01-27T15:53:02Z"
      }
    },
    {
      "type": "Feature",
      "geometry": {
        "type": "Point",
        "coordinates": [
          -0.1272196,
          51.508804
        ]
      },
      "properties": {
        "timestamp": "2023-01-27T15:53:03Z"
      }
    },
    {
      "type": "Feature",
      "geometry": {
        "type": "Point",
        "coordinates": [
          -0.1272222,
          51.508802
        ]
      },
      "properties": {
        "timestamp": "2023-01-27T15:53:05Z"
      }
    },
    {
      "type": "Feature",
      "geometry": {
        "type": "Point",
        "coordinates": [
          -0.1272178,
          51.5087379
        ]
      },
      "properties": {
        "timestamp": "2023-01-27T15:53:09Z"
      }
    },
    {
      "type": "Feature",
      "geometry": {
        "type": "Point",
        "coordinates": [
          -0.1272075,
          51.5087336
        ]
      },
      "properties": {
        "timestamp": "2023-01-27T15:53:11Z"
      }
    },
    {
      "type": "Feature",
      "geometry": {
        "type": "Point",
        "coordinates": [
          -0.1271866,
          51.5087309
        ]
      },
      "properties": {
        "timestamp": "2023-01-27T15:53:15Z"
      }
    },
    {
      "type": "Feature",
      "geometry": {
        "type": "Point",
        "coordinates": [
          -0.1271754,
          51.50869
        ]
      },
      "properties": {
        "timestamp": "2023-01-27T15:53:19Z"
      }
    },
    {
      "type": "Feature",
      "geometry": {
        "type": "Point",
        "coordinates": [
          -0.1271605,
          51.5086778
        ]
      },
      "properties": {
        "timestamp": "2023-01-27T15:53:21Z"
      }
    },
    {
      "type": "Feature",
      "geometry": {
        "type": "Point",
        "coordinates": [
          -0.1271179,
          51.5085987
        ]
      },
      "properties": {
        "timestamp": "2023-01-27T15:53:27Z"
      }
    },
    {
      "type": "Feature",
      "geometry": {
        "type": "Point",
        "coordinates": [
          -0.1271022,
          51.5085967
        ]
      },
      "properties": {
        "timestamp": "2023-01-27T15:53:30Z"
      }
    },
    {
      "type": "Feature",
      "geometry": {
        "type": "Point",
        "coordinates": [
          -0.1271054,
          51.5085865
        ]
      },
      "properties": {
        "timestamp": "2023-01-27T15:53:32Z"
      }
    },
    {
      "type": "Feature",
      "geometry": {
        "type": "Point",
        "coordinates": [
          -0.1270973,
          51.5085726
        ]
      },
      "properties": {
        "timestamp": "2023-01-27T15:53:33Z"
      }
    },
    {
      "type": "Feature",
      "geometry": {
        "type": "Point",
        "coordinates": [
          -0.1270975,
          51.508532
        ]
      },
      "properties": {
        "timestamp": "2023-01-27T15:53:35Z"
      }
    },
    {
      "type": "Feature",
      "geometry": {
        "type": "Point",
        "coordinates": [
          -0.1271127,
          51.5084621
        ]
      },
      "properties": {
        "timestamp": "2023-01-27T15:53:39Z"
      }
    },
    {
      "type": "Feature",
      "geometry": {
        "type": "Point",
        "coordinates": [
          -0.1272042,
          51.5084055
        ]
      },
      "properties": {
        "timestamp": "2023-01-27T15:53:45Z"
      }
    },
    {
      "type": "Feature",
      "geometry": {
        "type": "Point",
        "coordinates": [
          -0.1272134,
          51.5083983
        ]
      },
      "properties": {
        "timestamp": "2023-01-27T15:53:46Z"
      }
    },
    {
      "type": "Feature",
      "geometry": {
        "type": "Point",
        "coordinates": [
          -0.1272285,
          51.5083384
        ]
      },
      "properties": {
        "timestamp": "2023-01-27T15:53:50Z"
      }
    },
    {
      "type": "Feature",
      "geometry": {
        "type": "Point",
        "coordinates": [
          -0.1272282,
          51.5083253
        ]
      },
      "properties": {
        "timestamp": "2023-01-27T15:53:52Z"
      }
    },
    {
      "type": "Feature",
      "geometry": {
        "type": "Point",
        "coordinates": [
          -0.1272358,
          51.5083154
        ]
      },
      "properties": {
        "timestamp": "2023-01-27T15:53:53Z"
      }
    },
    {
      "type": "Feature",
      "geometry": {
        "type": "Point",
        "coordinates": [
          -0.1272325,
          51.5083135
        ]
      },
      "properties": {
        "timestamp": "2023-01-27T15:53:54Z"
      }
    },
    {
      "type": "Feature",
      "geometry": {
        "type": "Point",
        "coordinates": [
          -0.1272319,
          51.5083117
        ]
      },
      "properties": {
        "timestamp": "2023-01-27T15:53:56Z"
      }
    },
    {
      "type": "Feature",
      "geometry": {
        "type": "Point",
        "coordinates": [
          -0.127238,
          51.5083099
        ]
      },
      "properties": {
        "timestamp": "2023-01-27T15:53:57Z"
      }
    },
    {
      "type": "Feature",
      "geometry": {
        "type": "Point",
        "coordinates": [
          -0.127246,
          51.5082808
        ]
      },
      "properties": {
        "timestamp": "2023-01-27T15:54:00Z"
      }
    },
    {
      "type": "Feature",
      "geometry": {
        "type": "Point",
        "coordinates": [
          -0.1272504,
          51.5082393
        ]
      },
      "properties": {
        "timestamp": "2023-01-27T15:54:02Z"
      }
    },
    {
      "type": "Feature",
      "geometry": {
        "type": "Point",
        "coordinates": [
          -0.1272436,
          51.5082301
        ]
      },
      "properties": {
        "timestamp": "2023-01-27T15:54:03Z"
      }
    },
    {
      "type": "Feature",
      "geometry": {
        "type": "Point",
        "coordinates": [
          -0.1272529,
          51.5081987
        ]
      },
      "properties": {
        "timestamp": "2023-01-27T15:54:05Z"
      }
    },
    {
      "type": "Feature",
      "geometry": {
        "type": "Point",
        "coordinates": [
          -0.1272412,
          51.5081643
        ]
      },
      "properties": {
        "timestamp": "2023-01-27T15:54:08Z"
      }
    },
    {
      "type": "Feature",
      "geometry": {
        "type": "Point",
        "coordinates": [
          -0.1272208,
          51.5081456
        ]
      },
      "properties": {
        "timestamp": "2023-01-27T15:54:10Z"
      }
    },
    {
      "type": "Feature",
      "geometry": {
        "type": "Point",
        "coordinates": [
          -0.127213,
          51.5081413
        ]
      },
      "properties": {
        "timestamp": "2023-01-27T15:54:13Z"
      }
    },
    {
      "type": "Feature",
      "geometry": {
        "type": "Point",
        "coordinates": [
          -0.127161,
          51.5080907
        ]
      },
      "properties": {
        "timestamp": "2023-01-27T15:54:15Z"
      }
    },
    {
      "type": "Feature",
      "geometry": {
        "type": "Point",
        "coordinates": [
          -0.1271238,
          51.5080427
        ]
      },
      "properties": {
        "timestamp": "2023-01-27T15:54:17Z"
      }
    },
    {
      "type": "Feature",
      "geometry": {
        "type": "Point",
        "coordinates": [
          -0.127059,
          51.5079877
        ]
      },
      "properties": {
        "timestamp": "2023-01-27T15:54:21Z"
      }
    },
    {
      "type": "Feature",
      "geometry": {
        "type": "Point",
        "coordinates": [
          -0.1270303,
          51.5079655
        ]
      },
      "properties": {
        "timestamp": "2023-01-27T15:54:23Z"
      }
    },
    {
      "type": "Feature",
      "geometry": {
        "type": "Point",
        "coordinates": [
          -0.1270035,
          51.5078882
        ]
      },
      "properties": {
        "timestamp": "2023-01-27T15:54:30Z"
      }
    },
    {
      "type": "Feature",
      "geometry": {
        "type": "Point",
        "coordinates": [
          -0.1270244,
          51.5078926
        ]
      },
      "properties": {
        "timestamp": "2023-01-27T15:54:31Z"
      }
    },
    {
      "type": "Feature",
      "geometry": {
        "type": "Point",
        "coordinates": [
          -0.1270572,
          51.5078706
        ]
      },
      "properties": {
        "timestamp": "2023-01-27T15:54:34Z"
      }
    },
    {
      "type": "Feature",
      "geometry": {
        "type": "Point",
        "coordinates": [
          -0.1270367,
          51.5078981
        ]
      },
      "properties": {
        "timestamp": "2023-01-27T15:54:37Z"
      }
    },
    {
      "type": "Feature",
      "geometry": {
        "type": "Point",
        "coordinates": [
          -0.1270457,
          51.5079475
        ]
      },
      "properties": {
        "timestamp": "2023-01-27T15:54:42Z"
      }
    },
    {
      "type": "Feature",
      "geometry": {
        "type": "Point",
        "coordinates": [
          -0.1270432,
          51.5079444
        ]
      },
      "properties": {
        "timestamp": "2023-01-27T15:54:44Z"
      }
    },
    {
      "type": "Feature",
      "geometry": {
        "type": "Point",
        "coordinates": [
          -0.127038,
          51.5079415
        ]
      },
      "properties": {
        "timestamp": "2023-01-27T15:54:48Z"
      }
    },
    {
      "type": "Feature",
      "geometry": {
        "type": "Point",
        "coordinates": [
          -0.1270329,
          51.5079514
        ]
      },
      "properties": {
        "timestamp": "2023-01-27T15:54:50Z"
      }
    },
    {
      "type": "Feature",
      "geometry": {
        "type": "Point",
        "coordinates": [
          -0.127034,
          51.5079523
        ]
      },
      "properties": {
        "timestamp": "2023-01-27T15:54:51Z"
      }
    },
    {
      "type": "Feature",
      "geometry": {
        "type": "Point",
        "coordinates": [
          -0.1270384,
          51.5079552
        ]
      },
      "properties": {
        "timestamp": "2023-01-27T15:54:52Z"
      }
    },
    {
      "type": "Feature",
      "geometry": {
        "type": "Point",
        "coordinates": [
          -0.127037,
          51.5079536
        ]
      },
      "properties": {
        "timestamp": "2023-01-27T15:54:58Z"
      }
    },
    {
      "type": "Feature",
      "geometry": {
        "type": "Point",
        "coordinates": [
          -0.1270306,
          51.5079504
        ]
      },
      "properties": {
        "timestamp": "2023-01-27T15:55:06Z"
      }
    },
    {
      "type": "Feature",
      "geometry": {
        "type": "Point",
        "coordinates": [
          -0.1270301,
          51.5079565
        ]
      },
      "properties": {
        "timestamp": "2023-01-27T15:55:07Z"
      }
    },
    {
      "type": "Feature",
      "geometry": {
        "type": "Point",
        "coordinates": [
          -0.1270262,
          51.507927
        ]
      },
      "properties": {
        "timestamp": "2023-01-27T15:55:13Z"
      }
    },
    {
      "type": "Feature",
      "geometry": {
        "type": "Point",
        "coordinates": [
          -0.1270158,
          51.507911
        ]
      },
      "properties": {
        "timestamp": "2023-01-27T15:55:14Z"
      }
    },
    {
      "type": "Feature",
      "geometry": {
        "type": "Point",
        "coordinates": [
          -0.1270084,
          51.5078993
        ]
      },
      "properties": {
        "timestamp": "2023-01-27T15:55:15Z"
      }
    },
    {
      "type": "Feature",
      "geometry": {
        "type": "Point",
        "coordinates": [
          -0.126994,
          51.5078809
        ]
      },
      "properties": {
        "timestamp": "2023-01-27T15:55:18Z"
      }
    },
    {
      "type": "Feature",
      "geometry": {
        "type": "Point",
        "coordinates": [
          -0.1269816,
          51.507871
        ]
      },
      "properties": {
        "timestamp": "2023-01-27T15:55:19Z"
      }
    },
    {
      "type": "Feature",
      "geometry": {
        "type": "Point",
        "coordinates": [
          -0.1270178,
          51.5078588
        ]
      },
      "properties": {
        "timestamp": "2023-01-27T15:55:24Z"
      }
    },
    {
      "type": "Feature",
      "geometry": {
        "type": "Point",
        "coordinates": [
          -0.1270347,
          51.5078564
        ]
      },
      "properties": {
        "timestamp": "2023-01-27T15:55:26Z"
      }
    },
    {
      "type": "Feature",
      "geometry": {
        "type": "Point",
        "coordinates": [
          -0.127081,
          51.5078649
        ]
      },
      "properties": {
        "timestamp": "2023-01-27T15:55:29Z"
      }
    },
    {
      "type": "Feature",
      "geometry": {
        "type": "Point",
        "coordinates": [
          -0.1270748,
          51.5078651
        ]
      },
      "properties": {
        "timestamp": "2023-01-27T15:55:30Z"
      }
    },
    {
      "type": "Feature",
      "geometry": {
        "type": "Point",
        "coordinates": [
          -0.1270883,
          51.5078738
        ]
      },
      "properties": {
        "timestamp": "2023-01-27T15:55:32Z"
      }
    },
    {
      "type": "Feature",
      "geometry": {
        "type": "Point",
        "coordinates": [
          -0.1270875,
          51.507883
        ]
      },
      "properties": {
        "timestamp": "2023-01-27T15:55:33Z"
      }
    },
    {
      "type": "Feature",
      "geometry": {
        "type": "Point",
        "coordinates": [
          -0.1270867,
          51.5078856
        ]
      },
      "properties": {
        "timestamp": "2023-01-27T15:55:34Z"
      }
    },
    {
      "type": "Feature",
      "geometry": {
        "type": "Point",
        "coordinates": [
          -0.1270995,
          51.5079023
        ]
      },
      "properties": {
        "timestamp": "2023-01-27T15:55:41Z"
      }
    },
    {
      "type": "Feature",
      "geometry": {
        "type": "Point",
        "coordinates": [
          -0.1271786,
          51.5078793
        ]
      },
      "properties": {
        "timestamp": "2023-01-27T15:55:48Z"
      }
    },
    {
      "type": "Feature",
      "geometry": {
        "type": "Point",
        "coordinates": [
          -0.127188,
          51.507866
        ]
      },
      "properties": {
        "timestamp": "2023-01-27T15:55:50Z"
      }
    },
    {
      "type": "Feature",
      "geometry": {
        "type": "Point",
        "coordinates": [
          -0.1271955,
          51.5078569
        ]
      },
      "properties": {
        "timestamp": "2023-01-27T15:55:51Z"
      }
    },
    {
      "type": "Feature",
      "geometry": {
        "type": "Point",
        "coordinates": [
          -0.1272147,
          51.5078228
        ]
      },
      "properties": {
        "timestamp": "2023-01-27T15:55:53Z"
      }
    },
    {
      "type": "Feature",
      "geometry": {
        "type": "Point",
        "coordinates": [
          -0.1272233,
          51.5078192
        ]
      },
      "properties": {
        "timestamp": "2023-01-27T15:55:54Z"
      }
    },
    {
      "type": "Feature",
      "geometry": {
        "type": "Point",
        "coordinates": [
          -0.1272177,
          51.5078061
        ]
      },
      "properties": {
        "timestamp": "2023-01-27T15:55:56Z"
      }
    },
    {
      "type": "Feature",
      "geometry": {
        "type": "Point",
        "coordinates": [
          -0.1272101,
          51.5077936
        ]
      },
      "properties": {
        "timestamp": "2023-01-27T15:55:57Z"
      }
    },
    {
      "type": "Feature",
      "geometry": {
        "type": "Point",
        "coordinates": [
          -0.1271956,
          51.5077599
        ]
      },
      "properties": {
        "timestamp": "2023-01-27T15:56:00Z"
      }
    },
    {
      "type": "Feature",
      "geometry": {
        "type": "Point",
        "coordinates": [
          -0.1271985,
          51.5077395
        ]
      },
      "properties": {
        "timestamp": "2023-01-27T15:56:01Z"
      }
    },
    {
      "type": "Feature",
      "geometry": {
        "type": "Point",
        "coordinates": [
          -0.1271949,
          51.5077326
        ]
      },
      "properties": {
        "timestamp": "2023-01-27T15:56:02Z"
      }
    },
    {
      "type": "Feature",
      "geometry": {
        "type": "Point",
        "coordinates": [
          -0.1271863,
          51.5077328
        ]
      },
      "properties": {
        "timestamp": "2023-01-27T15:56:04Z"
      }
    },
    {
      "type": "Feature",
      "geometry": {
        "type": "Point",
        "coordinates": [
          -0.1271887,
          51.5076884
        ]
      },
      "properties": {
        "timestamp": "2023-01-27T15:56:06Z"
      }
    },
    {
      "type": "Feature",
      "geometry": {
        "type": "Point",
        "coordinates": [
          -0.1271892,
          51.5076633
        ]
      },
      "properties": {
        "timestamp": "2023-01-27T15:56:07Z"
      }
    },
    {
      "type": "Feature",
      "geometry": {
        "type": "Point",
        "coordinates": [
          -0.1271898,
          51.5076313
        ]
      },
      "properties": {
        "timestamp": "2023-01-27T15:56:11Z"
      }
    },
    {
      "type": "Feature",
      "geometry": {
        "type": "Point",
        "coordinates": [
          -0.1271897,
          51.5076291
        ]
      },
      "properties": {
        "timestamp": "2023-01-27T15:56:12Z"
      }
    },
    {
      "type": "Feature",
      "geometry": {
        "type": "Point",
        "coordinates": [
          -0.1271895,
          51.5076245
        ]
      },
      "properties": {
        "timestamp": "2023-01-27T15:56:13Z"
      }
    },
    {
      "type": "Feature",
      "geometry": {
        "type": "Point",
        "coordinates": [
          -0.1271985,
          51.507607
        ]
      },
      "properties": {
        "timestamp": "2023-01-27T15:56:15Z"
      }
    },
    {
      "type": "Feature",
      "geometry": {
        "type": "Point",
        "coordinates": [
          -0.1272082,
          51.5075964
        ]
      },
      "properties": {
        "timestamp": "2023-01-27T15:56:16Z"
      }
    },
    {
      "type": "Feature",
      "geometry": {
        "type": "Point",
        "coordinates": [
          -0.1272126,
          51.5075915
        ]
      },
      "properties": {
        "timestamp": "2023-01-27T15:56:17Z"
      }
    },
    {
      "type": "Feature",
      "geometry": {
        "type": "Point",
        "coordinates": [
          -0.1272179,
          51.507561
        ]
      },
      "properties": {
        "timestamp": "2023-01-27T15:56:19Z"
      }
    },
    {
      "type": "Feature",
      "geometry": {
        "type": "Point",
        "coordinates": [
          -0.1272282,
          51.5075233
        ]
      },
      "properties": {
        "timestamp": "2023-01-27T15:56:22Z"
      }
    },
    {
      "type": "Feature",
      "geometry": {
        "type": "Point",
        "coordinates": [
          -0.1272571,
          51.5074702
        ]
      },
      "properties": {
        "timestamp": "2023-01-27T15:56:26Z"
      }
    },
    {
      "type": "Feature",
      "geometry": {
        "type": "Point",
        "coordinates": [
          -0.1272769,
          51.5074473
        ]
      },
      "properties": {
        "timestamp": "2023-01-27T15:56:31Z"
      }
    },
    {
      "type": "Feature",
      "geometry": {
        "type": "Point",
        "coordinates": [
          -0.1272914,
          51.5074309
        ]
      },
      "properties": {
        "timestamp": "2023-01-27T15:56:36Z"
      }
    },
    {
      "type": "Feature",
      "geometry": {
        "type": "Point",
        "coordinates": [
          -0.1272976,
          51.5073853
        ]
      },
      "properties": {
        "timestamp": "2023-01-27T15:56:38Z"
      }
    },
    {
      "type": "Feature",
      "geometry": {
        "type": "Point",
        "coordinates": [
          -0.1273643,
          51.5072628
        ]
      },
      "properties": {
        "timestamp": "2023-01-27T15:56:44Z"
      }
    },
    {
      "type": "Feature",
      "geometry": {
        "type": "Point",
        "coordinates": [
          -0.1273669,
          51.5072427
        ]
      },
      "properties": {
        "timestamp": "2023-01-27T15:56:45Z"
      }
    },
    {
      "type": "Feature",
      "geometry": {
        "type": "Point",
        "coordinates": [
          -0.1273899,
          51.5072144
        ]
      },
      "properties": {
        "timestamp": "2023-01-27T15:56:50Z"
      }
    },
    {
      "type": "Feature",
      "geometry": {
        "type": "Point",
        "coordinates": [
          -0.1274056,
          51.5072086
        ]
      },
      "properties": {
        "timestamp": "2023-01-27T15:56:52Z"
      }
    },
    {
      "type": "Feature",
      "geometry": {
        "type": "Point",
        "coordinates": [
          -0.1274156,
          51.5071941
        ]
      },
      "properties": {
        "timestamp": "2023-01-27T15:56:53Z"
      }
    },
    {
      "type": "Feature",
      "geometry": {
        "type": "Point",
        "coordinates": [
          -0.1274267,
          51.507178
        ]
      },
      "properties": {
        "timestamp": "2023-01-27T15:56:54Z"
      }
    },
    {
      "type": "Feature",
      "geometry": {
        "type": "Point",
        "coordinates": [
          -0.1274732,
          51.5071098
        ]
      },
      "properties": {
        "timestamp": "2023-01-27T15:56:59Z"
      }
    },
    {
      "type": "Feature",
      "geometry": {
        "type": "Point",
        "coordinates": [
          -0.1274833,
          51.5070945
        ]
      },
      "properties": {
        "timestamp": "2023-01-27T15:57:00Z"
      }
    },
    {
      "type": "Feature",
      "geometry": {
        "type": "Point",
        "coordinates": [
          -0.1274779,
          51.5070818
        ]
      },
      "properties": {
        "timestamp": "2023-01-27T15:57:01Z"
      }
    },
    {
      "type": "Feature",
      "geometry": {
        "type": "Point",
        "coordinates": [
          -0.127528,
          51.5070146
        ]
      },
      "properties": {
        "timestamp": "2023-01-27T15:57:05Z"
      }
    },
    {
      "type": "Feature",
      "geometry": {
        "type": "Point",
        "coordinates": [
          -0.1275447,
          51.5069726
        ]
      },
      "properties": {
        "timestamp": "2023-01-27T15:57:09Z"
      }
    },
    {
      "type": "Feature",
      "geometry": {
        "type": "Point",
        "coordinates": [
          -0.1275324,
          51.5069825
        ]
      },
      "properties": {
        "timestamp": "2023-01-27T15:57:10Z"
      }
    },
    {
      "type": "Feature",
      "geometry": {
        "type": "Point",
        "coordinates": [
          -0.127505,
          51.50699
        ]
      },
      "properties": {
        "timestamp": "2023-01-27T15:57:13Z"
      }
    },
    {
      "type": "Feature",
      "geometry": {
        "type": "Point",
        "coordinates": [
          -0.1275094,
          51.5069557
        ]
      },
      "properties": {
        "timestamp": "2023-01-27T15:57:16Z"
      }
    },
    {
      "type": "Feature",
      "geometry": {
        "type": "Point",
        "coordinates": [
          -0.1275087,
          51.50695
        ]
      },
      "properties": {
        "timestamp": "2023-01-27T15:57:17Z"
      }
    },
    {
      "type": "Feature",
      "geometry": {
        "type": "Point",
        "coordinates": [
          -0.1275219,
          51.506933
        ]
      },
      "properties": {
        "timestamp": "2023-01-27T15:57:19Z"
      }
    },
    {
      "type": "Feature",
      "geometry": {
        "type": "Point",
        "coordinates": [
          -0.1275334,
          51.5069238
        ]
      },
      "properties": {
        "timestamp": "2023-01-27T15:57:20Z"
      }
    },
    {
      "type": "Feature",
      "geometry": {
        "type": "Point",
        "coordinates": [
          -0.1275346,
          51.5069215
        ]
      },
      "properties": {
        "timestamp": "2023-01-27T15:57:21Z"
      }
    },
    {
      "type": "Feature",
      "geometry": {
        "type": "Point",
        "coordinates": [
          -0.1275328,
          51.5069164
        ]
      },
      "properties": {
        "timestamp": "2023-01-27T15:57:22Z"
      }
    },
    {
      "type": "Feature",
      "geometry": {
        "type": "Point",
        "coordinates": [
          -0.1275291,
          51.5069003
        ]
      },
      "properties": {
        "timestamp": "2023-01-27T15:57:24Z"
      }
    },
    {
      "type": "Feature",
      "geometry": {
        "type": "Point",
        "coordinates": [
          -0.1275202,
          51.5068998
        ]
      },
      "properties": {
        "timestamp": "2023-01-27T15:57:25Z"
      }
    },
    {
      "type": "Feature",
      "geometry": {
        "type": "Point",
        "coordinates": [
          -0.127514,
          51.5068946
        ]
      },
      "properties": {
        "timestamp": "2023-01-27T15:57:26Z"
      }
    },
    {
      "type": "Feature",
      "geometry": {
        "type": "Point",
        "coordinates": [
          -0.1275098,
          51.506883
        ]
      },
      "properties": {
        "timestamp": "2023-01-27T15:57:27Z"
      }
    },
    {
      "type": "Feature",
      "geometry": {
        "type": "Point",
        "coordinates": [
          -0.1274981,
          51.5068362
        ]
      },
      "properties": {
        "timestamp": "2023-01-27T15:57:30Z"
      }
    },
    {
      "type": "Feature",
      "geometry": {
        "type": "Point",
        "coordinates": [
          -0.1275316,
          51.506689
        ]
      },
      "properties": {
        "timestamp": "2023-01-27T15:57:35Z"
      }
    },
    {
      "type": "Feature",
      "geometry": {
        "type": "Point",
        "coordinates": [
          -0.1275644,
          51.5066503
        ]
      },
      "properties": {
        "timestamp": "2023-01-27T15:57:36Z"
      }
    },
    {
      "type": "Feature",
      "geometry": {
        "type": "Point",
        "coordinates": [
          -0.1275689,
          51.5066158
        ]
      },
      "properties": {
        "timestamp": "2023-01-27T15:57:37Z"
      }
    },
    {
      "type": "Feature",
      "geometry": {
        "type": "Point",
        "coordinates": [
          -0.127563,
          51.5065154
        ]
      },
      "properties": {
        "timestamp": "2023-01-27T15:57:39Z"
      }
    },
    {
      "type": "Feature",
      "geometry": {
        "type": "Point",
        "coordinates": [
          -0.1275001,
          51.5064466
        ]
      },
      "properties": {
        "timestamp": "2023-01-27T15:57:43Z"
      }
    },
    {
      "type": "Feature",
      "geometry": {
        "type": "Point",
        "coordinates": [
          -0.1274911,
          51.5064445
        ]
      },
      "properties": {
        "timestamp": "2023-01-27T15:57:44Z"
      }
    },
    {
      "type": "Feature",
      "geometry": {
        "type": "Point",
        "coordinates": [
          -0.1274777,
          51.5064461
        ]
      },
      "properties": {
        "timestamp": "2023-01-27T15:57:47Z"
      }
    },
    {
      "type": "Feature",
      "geometry": {
        "type": "Point",
        "coordinates": [
          -0.1274742,
          51.5064642
        ]
      },
      "properties": {
        "timestamp": "2023-01-27T15:57:49Z"
      }
    },
    {
      "type": "Feature",
      "geometry": {
        "type": "Point",
        "coordinates": [
          -0.1274752,
          51.5064749
        ]
      },
      "properties": {
        "timestamp": "2023-01-27T15:57:50Z"
      }
    },
    {
      "type": "Feature",
      "geometry": {
        "type": "Point",
        "coordinates": [
          -0.1274528,
          51.5064823
        ]
      },
      "properties": {
        "timestamp": "2023-01-27T15:57:54Z"
      }
    },
    {
      "type": "Feature",
      "geometry": {
        "type": "Point",
        "coordinates": [
          -0.1274361,
          51.5064969
        ]
      },
      "properties": {
        "timestamp": "2023-01-27T15:57:57Z"
      }
    },
    {
      "type": "Feature",
      "geometry": {
        "type": "Point",
        "coordinates": [
          -0.1274202,
          51.5065042
        ]
      },
      "properties": {
        "timestamp": "2023-01-27T15:57:59Z"
      }
    },
    {
      "type": "Feature",
      "geometry": {
        "type": "Point",
        "coordinates": [
          -0.1274216,
          51.5065034
        ]
      },
      "properties": {
        "timestamp": "2023-01-27T15:58:00Z"
      }
    },
    {
      "type": "Feature",
      "geometry": {
        "type": "Point",
        "coordinates": [
          -0.1274198,
          51.5064894
        ]
      },
      "properties": {
        "timestamp": "2023-01-27T15:58:03Z"
      }
    },
    {
      "type": "Feature",
      "geometry": {
        "type": "Point",
        "coordinates": [
          -0.1274119,
          51.5064591
        ]
      },
      "properties": {
        "timestamp": "2023-01-27T15:58:05Z"
      }
    },
    {
      "type": "Feature",
      "geometry": {
        "type": "Point",
        "coordinates": [
          -0.1274202,
          51.5064382
        ]
      },
      "properties": {
        "timestamp": "2023-01-27T15:58:10Z"
      }
    },
    {
      "type": "Feature",
      "geometry": {
        "type": "Point",
        "coordinates": [
          -0.1274115,
          51.5064323
        ]
      },
      "properties": {
        "timestamp": "2023-01-27T15:58:12Z"
      }
    },
    {
      "type": "Feature",
      "geometry": {
        "type": "Point",
        "coordinates": [
          -0.1273992,
          51.5064221
        ]
      },
      "properties": {
        "timestamp": "2023-01-27T15:58:14Z"
      }
    },
    {
      "type": "Feature",
      "geometry": {
        "type": "Point",
        "coordinates": [
          -0.1274019,
          51.5064107
        ]
      },
      "properties": {
        "timestamp": "2023-01-27T15:58:15Z"
      }
    },
    {
      "type": "Feature",
      "geometry": {
        "type": "Point",
        "coordinates": [
          -0.1274022,
          51.5064009
        ]
      },
      "properties": {
        "timestamp": "2023-01-27T15:58:16Z"
      }
    },
    {
      "type": "Feature",
      "geometry": {
        "type": "Point",
        "coordinates": [
          -0.1273993,
          51.5063893
        ]
      },
      "properties": {
        "timestamp": "2023-01-27T15:58:17Z"
      }
    },
    {
      "type": "Feature",
      "geometry": {
        "type": "Point",
        "coordinates": [
          -0.1273877,
          51.5063694
        ]
      },
      "properties": {
        "timestamp": "2023-01-27T15:58:20Z"
      }
    },
    {
      "type": "Feature",
      "geometry": {
        "type": "Point",
        "coordinates": [
          -0.1273714,
          51.5063639
        ]
      },
      "properties": {
        "timestamp": "2023-01-27T15:58:22Z"
      }
    },
    {
      "type": "Feature",
      "geometry": {
        "type": "Point",
        "coordinates": [
          -0.127368,
          51.5063558
        ]
      },
      "properties": {
        "timestamp": "2023-01-27T15:58:23Z"
      }
    },
    {
      "type": "Feature",
      "geometry": {
        "type": "Point",
        "coordinates": [
          -0.1273658,
          51.5063472
        ]
      },
      "properties": {
        "timestamp": "2023-01-27T15:58:24Z"
      }
    },
    {
      "type": "Feature",
      "geometry": {
        "type": "Point",
        "coordinates": [
          -0.1273419,
          51.5063269
        ]
      },
      "properties": {
        "timestamp": "2023-01-27T15:58:27Z"
      }
    },
    {
      "type": "Feature",
      "geometry": {
        "type": "Point",
        "coordinates": [
          -0.1273248,
          51.5063231
        ]
      },
      "properties": {
        "timestamp": "2023-01-27T15:58:29Z"
      }
    },
    {
      "type": "Feature",
      "geometry": {
        "type": "Point",
        "coordinates": [
          -0.1273173,
          51.5063206
        ]
      },
      "properties": {
        "timestamp": "2023-01-27T15:58:31Z"
      }
    },
    {
      "type": "Feature",
      "geometry": {
        "type": "Point",
        "coordinates": [
          -0.1273027,
          51.5063179
        ]
      },
      "properties": {
        "timestamp": "2023-01-27T15:58:33Z"
      }
    },
    {
      "type": "Feature",
      "geometry": {
        "type": "Point",
        "coordinates": [
          -0.127309,
          51.5063119
        ]
      },
      "properties": {
        "timestamp": "2023-01-27T15:58:34Z"
      }
    },
    {
      "type": "Feature",
      "geometry": {
        "type": "Point",
        "coordinates": [
          -0.1273263,
          51.5062996
        ]
      },
      "properties": {
        "timestamp": "2023-01-27T15:58:36Z"
      }
    },
    {
      "type": "Feature",
      "geometry": {
        "type": "Point",
        "coordinates": [
          -0.1273304,
          51.5062854
        ]
      },
      "properties": {
        "timestamp": "2023-01-27T15:58:37Z"
      }
    },
    {
      "type": "Feature",
      "geometry": {
        "type": "Point",
        "coordinates": [
          -0.127333,
          51.5062757
        ]
      },
      "properties": {
        "timestamp": "2023-01-27T15:58:38Z"
      }
    },
    {
      "type": "Feature",
      "geometry": {
        "type": "Point",
        "coordinates": [
          -0.1273393,
          51.506241
        ]
      },
      "properties": {
        "timestamp": "2023-01-27T15:58:41Z"
      }
    },
    {
      "type": "Feature",
      "geometry": {
        "type": "Point",
        "coordinates": [
          -0.1273343,
          51.5062198
        ]
      },
      "properties": {
        "timestamp": "2023-01-27T15:58:43Z"
      }
    },
    {
      "type": "Feature",
      "geometry": {
        "type": "Point",
        "coordinates": [
          -0.127291,
          51.5061896
        ]
      },
      "properties": {
        "timestamp": "2023-01-27T15:58:46Z"
      }
    },
    {
      "type": "Feature",
      "geometry": {
        "type": "Point",
        "coordinates": [
          -0.1272339,
          51.5062185
        ]
      },
      "properties": {
        "timestamp": "2023-01-27T15:58:49Z"
      }
    },
    {
      "type": "Feature",
      "geometry": {
        "type": "Point",
        "coordinates": [
          -0.1272361,
          51.5062129
        ]
      },
      "properties": {
        "timestamp": "2023-01-27T15:58:50Z"
      }
    },
    {
      "type": "Feature",
      "geometry": {
        "type": "Point",
        "coordinates": [
          -0.1272283,
          51.5062049
        ]
      },
      "properties": {
        "timestamp": "2023-01-27T15:58:53Z"
      }
    },
    {
      "type": "Feature",
      "geometry": {
        "type": "Point",
        "coordinates": [
          -0.1272354,
          51.5062321
        ]
      },
      "properties": {
        "timestamp": "2023-01-27T15:58:55Z"
      }
    },
    {
      "type": "Feature",
      "geometry": {
        "type": "Point",
        "coordinates": [
          -0.1272316,
          51.5062659
        ]
      },
      "properties": {
        "timestamp": "2023-01-27T15:58:58Z"
      }
    },
    {
      "type": "Feature",
      "geometry": {
        "type": "Point",
        "coordinates": [
          -0.1271855,
          51.5061925
        ]
      },
      "properties": {
        "timestamp": "2023-01-27T15:59:05Z"
      }
    },
    {
      "type": "Feature",
      "geometry": {
        "type": "Point",
        "coordinates": [
          -0.1271308,
          51.5061508
        ]
      },
      "properties": {
        "timestamp": "2023-01-27T15:59:09Z"
      }
    },
    {
      "type": "Feature",
      "geometry": {
        "type": "Point",
        "coordinates": [
          -0.1270195,
          51.5060508
        ]
      },
      "properties": {
        "timestamp": "2023-01-27T15:59:15Z"
      }
    },
    {
      "type": "Feature",
      "geometry": {
        "type": "Point",
        "coordinates": [
          -0.1268883,
          51.5058776
        ]
      },
      "properties": {
        "timestamp": "2023-01-27T15:59:25Z"
      }
    },
    {
      "type": "Feature",
      "geometry": {
        "type": "Point",
        "coordinates": [
          -0.1268812,
          51.5058556
        ]
      },
      "properties": {
        "timestamp": "2023-01-27T15:59:26Z"
      }
    },
    {
      "type": "Feature",
      "geometry": {
        "type": "Point",
        "coordinates": [
          -0.1268523,
          51.5058063
        ]
      },
      "properties": {
        "timestamp": "2023-01-27T15:59:29Z"
      }
    },
    {
      "type": "Feature",
      "geometry": {
        "type": "Point",
        "coordinates": [
          -0.126806,
          51.5057105
        ]
      },
      "properties": {
        "timestamp": "2023-01-27T15:59:35Z"
      }
    },
    {
      "type": "Feature",
      "geometry": {
        "type": "Point",
        "coordinates": [
          -0.1267663,
          51.5055894
        ]
      },
      "properties": {
        "timestamp": "2023-01-27T15:59:42Z"
      }
    },
    {
      "type": "Feature",
      "geometry": {
        "type": "Point",
        "coordinates": [
          -0.1267257,
          51.5054745
        ]
      },
      "properties": {
        "timestamp": "2023-01-27T15:59:52Z"
      }
    },
    {
      "type": "Feature",
      "geometry": {
        "type": "Point",
        "coordinates": [
          -0.1267392,
          51.5054303
        ]
      },
      "properties": {
        "timestamp": "2023-01-27T15:59:58Z"
      }
    },
    {
      "type": "Feature",
      "geometry": {
        "type": "Point",
        "coordinates": [
          -0.1267337,
          51.5054285
        ]
      },
      "properties": {
        "timestamp": "2023-01-27T15:59:59Z"
      }
    },
    {
      "type": "Feature",
      "geometry": {
        "type": "Point",
        "coordinates": [
          -0.1266468,
          51.5054283
        ]
      },
      "properties": {
        "timestamp": "2023-01-27T16:00:05Z"
      }
    },
    {
      "type": "Feature",
      "geometry": {
        "type": "Point",
        "coordinates": [
          -0.1266579,
          51.5054138
        ]
      },
      "properties": {
        "timestamp": "2023-01-27T16:00:06Z"
      }
    },
    {
      "type": "Feature",
      "geometry": {
        "type": "Point",
        "coordinates": [
          -0.1266463,
          51.5053371
        ]
      },
      "properties": {
        "timestamp": "2023-01-27T16:00:15Z"
      }
    },
    {
      "type": "Feature",
      "geometry": {
        "type": "Point",
        "coordinates": [
          -0.1265891,
          51.505194
        ]
      },
      "properties": {
        "timestamp": "2023-01-27T16:00:21Z"
      }
    },
    {
      "type": "Feature",
      "geometry": {
        "type": "Point",
        "coordinates": [
          -0.1265929,
          51.5051878
        ]
      },
      "properties": {
        "timestamp": "2023-01-27T16:00:23Z"
      }
    },
    {
      "type": "Feature",
      "geometry": {
        "type": "Point",
        "coordinates": [
          -0.1265928,
          51.505181
        ]
      },
      "properties": {
        "timestamp": "2023-01-27T16:00:27Z"
      }
    },
    {
      "type": "Feature",
      "geometry": {
        "type": "Point",
        "coordinates": [
          -0.1265633,
          51.505203
        ]
      },
      "properties": {
        "timestamp": "2023-01-27T16:00:35Z"
      }
    },
    {
      "type": "Feature",
      "geometry": {
        "type": "Point",
        "coordinates": [
          -0.1265957,
          51.5051723
        ]
      },
      "properties": {
        "timestamp": "2023-01-27T16:00:43Z"
      }
    },
    {
      "type": "Feature",
      "geometry": {
        "type": "Point",
        "coordinates": [
          -0.1266951,
          51.5051118
        ]
      },
      "properties": {
        "timestamp": "2023-01-27T16:00:50Z"
      }
    },
    {
      "type": "Feature",
      "geometry": {
        "type": "Point",
        "coordinates": [
          -0.1267153,
          51.5050248
        ]
      },
      "properties": {
        "timestamp": "2023-01-27T16:00:55Z"
      }
    },
    {
      "type": "Feature",
      "geometry": {
        "type": "Point",
        "coordinates": [
          -0.1266884,
          51.5049467
        ]
      },
      "properties": {
        "timestamp": "2023-01-27T16:01:01Z"
      }
    },
    {
      "type": "Feature",
      "geometry": {
        "type": "Point",
        "coordinates": [
          -0.1267039,
          51.5049
        ]
      },
      "properties": {
        "timestamp": "2023-01-27T16:01:06Z"
      }
    },
    {
      "type": "Feature",
      "geometry": {
        "type": "Point",
        "coordinates": [
          -0.1267009,
          51.504895
        ]
      },
      "properties": {
        "timestamp": "2023-01-27T16:01:07Z"
      }
    },
    {
      "type": "Feature",
      "geometry": {
        "type": "Point",
        "coordinates": [
          -0.1266982,
          51.5048717
        ]
      },
      "properties": {
        "timestamp": "2023-01-27T16:01:09Z"
      }
    },
    {
      "type": "Feature",
      "geometry": {
        "type": "Point",
        "coordinates": [
          -0.1266793,
          51.5048603
        ]
      },
      "properties": {
        "timestamp": "2023-01-27T16:01:13Z"
      }
    },
    {
      "type": "Feature",
      "geometry": {
        "type": "Point",
        "coordinates": [
          -0.1266954,
          51.5047964
        ]
      },
      "properties": {
        "timestamp": "2023-01-27T16:01:17Z"
      }
    },
    {
      "type": "Feature",
      "geometry": {
        "type": "Point",
        "coordinates": [
          -0.1266968,
          51.5047903
        ]
      },
      "properties": {
        "timestamp": "2023-01-27T16:01:20Z"
      }
    },
    {
      "type": "Feature",
      "geometry": {
        "type": "Point",
        "coordinates": [
          -0.126705,
          51.5047501
        ]
      },
      "properties": {
        "timestamp": "2023-01-27T16:01:26Z"
      }
    },
    {
      "type": "Feature",
      "geometry": {
        "type": "Point",
        "coordinates": [
          -0.1267102,
          51.5047435
        ]
      },
      "properties": {
        "timestamp": "2023-01-27T16:01:29Z"
      }
    },
    {
      "type": "Feature",
      "geometry": {
        "type": "Point",
        "coordinates": [
          -0.1267131,
          51.5047457
        ]
      },
      "properties": {
        "timestamp": "2023-01-27T16:01:34Z"
      }
    },
    {
      "type": "Feature",
      "geometry": {
        "type": "Point",
        "coordinates": [
          -0.1267129,
          51.5047466
        ]
      },
      "properties": {
        "timestamp": "2023-01-27T16:01:39Z"
      }
    },
    {
      "type": "Feature",
      "geometry": {
        "type": "Point",
        "coordinates": [
          -0.1267129,
          51.5047459
        ]
      },
      "properties": {
        "timestamp": "2023-01-27T16:01:46Z"
      }
    },
    {
      "type": "Feature",
      "geometry": {
        "type": "Point",
        "coordinates": [
          -0.1267145,
          51.5047432
        ]
      },
      "properties": {
        "timestamp": "2023-01-27T16:01:56Z"
      }
    },
    {
      "type": "Feature",
      "geometry": {
        "type": "Point",
        "coordinates": [
          -0.1267148,
          51.5047431
        ]
      },
      "properties": {
        "timestamp": "2023-01-27T16:01:57Z"
      }
    },
    {
      "type": "Feature",
      "geometry": {
        "type": "Point",
        "coordinates": [
          -0.1267153,
          51.5047426
        ]
      },
      "properties": {
        "timestamp": "2023-01-27T16:01:58Z"
      }
    },
    {
      "type": "Feature",
      "geometry": {
        "type": "Point",
        "coordinates": [
          -0.1267197,
          51.5047359
        ]
      },
      "properties": {
        "timestamp": "2023-01-27T16:02:02Z"
      }
    },
    {
      "type": "Feature",
      "geometry": {
        "type": "Point",
        "coordinates": [
          -0.1267355,
          51.5047325
        ]
      },
      "properties": {
        "timestamp": "2023-01-27T16:02:06Z"
      }
    },
    {
      "type": "Feature",
      "geometry": {
        "type": "Point",
        "coordinates": [
          -0.1267501,
          51.5047102
        ]
      },
      "properties": {
        "timestamp": "2023-01-27T16:02:28Z"
      }
    },
    {
      "type": "Feature",
      "geometry": {
        "type": "Point",
        "coordinates": [
          -0.1267501,
          51.5047092
        ]
      },
      "properties": {
        "timestamp": "2023-01-27T16:02:31Z"
      }
    },
    {
      "type": "Feature",
      "geometry": {
        "type": "Point",
        "coordinates": [
          -0.1267107,
          51.5046714
        ]
      },
      "properties": {
        "timestamp": "2023-01-27T16:02:46Z"
      }
    },
    {
      "type": "Feature",
      "geometry": {
        "type": "Point",
        "coordinates": [
          -0.1267011,
          51.5046394
        ]
      },
      "properties": {
        "timestamp": "2023-01-27T16:02:53Z"
      }
    },
    {
      "type": "Feature",
      "geometry": {
        "type": "Point",
        "coordinates": [
          -0.126705,
          51.5046405
        ]
      },
      "properties": {
        "timestamp": "2023-01-27T16:02:54Z"
      }
    },
    {
      "type": "Feature",
      "geometry": {
        "type": "Point",
        "coordinates": [
          -0.1266939,
          51.5046343
        ]
      },
      "properties": {
        "timestamp": "2023-01-27T16:02:58Z"
      }
    },
    {
      "type": "Feature",
      "geometry": {
        "type": "Point",
        "coordinates": [
          -0.1266941,
          51.5046347
        ]
      },
      "properties": {
        "timestamp": "2023-01-27T16:03:11Z"
      }
    },
    {
      "type": "Feature",
      "geometry": {
        "type": "Point",
        "coordinates": [
          -0.126707,
          51.5045911
        ]
      },
      "properties": {
        "timestamp": "2023-01-27T16:03:18Z"
      }
    },
    {
      "type": "Feature",
      "geometry": {
        "type": "Point",
        "coordinates": [
          -0.1266983,
          51.5045853
        ]
      },
      "properties": {
        "timestamp": "2023-01-27T16:03:23Z"
      }
    },
    {
      "type": "Feature",
      "geometry": {
        "type": "Point",
        "coordinates": [
          -0.1266983,
          51.5045798
        ]
      },
      "properties": {
        "timestamp": "2023-01-27T16:03:24Z"
      }
    },
    {
      "type": "Feature",
      "geometry": {
        "type": "Point",
        "coordinates": [
          -0.1266949,
          51.5045753
        ]
      },
      "properties": {
        "timestamp": "2023-01-27T16:03:27Z"
      }
    },
    {
      "type": "Feature",
      "geometry": {
        "type": "Point",
        "coordinates": [
          -0.1266962,
          51.5045806
        ]
      },
      "properties": {
        "timestamp": "2023-01-27T16:03:29Z"
      }
    },
    {
      "type": "Feature",
      "geometry": {
        "type": "Point",
        "coordinates": [
          -0.1267156,
          51.5046218
        ]
      },
      "properties": {
        "timestamp": "2023-01-27T16:03:34Z"
      }
    },
    {
      "type": "Feature",
      "geometry": {
        "type": "Point",
        "coordinates": [
          -0.1267179,
          51.504622
        ]
      },
      "properties": {
        "timestamp": "2023-01-27T16:03:35Z"
      }
    },
    {
      "type": "Feature",
      "geometry": {
        "type": "Point",
        "coordinates": [
          -0.1267179,
          51.504622
        ]
      },
      "properties": {
        "timestamp": "2023-01-27T16:03:41Z"
      }
    },
    {
      "type": "Feature",
      "geometry": {
        "type": "Point",
        "coordinates": [
          -0.1267079,
          51.5046218
        ]
      },
      "properties": {
        "timestamp": "2023-01-27T16:03:50Z"
      }
    },
    {
      "type": "Feature",
      "geometry": {
        "type": "Point",
        "coordinates": [
          -0.1267077,
          51.5046218
        ]
      },
      "properties": {
        "timestamp": "2023-01-27T16:03:51Z"
      }
    },
    {
      "type": "Feature",
      "geometry": {
        "type": "Point",
        "coordinates": [
          -0.1266844,
          51.5046256
        ]
      },
      "properties": {
        "timestamp": "2023-01-27T16:04:02Z"
      }
    },
    {
      "type": "Feature",
      "geometry": {
        "type": "Point",
        "coordinates": [
          -0.1266765,
          51.5046304
        ]
      },
      "properties": {
        "timestamp": "2023-01-27T16:04:04Z"
      }
    },
    {
      "type": "Feature",
      "geometry": {
        "type": "Point",
        "coordinates": [
          -0.1266727,
          51.504633
        ]
      },
      "properties": {
        "timestamp": "2023-01-27T16:04:08Z"
      }
    },
    {
      "type": "Feature",
      "geometry": {
        "type": "Point",
        "coordinates": [
          -0.1266452,
          51.5046377
        ]
      },
      "properties": {
        "timestamp": "2023-01-27T16:04:25Z"
      }
    },
    {
      "type": "Feature",
      "geometry": {
        "type": "Point",
        "coordinates": [
          -0.1266479,
          51.5046335
        ]
      },
      "properties": {
        "timestamp": "2023-01-27T16:04:40Z"
      }
    },
    {
      "type": "Feature",
      "geometry": {
        "type": "Point",
        "coordinates": [
          -0.1266532,
          51.5046475
        ]
      },
      "properties": {
        "timestamp": "2023-01-27T16:04:43Z"
      }
    },
    {
      "type": "Feature",
      "geometry": {
        "type": "Point",
        "coordinates": [
          -0.1266583,
          51.504649
        ]
      },
      "properties": {
        "timestamp": "2023-01-27T16:04:51Z"
      }
    },
    {
      "type": "Feature",
      "geometry": {
        "type": "Point",
        "coordinates": [
          -0.126646,
          51.5046381
        ]
      },
      "properties": {
        "timestamp": "2023-01-27T16:04:59Z"
      }
    },
    {
      "type": "Feature",
      "geometry": {
        "type": "Point",
        "coordinates": [
          -0.1266438,
          51.5046071
        ]
      },
      "properties": {
        "timestamp": "2023-01-27T16:05:01Z"
      }
    },
    {
      "type": "Feature",
      "geometry": {
        "type": "Point",
        "coordinates": [
          -0.1266223,
          51.5045559
        ]
      },
      "properties": {
        "timestamp": "2023-01-27T16:05:05Z"
      }
    },
    {
      "type": "Feature",
      "geometry": {
        "type": "Point",
        "coordinates": [
          -0.1266011,
          51.5045407
        ]
      },
      "properties": {
        "timestamp": "2023-01-27T16:05:07Z"
      }
    },
    {
      "type": "Feature",
      "geometry": {
        "type": "Point",
        "coordinates": [
          -0.1265432,
          51.5044201
        ]
      },
      "properties": {
        "timestamp": "2023-01-27T16:05:16Z"
      }
    },
    {
      "type": "Feature",
      "geometry": {
        "type": "Point",
        "coordinates": [
          -0.1264928,
          51.5043972
        ]
      },
      "properties": {
        "timestamp": "2023-01-27T16:05:19Z"
      }
    },
    {
      "type": "Feature",
      "geometry": {
        "type": "Point",
        "coordinates": [
          -0.1264869,
          51.5043927
        ]
      },
      "properties": {
        "timestamp": "2023-01-27T16:05:20Z"
      }
    },
    {
      "type": "Feature",
      "geometry": {
        "type": "Point",
        "coordinates": [
          -0.1264669,
          51.5043294
        ]
      },
      "properties": {
        "timestamp": "2023-01-27T16:05:25Z"
      }
    },
    {
      "type": "Feature",
      "geometry": {
        "type": "Point",
        "coordinates": [
          -0.1264633,
          51.5043191
        ]
      },
      "properties": {
        "timestamp": "2023-01-27T16:05:26Z"
      }
    },
    {
      "type": "Feature",
      "geometry": {
        "type": "Point",
        "coordinates": [
          -0.1264512,
          51.5042665
        ]
      },
      "properties": {
        "timestamp": "2023-01-27T16:05:31Z"
      }
    },
    {
      "type": "Feature",
      "geometry": {
        "type": "Point",
        "coordinates": [
          -0.1264517,
          51.5042449
        ]
      },
      "properties": {
        "timestamp": "2023-01-27T16:05:33Z"
      }
    },
    {
      "type": "Feature",
      "geometry": {
        "type": "Point",
        "coordinates": [
          -0.1264464,
          51.5042238
        ]
      },
      "properties": {
        "timestamp": "2023-01-27T16:05:37Z"
      }
    },
    {
      "type": "Feature",
      "geometry": {
        "type": "Point",
        "coordinates": [
          -0.1264323,
          51.5042157
        ]
      },
      "properties": {
        "timestamp": "2023-01-27T16:05:38Z"
      }
    },
    {
      "type": "Feature",
      "geometry": {
        "type": "Point",
        "coordinates": [
          -0.1263636,
          51.5041456
        ]
      },
      "properties": {
        "timestamp": "2023-01-27T16:05:42Z"
      }
    },
    {
      "type": "Feature",
      "geometry": {
        "type": "Point",
        "coordinates": [
          -0.1263745,
          51.5040621
        ]
      },
      "properties": {
        "timestamp": "2023-01-27T16:05:49Z"
      }
    },
    {
      "type": "Feature",
      "geometry": {
        "type": "Point",
        "coordinates": [
          -0.1263855,
          51.5040498
        ]
      },
      "properties": {
        "timestamp": "2023-01-27T16:05:50Z"
      }
    },
    {
      "type": "Feature",
      "geometry": {
        "type": "Point",
        "coordinates": [
          -0.1264153,
          51.5039966
        ]
      },
      "properties": {
        "timestamp": "2023-01-27T16:05:53Z"
      }
    },
    {
      "type": "Feature",
      "geometry": {
        "type": "Point",
        "coordinates": [
          -0.1264367,
          51.5039476
        ]
      },
      "properties": {
        "timestamp": "2023-01-27T16:05:57Z"
      }
    },
    {
      "type": "Feature",
      "geometry": {
        "type": "Point",
        "coordinates": [
          -0.1264185,
          51.5038933
        ]
      },
      "properties": {
        "timestamp": "2023-01-27T16:06:01Z"
      }
    },
    {
      "type": "Feature",
      "geometry": {
        "type": "Point",
        "coordinates": [
          -0.1264043,
          51.5038738
        ]
      },
      "properties": {
        "timestamp": "2023-01-27T16:06:02Z"
      }
    },
    {
      "type": "Feature",
      "geometry": {
        "type": "Point",
        "coordinates": [
          -0.1264069,
          51.5038662
        ]
      },
      "properties": {
        "timestamp": "2023-01-27T16:06:03Z"
      }
    },
    {
      "type": "Feature",
      "geometry": {
        "type": "Point",
        "coordinates": [
          -0.1263875,
          51.5038574
        ]
      },
      "properties": {
        "timestamp": "2023-01-27T16:06:04Z"
      }
    },
    {
      "type": "Feature",
      "geometry": {
        "type": "Point",
        "coordinates": [
          -0.1263501,
          51.5037513
        ]
      },
      "properties": {
        "timestamp": "2023-01-27T16:06:12Z"
      }
    },
    {
      "type": "Feature",
      "geometry": {
        "type": "Point",
        "coordinates": [
          -0.1263729,
          51.5036774
        ]
      },
      "properties": {
        "timestamp": "2023-01-27T16:06:17Z"
      }
    },
    {
      "type": "Feature",
      "geometry": {
        "type": "Point",
        "coordinates": [
          -0.12638,
          51.5036352
        ]
      },
      "properties": {
        "timestamp": "2023-01-27T16:06:20Z"
      }
    },
    {
      "type": "Feature",
      "geometry": {
        "type": "Point",
        "coordinates": [
          -0.1263722,
          51.5035934
        ]
      },
      "properties": {
        "timestamp": "2023-01-27T16:06:24Z"
      }
    },
    {
      "type": "Feature",
      "geometry": {
        "type": "Point",
        "coordinates": [
          -0.1263715,
          51.5035566
        ]
      },
      "properties": {
        "timestamp": "2023-01-27T16:06:27Z"
      }
    },
    {
      "type": "Feature",
      "geometry": {
        "type": "Point",
        "coordinates": [
          -0.1263636,
          51.5035172
        ]
      },
      "properties": {
        "timestamp": "2023-01-27T16:06:30Z"
      }
    },
    {
      "type": "Feature",
      "geometry": {
        "type": "Point",
        "coordinates": [
          -0.1263238,
          51.5033978
        ]
      },
      "properties": {
        "timestamp": "2023-01-27T16:06:38Z"
      }
    },
    {
      "type": "Feature",
      "geometry": {
        "type": "Point",
        "coordinates": [
          -0.1263062,
          51.5033503
        ]
      },
      "properties": {
        "timestamp": "2023-01-27T16:06:45Z"
      }
    },
    {
      "type": "Feature",
      "geometry": {
        "type": "Point",
        "coordinates": [
          -0.1262788,
          51.5033151
        ]
      },
      "properties": {
        "timestamp": "2023-01-27T16:06:47Z"
      }
    },
    {
      "type": "Feature",
      "geometry": {
        "type": "Point",
        "coordinates": [
          -0.1262571,
          51.5032481
        ]
      },
      "properties": {
        "timestamp": "2023-01-27T16:06:52Z"
      }
    },
    {
      "type": "Feature",
      "geometry": {
        "type": "Point",
        "coordinates": [
          -0.1262558,
          51.5032008
        ]
      },
      "properties": {
        "timestamp": "2023-01-27T16:06:56Z"
      }
    },
    {
      "type": "Feature",
      "geometry": {
        "type": "Point",
        "coordinates": [
          -0.1262612,
          51.5031892
        ]
      },
      "properties": {
        "timestamp": "2023-01-27T16:06:58Z"
      }
    },
    {
      "type": "Feature",
      "geometry": {
        "type": "Point",
        "coordinates": [
          -0.1262751,
          51.5031624
        ]
      },
      "properties": {
        "timestamp": "2023-01-27T16:07:00Z"
      }
    },
    {
      "type": "Feature",
      "geometry": {
        "type": "Point",
        "coordinates": [
          -0.1263139,
          51.5031328
        ]
      },
      "properties": {
        "timestamp": "2023-01-27T16:07:03Z"
      }
    },
    {
      "type": "Feature",
      "geometry": {
        "type": "Point",
        "coordinates": [
          -0.12631,
          51.5031276
        ]
      },
      "properties": {
        "timestamp": "2023-01-27T16:07:04Z"
      }
    },
    {
      "type": "Feature",
      "geometry": {
        "type": "Point",
        "coordinates": [
          -0.1263077,
          51.5031204
        ]
      },
      "properties": {
        "timestamp": "2023-01-27T16:07:05Z"
      }
    },
    {
      "type": "Feature",
      "geometry": {
        "type": "Point",
        "coordinates": [
          -0.1262796,
          51.5030759
        ]
      },
      "properties": {
        "timestamp": "2023-01-27T16:07:10Z"
      }
    },
    {
      "type": "Feature",
      "geometry": {
        "type": "Point",
        "coordinates": [
          -0.1263008,
          51.503053
        ]
      },
      "properties": {
        "timestamp": "2023-01-27T16:07:13Z"
      }
    },
    {
      "type": "Feature",
      "geometry": {
        "type": "Point",
        "coordinates": [
          -0.1263264,
          51.5030198
        ]
      },
      "properties": {
        "timestamp": "2023-01-27T16:07:16Z"
      }
    },
    {
      "type": "Feature",
      "geometry": {
        "type": "Point",
        "coordinates": [
          -0.1262673,
          51.5029228
        ]
      },
      "properties": {
        "timestamp": "2023-01-27T16:07:24Z"
      }
    },
    {
      "type": "Feature",
      "geometry": {
        "type": "Point",
        "coordinates": [
          -0.1262486,
          51.5029257
        ]
      },
      "properties": {
        "timestamp": "2023-01-27T16:07:25Z"
      }
    },
    {
      "type": "Feature",
      "geometry": {
        "type": "Point",
        "coordinates": [
          -0.1262505,
          51.5029261
        ]
      },
      "properties": {
        "timestamp": "2023-01-27T16:07:26Z"
      }
    },
    {
      "type": "Feature",
      "geometry": {
        "type": "Point",
        "coordinates": [
          -0.1262846,
          51.5029298
        ]
      },
      "properties": {
        "timestamp": "2023-01-27T16:07:30Z"
      }
    },
    {
      "type": "Feature",
      "geometry": {
        "type": "Point",
        "coordinates": [
          -0.1262652,
          51.5028797
        ]
      },
      "properties": {
        "timestamp": "2023-01-27T16:07:33Z"
      }
    },
    {
      "type": "Feature",
      "geometry": {
        "type": "Point",
        "coordinates": [
          -0.1262815,
          51.5028603
        ]
      },
      "properties": {
        "timestamp": "2023-01-27T16:07:35Z"
      }
    },
    {
      "type": "Feature",
      "geometry": {
        "type": "Point",
        "coordinates": [
          -0.1262792,
          51.5028459
        ]
      },
      "properties": {
        "timestamp": "2023-01-27T16:07:36Z"
      }
    },
    {
      "type": "Feature",
      "geometry": {
        "type": "Point",
        "coordinates": [
          -0.1262648,
          51.5028025
        ]
      },
      "properties": {
        "timestamp": "2023-01-27T16:07:39Z"
      }
    },
    {
      "type": "Feature",
      "geometry": {
        "type": "Point",
        "coordinates": [
          -0.1262586,
          51.5027854
        ]
      },
      "properties": {
        "timestamp": "2023-01-27T16:07:40Z"
      }
    },
    {
      "type": "Feature",
      "geometry": {
        "type": "Point",
        "coordinates": [
          -0.1262302,
          51.5027284
        ]
      },
      "properties": {
        "timestamp": "2023-01-27T16:07:43Z"
      }
    },
    {
      "type": "Feature",
      "geometry": {
        "type": "Point",
        "coordinates": [
          -0.1262179,
          51.5026791
        ]
      },
      "properties": {
        "timestamp": "2023-01-27T16:07:45Z"
      }
    },
    {
      "type": "Feature",
      "geometry": {
        "type": "Point",
        "coordinates": [
          -0.1261775,
          51.5026258
        ]
      },
      "properties": {
        "timestamp": "2023-01-27T16:07:48Z"
      }
    },
    {
      "type": "Feature",
      "geometry": {
        "type": "Point",
        "coordinates": [
          -0.1261515,
          51.5025948
        ]
      },
      "properties": {
        "timestamp": "2023-01-27T16:07:51Z"
      }
    },
    {
      "type": "Feature",
      "geometry": {
        "type": "Point",
        "coordinates": [
          -0.1261503,
          51.5025155
        ]
      },
      "properties": {
        "timestamp": "2023-01-27T16:07:56Z"
      }
    },
    {
      "type": "Feature",
      "geometry": {
        "type": "Point",
        "coordinates": [
          -0.1261631,
          51.502515
        ]
      },
      "properties": {
        "timestamp": "2023-01-27T16:07:57Z"
      }
    },
    {
      "type": "Feature",
      "geometry": {
        "type": "Point",
        "coordinates": [
          -0.1261618,
          51.5025107
        ]
      },
      "properties": {
        "timestamp": "2023-01-27T16:07:58Z"
      }
    },
    {
      "type": "Feature",
      "geometry": {
        "type": "Point",
        "coordinates": [
          -0.126167,
          51.5024683
        ]
      },
      "properties": {
        "timestamp": "2023-01-27T16:08:02Z"
      }
    },
    {
      "type": "Feature",
      "geometry": {
        "type": "Point",
        "coordinates": [
          -0.1261896,
          51.5024308
        ]
      },
      "properties": {
        "timestamp": "2023-01-27T16:08:05Z"
      }
    },
    {
      "type": "Feature",
      "geometry": {
        "type": "Point",
        "coordinates": [
          -0.126179,
          51.5024039
        ]
      },
      "properties": {
        "timestamp": "2023-01-27T16:08:08Z"
      }
    },
    {
      "type": "Feature",
      "geometry": {
        "type": "Point",
        "coordinates": [
          -0.1261667,
          51.5023999
        ]
      },
      "properties": {
        "timestamp": "2023-01-27T16:08:09Z"
      }
    },
    {
      "type": "Feature",
      "geometry": {
        "type": "Point",
        "coordinates": [
          -0.1261606,
          51.5023596
        ]
      },
      "properties": {
        "timestamp": "2023-01-27T16:08:12Z"
      }
    },
    {
      "type": "Feature",
      "geometry": {
        "type": "Point",
        "coordinates": [
          -0.1261595,
          51.5023365
        ]
      },
      "properties": {
        "timestamp": "2023-01-27T16:08:13Z"
      }
    },
    {
      "type": "Feature",
      "geometry": {
        "type": "Point",
        "coordinates": [
          -0.126145,
          51.5023156
        ]
      },
      "properties": {
        "timestamp": "2023-01-27T16:08:14Z"
      }
    },
    {
      "type": "Feature",
      "geometry": {
        "type": "Point",
        "coordinates": [
          -0.1261254,
          51.5022797
        ]
      },
      "properties": {
        "timestamp": "2023-01-27T16:08:17Z"
      }
    },
    {
      "type": "Feature",
      "geometry": {
        "type": "Point",
        "coordinates": [
          -0.1261291,
          51.5022735
        ]
      },
      "properties": {
        "timestamp": "2023-01-27T16:08:18Z"
      }
    },
    {
      "type": "Feature",
      "geometry": {
        "type": "Point",
        "coordinates": [
          -0.1261217,
          51.5022269
        ]
      },
      "properties": {
        "timestamp": "2023-01-27T16:08:22Z"
      }
    },
    {
      "type": "Feature",
      "geometry": {
        "type": "Point",
        "coordinates": [
          -0.1261081,
          51.5021958
        ]
      },
      "properties": {
        "timestamp": "2023-01-27T16:08:24Z"
      }
    },
    {
      "type": "Feature",
      "geometry": {
        "type": "Point",
        "coordinates": [
          -0.1260584,
          51.5021168
        ]
      },
      "properties": {
        "timestamp": "2023-01-27T16:08:28Z"
      }
    },
    {
      "type": "Feature",
      "geometry": {
        "type": "Point",
        "coordinates": [
          -0.125986,
          51.5020562
        ]
      },
      "properties": {
        "timestamp": "2023-01-27T16:08:33Z"
      }
    },
    {
      "type": "Feature",
      "geometry": {
        "type": "Point",
        "coordinates": [
          -0.1259938,
          51.5020596
        ]
      },
      "properties": {
        "timestamp": "2023-01-27T16:08:35Z"
      }
    },
    {
      "type": "Feature",
      "geometry": {
        "type": "Point",
        "coordinates": [
          -0.1260364,
          51.5020658
        ]
      },
      "properties": {
        "timestamp": "2023-01-27T16:08:36Z"
      }
    },
    {
      "type": "Feature",
      "geometry": {
        "type": "Point",
        "coordinates": [
          -0.1260807,
          51.5020649
        ]
      },
      "properties": {
        "timestamp": "2023-01-27T16:08:37Z"
      }
    },
    {
      "type": "Feature",
      "geometry": {
        "type": "Point",
        "coordinates": [
          -0.1261359,
          51.50203
        ]
      },
      "properties": {
        "timestamp": "2023-01-27T16:08:40Z"
      }
    },
    {
      "type": "Feature",
      "geometry": {
        "type": "Point",
        "coordinates": [
          -0.1261433,
          51.5020162
        ]
      },
      "properties": {
        "timestamp": "2023-01-27T16:08:41Z"
      }
    },
    {
      "type": "Feature",
      "geometry": {
        "type": "Point",
        "coordinates": [
          -0.1262395,
          51.5020056
        ]
      },
      "properties": {
        "timestamp": "2023-01-27T16:08:45Z"
      }
    },
    {
      "type": "Feature",
      "geometry": {
        "type": "Point",
        "coordinates": [
          -0.1262734,
          51.5020186
        ]
      },
      "properties": {
        "timestamp": "2023-01-27T16:08:49Z"
      }
    },
    {
      "type": "Feature",
      "geometry": {
        "type": "Point",
        "coordinates": [
          -0.1262639,
          51.5020165
        ]
      },
      "properties": {
        "timestamp": "2023-01-27T16:08:51Z"
      }
    },
    {
      "type": "Feature",
      "geometry": {
        "type": "Point",
        "coordinates": [
          -0.1262694,
          51.5020104
        ]
      },
      "properties": {
        "timestamp": "2023-01-27T16:08:53Z"
      }
    },
    {
      "type": "Feature",
      "geometry": {
        "type": "Point",
        "coordinates": [
          -0.1262982,
          51.5019895
        ]
      },
      "properties": {
        "timestamp": "2023-01-27T16:08:56Z"
      }
    },
    {
      "type": "Feature",
      "geometry": {
        "type": "Point",
        "coordinates": [
          -0.1263229,
          51.5019554
        ]
      },
      "properties": {
        "timestamp": "2023-01-27T16:09:00Z"
      }
    },
    {
      "type": "Feature",
      "geometry": {
        "type": "Point",
        "coordinates": [
          -0.1263224,
          51.5019429
        ]
      },
      "properties": {
        "timestamp": "2023-01-27T16:09:01Z"
      }
    },
    {
      "type": "Feature",
      "geometry": {
        "type": "Point",
        "coordinates": [
          -0.1263229,
          51.5018667
        ]
      },
      "properties": {
        "timestamp": "2023-01-27T16:09:06Z"
      }
    },
    {
      "type": "Feature",
      "geometry": {
        "type": "Point",
        "coordinates": [
          -0.126341,
          51.5018121
        ]
      },
      "properties": {
        "timestamp": "2023-01-27T16:09:10Z"
      }
    },
    {
      "type": "Feature",
      "geometry": {
        "type": "Point",
        "coordinates": [
          -0.1263316,
          51.5018031
        ]
      },
      "properties": {
        "timestamp": "2023-01-27T16:09:13Z"
      }
    },
    {
      "type": "Feature",
      "geometry": {
        "type": "Point",
        "coordinates": [
          -0.126312,
          51.501805
        ]
      },
      "properties": {
        "timestamp": "2023-01-27T16:09:15Z"
      }
    },
    {
      "type": "Feature",
      "geometry": {
        "type": "Point",
        "coordinates": [
          -0.1262882,
          51.5017889
        ]
      },
      "properties": {
        "timestamp": "2023-01-27T16:09:20Z"
      }
    },
    {
      "type": "Feature",
      "geometry": {
        "type": "Point",
        "coordinates": [
          -0.1262626,
          51.5017178
        ]
      },
      "properties": {
        "timestamp": "2023-01-27T16:09:28Z"
      }
    },
    {
      "type": "Feature",
      "geometry": {
        "type": "Point",
        "coordinates": [
          -0.1262405,
          51.5016446
        ]
      },
      "properties": {
        "timestamp": "2023-01-27T16:09:35Z"
      }
    },
    {
      "type": "Feature",
      "geometry": {
        "type": "Point",
        "coordinates": [
          -0.1262245,
          51.5016329
        ]
      },
      "properties": {
        "timestamp": "2023-01-27T16:09:39Z"
      }
    },
    {
      "type": "Feature",
      "geometry": {
        "type": "Point",
        "coordinates": [
          -0.1262218,
          51.5016057
        ]
      },
      "properties": {
        "timestamp": "2023-01-27T16:09:44Z"
      }
    },
    {
      "type": "Feature",
      "geometry": {
        "type": "Point",
        "coordinates": [
          -0.1262326,
          51.5016374
        ]
      },
      "properties": {
        "timestamp": "2023-01-27T16:09:51Z"
      }
    },
    {
      "type": "Feature",
      "geometry": {
        "type": "Point",
        "coordinates": [
          -0.1262642,
          51.5016457
        ]
      },
      "properties": {
        "timestamp": "2023-01-27T16:09:55Z"
      }
    },
    {
      "type": "Feature",
      "geometry": {
        "type": "Point",
        "coordinates": [
          -0.1262652,
          51.5016431
        ]
      },
      "properties": {
        "timestamp": "2023-01-27T16:09:56Z"
      }
    },
    {
      "type": "Feature",
      "geometry": {
        "type": "Point",
        "coordinates": [
          -0.1262588,
          51.5016343
        ]
      },
      "properties": {
        "timestamp": "2023-01-27T16:09:58Z"
      }
    },
    {
      "type": "Feature",
      "geometry": {
        "type": "Point",
        "coordinates": [
          -0.1262599,
          51.5016305
        ]
      },
      "properties": {
        "timestamp": "2023-01-27T16:10:02Z"
      }
    },
    {
      "type": "Feature",
      "geometry": {
        "type": "Point",
        "coordinates": [
          -0.1262599,
          51.5016305
        ]
      },
      "properties": {
        "timestamp": "2023-01-27T16:10:03Z"
      }
    },
    {
      "type": "Feature",
      "geometry": {
        "type": "Point",
        "coordinates": [
          -0.1262599,
          51.5016305
        ]
      },
      "properties": {
        "timestamp": "2023-01-27T16:10:11Z"
      }
    },
    {
      "type": "Feature",
      "geometry": {
        "type": "Point",
        "coordinates": [
          -0.1262736,
          51.5016028
        ]
      },
      "properties": {
        "timestamp": "2023-01-27T16:10:18Z"
      }
    },
    {
      "type": "Feature",
      "geometry": {
        "type": "Point",
        "coordinates": [
          -0.1263253,
          51.5015074
        ]
      },
      "properties": {
        "timestamp": "2023-01-27T16:10:26Z"
      }
    },
    {
      "type": "Feature",
      "geometry": {
        "type": "Point",
        "coordinates": [
          -0.1263283,
          51.5014324
        ]
      },
      "properties": {
        "timestamp": "2023-01-27T16:10:31Z"
      }
    },
    {
      "type": "Feature",
      "geometry": {
        "type": "Point",
        "coordinates": [
          -0.1263225,
          51.5014211
        ]
      },
      "properties": {
        "timestamp": "2023-01-27T16:10:32Z"
      }
    },
    {
      "type": "Feature",
      "geometry": {
        "type": "Point",
        "coordinates": [
          -0.1262783,
          51.501357
        ]
      },
      "properties": {
        "timestamp": "2023-01-27T16:10:37Z"
      }
    },
    {
      "type": "Feature",
      "geometry": {
        "type": "Point",
        "coordinates": [
          -0.1262616,
          51.5012848
        ]
      },
      "properties": {
        "timestamp": "2023-01-27T16:10:42Z"
      }
    },
    {
      "type": "Feature",
      "geometry": {
        "type": "Point",
        "coordinates": [
          -0.1262662,
          51.5012542
        ]
      },
      "properties": {
        "timestamp": "2023-01-27T16:10:44Z"
      }
    },
    {
      "type": "Feature",
      "geometry": {
        "type": "Point",
        "coordinates": [
          -0.1262886,
          51.5011933
        ]
      },
      "properties": {
        "timestamp": "2023-01-27T16:10:49Z"
      }
    },
    {
      "type": "Feature",
      "geometry": {
        "type": "Point",
        "coordinates": [
          -0.1262861,
          51.501181
        ]
      },
      "properties": {
        "timestamp": "2023-01-27T16:10:50Z"
      }
    },
    {
      "type": "Feature",
      "geometry": {
        "type": "Point",
        "coordinates": [
          -0.1262892,
          51.5011693
        ]
      },
      "properties": {
        "timestamp": "2023-01-27T16:10:51Z"
      }
    },
    {
      "type": "Feature",
      "geometry": {
        "type": "Point",
        "coordinates": [
          -0.12629,
          51.5011533
        ]
      },
      "properties": {
        "timestamp": "2023-01-27T16:10:54Z"
      }
    },
    {
      "type": "Feature",
      "geometry": {
        "type": "Point",
        "coordinates": [
          -0.1262723,
          51.5011323
        ]
      },
      "properties": {
        "timestamp": "2023-01-27T16:10:57Z"
      }
    },
    {
      "type": "Feature",
      "geometry": {
        "type": "Point",
        "coordinates": [
          -0.126273,
          51.5011302
        ]
      },
      "properties": {
        "timestamp": "2023-01-27T16:10:58Z"
      }
    },
    {
      "type": "Feature",
      "geometry": {
        "type": "Point",
        "coordinates": [
          -0.1262776,
          51.5011035
        ]
      },
      "properties": {
        "timestamp": "2023-01-27T16:11:01Z"
      }
    },
    {
      "type": "Feature",
      "geometry": {
        "type": "Point",
        "coordinates": [
          -0.1262664,
          51.5010919
        ]
      },
      "properties": {
        "timestamp": "2023-01-27T16:11:04Z"
      }
    },
    {
      "type": "Feature",
      "geometry": {
        "type": "Point",
        "coordinates": [
          -0.1262947,
          51.5010756
        ]
      },
      "properties": {
        "timestamp": "2023-01-27T16:11:07Z"
      }
    },
    {
      "type": "Feature",
      "geometry": {
        "type": "Point",
        "coordinates": [
          -0.1262888,
          51.5010626
        ]
      },
      "properties": {
        "timestamp": "2023-01-27T16:11:08Z"
      }
    },
    {
      "type": "Feature",
      "geometry": {
        "type": "Point",
        "coordinates": [
          -0.1262857,
          51.5010596
        ]
      },
      "properties": {
        "timestamp": "2023-01-27T16:11:09Z"
      }
    },
    {
      "type": "Feature",
      "geometry": {
        "type": "Point",
        "coordinates": [
          -0.1262815,
          51.5010408
        ]
      },
      "properties": {
        "timestamp": "2023-01-27T16:11:13Z"
      }
    },
    {
      "type": "Feature",
      "geometry": {
        "type": "Point",
        "coordinates": [
          -0.126275,
          51.5010308
        ]
      },
      "properties": {
        "timestamp": "2023-01-27T16:11:17Z"
      }
    },
    {
      "type": "Feature",
      "geometry": {
        "type": "Point",
        "coordinates": [
          -0.1262748,
          51.5010229
        ]
      },
      "properties": {
        "timestamp": "2023-01-27T16:11:25Z"
      }
    },
    {
      "type": "Feature",
      "geometry": {
        "type": "Point",
        "coordinates": [
          -0.1262749,
          51.5010148
        ]
      },
      "properties": {
        "timestamp": "2023-01-27T16:11:30Z"
      }
    },
    {
      "type": "Feature",
      "geometry": {
        "type": "Point",
        "coordinates": [
          -0.1262749,
          51.5010148
        ]
      },
      "properties": {
        "timestamp": "2023-01-27T16:11:33Z"
      }
    },
    {
      "type": "Feature",
      "geometry": {
        "type": "Point",
        "coordinates": [
          -0.1262749,
          51.5010148
        ]
      },
      "properties": {
        "timestamp": "2023-01-27T16:11:35Z"
      }
    },
    {
      "type": "Feature",
      "geometry": {
        "type": "Point",
        "coordinates": [
          -0.1262749,
          51.5010172
        ]
      },
      "properties": {
        "timestamp": "2023-01-27T16:11:44Z"
      }
    },
    {
      "type": "Feature",
      "geometry": {
        "type": "Point",
        "coordinates": [
          -0.1262749,
          51.5010173
        ]
      },
      "properties": {
        "timestamp": "2023-01-27T16:11:45Z"
      }
    },
    {
      "type": "Feature",
      "geometry": {
        "type": "Point",
        "coordinates": [
          -0.1262685,
          51.5010181
        ]
      },
      "properties": {
        "timestamp": "2023-01-27T16:11:48Z"
      }
    },
    {
      "type": "Feature",
      "geometry": {
        "type": "Point",
        "coordinates": [
          -0.1262096,
          51.5010308
        ]
      },
      "properties": {
        "timestamp": "2023-01-27T16:11:54Z"
      }
    },
    {
      "type": "Feature",
      "geometry": {
        "type": "Point",
        "coordinates": [
          -0.1262148,
          51.5010105
        ]
      },
      "properties": {
        "timestamp": "2023-01-27T16:11:56Z"
      }
    },
    {
      "type": "Feature",
      "geometry": {
        "type": "Point",
        "coordinates": [
          -0.1262362,
          51.5009498
        ]
      },
      "properties": {
        "timestamp": "2023-01-27T16:11:59Z"
      }
    },
    {
      "type": "Feature",
      "geometry": {
        "type": "Point",
        "coordinates": [
          -0.1262325,
          51.500904
        ]
      },
      "properties": {
        "timestamp": "2023-01-27T16:12:01Z"
      }
    },
    {
      "type": "Feature",
      "geometry": {
        "type": "Point",
        "coordinates": [
          -0.126198,
          51.5008687
        ]
      },
      "properties": {
        "timestamp": "2023-01-27T16:12:04Z"
      }
    },
    {
      "type": "Feature",
      "geometry": {
        "type": "Point",
        "coordinates": [
          -0.1261893,
          51.5008675
        ]
      },
      "properties": {
        "timestamp": "2023-01-27T16:12:05Z"
      }
    },
    {
      "type": "Feature",
      "geometry": {
        "type": "Point",
        "coordinates": [
          -0.126165,
          51.5008686
        ]
      },
      "properties": {
        "timestamp": "2023-01-27T16:12:13Z"
      }
    },
    {
      "type": "Feature",
      "geometry": {
        "type": "Point",
        "coordinates": [
          -0.1261719,
          51.5008743
        ]
      },
      "properties": {
        "timestamp": "2023-01-27T16:12:15Z"
      }
    },
    {
      "type": "Feature",
      "geometry": {
        "type": "Point",
        "coordinates": [
          -0.1261172,
          51.5008871
        ]
      },
      "properties": {
        "timestamp": "2023-01-27T16:12:19Z"
      }
    },
    {
      "type": "Feature",
      "geometry": {
        "type": "Point",
        "coordinates": [
          -0.1260279,
          51.5008942
        ]
      },
      "properties": {
        "timestamp": "2023-01-27T16:12:23Z"
      }
    },
    {
      "type": "Feature",
      "geometry": {
        "type": "Point",
        "coordinates": [
          -0.1259403,
          51.5009291
        ]
      },
      "properties": {
        "timestamp": "2023-01-27T16:12:27Z"
      }
    },
    {
      "type": "Feature",
      "geometry": {
        "type": "Point",
        "coordinates": [
          -0.1258492,
          51.5009613
        ]
      },
      "properties": {
        "timestamp": "2023-01-27T16:12:33Z"
      }
    },
    {
      "type": "Feature",
      "geometry": {
        "type": "Point",
        "coordinates": [
          -0.1258073,
          51.5009662
        ]
      },
      "properties": {
        "timestamp": "2023-01-27T16:12:35Z"
      }
    },
    {
      "type": "Feature",
      "geometry": {
        "type": "Point",
        "coordinates": [
          -0.1257192,
          51.5010261
        ]
      },
      "properties": {
        "timestamp": "2023-01-27T16:12:41Z"
      }
    },
    {
      "type": "Feature",
      "geometry": {
        "type": "Point",
        "coordinates": [
          -0.1256987,
          51.5010359
        ]
      },
      "properties": {
        "timestamp": "2023-01-27T16:12:42Z"
      }
    },
    {
      "type": "Feature",
      "geometry": {
        "type": "Point",
        "coordinates": [
          -0.1256334,
          51.501035
        ]
      },
      "properties": {
        "timestamp": "2023-01-27T16:12:45Z"
      }
    },
    {
      "type": "Feature",
      "geometry": {
        "type": "Point",
        "coordinates": [
          -0.1255574,
          51.5010392
        ]
      },
      "properties": {
        "timestamp": "2023-01-27T16:12:49Z"
      }
    },
    {
      "type": "Feature",
      "geometry": {
        "type": "Point",
        "coordinates": [
          -0.1254555,
          51.501052
        ]
      },
      "properties": {
        "timestamp": "2023-01-27T16:12:55Z"
      }
    },
    {
      "type": "Feature",
      "geometry": {
        "type": "Point",
        "coordinates": [
          -0.1254383,
          51.5010604
        ]
      },
      "properties": {
        "timestamp": "2023-01-27T16:12:57Z"
      }
    },
    {
      "type": "Feature",
      "geometry": {
        "type": "Point",
        "coordinates": [
          -0.1253137,
          51.5010616
        ]
      },
      "properties": {
        "timestamp": "2023-01-27T16:13:05Z"
      }
    },
    {
      "type": "Feature",
      "geometry": {
        "type": "Point",
        "coordinates": [
          -0.1252021,
          51.5010246
        ]
      },
      "properties": {
        "timestamp": "2023-01-27T16:13:14Z"
      }
    },
    {
      "type": "Feature",
      "geometry": {
        "type": "Point",
        "coordinates": [
          -0.1251909,
          51.5010069
        ]
      },
      "properties": {
        "timestamp": "2023-01-27T16:13:18Z"
      }
    },
    {
      "type": "Feature",
      "geometry": {
        "type": "Point",
        "coordinates": [
          -0.1251868,
          51.5010059
        ]
      },
      "properties": {
        "timestamp": "2023-01-27T16:13:20Z"
      }
    },
    {
      "type": "Feature",
      "geometry": {
        "type": "Point",
        "coordinates": [
          -0.1251793,
          51.5010032
        ]
      },
      "properties": {
        "timestamp": "2023-01-27T16:13:21Z"
      }
    },
    {
      "type": "Feature",
      "geometry": {
        "type": "Point",
        "coordinates": [
          -0.1251702,
          51.5009982
        ]
      },
      "properties": {
        "timestamp": "2023-01-27T16:13:29Z"
      }
    },
    {
      "type": "Feature",
      "geometry": {
        "type": "Point",
        "coordinates": [
          -0.1251529,
          51.5009813
        ]
      },
      "properties": {
        "timestamp": "2023-01-27T16:13:37Z"
      }
    },
    {
      "type": "Feature",
      "geometry": {
        "type": "Point",
        "coordinates": [
          -0.1251685,
          51.5009798
        ]
      },
      "properties": {
        "timestamp": "2023-01-27T16:13:46Z"
      }
    },
    {
      "type": "Feature",
      "geometry": {
        "type": "Point",
        "coordinates": [
          -0.1251573,
          51.5009689
        ]
      },
      "properties": {
        "timestamp": "2023-01-27T16:13:51Z"
      }
    },
    {
      "type": "Feature",
      "geometry": {
        "type": "Point",
        "coordinates": [
          -0.1251342,
          51.5009759
        ]
      },
      "properties": {
        "timestamp": "2023-01-27T16:13:59Z"
      }
    },
    {
      "type": "Feature",
      "geometry": {
        "type": "Point",
        "coordinates": [
          -0.1251343,
          51.5009765
        ]
      },
      "properties": {
        "timestamp": "2023-01-27T16:14:00Z"
      }
    },
    {
      "type": "Feature",
      "geometry": {
        "type": "Point",
        "coordinates": [
          -0.1251343,
          51.5009765
        ]
      },
      "properties": {
        "timestamp": "2023-01-27T16:14:02Z"
      }
    },
    {
      "type": "Feature",
      "geometry": {
        "type": "Point",
        "coordinates": [
          -0.1251343,
          51.5009765
        ]
      },
      "properties": {
        "timestamp": "2023-01-27T16:14:04Z"
      }
    },
    {
      "type": "Feature",
      "geometry": {
        "type": "Point",
        "coordinates": [
          -0.1251429,
          51.5009765
        ]
      },
      "properties": {
        "timestamp": "2023-01-27T16:14:12Z"
      }
    },
    {
      "type": "Feature",
      "geometry": {
        "type": "Point",
        "coordinates": [
          -0.1251555,
          51.5009742
        ]
      },
      "properties": {
        "timestamp": "2023-01-27T16:14:32Z"
      }
    },
    {
      "type": "Feature",
      "geometry": {
        "type": "Point",
        "coordinates": [
          -0.1251625,
          51.5009719
        ]
      },
      "properties": {
        "timestamp": "2023-01-27T16:14:39Z"
      }
    },
    {
      "type": "Feature",
      "geometry": {
        "type": "Point",
        "coordinates": [
          -0.1251748,
          51.5009702
        ]
      },
      "properties": {
        "timestamp": "2023-01-27T16:14:43Z"
      }
    },
    {
      "type": "Feature",
      "geometry": {
        "type": "Point",
        "coordinates": [
          -0.1251815,
          51.500966
        ]
      },
      "properties": {
        "timestamp": "2023-01-27T16:14:49Z"
      }
    },
    {
      "type": "Feature",
      "geometry": {
        "type": "Point",
        "coordinates": [
          -0.1251989,
          51.5009604
        ]
      },
      "properties": {
        "timestamp": "2023-01-27T16:14:57Z"
      }
    },
    {
      "type": "Feature",
      "geometry": {
        "type": "Point",
        "coordinates": [
          -0.1252004,
          51.5009592
        ]
      },
      "properties": {
        "timestamp": "2023-01-27T16:15:04Z"
      }
    },
    {
      "type": "Feature",
      "geometry": {
        "type": "Point",
        "coordinates": [
          -0.1252004,
          51.5009593
        ]
      },
      "properties": {
        "timestamp": "2023-01-27T16:15:05Z"
      }
    },
    {
      "type": "Feature",
      "geometry": {
        "type": "Point",
        "coordinates": [
          -0.1251996,
          51.5009675
        ]
      },
      "properties": {
        "timestamp": "2023-01-27T16:15:13Z"
      }
    },
    {
      "type": "Feature",
      "geometry": {
        "type": "Point",
        "coordinates": [
          -0.125225,
          51.5010099
        ]
      },
      "properties": {
        "timestamp": "2023-01-27T16:15:21Z"
      }
    },
    {
      "type": "Feature",
      "geometry": {
        "type": "Point",
        "coordinates": [
          -0.1252041,
          51.5010902
        ]
      },
      "properties": {
        "timestamp": "2023-01-27T16:15:25Z"
      }
    },
    {
      "type": "Feature",
      "geometry": {
        "type": "Point",
        "coordinates": [
          -0.125182,
          51.5011215
        ]
      },
      "properties": {
        "timestamp": "2023-01-27T16:15:31Z"
      }
    },
    {
      "type": "Feature",
      "geometry": {
        "type": "Point",
        "coordinates": [
          -0.1251955,
          51.5011035
        ]
      },
      "properties": {
        "timestamp": "2023-01-27T16:15:43Z"
      }
    },
    {
      "type": "Feature",
      "geometry": {
        "type": "Point",
        "coordinates": [
          -0.1252695,
          51.5010829
        ]
      },
      "properties": {
        "timestamp": "2023-01-27T16:15:48Z"
      }
    },
    {
      "type": "Feature",
      "geometry": {
        "type": "Point",
        "coordinates": [
          -0.1253672,
          51.5010521
        ]
      },
      "properties": {
        "timestamp": "2023-01-27T16:15:51Z"
      }
    },
    {
      "type": "Feature",
      "geometry": {
        "type": "Point",
        "coordinates": [
          -0.1254695,
          51.5010133
        ]
      },
      "properties": {
        "timestamp": "2023-01-27T16:15:54Z"
      }
    },
    {
      "type": "Feature",
      "geometry": {
        "type": "Point",
        "coordinates": [
          -0.1254931,
          51.5010091
        ]
      },
      "properties": {
        "timestamp": "2023-01-27T16:15:55Z"
      }
    },
    {
      "type": "Feature",
      "geometry": {
        "type": "Point",
        "coordinates": [
          -0.1255528,
          51.5009857
        ]
      },
      "properties": {
        "timestamp": "2023-01-27T16:15:59Z"
      }
    },
    {
      "type": "Feature",
      "geometry": {
        "type": "Point",
        "coordinates": [
          -0.12557,
          51.5009847
        ]
      },
      "properties": {
        "timestamp": "2023-01-27T16:16:01Z"
      }
    },
    {
      "type": "Feature",
      "geometry": {
        "type": "Point",
        "coordinates": [
          -0.1255747,
          51.5009846
        ]
      },
      "properties": {
        "timestamp": "2023-01-27T16:16:03Z"
      }
    },
    {
      "type": "Feature",
      "geometry": {
        "type": "Point",
        "coordinates": [
          -0.1255917,
          51.5009847
        ]
      },
      "properties": {
        "timestamp": "2023-01-27T16:16:07Z"
      }
    },
    {
      "type": "Feature",
      "geometry": {
        "type": "Point",
        "coordinates": [
          -0.1256088,
          51.5009782
        ]
      },
      "properties": {
        "timestamp": "2023-01-27T16:16:09Z"
      }
    },
    {
      "type": "Feature",
      "geometry": {
        "type": "Point",
        "coordinates": [
          -0.1255844,
          51.5009728
        ]
      },
      "properties": {
        "timestamp": "2023-01-27T16:16:14Z"
      }
    },
    {
      "type": "Feature",
      "geometry": {
        "type": "Point",
        "coordinates": [
          -0.1255844,
          51.5009728
        ]
      },
      "properties": {
        "timestamp": "2023-01-27T16:16:21Z"
      }
    },
    {
      "type": "Feature",
      "geometry": {
        "type": "Point",
        "coordinates": [
          -0.1255844,
          51.5009728
        ]
      },
      "properties": {
        "timestamp": "2023-01-27T16:16:26Z"
      }
    },
    {
      "type": "Feature",
      "geometry": {
        "type": "Point",
        "coordinates": [
          -0.1255831,
          51.5009643
        ]
      },
      "properties": {
        "timestamp": "2023-01-27T16:16:29Z"
      }
    },
    {
      "type": "Feature",
      "geometry": {
        "type": "Point",
        "coordinates": [
          -0.1255817,
          51.500964
        ]
      },
      "properties": {
        "timestamp": "2023-01-27T16:16:32Z"
      }
    },
    {
      "type": "Feature",
      "geometry": {
        "type": "Point",
        "coordinates": [
          -0.1255818,
          51.500964
        ]
      },
      "properties": {
        "timestamp": "2023-01-27T16:16:41Z"
      }
    },
    {
      "type": "Feature",
      "geometry": {
        "type": "Point",
        "coordinates": [
          -0.1255794,
          51.500976
        ]
      },
      "properties": {
        "timestamp": "2023-01-27T16:16:48Z"
      }
    },
    {
      "type": "Feature",
      "geometry": {
        "type": "Point",
        "coordinates": [
          -0.1255751,
          51.500994
        ]
      },
      "properties": {
        "timestamp": "2023-01-27T16:16:52Z"
      }
    },
    {
      "type": "Feature",
      "geometry": {
        "type": "Point",
        "coordinates": [
          -0.1255642,
          51.5010055
        ]
      },
      "properties": {
        "timestamp": "2023-01-27T16:17:01Z"
      }
    },
    {
      "type": "Feature",
      "geometry": {
        "type": "Point",
        "coordinates": [
          -0.1255873,
          51.5009979
        ]
      },
      "properties": {
        "timestamp": "2023-01-27T16:18:11Z"
      }
    },
    {
      "type": "Feature",
      "geometry": {
        "type": "Point",
        "coordinates": [
          -0.1255873,
          51.5010038
        ]
      },
      "properties": {
        "timestamp": "2023-01-27T16:18:15Z"
      }
    },
    {
      "type": "Feature",
      "geometry": {
        "type": "Point",
        "coordinates": [
          -0.1255698,
          51.5009993
        ]
      },
      "properties": {
        "timestamp": "2023-01-27T16:19:02Z"
      }
    },
    {
      "type": "Feature",
      "geometry": {
        "type": "Point",
        "coordinates": [
          -0.1255736,
          51.5010101
        ]
      },
      "properties": {
        "timestamp": "2023-01-27T16:20:10Z"
      }
    },
    {
      "type": "Feature",
      "geometry": {
        "type": "Point",
        "coordinates": [
          -0.1255734,
          51.5010108
        ]
      },
      "properties": {
        "timestamp": "2023-01-27T16:20:19Z"
      }
    },
    {
      "type": "Feature",
      "geometry": {
        "type": "Point",
        "coordinates": [
          -0.1255735,
          51.5010135
        ]
      },
      "properties": {
        "timestamp": "2023-01-27T16:20:55Z"
      }
    },
    {
      "type": "Feature",
      "geometry": {
        "type": "Point",
        "coordinates": [
          -0.1255738,
          51.5010136
        ]
      },
      "properties": {
        "timestamp": "2023-01-27T16:20:58Z"
      }
    },
    {
      "type": "Feature",
      "geometry": {
        "type": "Point",
        "coordinates": [
          -0.1255737,
          51.5010142
        ]
      },
      "properties": {
        "timestamp": "2023-01-27T16:21:04Z"
      }
    },
    {
      "type": "Feature",
      "geometry": {
        "type": "Point",
        "coordinates": [
          -0.1255745,
          51.5010147
        ]
      },
      "properties": {
        "timestamp": "2023-01-27T16:21:14Z"
      }
    },
    {
      "type": "Feature",
      "geometry": {
        "type": "Point",
        "coordinates": [
          -0.1255733,
          51.5010151
        ]
      },
      "properties": {
        "timestamp": "2023-01-27T16:21:19Z"
      }
    },
    {
      "type": "Feature",
      "geometry": {
        "type": "Point",
        "coordinates": [
          -0.1255727,
          51.5010149
        ]
      },
      "properties": {
        "timestamp": "2023-01-27T16:21:22Z"
      }
    },
    {
      "type": "Feature",
      "geometry": {
        "type": "Point",
        "coordinates": [
          -0.1255726,
          51.5010147
        ]
      },
      "properties": {
        "timestamp": "2023-01-27T16:21:28Z"
      }
    },
    {
      "type": "Feature",
      "geometry": {
        "type": "Point",
        "coordinates": [
          -0.1255725,
          51.5010148
        ]
      },
      "properties": {
        "timestamp": "2023-01-27T16:21:30Z"
      }
    },
    {
      "type": "Feature",
      "geometry": {
        "type": "Point",
        "coordinates": [
          -0.1255721,
          51.5010149
        ]
      },
      "properties": {
        "timestamp": "2023-01-27T16:21:33Z"
      }
    },
    {
      "type": "Feature",
      "geometry": {
        "type": "Point",
        "coordinates": [
          -0.1255712,
          51.5010145
        ]
      },
      "properties": {
        "timestamp": "2023-01-27T16:22:02Z"
      }
    },
    {
      "type": "Feature",
      "geometry": {
        "type": "Point",
        "coordinates": [
          -0.1255688,
          51.5010149
        ]
      },
      "properties": {
        "timestamp": "2023-01-27T16:22:18Z"
      }
    },
    {
      "type": "Feature",
      "geometry": {
        "type": "Point",
        "coordinates": [
          -0.1255665,
          51.5010148
        ]
      },
      "properties": {
        "timestamp": "2023-01-27T16:22:27Z"
      }
    },
    {
      "type": "Feature",
      "geometry": {
        "type": "Point",
        "coordinates": [
          -0.1255662,
          51.5010148
        ]
      },
      "properties": {
        "timestamp": "2023-01-27T16:22:28Z"
      }
    },
    {
      "type": "Feature",
      "geometry": {
        "type": "Point",
        "coordinates": [
          -0.1255633,
          51.5010148
        ]
      },
      "properties": {
        "timestamp": "2023-01-27T16:22:41Z"
      }
    },
    {
      "type": "Feature",
      "geometry": {
        "type": "Point",
        "coordinates": [
          -0.1254717,
          51.5009615
        ]
      },
      "properties": {
        "timestamp": "2023-01-27T16:23:02Z"
      }
    },
    {
      "type": "Feature",
      "geometry": {
        "type": "Point",
        "coordinates": [
          -0.1253939,
          51.500944
        ]
      },
      "properties": {
        "timestamp": "2023-01-27T16:23:10Z"
      }
    },
    {
      "type": "Feature",
      "geometry": {
        "type": "Point",
        "coordinates": [
          -0.1254084,
          51.5009586
        ]
      },
      "properties": {
        "timestamp": "2023-01-27T16:23:17Z"
      }
    },
    {
      "type": "Feature",
      "geometry": {
        "type": "Point",
        "coordinates": [
          -0.1254101,
          51.5009629
        ]
      },
      "properties": {
        "timestamp": "2023-01-27T16:23:21Z"
      }
    },
    {
      "type": "Feature",
      "geometry": {
        "type": "Point",
        "coordinates": [
          -0.1254101,
          51.5009629
        ]
      },
      "properties": {
        "timestamp": "2023-01-27T16:23:25Z"
      }
    },
    {
      "type": "Feature",
      "geometry": {
        "type": "Point",
        "coordinates": [
          -0.1254812,
          51.5009888
        ]
      },
      "properties": {
        "timestamp": "2023-01-27T16:23:57Z"
      }
    },
    {
      "type": "Feature",
      "geometry": {
        "type": "Point",
        "coordinates": [
          -0.1254814,
          51.5009888
        ]
      },
      "properties": {
        "timestamp": "2023-01-27T16:23:58Z"
      }
    },
    {
      "type": "Feature",
      "geometry": {
        "type": "Point",
        "coordinates": [
          -0.1254666,
          51.5009801
        ]
      },
      "properties": {
        "timestamp": "2023-01-27T16:24:16Z"
      }
    },
    {
      "type": "Feature",
      "geometry": {
        "type": "Point",
        "coordinates": [
          -0.1254514,
          51.5009779
        ]
      },
      "properties": {
        "timestamp": "2023-01-27T16:24:19Z"
      }
    },
    {
      "type": "Feature",
      "geometry": {
        "type": "Point",
        "coordinates": [
          -0.1253343,
          51.5009733
        ]
      },
      "properties": {
        "timestamp": "2023-01-27T16:24:25Z"
      }
    },
    {
      "type": "Feature",
      "geometry": {
        "type": "Point",
        "coordinates": [
          -0.1251655,
          51.500967
        ]
      },
      "properties": {
        "timestamp": "2023-01-27T16:24:32Z"
      }
    },
    {
      "type": "Feature",
      "geometry": {
        "type": "Point",
        "coordinates": [
          -0.1251384,
          51.5009798
        ]
      },
      "properties": {
        "timestamp": "2023-01-27T16:24:37Z"
      }
    },
    {
      "type": "Feature",
      "geometry": {
        "type": "Point",
        "coordinates": [
          -0.1251338,
          51.5009879
        ]
      },
      "properties": {
        "timestamp": "2023-01-27T16:24:39Z"
      }
    },
    {
      "type": "Feature",
      "geometry": {
        "type": "Point",
        "coordinates": [
          -0.1251245,
          51.5009867
        ]
      },
      "properties": {
        "timestamp": "2023-01-27T16:24:40Z"
      }
    },
    {
      "type": "Feature",
      "geometry": {
        "type": "Point",
        "coordinates": [
          -0.1251007,
          51.5009858
        ]
      },
      "properties": {
        "timestamp": "2023-01-27T16:24:42Z"
      }
    },
    {
      "type": "Feature",
      "geometry": {
        "type": "Point",
        "coordinates": [
          -0.1250681,
          51.5009818
        ]
      },
      "properties": {
        "timestamp": "2023-01-27T16:24:46Z"
      }
    },
    {
      "type": "Feature",
      "geometry": {
        "type": "Point",
        "coordinates": [
          -0.1249945,
          51.5009813
        ]
      },
      "properties": {
        "timestamp": "2023-01-27T16:24:53Z"
      }
    },
    {
      "type": "Feature",
      "geometry": {
        "type": "Point",
        "coordinates": [
          -0.1249377,
          51.5009857
        ]
      },
      "properties": {
        "timestamp": "2023-01-27T16:24:57Z"
      }
    },
    {
      "type": "Feature",
      "geometry": {
        "type": "Point",
        "coordinates": [
          -0.1248904,
          51.5009968
        ]
      },
      "properties": {
        "timestamp": "2023-01-27T16:25:00Z"
      }
    },
    {
      "type": "Feature",
      "geometry": {
        "type": "Point",
        "coordinates": [
          -0.1248774,
          51.5009961
        ]
      },
      "properties": {
        "timestamp": "2023-01-27T16:25:01Z"
      }
    },
    {
      "type": "Feature",
      "geometry": {
        "type": "Point",
        "coordinates": [
          -0.1247787,
          51.5010009
        ]
      },
      "properties": {
        "timestamp": "2023-01-27T16:25:07Z"
      }
    },
    {
      "type": "Feature",
      "geometry": {
        "type": "Point",
        "coordinates": [
          -0.1247638,
          51.501001
        ]
      },
      "properties": {
        "timestamp": "2023-01-27T16:25:08Z"
      }
    },
    {
      "type": "Feature",
      "geometry": {
        "type": "Point",
        "coordinates": [
          -0.1247444,
          51.5009914
        ]
      },
      "properties": {
        "timestamp": "2023-01-27T16:25:09Z"
      }
    },
    {
      "type": "Feature",
      "geometry": {
        "type": "Point",
        "coordinates": [
          -0.1247263,
          51.5009821
        ]
      },
      "properties": {
        "timestamp": "2023-01-27T16:25:10Z"
      }
    },
    {
      "type": "Feature",
      "geometry": {
        "type": "Point",
        "coordinates": [
          -0.124675,
          51.5009687
        ]
      },
      "properties": {
        "timestamp": "2023-01-27T16:25:12Z"
      }
    },
    {
      "type": "Feature",
      "geometry": {
        "type": "Point",
        "coordinates": [
          -0.1246501,
          51.5009633
        ]
      },
      "properties": {
        "timestamp": "2023-01-27T16:25:13Z"
      }
    },
    {
      "type": "Feature",
      "geometry": {
        "type": "Point",
        "coordinates": [
          -0.1245345,
          51.5009441
        ]
      },
      "properties": {
        "timestamp": "2023-01-27T16:25:18Z"
      }
    },
    {
      "type": "Feature",
      "geometry": {
        "type": "Point",
        "coordinates": [
          -0.1245262,
          51.5009427
        ]
      },
      "properties": {
        "timestamp": "2023-01-27T16:25:19Z"
      }
    },
    {
      "type": "Feature",
      "geometry": {
        "type": "Point",
        "coordinates": [
          -0.1244731,
          51.5009391
        ]
      },
      "properties": {
        "timestamp": "2023-01-27T16:25:23Z"
      }
    },
    {
      "type": "Feature",
      "geometry": {
        "type": "Point",
        "coordinates": [
          -0.1244409,
          51.5009294
        ]
      },
      "properties": {
        "timestamp": "2023-01-27T16:25:25Z"
      }
    },
    {
      "type": "Feature",
      "geometry": {
        "type": "Point",
        "coordinates": [
          -0.124419,
          51.5009287
        ]
      },
      "properties": {
        "timestamp": "2023-01-27T16:25:28Z"
      }
    },
    {
      "type": "Feature",
      "geometry": {
        "type": "Point",
        "coordinates": [
          -0.1244,
          51.5009282
        ]
      },
      "properties": {
        "timestamp": "2023-01-27T16:25:31Z"
      }
    },
    {
      "type": "Feature",
      "geometry": {
        "type": "Point",
        "coordinates": [
          -0.1243813,
          51.5009277
        ]
      },
      "properties": {
        "timestamp": "2023-01-27T16:25:34Z"
      }
    },
    {
      "type": "Feature",
      "geometry": {
        "type": "Point",
        "coordinates": [
          -0.1243579,
          51.5009632
        ]
      },
      "properties": {
        "timestamp": "2023-01-27T16:25:36Z"
      }
    },
    {
      "type": "Feature",
      "geometry": {
        "type": "Point",
        "coordinates": [
          -0.1243449,
          51.5009781
        ]
      },
      "properties": {
        "timestamp": "2023-01-27T16:25:37Z"
      }
    },
    {
      "type": "Feature",
      "geometry": {
        "type": "Point",
        "coordinates": [
          -0.1243163,
          51.500979
        ]
      },
      "properties": {
        "timestamp": "2023-01-27T16:25:43Z"
      }
    },
    {
      "type": "Feature",
      "geometry": {
        "type": "Point",
        "coordinates": [
          -0.1243086,
          51.5009784
        ]
      },
      "properties": {
        "timestamp": "2023-01-27T16:25:44Z"
      }
    },
    {
      "type": "Feature",
      "geometry": {
        "type": "Point",
        "coordinates": [
          -0.1243028,
          51.5009794
        ]
      },
      "properties": {
        "timestamp": "2023-01-27T16:25:45Z"
      }
    },
    {
      "type": "Feature",
      "geometry": {
        "type": "Point",
        "coordinates": [
          -0.1242772,
          51.5009934
        ]
      },
      "properties": {
        "timestamp": "2023-01-27T16:25:50Z"
      }
    },
    {
      "type": "Feature",
      "geometry": {
        "type": "Point",
        "coordinates": [
          -0.1242367,
          51.5009991
        ]
      },
      "properties": {
        "timestamp": "2023-01-27T16:25:54Z"
      }
    },
    {
      "type": "Feature",
      "geometry": {
        "type": "Point",
        "coordinates": [
          -0.1242281,
          51.501022
        ]
      },
      "properties": {
        "timestamp": "2023-01-27T16:25:58Z"
      }
    },
    {
      "type": "Feature",
      "geometry": {
        "type": "Point",
        "coordinates": [
          -0.1242452,
          51.5010303
        ]
      },
      "properties": {
        "timestamp": "2023-01-27T16:26:05Z"
      }
    },
    {
      "type": "Feature",
      "geometry": {
        "type": "Point",
        "coordinates": [
          -0.1242311,
          51.5010654
        ]
      },
      "properties": {
        "timestamp": "2023-01-27T16:26:14Z"
      }
    },
    {
      "type": "Feature",
      "geometry": {
        "type": "Point",
        "coordinates": [
          -0.1242324,
          51.5010735
        ]
      },
      "properties": {
        "timestamp": "2023-01-27T16:26:15Z"
      }
    },
    {
      "type": "Feature",
      "geometry": {
        "type": "Point",
        "coordinates": [
          -0.1242325,
          51.5010703
        ]
      },
      "properties": {
        "timestamp": "2023-01-27T16:26:20Z"
      }
    },
    {
      "type": "Feature",
      "geometry": {
        "type": "Point",
        "coordinates": [
          -0.1242325,
          51.5010703
        ]
      },
      "properties": {
        "timestamp": "2023-01-27T16:26:21Z"
      }
    },
    {
      "type": "Feature",
      "geometry": {
        "type": "Point",
        "coordinates": [
          -0.1242325,
          51.5010703
        ]
      },
      "properties": {
        "timestamp": "2023-01-27T16:26:29Z"
      }
    },
    {
      "type": "Feature",
      "geometry": {
        "type": "Point",
        "coordinates": [
          -0.1241641,
          51.5010775
        ]
      },
      "properties": {
        "timestamp": "2023-01-27T16:26:47Z"
      }
    },
    {
      "type": "Feature",
      "geometry": {
        "type": "Point",
        "coordinates": [
          -0.1241155,
          51.5010638
        ]
      },
      "properties": {
        "timestamp": "2023-01-27T16:26:49Z"
      }
    },
    {
      "type": "Feature",
      "geometry": {
        "type": "Point",
        "coordinates": [
          -0.1240721,
          51.5010569
        ]
      },
      "properties": {
        "timestamp": "2023-01-27T16:26:51Z"
      }
    },
    {
      "type": "Feature",
      "geometry": {
        "type": "Point",
        "coordinates": [
          -0.1240224,
          51.5010624
        ]
      },
      "properties": {
        "timestamp": "2023-01-27T16:26:53Z"
      }
    },
    {
      "type": "Feature",
      "geometry": {
        "type": "Point",
        "coordinates": [
          -0.1240049,
          51.5010696
        ]
      },
      "properties": {
        "timestamp": "2023-01-27T16:26:54Z"
      }
    },
    {
      "type": "Feature",
      "geometry": {
        "type": "Point",
        "coordinates": [
          -0.1239146,
          51.501085
        ]
      },
      "properties": {
        "timestamp": "2023-01-27T16:26:58Z"
      }
    },
    {
      "type": "Feature",
      "geometry": {
        "type": "Point",
        "coordinates": [
          -0.1238973,
          51.5010913
        ]
      },
      "properties": {
        "timestamp": "2023-01-27T16:26:59Z"
      }
    },
    {
      "type": "Feature",
      "geometry": {
        "type": "Point",
        "coordinates": [
          -0.1238663,
          51.501116
        ]
      },
      "properties": {
        "timestamp": "2023-01-27T16:27:02Z"
      }
    },
    {
      "type": "Feature",
      "geometry": {
        "type": "Point",
        "coordinates": [
          -0.1238274,
          51.5011712
        ]
      },
      "properties": {
        "timestamp": "2023-01-27T16:27:06Z"
      }
    },
    {
      "type": "Feature",
      "geometry": {
        "type": "Point",
        "coordinates": [
          -0.1238009,
          51.5012373
        ]
      },
      "properties": {
        "timestamp": "2023-01-27T16:27:13Z"
      }
    },
    {
      "type": "Feature",
      "geometry": {
        "type": "Point",
        "coordinates": [
          -0.1237533,
          51.5012752
        ]
      },
      "properties": {
        "timestamp": "2023-01-27T16:27:20Z"
      }
    },
    {
      "type": "Feature",
      "geometry": {
        "type": "Point",
        "coordinates": [
          -0.1237428,
          51.5012773
        ]
      },
      "properties": {
        "timestamp": "2023-01-27T16:27:22Z"
      }
    },
    {
      "type": "Feature",
      "geometry": {
        "type": "Point",
        "coordinates": [
          -0.1237446,
          51.5012795
        ]
      },
      "properties": {
        "timestamp": "2023-01-27T16:27:24Z"
      }
    },
    {
      "type": "Feature",
      "geometry": {
        "type": "Point",
        "coordinates": [
          -0.1237451,
          51.5012784
        ]
      },
      "properties": {
        "timestamp": "2023-01-27T16:27:25Z"
      }
    },
    {
      "type": "Feature",
      "geometry": {
        "type": "Point",
        "coordinates": [
          -0.1237523,
          51.5012777
        ]
      },
      "properties": {
        "timestamp": "2023-01-27T16:27:27Z"
      }
    },
    {
      "type": "Feature",
      "geometry": {
        "type": "Point",
        "coordinates": [
          -0.1237161,
          51.5012891
        ]
      },
      "properties": {
        "timestamp": "2023-01-27T16:27:33Z"
      }
    },
    {
      "type": "Feature",
      "geometry": {
        "type": "Point",
        "coordinates": [
          -0.1237161,
          51.5012891
        ]
      },
      "properties": {
        "timestamp": "2023-01-27T16:27:35Z"
      }
    },
    {
      "type": "Feature",
      "geometry": {
        "type": "Point",
        "coordinates": [
          -0.1237392,
          51.5012891
        ]
      },
      "properties": {
        "timestamp": "2023-01-27T16:27:45Z"
      }
    },
    {
      "type": "Feature",
      "geometry": {
        "type": "Point",
        "coordinates": [
          -0.1237485,
          51.5012924
        ]
      },
      "properties": {
        "timestamp": "2023-01-27T16:27:56Z"
      }
    },
    {
      "type": "Feature",
      "geometry": {
        "type": "Point",
        "coordinates": [
          -0.1237488,
          51.5012924
        ]
      },
      "properties": {
        "timestamp": "2023-01-27T16:28:02Z"
      }
    },
    {
      "type": "Feature",
      "geometry": {
        "type": "Point",
        "coordinates": [
          -0.1237488,
          51.5012924
        ]
      },
      "properties": {
        "timestamp": "2023-01-27T16:28:04Z"
      }
    },
    {
      "type": "Feature",
      "geometry": {
        "type": "Point",
        "coordinates": [
          -0.1237488,
          51.5012924
        ]
      },
      "properties": {
        "timestamp": "2023-01-27T16:28:06Z"
      }
    },
    {
      "type": "Feature",
      "geometry": {
        "type": "Point",
        "coordinates": [
          -0.1238191,
          51.5013023
        ]
      },
      "properties": {
        "timestamp": "2023-01-27T16:28:36Z"
      }
    },
    {
      "type": "Feature",
      "geometry": {
        "type": "Point",
        "coordinates": [
          -0.1238074,
          51.5013052
        ]
      },
      "properties": {
        "timestamp": "2023-01-27T16:28:51Z"
      }
    },
    {
      "type": "Feature",
      "geometry": {
        "type": "Point",
        "coordinates": [
          -0.1237658,
          51.501304
        ]
      },
      "properties": {
        "timestamp": "2023-01-27T16:29:12Z"
      }
    },
    {
      "type": "Feature",
      "geometry": {
        "type": "Point",
        "coordinates": [
          -0.1237627,
          51.5013142
        ]
      },
      "properties": {
        "timestamp": "2023-01-27T16:29:22Z"
      }
    },
    {
      "type": "Feature",
      "geometry": {
        "type": "Point",
        "coordinates": [
          -0.1237603,
          51.5013173
        ]
      },
      "properties": {
        "timestamp": "2023-01-27T16:29:26Z"
      }
    },
    {
      "type": "Feature",
      "geometry": {
        "type": "Point",
        "coordinates": [
          -0.1237598,
          51.5013186
        ]
      },
      "properties": {
        "timestamp": "2023-01-27T16:29:27Z"
      }
    },
    {
      "type": "Feature",
      "geometry": {
        "type": "Point",
        "coordinates": [
          -0.1237565,
          51.5013229
        ]
      },
      "properties": {
        "timestamp": "2023-01-27T16:29:35Z"
      }
    },
    {
      "type": "Feature",
      "geometry": {
        "type": "Point",
        "coordinates": [
          -0.1237458,
          51.5012812
        ]
      },
      "properties": {
        "timestamp": "2023-01-27T16:30:00Z"
      }
    },
    {
      "type": "Feature",
      "geometry": {
        "type": "Point",
        "coordinates": [
          -0.1237463,
          51.5012805
        ]
      },
      "properties": {
        "timestamp": "2023-01-27T16:30:01Z"
      }
    },
    {
      "type": "Feature",
      "geometry": {
        "type": "Point",
        "coordinates": [
          -0.1237471,
          51.5012775
        ]
      },
      "properties": {
        "timestamp": "2023-01-27T16:30:07Z"
      }
    },
    {
      "type": "Feature",
      "geometry": {
        "type": "Point",
        "coordinates": [
          -0.1237474,
          51.501276
        ]
      },
      "properties": {
        "timestamp": "2023-01-27T16:30:11Z"
      }
    },
    {
      "type": "Feature",
      "geometry": {
        "type": "Point",
        "coordinates": [
          -0.1237492,
          51.5012768
        ]
      },
      "properties": {
        "timestamp": "2023-01-27T16:30:18Z"
      }
    },
    {
      "type": "Feature",
      "geometry": {
        "type": "Point",
        "coordinates": [
          -0.1237498,
          51.5012789
        ]
      },
      "properties": {
        "timestamp": "2023-01-27T16:30:23Z"
      }
    },
    {
      "type": "Feature",
      "geometry": {
        "type": "Point",
        "coordinates": [
          -0.1237492,
          51.5012857
        ]
      },
      "properties": {
        "timestamp": "2023-01-27T16:30:43Z"
      }
    },
    {
      "type": "Feature",
      "geometry": {
        "type": "Point",
        "coordinates": [
          -0.1237503,
          51.5012858
        ]
      },
      "properties": {
        "timestamp": "2023-01-27T16:30:47Z"
      }
    },
    {
      "type": "Feature",
      "geometry": {
        "type": "Point",
        "coordinates": [
          -0.1237513,
          51.5012856
        ]
      },
      "properties": {
        "timestamp": "2023-01-27T16:30:51Z"
      }
    },
    {
      "type": "Feature",
      "geometry": {
        "type": "Point",
        "coordinates": [
          -0.1237513,
          51.5012854
        ]
      },
      "properties": {
        "timestamp": "2023-01-27T16:30:53Z"
      }
    },
    {
      "type": "Feature",
      "geometry": {
        "type": "Point",
        "coordinates": [
          -0.1237517,
          51.5012854
        ]
      },
      "properties": {
        "timestamp": "2023-01-27T16:30:54Z"
      }
    },
    {
      "type": "Feature",
      "geometry": {
        "type": "Point",
        "coordinates": [
          -0.1237522,
          51.5012856
        ]
      },
      "properties": {
        "timestamp": "2023-01-27T16:30:55Z"
      }
    },
    {
      "type": "Feature",
      "geometry": {
        "type": "Point",
        "coordinates": [
          -0.1237585,
          51.501284
        ]
      },
      "properties": {
        "timestamp": "2023-01-27T16:31:10Z"
      }
    },
    {
      "type": "Feature",
      "geometry": {
        "type": "Point",
        "coordinates": [
          -0.1237606,
          51.501283
        ]
      },
      "properties": {
        "timestamp": "2023-01-27T16:31:19Z"
      }
    },
    {
      "type": "Feature",
      "geometry": {
        "type": "Point",
        "coordinates": [
          -0.1237601,
          51.5012829
        ]
      },
      "properties": {
        "timestamp": "2023-01-27T16:31:29Z"
      }
    },
    {
      "type": "Feature",
      "geometry": {
        "type": "Point",
        "coordinates": [
          -0.1237606,
          51.5012828
        ]
      },
      "properties": {
        "timestamp": "2023-01-27T16:31:38Z"
      }
    },
    {
      "type": "Feature",
      "geometry": {
        "type": "Point",
        "coordinates": [
          -0.1237607,
          51.5012809
        ]
      },
      "properties": {
        "timestamp": "2023-01-27T16:31:59Z"
      }
    },
    {
      "type": "Feature",
      "geometry": {
        "type": "Point",
        "coordinates": [
          -0.1237611,
          51.501281
        ]
      },
      "properties": {
        "timestamp": "2023-01-27T16:32:04Z"
      }
    },
    {
      "type": "Feature",
      "geometry": {
        "type": "Point",
        "coordinates": [
          -0.1237608,
          51.5012812
        ]
      },
      "properties": {
        "timestamp": "2023-01-27T16:32:06Z"
      }
    },
    {
      "type": "Feature",
      "geometry": {
        "type": "Point",
        "coordinates": [
          -0.1237573,
          51.5012799
        ]
      },
      "properties": {
        "timestamp": "2023-01-27T16:32:28Z"
      }
    },
    {
      "type": "Feature",
      "geometry": {
        "type": "Point",
        "coordinates": [
          -0.1237568,
          51.5012797
        ]
      },
      "properties": {
        "timestamp": "2023-01-27T16:32:29Z"
      }
    },
    {
      "type": "Feature",
      "geometry": {
        "type": "Point",
        "coordinates": [
          -0.123756,
          51.5012792
        ]
      },
      "properties": {
        "timestamp": "2023-01-27T16:32:31Z"
      }
    },
    {
      "type": "Feature",
      "geometry": {
        "type": "Point",
        "coordinates": [
          -0.123756,
          51.5012787
        ]
      },
      "properties": {
        "timestamp": "2023-01-27T16:32:39Z"
      }
    },
    {
      "type": "Feature",
      "geometry": {
        "type": "Point",
        "coordinates": [
          -0.1237556,
          51.5012785
        ]
      },
      "properties": {
        "timestamp": "2023-01-27T16:32:43Z"
      }
    },
    {
      "type": "Feature",
      "geometry": {
        "type": "Point",
        "coordinates": [
          -0.1237575,
          51.501278
        ]
      },
      "properties": {
        "timestamp": "2023-01-27T16:33:06Z"
      }
    },
    {
      "type": "Feature",
      "geometry": {
        "type": "Point",
        "coordinates": [
          -0.1237575,
          51.5012778
        ]
      },
      "properties": {
        "timestamp": "2023-01-27T16:33:20Z"
      }
    },
    {
      "type": "Feature",
      "geometry": {
        "type": "Point",
        "coordinates": [
          -0.1237577,
          51.5012775
        ]
      },
      "properties": {
        "timestamp": "2023-01-27T16:33:26Z"
      }
    },
    {
      "type": "Feature",
      "geometry": {
        "type": "Point",
        "coordinates": [
          -0.1237577,
          51.5012775
        ]
      },
      "properties": {
        "timestamp": "2023-01-27T16:33:30Z"
      }
    },
    {
      "type": "Feature",
      "geometry": {
        "type": "Point",
        "coordinates": [
          -0.1237573,
          51.5012777
        ]
      },
      "properties": {
        "timestamp": "2023-01-27T16:33:38Z"
      }
    },
    {
      "type": "Feature",
      "geometry": {
        "type": "Point",
        "coordinates": [
          -0.1237566,
          51.5012771
        ]
      },
      "properties": {
        "timestamp": "2023-01-27T16:34:04Z"
      }
    },
    {
      "type": "Feature",
      "geometry": {
        "type": "Point",
        "coordinates": [
          -0.1237565,
          51.5012769
        ]
      },
      "properties": {
        "timestamp": "2023-01-27T16:34:06Z"
      }
    },
    {
      "type": "Feature",
      "geometry": {
        "type": "Point",
        "coordinates": [
          -0.1238363,
          51.5011881
        ]
      },
      "properties": {
        "timestamp": "2023-01-27T16:34:19Z"
      }
    },
    {
      "type": "Feature",
      "geometry": {
        "type": "Point",
        "coordinates": [
          -0.1238524,
          51.5011752
        ]
      },
      "properties": {
        "timestamp": "2023-01-27T16:34:20Z"
      }
    },
    {
      "type": "Feature",
      "geometry": {
        "type": "Point",
        "coordinates": [
          -0.1238652,
          51.5011583
        ]
      },
      "properties": {
        "timestamp": "2023-01-27T16:34:21Z"
      }
    },
    {
      "type": "Feature",
      "geometry": {
        "type": "Point",
        "coordinates": [
          -0.123898,
          51.5011152
        ]
      },
      "properties": {
        "timestamp": "2023-01-27T16:34:23Z"
      }
    },
    {
      "type": "Feature",
      "geometry": {
        "type": "Point",
        "coordinates": [
          -0.1238845,
          51.5010625
        ]
      },
      "properties": {
        "timestamp": "2023-01-27T16:34:28Z"
      }
    },
    {
      "type": "Feature",
      "geometry": {
        "type": "Point",
        "coordinates": [
          -0.1238583,
          51.5010317
        ]
      },
      "properties": {
        "timestamp": "2023-01-27T16:34:34Z"
      }
    },
    {
      "type": "Feature",
      "geometry": {
        "type": "Point",
        "coordinates": [
          -0.1238357,
          51.5010288
        ]
      },
      "properties": {
        "timestamp": "2023-01-27T16:34:36Z"
      }
    },
    {
      "type": "Feature",
      "geometry": {
        "type": "Point",
        "coordinates": [
          -0.1237765,
          51.5010297
        ]
      },
      "properties": {
        "timestamp": "2023-01-27T16:34:40Z"
      }
    },
    {
      "type": "Feature",
      "geometry": {
        "type": "Point",
        "coordinates": [
          -0.1237393,
          51.5010137
        ]
      },
      "properties": {
        "timestamp": "2023-01-27T16:34:44Z"
      }
    },
    {
      "type": "Feature",
      "geometry": {
        "type": "Point",
        "coordinates": [
          -0.123708,
          51.500997
        ]
      },
      "properties": {
        "timestamp": "2023-01-27T16:34:47Z"
      }
    },
    {
      "type": "Feature",
      "geometry": {
        "type": "Point",
        "coordinates": [
          -0.123632,
          51.5009795
        ]
      },
      "properties": {
        "timestamp": "2023-01-27T16:34:52Z"
      }
    },
    {
      "type": "Feature",
      "geometry": {
        "type": "Point",
        "coordinates": [
          -0.1236175,
          51.5009867
        ]
      },
      "properties": {
        "timestamp": "2023-01-27T16:34:54Z"
      }
    },
    {
      "type": "Feature",
      "geometry": {
        "type": "Point",
        "coordinates": [
          -0.1235823,
          51.5009841
        ]
      },
      "properties": {
        "timestamp": "2023-01-27T16:34:57Z"
      }
    },
    {
      "type": "Feature",
      "geometry": {
        "type": "Point",
        "coordinates": [
          -0.1234843,
          51.5009658
        ]
      },
      "properties": {
        "timestamp": "2023-01-27T16:35:02Z"
      }
    },
    {
      "type": "Feature",
      "geometry": {
        "type": "Point",
        "coordinates": [
          -0.1234338,
          51.5009929
        ]
      },
      "properties": {
        "timestamp": "2023-01-27T16:35:08Z"
      }
    },
    {
      "type": "Feature",
      "geometry": {
        "type": "Point",
        "coordinates": [
          -0.1234353,
          51.500994
        ]
      },
      "properties": {
        "timestamp": "2023-01-27T16:35:10Z"
      }
    },
    {
      "type": "Feature",
      "geometry": {
        "type": "Point",
        "coordinates": [
          -0.1234336,
          51.5009923
        ]
      },
      "properties": {
        "timestamp": "2023-01-27T16:35:12Z"
      }
    },
    {
      "type": "Feature",
      "geometry": {
        "type": "Point",
        "coordinates": [
          -0.1234366,
          51.5009939
        ]
      },
      "properties": {
        "timestamp": "2023-01-27T16:35:16Z"
      }
    },
    {
      "type": "Feature",
      "geometry": {
        "type": "Point",
        "coordinates": [
          -0.1234366,
          51.5009939
        ]
      },
      "properties": {
        "timestamp": "2023-01-27T16:35:20Z"
      }
    },
    {
      "type": "Feature",
      "geometry": {
        "type": "Point",
        "coordinates": [
          -0.1234366,
          51.5009939
        ]
      },
      "properties": {
        "timestamp": "2023-01-27T16:35:22Z"
      }
    },
    {
      "type": "Feature",
      "geometry": {
        "type": "Point",
        "coordinates": [
          -0.1234366,
          51.5009939
        ]
      },
      "properties": {
        "timestamp": "2023-01-27T16:35:23Z"
      }
    },
    {
      "type": "Feature",
      "geometry": {
        "type": "Point",
        "coordinates": [
          -0.1234366,
          51.5009939
        ]
      },
      "properties": {
        "timestamp": "2023-01-27T16:35:27Z"
      }
    },
    {
      "type": "Feature",
      "geometry": {
        "type": "Point",
        "coordinates": [
          -0.1234366,
          51.5009972
        ]
      },
      "properties": {
        "timestamp": "2023-01-27T16:35:33Z"
      }
    },
    {
      "type": "Feature",
      "geometry": {
        "type": "Point",
        "coordinates": [
          -0.1232996,
          51.5010025
        ]
      },
      "properties": {
        "timestamp": "2023-01-27T16:35:52Z"
      }
    },
    {
      "type": "Feature",
      "geometry": {
        "type": "Point",
        "coordinates": [
          -0.1231199,
          51.5009912
        ]
      },
      "properties": {
        "timestamp": "2023-01-27T16:35:58Z"
      }
    },
    {
      "type": "Feature",
      "geometry": {
        "type": "Point",
        "coordinates": [
          -0.1231059,
          51.5009913
        ]
      },
      "properties": {
        "timestamp": "2023-01-27T16:35:59Z"
      }
    },
    {
      "type": "Feature",
      "geometry": {
        "type": "Point",
        "coordinates": [
          -0.123089,
          51.5009899
        ]
      },
      "properties": {
        "timestamp": "2023-01-27T16:36:01Z"
      }
    },
    {
      "type": "Feature",
      "geometry": {
        "type": "Point",
        "coordinates": [
          -0.1230832,
          51.5009886
        ]
      },
      "properties": {
        "timestamp": "2023-01-27T16:36:02Z"
      }
    },
    {
      "type": "Feature",
      "geometry": {
        "type": "Point",
        "coordinates": [
          -0.1230566,
          51.5009888
        ]
      },
      "properties": {
        "timestamp": "2023-01-27T16:36:07Z"
      }
    },
    {
      "type": "Feature",
      "geometry": {
        "type": "Point",
        "coordinates": [
          -0.1230539,
          51.500993
        ]
      },
      "properties": {
        "timestamp": "2023-01-27T16:36:12Z"
      }
    },
    {
      "type": "Feature",
      "geometry": {
        "type": "Point",
        "coordinates": [
          -0.123054,
          51.5009931
        ]
      },
      "properties": {
        "timestamp": "2023-01-27T16:36:15Z"
      }
    },
    {
      "type": "Feature",
      "geometry": {
        "type": "Point",
        "coordinates": [
          -0.123054,
          51.5009931
        ]
      },
      "properties": {
        "timestamp": "2023-01-27T16:36:17Z"
      }
    },
    {
      "type": "Feature",
      "geometry": {
        "type": "Point",
        "coordinates": [
          -0.123054,
          51.5009931
        ]
      },
      "properties": {
        "timestamp": "2023-01-27T16:36:20Z"
      }
    },
    {
      "type": "Feature",
      "geometry": {
        "type": "Point",
        "coordinates": [
          -0.1230277,
          51.5009772
        ]
      },
      "properties": {
        "timestamp": "2023-01-27T16:36:54Z"
      }
    },
    {
      "type": "Feature",
      "geometry": {
        "type": "Point",
        "coordinates": [
          -0.1230217,
          51.5009718
        ]
      },
      "properties": {
        "timestamp": "2023-01-27T16:37:02Z"
      }
    },
    {
      "type": "Feature",
      "geometry": {
        "type": "Point",
        "coordinates": [
          -0.1228615,
          51.5009611
        ]
      },
      "properties": {
        "timestamp": "2023-01-27T16:37:15Z"
      }
    },
    {
      "type": "Feature",
      "geometry": {
        "type": "Point",
        "coordinates": [
          -0.1227603,
          51.5009718
        ]
      },
      "properties": {
        "timestamp": "2023-01-27T16:37:20Z"
      }
    },
    {
      "type": "Feature",
      "geometry": {
        "type": "Point",
        "coordinates": [
          -0.1226969,
          51.5009707
        ]
      },
      "properties": {
        "timestamp": "2023-01-27T16:37:25Z"
      }
    },
    {
      "type": "Feature",
      "geometry": {
        "type": "Point",
        "coordinates": [
          -0.1225856,
          51.5009593
        ]
      },
      "properties": {
        "timestamp": "2023-01-27T16:37:32Z"
      }
    },
    {
      "type": "Feature",
      "geometry": {
        "type": "Point",
        "coordinates": [
          -0.1225674,
          51.5009598
        ]
      },
      "properties": {
        "timestamp": "2023-01-27T16:37:33Z"
      }
    },
    {
      "type": "Feature",
      "geometry": {
        "type": "Point",
        "coordinates": [
          -0.122412,
          51.5009525
        ]
      },
      "properties": {
        "timestamp": "2023-01-27T16:37:44Z"
      }
    },
    {
      "type": "Feature",
      "geometry": {
        "type": "Point",
        "coordinates": [
          -0.1223784,
          51.5009511
        ]
      },
      "properties": {
        "timestamp": "2023-01-27T16:37:47Z"
      }
    },
    {
      "type": "Feature",
      "geometry": {
        "type": "Point",
        "coordinates": [
          -0.1223654,
          51.5009533
        ]
      },
      "properties": {
        "timestamp": "2023-01-27T16:37:48Z"
      }
    },
    {
      "type": "Feature",
      "geometry": {
        "type": "Point",
        "coordinates": [
          -0.1222787,
          51.5009527
        ]
      },
      "properties": {
        "timestamp": "2023-01-27T16:37:54Z"
      }
    },
    {
      "type": "Feature",
      "geometry": {
        "type": "Point",
        "coordinates": [
          -0.1222356,
          51.5009586
        ]
      },
      "properties": {
        "timestamp": "2023-01-27T16:37:58Z"
      }
    },
    {
      "type": "Feature",
      "geometry": {
        "type": "Point",
        "coordinates": [
          -0.1222023,
          51.5009632
        ]
      },
      "properties": {
        "timestamp": "2023-01-27T16:38:01Z"
      }
    },
    {
      "type": "Feature",
      "geometry": {
        "type": "Point",
        "coordinates": [
          -0.122188,
          51.5009636
        ]
      },
      "properties": {
        "timestamp": "2023-01-27T16:38:02Z"
      }
    },
    {
      "type": "Feature",
      "geometry": {
        "type": "Point",
        "coordinates": [
          -0.1221433,
          51.50096
        ]
      },
      "properties": {
        "timestamp": "2023-01-27T16:38:05Z"
      }
    },
    {
      "type": "Feature",
      "geometry": {
        "type": "Point",
        "coordinates": [
          -0.1220652,
          51.500955
        ]
      },
      "properties": {
        "timestamp": "2023-01-27T16:38:11Z"
      }
    },
    {
      "type": "Feature",
      "geometry": {
        "type": "Point",
        "coordinates": [
          -0.1219426,
          51.5009589
        ]
      },
      "properties": {
        "timestamp": "2023-01-27T16:38:18Z"
      }
    },
    {
      "type": "Feature",
      "geometry": {
        "type": "Point",
        "coordinates": [
          -0.121837,
          51.5009588
        ]
      },
      "properties": {
        "timestamp": "2023-01-27T16:38:26Z"
      }
    },
    {
      "type": "Feature",
      "geometry": {
        "type": "Point",
        "coordinates": [
          -0.1218367,
          51.5009586
        ]
      },
      "properties": {
        "timestamp": "2023-01-27T16:38:27Z"
      }
    },
    {
      "type": "Feature",
      "geometry": {
        "type": "Point",
        "coordinates": [
          -0.1218353,
          51.5009588
        ]
      },
      "properties": {
        "timestamp": "2023-01-27T16:38:28Z"
      }
    },
    {
      "type": "Feature",
      "geometry": {
        "type": "Point",
        "coordinates": [
          -0.1217703,
          51.5009625
        ]
      },
      "properties": {
        "timestamp": "2023-01-27T16:38:33Z"
      }
    },
    {
      "type": "Feature",
      "geometry": {
        "type": "Point",
        "coordinates": [
          -0.1217052,
          51.5009465
        ]
      },
      "properties": {
        "timestamp": "2023-01-27T16:38:40Z"
      }
    },
    {
      "type": "Feature",
      "geometry": {
        "type": "Point",
        "coordinates": [
          -0.1217092,
          51.5009372
        ]
      },
      "properties": {
        "timestamp": "2023-01-27T16:38:47Z"
      }
    },
    {
      "type": "Feature",
      "geometry": {
        "type": "Point",
        "coordinates": [
          -0.1217148,
          51.5009371
        ]
      },
      "properties": {
        "timestamp": "2023-01-27T16:38:53Z"
      }
    },
    {
      "type": "Feature",
      "geometry": {
        "type": "Point",
        "coordinates": [
          -0.1217148,
          51.5009396
        ]
      },
      "properties": {
        "timestamp": "2023-01-27T16:39:04Z"
      }
    },
    {
      "type": "Feature",
      "geometry": {
        "type": "Point",
        "coordinates": [
          -0.1217114,
          51.5009414
        ]
      },
      "properties": {
        "timestamp": "2023-01-27T16:39:10Z"
      }
    },
    {
      "type": "Feature",
      "geometry": {
        "type": "Point",
        "coordinates": [
          -0.1217108,
          51.500942
        ]
      },
      "properties": {
        "timestamp": "2023-01-27T16:39:13Z"
      }
    },
    {
      "type": "Feature",
      "geometry": {
        "type": "Point",
        "coordinates": [
          -0.121692,
          51.5009429
        ]
      },
      "properties": {
        "timestamp": "2023-01-27T16:39:20Z"
      }
    },
    {
      "type": "Feature",
      "geometry": {
        "type": "Point",
        "coordinates": [
          -0.1216796,
          51.5009423
        ]
      },
      "properties": {
        "timestamp": "2023-01-27T16:39:29Z"
      }
    },
    {
      "type": "Feature",
      "geometry": {
        "type": "Point",
        "coordinates": [
          -0.121678,
          51.5009421
        ]
      },
      "properties": {
        "timestamp": "2023-01-27T16:39:31Z"
      }
    },
    {
      "type": "Feature",
      "geometry": {
        "type": "Point",
        "coordinates": [
          -0.1216777,
          51.5009381
        ]
      },
      "properties": {
        "timestamp": "2023-01-27T16:39:36Z"
      }
    },
    {
      "type": "Feature",
      "geometry": {
        "type": "Point",
        "coordinates": [
          -0.1214792,
          51.5009362
        ]
      },
      "properties": {
        "timestamp": "2023-01-27T16:40:06Z"
      }
    },
    {
      "type": "Feature",
      "geometry": {
        "type": "Point",
        "coordinates": [
          -0.1213085,
          51.5009334
        ]
      },
      "properties": {
        "timestamp": "2023-01-27T16:40:11Z"
      }
    },
    {
      "type": "Feature",
      "geometry": {
        "type": "Point",
        "coordinates": [
          -0.1212906,
          51.5009337
        ]
      },
      "properties": {
        "timestamp": "2023-01-27T16:40:12Z"
      }
    },
    {
      "type": "Feature",
      "geometry": {
        "type": "Point",
        "coordinates": [
          -0.1212339,
          51.5009299
        ]
      },
      "properties": {
        "timestamp": "2023-01-27T16:40:15Z"
      }
    },
    {
      "type": "Feature",
      "geometry": {
        "type": "Point",
        "coordinates": [
          -0.1212199,
          51.5009275
        ]
      },
      "properties": {
        "timestamp": "2023-01-27T16:40:16Z"
      }
    },
    {
      "type": "Feature",
      "geometry": {
        "type": "Point",
        "coordinates": [
          -0.1211876,
          51.5009264
        ]
      },
      "properties": {
        "timestamp": "2023-01-27T16:40:18Z"
      }
    },
    {
      "type": "Feature",
      "geometry": {
        "type": "Point",
        "coordinates": [
          -0.1211383,
          51.5009208
        ]
      },
      "properties": {
        "timestamp": "2023-01-27T16:40:21Z"
      }
    },
    {
      "type": "Feature",
      "geometry": {
        "type": "Point",
        "coordinates": [
          -0.1210701,
          51.5009201
        ]
      },
      "properties": {
        "timestamp": "2023-01-27T16:40:25Z"
      }
    },
    {
      "type": "Feature",
      "geometry": {
        "type": "Point",
        "coordinates": [
          -0.1210616,
          51.50092
        ]
      },
      "properties": {
        "timestamp": "2023-01-27T16:40:26Z"
      }
    },
    {
      "type": "Feature",
      "geometry": {
        "type": "Point",
        "coordinates": [
          -0.1209858,
          51.5009251
        ]
      },
      "properties": {
        "timestamp": "2023-01-27T16:40:32Z"
      }
    },
    {
      "type": "Feature",
      "geometry": {
        "type": "Point",
        "coordinates": [
          -0.1209674,
          51.5009243
        ]
      },
      "properties": {
        "timestamp": "2023-01-27T16:40:33Z"
      }
    },
    {
      "type": "Feature",
      "geometry": {
        "type": "Point",
        "coordinates": [
          -0.1209525,
          51.5009228
        ]
      },
      "properties": {
        "timestamp": "2023-01-27T16:40:34Z"
      }
    },
    {
      "type": "Feature",
      "geometry": {
        "type": "Point",
        "coordinates": [
          -0.1209379,
          51.5009224
        ]
      },
      "properties": {
        "timestamp": "2023-01-27T16:40:35Z"
      }
    },
    {
      "type": "Feature",
      "geometry": {
        "type": "Point",
        "coordinates": [
          -0.1208985,
          51.5009202
        ]
      },
      "properties": {
        "timestamp": "2023-01-27T16:40:38Z"
      }
    },
    {
      "type": "Feature",
      "geometry": {
        "type": "Point",
        "coordinates": [
          -0.1208807,
          51.5009222
        ]
      },
      "properties": {
        "timestamp": "2023-01-27T16:40:40Z"
      }
    },
    {
      "type": "Feature",
      "geometry": {
        "type": "Point",
        "coordinates": [
          -0.1208551,
          51.5009215
        ]
      },
      "properties": {
        "timestamp": "2023-01-27T16:40:42Z"
      }
    },
    {
      "type": "Feature",
      "geometry": {
        "type": "Point",
        "coordinates": [
          -0.1208401,
          51.5009191
        ]
      },
      "properties": {
        "timestamp": "2023-01-27T16:40:43Z"
      }
    },
    {
      "type": "Feature",
      "geometry": {
        "type": "Point",
        "coordinates": [
          -0.1208241,
          51.500917
        ]
      },
      "properties": {
        "timestamp": "2023-01-27T16:40:44Z"
      }
    },
    {
      "type": "Feature",
      "geometry": {
        "type": "Point",
        "coordinates": [
          -0.1207537,
          51.5009115
        ]
      },
      "properties": {
        "timestamp": "2023-01-27T16:40:48Z"
      }
    },
    {
      "type": "Feature",
      "geometry": {
        "type": "Point",
        "coordinates": [
          -0.1207,
          51.5009128
        ]
      },
      "properties": {
        "timestamp": "2023-01-27T16:40:51Z"
      }
    },
    {
      "type": "Feature",
      "geometry": {
        "type": "Point",
        "coordinates": [
          -0.1206826,
          51.5009126
        ]
      },
      "properties": {
        "timestamp": "2023-01-27T16:40:52Z"
      }
    },
    {
      "type": "Feature",
      "geometry": {
        "type": "Point",
        "coordinates": [
          -0.1206717,
          51.5009109
        ]
      },
      "properties": {
        "timestamp": "2023-01-27T16:40:53Z"
      }
    },
    {
      "type": "Feature",
      "geometry": {
        "type": "Point",
        "coordinates": [
          -0.1205488,
          51.5009077
        ]
      },
      "properties": {
        "timestamp": "2023-01-27T16:41:02Z"
      }
    },
    {
      "type": "Feature",
      "geometry": {
        "type": "Point",
        "coordinates": [
          -0.1204713,
          51.5009029
        ]
      },
      "properties": {
        "timestamp": "2023-01-27T16:41:08Z"
      }
    },
    {
      "type": "Feature",
      "geometry": {
        "type": "Point",
        "coordinates": [
          -0.1204464,
          51.5009046
        ]
      },
      "properties": {
        "timestamp": "2023-01-27T16:41:10Z"
      }
    },
    {
      "type": "Feature",
      "geometry": {
        "type": "Point",
        "coordinates": [
          -0.1203711,
          51.5008928
        ]
      },
      "properties": {
        "timestamp": "2023-01-27T16:41:15Z"
      }
    },
    {
      "type": "Feature",
      "geometry": {
        "type": "Point",
        "coordinates": [
          -0.1203537,
          51.5008905
        ]
      },
      "properties": {
        "timestamp": "2023-01-27T16:41:16Z"
      }
    },
    {
      "type": "Feature",
      "geometry": {
        "type": "Point",
        "coordinates": [
          -0.1203122,
          51.5008888
        ]
      },
      "properties": {
        "timestamp": "2023-01-27T16:41:18Z"
      }
    },
    {
      "type": "Feature",
      "geometry": {
        "type": "Point",
        "coordinates": [
          -0.1202792,
          51.5008976
        ]
      },
      "properties": {
        "timestamp": "2023-01-27T16:41:21Z"
      }
    },
    {
      "type": "Feature",
      "geometry": {
        "type": "Point",
        "coordinates": [
          -0.1202701,
          51.5009011
        ]
      },
      "properties": {
        "timestamp": "2023-01-27T16:41:22Z"
      }
    },
    {
      "type": "Feature",
      "geometry": {
        "type": "Point",
        "coordinates": [
          -0.120255,
          51.5009011
        ]
      },
      "properties": {
        "timestamp": "2023-01-27T16:41:23Z"
      }
    },
    {
      "type": "Feature",
      "geometry": {
        "type": "Point",
        "coordinates": [
          -0.1201627,
          51.5008972
        ]
      },
      "properties": {
        "timestamp": "2023-01-27T16:41:29Z"
      }
    },
    {
      "type": "Feature",
      "geometry": {
        "type": "Point",
        "coordinates": [
          -0.1201507,
          51.5008909
        ]
      },
      "properties": {
        "timestamp": "2023-01-27T16:41:30Z"
      }
    },
    {
      "type": "Feature",
      "geometry": {
        "type": "Point",
        "coordinates": [
          -0.1201341,
          51.5008892
        ]
      },
      "properties": {
        "timestamp": "2023-01-27T16:41:32Z"
      }
    },
    {
      "type": "Feature",
      "geometry": {
        "type": "Point",
        "coordinates": [
          -0.1200755,
          51.5008925
        ]
      },
      "properties": {
        "timestamp": "2023-01-27T16:41:37Z"
      }
    },
    {
      "type": "Feature",
      "geometry": {
        "type": "Point",
        "coordinates": [
          -0.1200498,
          51.5008945
        ]
      },
      "properties": {
        "timestamp": "2023-01-27T16:41:40Z"
      }
    },
    {
      "type": "Feature",
      "geometry": {
        "type": "Point",
        "coordinates": [
          -0.1200433,
          51.5008945
        ]
      },
      "properties": {
        "timestamp": "2023-01-27T16:41:41Z"
      }
    },
    {
      "type": "Feature",
      "geometry": {
        "type": "Point",
        "coordinates": [
          -0.1200346,
          51.5008928
        ]
      },
      "properties": {
        "timestamp": "2023-01-27T16:41:42Z"
      }
    },
    {
      "type": "Feature",
      "geometry": {
        "type": "Point",
        "coordinates": [
          -0.120017,
          51.5008902
        ]
      },
      "properties": {
        "timestamp": "2023-01-27T16:41:44Z"
      }
    },
    {
      "type": "Feature",
      "geometry": {
        "type": "Point",
        "coordinates": [
          -0.1199912,
          51.5008904
        ]
      },
      "properties": {
        "timestamp": "2023-01-27T16:41:47Z"
      }
    },
    {
      "type": "Feature",
      "geometry": {
        "type": "Point",
        "coordinates": [
          -0.1199702,
          51.5008915
        ]
      },
      "properties": {
        "timestamp": "2023-01-27T16:41:50Z"
      }
    },
    {
      "type": "Feature",
      "geometry": {
        "type": "Point",
        "coordinates": [
          -0.1199604,
          51.500895
        ]
      },
      "properties": {
        "timestamp": "2023-01-27T16:41:51Z"
      }
    },
    {
      "type": "Feature",
      "geometry": {
        "type": "Point",
        "coordinates": [
          -0.1198683,
          51.5009148
        ]
      },
      "properties": {
        "timestamp": "2023-01-27T16:41:57Z"
      }
    },
    {
      "type": "Feature",
      "geometry": {
        "type": "Point",
        "coordinates": [
          -0.1198588,
          51.500937
        ]
      },
      "properties": {
        "timestamp": "2023-01-27T16:42:00Z"
      }
    },
    {
      "type": "Feature",
      "geometry": {
        "type": "Point",
        "coordinates": [
          -0.1198541,
          51.50095
        ]
      },
      "properties": {
        "timestamp": "2023-01-27T16:42:02Z"
      }
    },
    {
      "type": "Feature",
      "geometry": {
        "type": "Point",
        "coordinates": [
          -0.1198533,
          51.5009576
        ]
      },
      "properties": {
        "timestamp": "2023-01-27T16:42:03Z"
      }
    },
    {
      "type": "Feature",
      "geometry": {
        "type": "Point",
        "coordinates": [
          -0.1198519,
          51.5009637
        ]
      },
      "properties": {
        "timestamp": "2023-01-27T16:42:04Z"
      }
    },
    {
      "type": "Feature",
      "geometry": {
        "type": "Point",
        "coordinates": [
          -0.1198507,
          51.5009652
        ]
      },
      "properties": {
        "timestamp": "2023-01-27T16:42:05Z"
      }
    },
    {
      "type": "Feature",
      "geometry": {
        "type": "Point",
        "coordinates": [
          -0.119846,
          51.5009731
        ]
      },
      "properties": {
        "timestamp": "2023-01-27T16:42:08Z"
      }
    },
    {
      "type": "Feature",
      "geometry": {
        "type": "Point",
        "coordinates": [
          -0.119816,
          51.5009979
        ]
      },
      "properties": {
        "timestamp": "2023-01-27T16:42:10Z"
      }
    },
    {
      "type": "Feature",
      "geometry": {
        "type": "Point",
        "coordinates": [
          -0.1198103,
          51.5010036
        ]
      },
      "properties": {
        "timestamp": "2023-01-27T16:42:11Z"
      }
    },
    {
      "type": "Feature",
      "geometry": {
        "type": "Point",
        "coordinates": [
          -0.1197844,
          51.5010393
        ]
      },
      "properties": {
        "timestamp": "2023-01-27T16:42:16Z"
      }
    },
    {
      "type": "Feature",
      "geometry": {
        "type": "Point",
        "coordinates": [
          -0.1198059,
          51.5010436
        ]
      },
      "properties": {
        "timestamp": "2023-01-27T16:42:17Z"
      }
    },
    {
      "type": "Feature",
      "geometry": {
        "type": "Point",
        "coordinates": [
          -0.1198288,
          51.5010506
        ]
      },
      "properties": {
        "timestamp": "2023-01-27T16:42:18Z"
      }
    },
    {
      "type": "Feature",
      "geometry": {
        "type": "Point",
        "coordinates": [
          -0.1198051,
          51.5011183
        ]
      },
      "properties": {
        "timestamp": "2023-01-27T16:42:23Z"
      }
    },
    {
      "type": "Feature",
      "geometry": {
        "type": "Point",
        "coordinates": [
          -0.1197876,
          51.5011551
        ]
      },
      "properties": {
        "timestamp": "2023-01-27T16:42:26Z"
      }
    },
    {
      "type": "Feature",
      "geometry": {
        "type": "Point",
        "coordinates": [
          -0.1197981,
          51.5011947
        ]
      },
      "properties": {
        "timestamp": "2023-01-27T16:42:31Z"
      }
    },
    {
      "type": "Feature",
      "geometry": {
        "type": "Point",
        "coordinates": [
          -0.1198113,
          51.5012004
        ]
      },
      "properties": {
        "timestamp": "2023-01-27T16:42:32Z"
      }
    },
    {
      "type": "Feature",
      "geometry": {
        "type": "Point",
        "coordinates": [
          -0.1198159,
          51.5012106
        ]
      },
      "properties": {
        "timestamp": "2023-01-27T16:42:33Z"
      }
    },
    {
      "type": "Feature",
      "geometry": {
        "type": "Point",
        "coordinates": [
          -0.1198165,
          51.501221
        ]
      },
      "properties": {
        "timestamp": "2023-01-27T16:42:34Z"
      }
    },
    {
      "type": "Feature",
      "geometry": {
        "type": "Point",
        "coordinates": [
          -0.1198255,
          51.5012535
        ]
      },
      "properties": {
        "timestamp": "2023-01-27T16:42:37Z"
      }
    },
    {
      "type": "Feature",
      "geometry": {
        "type": "Point",
        "coordinates": [
          -0.1198108,
          51.5012736
        ]
      },
      "properties": {
        "timestamp": "2023-01-27T16:42:39Z"
      }
    },
    {
      "type": "Feature",
      "geometry": {
        "type": "Point",
        "coordinates": [
          -0.1198215,
          51.5012815
        ]
      },
      "properties": {
        "timestamp": "2023-01-27T16:42:40Z"
      }
    },
    {
      "type": "Feature",
      "geometry": {
        "type": "Point",
        "coordinates": [
          -0.119836,
          51.5013106
        ]
      },
      "properties": {
        "timestamp": "2023-01-27T16:42:42Z"
      }
    },
    {
      "type": "Feature",
      "geometry": {
        "type": "Point",
        "coordinates": [
          -0.1198422,
          51.5013172
        ]
      },
      "properties": {
        "timestamp": "2023-01-27T16:42:43Z"
      }
    },
    {
      "type": "Feature",
      "geometry": {
        "type": "Point",
        "coordinates": [
          -0.119861,
          51.5013235
        ]
      },
      "properties": {
        "timestamp": "2023-01-27T16:42:44Z"
      }
    },
    {
      "type": "Feature",
      "geometry": {
        "type": "Point",
        "coordinates": [
          -0.1198641,
          51.501351
        ]
      },
      "properties": {
        "timestamp": "2023-01-27T16:42:47Z"
      }
    },
    {
      "type": "Feature",
      "geometry": {
        "type": "Point",
        "coordinates": [
          -0.1198396,
          51.5013719
        ]
      },
      "properties": {
        "timestamp": "2023-01-27T16:42:49Z"
      }
    },
    {
      "type": "Feature",
      "geometry": {
        "type": "Point",
        "coordinates": [
          -0.1198281,
          51.5014258
        ]
      },
      "properties": {
        "timestamp": "2023-01-27T16:42:54Z"
      }
    },
    {
      "type": "Feature",
      "geometry": {
        "type": "Point",
        "coordinates": [
          -0.1198321,
          51.5014355
        ]
      },
      "properties": {
        "timestamp": "2023-01-27T16:42:55Z"
      }
    },
    {
      "type": "Feature",
      "geometry": {
        "type": "Point",
        "coordinates": [
          -0.1198323,
          51.5014493
        ]
      },
      "properties": {
        "timestamp": "2023-01-27T16:42:56Z"
      }
    },
    {
      "type": "Feature",
      "geometry": {
        "type": "Point",
        "coordinates": [
          -0.1198434,
          51.5014774
        ]
      },
      "properties": {
        "timestamp": "2023-01-27T16:42:58Z"
      }
    },
    {
      "type": "Feature",
      "geometry": {
        "type": "Point",
        "coordinates": [
          -0.1198667,
          51.5015148
        ]
      },
      "properties": {
        "timestamp": "2023-01-27T16:43:01Z"
      }
    },
    {
      "type": "Feature",
      "geometry": {
        "type": "Point",
        "coordinates": [
          -0.1198579,
          51.50156
        ]
      },
      "properties": {
        "timestamp": "2023-01-27T16:43:06Z"
      }
    },
    {
      "type": "Feature",
      "geometry": {
        "type": "Point",
        "coordinates": [
          -0.1198276,
          51.5015591
        ]
      },
      "properties": {
        "timestamp": "2023-01-27T16:43:08Z"
      }
    },
    {
      "type": "Feature",
      "geometry": {
        "type": "Point",
        "coordinates": [
          -0.1198253,
          51.5015552
        ]
      },
      "properties": {
        "timestamp": "2023-01-27T16:43:09Z"
      }
    },
    {
      "type": "Feature",
      "geometry": {
        "type": "Point",
        "coordinates": [
          -0.1198342,
          51.5015625
        ]
      },
      "properties": {
        "timestamp": "2023-01-27T16:43:11Z"
      }
    },
    {
      "type": "Feature",
      "geometry": {
        "type": "Point",
        "coordinates": [
          -0.1197955,
          51.5015628
        ]
      },
      "properties": {
        "timestamp": "2023-01-27T16:43:13Z"
      }
    },
    {
      "type": "Feature",
      "geometry": {
        "type": "Point",
        "coordinates": [
          -0.119791,
          51.5015633
        ]
      },
      "properties": {
        "timestamp": "2023-01-27T16:43:15Z"
      }
    },
    {
      "type": "Feature",
      "geometry": {
        "type": "Point",
        "coordinates": [
          -0.1197887,
          51.5015633
        ]
      },
      "properties": {
        "timestamp": "2023-01-27T16:43:16Z"
      }
    },
    {
      "type": "Feature",
      "geometry": {
        "type": "Point",
        "coordinates": [
          -0.119786,
          51.5015637
        ]
      },
      "properties": {
        "timestamp": "2023-01-27T16:43:17Z"
      }
    },
    {
      "type": "Feature",
      "geometry": {
        "type": "Point",
        "coordinates": [
          -0.1197984,
          51.501564
        ]
      },
      "properties": {
        "timestamp": "2023-01-27T16:43:23Z"
      }
    },
    {
      "type": "Feature",
      "geometry": {
        "type": "Point",
        "coordinates": [
          -0.1197978,
          51.5015632
        ]
      },
      "properties": {
        "timestamp": "2023-01-27T16:43:27Z"
      }
    },
    {
      "type": "Feature",
      "geometry": {
        "type": "Point",
        "coordinates": [
          -0.1197978,
          51.5015632
        ]
      },
      "properties": {
        "timestamp": "2023-01-27T16:43:34Z"
      }
    },
    {
      "type": "Feature",
      "geometry": {
        "type": "Point",
        "coordinates": [
          -0.1197984,
          51.501564
        ]
      },
      "properties": {
        "timestamp": "2023-01-27T16:43:43Z"
      }
    },
    {
      "type": "Feature",
      "geometry": {
        "type": "Point",
        "coordinates": [
          -0.1197988,
          51.501564
        ]
      },
      "properties": {
        "timestamp": "2023-01-27T16:43:44Z"
      }
    },
    {
      "type": "Feature",
      "geometry": {
        "type": "Point",
        "coordinates": [
          -0.1198092,
          51.5015644
        ]
      },
      "properties": {
        "timestamp": "2023-01-27T16:43:50Z"
      }
    },
    {
      "type": "Feature",
      "geometry": {
        "type": "Point",
        "coordinates": [
          -0.1198113,
          51.5015644
        ]
      },
      "properties": {
        "timestamp": "2023-01-27T16:43:51Z"
      }
    },
    {
      "type": "Feature",
      "geometry": {
        "type": "Point",
        "coordinates": [
          -0.1198227,
          51.5015748
        ]
      },
      "properties": {
        "timestamp": "2023-01-27T16:44:00Z"
      }
    },
    {
      "type": "Feature",
      "geometry": {
        "type": "Point",
        "coordinates": [
          -0.1198251,
          51.501575
        ]
      },
      "properties": {
        "timestamp": "2023-01-27T16:44:03Z"
      }
    },
    {
      "type": "Feature",
      "geometry": {
        "type": "Point",
        "coordinates": [
          -0.1198324,
          51.501575
        ]
      },
      "properties": {
        "timestamp": "2023-01-27T16:44:09Z"
      }
    },
    {
      "type": "Feature",
      "geometry": {
        "type": "Point",
        "coordinates": [
          -0.1198355,
          51.5015752
        ]
      },
      "properties": {
        "timestamp": "2023-01-27T16:44:14Z"
      }
    },
    {
      "type": "Feature",
      "geometry": {
        "type": "Point",
        "coordinates": [
          -0.1198369,
          51.5015752
        ]
      },
      "properties": {
        "timestamp": "2023-01-27T16:44:20Z"
      }
    },
    {
      "type": "Feature",
      "geometry": {
        "type": "Point",
        "coordinates": [
          -0.1198369,
          51.5015755
        ]
      },
      "properties": {
        "timestamp": "2023-01-27T16:44:25Z"
      }
    },
    {
      "type": "Feature",
      "geometry": {
        "type": "Point",
        "coordinates": [
          -0.1198094,
          51.5016036
        ]
      },
      "properties": {
        "timestamp": "2023-01-27T16:44:40Z"
      }
    },
    {
      "type": "Feature",
      "geometry": {
        "type": "Point",
        "coordinates": [
          -0.1198074,
          51.5016073
        ]
      },
      "properties": {
        "timestamp": "2023-01-27T16:44:47Z"
      }
    },
    {
      "type": "Feature",
      "geometry": {
        "type": "Point",
        "coordinates": [
          -0.1197967,
          51.501608
        ]
      },
      "properties": {
        "timestamp": "2023-01-27T16:45:00Z"
      }
    },
    {
      "type": "Feature",
      "geometry": {
        "type": "Point",
        "coordinates": [
          -0.1198123,
          51.5015944
        ]
      },
      "properties": {
        "timestamp": "2023-01-27T16:45:15Z"
      }
    },
    {
      "type": "Feature",
      "geometry": {
        "type": "Point",
        "coordinates": [
          -0.1198191,
          51.5015894
        ]
      },
      "properties": {
        "timestamp": "2023-01-27T16:45:20Z"
      }
    },
    {
      "type": "Feature",
      "geometry": {
        "type": "Point",
        "coordinates": [
          -0.1198359,
          51.5015892
        ]
      },
      "properties": {
        "timestamp": "2023-01-27T16:45:37Z"
      }
    },
    {
      "type": "Feature",
      "geometry": {
        "type": "Point",
        "coordinates": [
          -0.119836,
          51.5015933
        ]
      },
      "properties": {
        "timestamp": "2023-01-27T16:45:47Z"
      }
    },
    {
      "type": "Feature",
      "geometry": {
        "type": "Point",
        "coordinates": [
          -0.1198362,
          51.5015933
        ]
      },
      "properties": {
        "timestamp": "2023-01-27T16:45:49Z"
      }
    },
    {
      "type": "Feature",
      "geometry": {
        "type": "Point",
        "coordinates": [
          -0.1198367,
          51.5015933
        ]
      },
      "properties": {
        "timestamp": "2023-01-27T16:45:51Z"
      }
    },
    {
      "type": "Feature",
      "geometry": {
        "type": "Point",
        "coordinates": [
          -0.1198388,
          51.5015932
        ]
      },
      "properties": {
        "timestamp": "2023-01-27T16:45:55Z"
      }
    },
    {
      "type": "Feature",
      "geometry": {
        "type": "Point",
        "coordinates": [
          -0.1198431,
          51.501583
        ]
      },
      "properties": {
        "timestamp": "2023-01-27T16:46:03Z"
      }
    },
    {
      "type": "Feature",
      "geometry": {
        "type": "Point",
        "coordinates": [
          -0.1198435,
          51.5015818
        ]
      },
      "properties": {
        "timestamp": "2023-01-27T16:46:04Z"
      }
    },
    {
      "type": "Feature",
      "geometry": {
        "type": "Point",
        "coordinates": [
          -0.119846,
          51.5015769
        ]
      },
      "properties": {
        "timestamp": "2023-01-27T16:46:21Z"
      }
    },
    {
      "type": "Feature",
      "geometry": {
        "type": "Point",
        "coordinates": [
          -0.1198407,
          51.5015802
        ]
      },
      "properties": {
        "timestamp": "2023-01-27T16:46:35Z"
      }
    },
    {
      "type": "Feature",
      "geometry": {
        "type": "Point",
        "coordinates": [
          -0.1198393,
          51.5015801
        ]
      },
      "properties": {
        "timestamp": "2023-01-27T16:46:51Z"
      }
    },
    {
      "type": "Feature",
      "geometry": {
        "type": "Point",
        "coordinates": [
          -0.1198388,
          51.5015805
        ]
      },
      "properties": {
        "timestamp": "2023-01-27T16:46:55Z"
      }
    },
    {
      "type": "Feature",
      "geometry": {
        "type": "Point",
        "coordinates": [
          -0.1198386,
          51.5015805
        ]
      },
      "properties": {
        "timestamp": "2023-01-27T16:46:58Z"
      }
    },
    {
      "type": "Feature",
      "geometry": {
        "type": "Point",
        "coordinates": [
          -0.119838,
          51.5015804
        ]
      },
      "properties": {
        "timestamp": "2023-01-27T16:47:03Z"
      }
    },
    {
      "type": "Feature",
      "geometry": {
        "type": "Point",
        "coordinates": [
          -0.1198367,
          51.5015811
        ]
      },
      "properties": {
        "timestamp": "2023-01-27T16:47:19Z"
      }
    },
    {
      "type": "Feature",
      "geometry": {
        "type": "Point",
        "coordinates": [
          -0.119837,
          51.5015811
        ]
      },
      "properties": {
        "timestamp": "2023-01-27T16:47:20Z"
      }
    },
    {
      "type": "Feature",
      "geometry": {
        "type": "Point",
        "coordinates": [
          -0.1198367,
          51.5015812
        ]
      },
      "properties": {
        "timestamp": "2023-01-27T16:47:23Z"
      }
    },
    {
      "type": "Feature",
      "geometry": {
        "type": "Point",
        "coordinates": [
          -0.119837,
          51.5015807
        ]
      },
      "properties": {
        "timestamp": "2023-01-27T16:47:39Z"
      }
    },
    {
      "type": "Feature",
      "geometry": {
        "type": "Point",
        "coordinates": [
          -0.1198374,
          51.5015804
        ]
      },
      "properties": {
        "timestamp": "2023-01-27T16:47:45Z"
      }
    },
    {
      "type": "Feature",
      "geometry": {
        "type": "Point",
        "coordinates": [
          -0.119838,
          51.5015804
        ]
      },
      "properties": {
        "timestamp": "2023-01-27T16:47:51Z"
      }
    },
    {
      "type": "Feature",
      "geometry": {
        "type": "Point",
        "coordinates": [
          -0.1198367,
          51.5015793
        ]
      },
      "properties": {
        "timestamp": "2023-01-27T16:48:50Z"
      }
    },
    {
      "type": "Feature",
      "geometry": {
        "type": "Point",
        "coordinates": [
          -0.1198362,
          51.5015791
        ]
      },
      "properties": {
        "timestamp": "2023-01-27T16:49:03Z"
      }
    },
    {
      "type": "Feature",
      "geometry": {
        "type": "Point",
        "coordinates": [
          -0.1198355,
          51.5015794
        ]
      },
      "properties": {
        "timestamp": "2023-01-27T16:49:10Z"
      }
    },
    {
      "type": "Feature",
      "geometry": {
        "type": "Point",
        "coordinates": [
          -0.1198341,
          51.5015796
        ]
      },
      "properties": {
        "timestamp": "2023-01-27T16:49:29Z"
      }
    },
    {
      "type": "Feature",
      "geometry": {
        "type": "Point",
        "coordinates": [
          -0.1198339,
          51.5015795
        ]
      },
      "properties": {
        "timestamp": "2023-01-27T16:49:33Z"
      }
    },
    {
      "type": "Feature",
      "geometry": {
        "type": "Point",
        "coordinates": [
          -0.1198339,
          51.5015797
        ]
      },
      "properties": {
        "timestamp": "2023-01-27T16:49:35Z"
      }
    },
    {
      "type": "Feature",
      "geometry": {
        "type": "Point",
        "coordinates": [
          -0.1198337,
          51.5015797
        ]
      },
      "properties": {
        "timestamp": "2023-01-27T16:49:36Z"
      }
    },
    {
      "type": "Feature",
      "geometry": {
        "type": "Point",
        "coordinates": [
          -0.1198321,
          51.5015793
        ]
      },
      "properties": {
        "timestamp": "2023-01-27T16:49:48Z"
      }
    },
    {
      "type": "Feature",
      "geometry": {
        "type": "Point",
        "coordinates": [
          -0.1198314,
          51.5015788
        ]
      },
      "properties": {
        "timestamp": "2023-01-27T16:49:58Z"
      }
    },
    {
      "type": "Feature",
      "geometry": {
        "type": "Point",
        "coordinates": [
          -0.1198307,
          51.5015783
        ]
      },
      "properties": {
        "timestamp": "2023-01-27T16:50:08Z"
      }
    },
    {
      "type": "Feature",
      "geometry": {
        "type": "Point",
        "coordinates": [
          -0.1198305,
          51.5015784
        ]
      },
      "properties": {
        "timestamp": "2023-01-27T16:50:24Z"
      }
    },
    {
      "type": "Feature",
      "geometry": {
        "type": "Point",
        "coordinates": [
          -0.1198308,
          51.5015783
        ]
      },
      "properties": {
        "timestamp": "2023-01-27T16:50:33Z"
      }
    },
    {
      "type": "Feature",
      "geometry": {
        "type": "Point",
        "coordinates": [
          -0.119831,
          51.5015783
        ]
      },
      "properties": {
        "timestamp": "2023-01-27T16:50:35Z"
      }
    },
    {
      "type": "Feature",
      "geometry": {
        "type": "Point",
        "coordinates": [
          -0.1198313,
          51.5015784
        ]
      },
      "properties": {
        "timestamp": "2023-01-27T16:50:38Z"
      }
    },
    {
      "type": "Feature",
      "geometry": {
        "type": "Point",
        "coordinates": [
          -0.1198313,
          51.5015786
        ]
      },
      "properties": {
        "timestamp": "2023-01-27T16:50:44Z"
      }
    },
    {
      "type": "Feature",
      "geometry": {
        "type": "Point",
        "coordinates": [
          -0.1198305,
          51.5015788
        ]
      },
      "properties": {
        "timestamp": "2023-01-27T16:51:03Z"
      }
    },
    {
      "type": "Feature",
      "geometry": {
        "type": "Point",
        "coordinates": [
          -0.1198264,
          51.5015794
        ]
      },
      "properties": {
        "timestamp": "2023-01-27T16:51:29Z"
      }
    },
    {
      "type": "Feature",
      "geometry": {
        "type": "Point",
        "coordinates": [
          -0.1198253,
          51.5015797
        ]
      },
      "properties": {
        "timestamp": "2023-01-27T16:51:45Z"
      }
    },
    {
      "type": "Feature",
      "geometry": {
        "type": "Point",
        "coordinates": [
          -0.1198232,
          51.5015796
        ]
      },
      "properties": {
        "timestamp": "2023-01-27T16:52:06Z"
      }
    },
    {
      "type": "Feature",
      "geometry": {
        "type": "Point",
        "coordinates": [
          -0.1198232,
          51.5015791
        ]
      },
      "properties": {
        "timestamp": "2023-01-27T16:52:37Z"
      }
    },
    {
      "type": "Feature",
      "geometry": {
        "type": "Point",
        "coordinates": [
          -0.119824,
          51.5015788
        ]
      },
      "properties": {
        "timestamp": "2023-01-27T16:53:03Z"
      }
    },
    {
      "type": "Feature",
      "geometry": {
        "type": "Point",
        "coordinates": [
          -0.119824,
          51.5015789
        ]
      },
      "properties": {
        "timestamp": "2023-01-27T16:53:04Z"
      }
    },
    {
      "type": "Feature",
      "geometry": {
        "type": "Point",
        "coordinates": [
          -0.1198261,
          51.5015778
        ]
      },
      "properties": {
        "timestamp": "2023-01-27T16:53:35Z"
      }
    },
    {
      "type": "Feature",
      "geometry": {
        "type": "Point",
        "coordinates": [
          -0.1198243,
          51.501578
        ]
      },
      "properties": {
        "timestamp": "2023-01-27T16:53:51Z"
      }
    },
    {
      "type": "Feature",
      "geometry": {
        "type": "Point",
        "coordinates": [
          -0.1197896,
          51.501647
        ]
      },
      "properties": {
        "timestamp": "2023-01-27T16:53:56Z"
      }
    },
    {
      "type": "Feature",
      "geometry": {
        "type": "Point",
        "coordinates": [
          -0.1197808,
          51.5016576
        ]
      },
      "properties": {
        "timestamp": "2023-01-27T16:53:57Z"
      }
    },
    {
      "type": "Feature",
      "geometry": {
        "type": "Point",
        "coordinates": [
          -0.119765,
          51.501679
        ]
      },
      "properties": {
        "timestamp": "2023-01-27T16:53:59Z"
      }
    },
    {
      "type": "Feature",
      "geometry": {
        "type": "Point",
        "coordinates": [
          -0.1197671,
          51.5016923
        ]
      },
      "properties": {
        "timestamp": "2023-01-27T16:54:00Z"
      }
    },
    {
      "type": "Feature",
      "geometry": {
        "type": "Point",
        "coordinates": [
          -0.1197676,
          51.5017107
        ]
      },
      "properties": {
        "timestamp": "2023-01-27T16:54:01Z"
      }
    },
    {
      "type": "Feature",
      "geometry": {
        "type": "Point",
        "coordinates": [
          -0.1197846,
          51.5017352
        ]
      },
      "properties": {
        "timestamp": "2023-01-27T16:54:04Z"
      }
    },
    {
      "type": "Feature",
      "geometry": {
        "type": "Point",
        "coordinates": [
          -0.119829,
          51.5017599
        ]
      },
      "properties": {
        "timestamp": "2023-01-27T16:54:06Z"
      }
    },
    {
      "type": "Feature",
      "geometry": {
        "type": "Point",
        "coordinates": [
          -0.1198138,
          51.5017812
        ]
      },
      "properties": {
        "timestamp": "2023-01-27T16:54:08Z"
      }
    },
    {
      "type": "Feature",
      "geometry": {
        "type": "Point",
        "coordinates": [
          -0.1198049,
          51.5018352
        ]
      },
      "properties": {
        "timestamp": "2023-01-27T16:54:11Z"
      }
    },
    {
      "type": "Feature",
      "geometry": {
        "type": "Point",
        "coordinates": [
          -0.1198167,
          51.5018641
        ]
      },
      "properties": {
        "timestamp": "2023-01-27T16:54:14Z"
      }
    },
    {
      "type": "Feature",
      "geometry": {
        "type": "Point",
        "coordinates": [
          -0.1197987,
          51.5019259
        ]
      },
      "properties": {
        "timestamp": "2023-01-27T16:54:18Z"
      }
    },
    {
      "type": "Feature",
      "geometry": {
        "type": "Point",
        "coordinates": [
          -0.1197549,
          51.5019893
        ]
      },
      "properties": {
        "timestamp": "2023-01-27T16:54:23Z"
      }
    },
    {
      "type": "Feature",
      "geometry": {
        "type": "Point",
        "coordinates": [
          -0.1197249,
          51.5020987
        ]
      },
      "properties": {
        "timestamp": "2023-01-27T16:54:33Z"
      }
    },
    {
      "type": "Feature",
      "geometry": {
        "type": "Point",
        "coordinates": [
          -0.1197216,
          51.5021092
        ]
      },
      "properties": {
        "timestamp": "2023-01-27T16:54:34Z"
      }
    },
    {
      "type": "Feature",
      "geometry": {
        "type": "Point",
        "coordinates": [
          -0.1197083,
          51.502119
        ]
      },
      "properties": {
        "timestamp": "2023-01-27T16:54:35Z"
      }
    },
    {
      "type": "Feature",
      "geometry": {
        "type": "Point",
        "coordinates": [
          -0.1196459,
          51.5022087
        ]
      },
      "properties": {
        "timestamp": "2023-01-27T16:54:42Z"
      }
    },
    {
      "type": "Feature",
      "geometry": {
        "type": "Point",
        "coordinates": [
          -0.1196408,
          51.5022422
        ]
      },
      "properties": {
        "timestamp": "2023-01-27T16:54:45Z"
      }
    },
    {
      "type": "Feature",
      "geometry": {
        "type": "Point",
        "coordinates": [
          -0.1196492,
          51.5022854
        ]
      },
      "properties": {
        "timestamp": "2023-01-27T16:54:50Z"
      }
    },
    {
      "type": "Feature",
      "geometry": {
        "type": "Point",
        "coordinates": [
          -0.1196485,
          51.5023087
        ]
      },
      "properties": {
        "timestamp": "2023-01-27T16:54:55Z"
      }
    },
    {
      "type": "Feature",
      "geometry": {
        "type": "Point",
        "coordinates": [
          -0.1196599,
          51.5023154
        ]
      },
      "properties": {
        "timestamp": "2023-01-27T16:54:57Z"
      }
    },
    {
      "type": "Feature",
      "geometry": {
        "type": "Point",
        "coordinates": [
          -0.119689,
          51.5023432
        ]
      },
      "properties": {
        "timestamp": "2023-01-27T16:55:01Z"
      }
    },
    {
      "type": "Feature",
      "geometry": {
        "type": "Point",
        "coordinates": [
          -0.1197022,
          51.502372
        ]
      },
      "properties": {
        "timestamp": "2023-01-27T16:55:03Z"
      }
    },
    {
      "type": "Feature",
      "geometry": {
        "type": "Point",
        "coordinates": [
          -0.1197067,
          51.5023889
        ]
      },
      "properties": {
        "timestamp": "2023-01-27T16:55:04Z"
      }
    },
    {
      "type": "Feature",
      "geometry": {
        "type": "Point",
        "coordinates": [
          -0.1197077,
          51.5024311
        ]
      },
      "properties": {
        "timestamp": "2023-01-27T16:55:07Z"
      }
    },
    {
      "type": "Feature",
      "geometry": {
        "type": "Point",
        "coordinates": [
          -0.1196875,
          51.502476
        ]
      },
      "properties": {
        "timestamp": "2023-01-27T16:55:11Z"
      }
    },
    {
      "type": "Feature",
      "geometry": {
        "type": "Point",
        "coordinates": [
          -0.1196643,
          51.5025299
        ]
      },
      "properties": {
        "timestamp": "2023-01-27T16:55:17Z"
      }
    },
    {
      "type": "Feature",
      "geometry": {
        "type": "Point",
        "coordinates": [
          -0.119682,
          51.5025443
        ]
      },
      "properties": {
        "timestamp": "2023-01-27T16:55:19Z"
      }
    },
    {
      "type": "Feature",
      "geometry": {
        "type": "Point",
        "coordinates": [
          -0.1196791,
          51.5026045
        ]
      },
      "properties": {
        "timestamp": "2023-01-27T16:55:24Z"
      }
    },
    {
      "type": "Feature",
      "geometry": {
        "type": "Point",
        "coordinates": [
          -0.1196793,
          51.5026178
        ]
      },
      "properties": {
        "timestamp": "2023-01-27T16:55:26Z"
      }
    },
    {
      "type": "Feature",
      "geometry": {
        "type": "Point",
        "coordinates": [
          -0.1196938,
          51.5026455
        ]
      },
      "properties": {
        "timestamp": "2023-01-27T16:55:29Z"
      }
    },
    {
      "type": "Feature",
      "geometry": {
        "type": "Point",
        "coordinates": [
          -0.1196712,
          51.5026734
        ]
      },
      "properties": {
        "timestamp": "2023-01-27T16:55:32Z"
      }
    },
    {
      "type": "Feature",
      "geometry": {
        "type": "Point",
        "coordinates": [
          -0.1196606,
          51.5027528
        ]
      },
      "properties": {
        "timestamp": "2023-01-27T16:55:39Z"
      }
    },
    {
      "type": "Feature",
      "geometry": {
        "type": "Point",
        "coordinates": [
          -0.1195924,
          51.5028314
        ]
      },
      "properties": {
        "timestamp": "2023-01-27T16:55:46Z"
      }
    },
    {
      "type": "Feature",
      "geometry": {
        "type": "Point",
        "coordinates": [
          -0.1195847,
          51.5028452
        ]
      },
      "properties": {
        "timestamp": "2023-01-27T16:55:47Z"
      }
    },
    {
      "type": "Feature",
      "geometry": {
        "type": "Point",
        "coordinates": [
          -0.1195457,
          51.5028992
        ]
      },
      "properties": {
        "timestamp": "2023-01-27T16:55:54Z"
      }
    },
    {
      "type": "Feature",
      "geometry": {
        "type": "Point",
        "coordinates": [
          -0.1195394,
          51.5029019
        ]
      },
      "properties": {
        "timestamp": "2023-01-27T16:55:55Z"
      }
    },
    {
      "type": "Feature",
      "geometry": {
        "type": "Point",
        "coordinates": [
          -0.1195689,
          51.5029092
        ]
      },
      "properties": {
        "timestamp": "2023-01-27T16:55:59Z"
      }
    },
    {
      "type": "Feature",
      "geometry": {
        "type": "Point",
        "coordinates": [
          -0.1195746,
          51.5029139
        ]
      },
      "properties": {
        "timestamp": "2023-01-27T16:56:00Z"
      }
    },
    {
      "type": "Feature",
      "geometry": {
        "type": "Point",
        "coordinates": [
          -0.1195658,
          51.5029172
        ]
      },
      "properties": {
        "timestamp": "2023-01-27T16:56:01Z"
      }
    },
    {
      "type": "Feature",
      "geometry": {
        "type": "Point",
        "coordinates": [
          -0.1195614,
          51.5029366
        ]
      },
      "properties": {
        "timestamp": "2023-01-27T16:56:04Z"
      }
    },
    {
      "type": "Feature",
      "geometry": {
        "type": "Point",
        "coordinates": [
          -0.1195343,
          51.5029907
        ]
      },
      "properties": {
        "timestamp": "2023-01-27T16:56:11Z"
      }
    },
    {
      "type": "Feature",
      "geometry": {
        "type": "Point",
        "coordinates": [
          -0.1194695,
          51.5030777
        ]
      },
      "properties": {
        "timestamp": "2023-01-27T16:56:18Z"
      }
    },
    {
      "type": "Feature",
      "geometry": {
        "type": "Point",
        "coordinates": [
          -0.1194303,
          51.5031462
        ]
      },
      "properties": {
        "timestamp": "2023-01-27T16:56:25Z"
      }
    },
    {
      "type": "Feature",
      "geometry": {
        "type": "Point",
        "coordinates": [
          -0.11943,
          51.5031411
        ]
      },
      "properties": {
        "timestamp": "2023-01-27T16:56:26Z"
      }
    },
    {
      "type": "Feature",
      "geometry": {
        "type": "Point",
        "coordinates": [
          -0.1194285,
          51.5031513
        ]
      },
      "properties": {
        "timestamp": "2023-01-27T16:56:28Z"
      }
    },
    {
      "type": "Feature",
      "geometry": {
        "type": "Point",
        "coordinates": [
          -0.1192442,
          51.5032292
        ]
      },
      "properties": {
        "timestamp": "2023-01-27T16:56:50Z"
      }
    },
    {
      "type": "Feature",
      "geometry": {
        "type": "Point",
        "coordinates": [
          -0.11917,
          51.5023518
        ]
      },
      "properties": {
        "timestamp": "2023-01-27T16:57:51Z"
      }
    },
    {
      "type": "Feature",
      "geometry": {
        "type": "Point",
        "coordinates": [
          -0.1192746,
          51.5027052
        ]
      },
      "properties": {
        "timestamp": "2023-01-27T16:57:53Z"
      }
    },
    {
      "type": "Feature",
      "geometry": {
        "type": "Point",
        "coordinates": [
          -0.1195633,
          51.5033944
        ]
      },
      "properties": {
        "timestamp": "2023-01-27T16:57:54Z"
      }
    },
    {
      "type": "Feature",
      "geometry": {
        "type": "Point",
        "coordinates": [
          -0.1195219,
          51.5034923
        ]
      },
      "properties": {
        "timestamp": "2023-01-27T16:57:55Z"
      }
    },
    {
      "type": "Feature",
      "geometry": {
        "type": "Point",
        "coordinates": [
          -0.1194145,
          51.5033485
        ]
      },
      "properties": {
        "timestamp": "2023-01-27T16:58:00Z"
      }
    },
    {
      "type": "Feature",
      "geometry": {
        "type": "Point",
        "coordinates": [
          -0.1194041,
          51.5033182
        ]
      },
      "properties": {
        "timestamp": "2023-01-27T16:58:03Z"
      }
    },
    {
      "type": "Feature",
      "geometry": {
        "type": "Point",
        "coordinates": [
          -0.1194008,
          51.5033129
        ]
      },
      "properties": {
        "timestamp": "2023-01-27T16:58:04Z"
      }
    },
    {
      "type": "Feature",
      "geometry": {
        "type": "Point",
        "coordinates": [
          -0.1193992,
          51.503303
        ]
      },
      "properties": {
        "timestamp": "2023-01-27T16:58:05Z"
      }
    },
    {
      "type": "Feature",
      "geometry": {
        "type": "Point",
        "coordinates": [
          -0.119381,
          51.5033136
        ]
      },
      "properties": {
        "timestamp": "2023-01-27T16:58:08Z"
      }
    },
    {
      "type": "Feature",
      "geometry": {
        "type": "Point",
        "coordinates": [
          -0.1193773,
          51.5033157
        ]
      },
      "properties": {
        "timestamp": "2023-01-27T16:58:09Z"
      }
    },
    {
      "type": "Feature",
      "geometry": {
        "type": "Point",
        "coordinates": [
          -0.1193546,
          51.5033328
        ]
      },
      "properties": {
        "timestamp": "2023-01-27T16:58:13Z"
      }
    },
    {
      "type": "Feature",
      "geometry": {
        "type": "Point",
        "coordinates": [
          -0.1193551,
          51.5033402
        ]
      },
      "properties": {
        "timestamp": "2023-01-27T16:58:14Z"
      }
    },
    {
      "type": "Feature",
      "geometry": {
        "type": "Point",
        "coordinates": [
          -0.119326,
          51.5033715
        ]
      },
      "properties": {
        "timestamp": "2023-01-27T16:58:20Z"
      }
    },
    {
      "type": "Feature",
      "geometry": {
        "type": "Point",
        "coordinates": [
          -0.1192944,
          51.5033424
        ]
      },
      "properties": {
        "timestamp": "2023-01-27T16:58:28Z"
      }
    },
    {
      "type": "Feature",
      "geometry": {
        "type": "Point",
        "coordinates": [
          -0.1192929,
          51.5033583
        ]
      },
      "properties": {
        "timestamp": "2023-01-27T16:58:38Z"
      }
    },
    {
      "type": "Feature",
      "geometry": {
        "type": "Point",
        "coordinates": [
          -0.1192626,
          51.5034134
        ]
      },
      "properties": {
        "timestamp": "2023-01-27T16:58:44Z"
      }
    },
    {
      "type": "Feature",
      "geometry": {
        "type": "Point",
        "coordinates": [
          -0.1192541,
          51.5034327
        ]
      },
      "properties": {
        "timestamp": "2023-01-27T16:58:45Z"
      }
    },
    {
      "type": "Feature",
      "geometry": {
        "type": "Point",
        "coordinates": [
          -0.1192368,
          51.5035328
        ]
      },
      "properties": {
        "timestamp": "2023-01-27T16:58:51Z"
      }
    },
    {
      "type": "Feature",
      "geometry": {
        "type": "Point",
        "coordinates": [
          -0.1192915,
          51.5035861
        ]
      },
      "properties": {
        "timestamp": "2023-01-27T16:58:56Z"
      }
    },
    {
      "type": "Feature",
      "geometry": {
        "type": "Point",
        "coordinates": [
          -0.1193291,
          51.503596
        ]
      },
      "properties": {
        "timestamp": "2023-01-27T16:58:59Z"
      }
    },
    {
      "type": "Feature",
      "geometry": {
        "type": "Point",
        "coordinates": [
          -0.1193692,
          51.5035944
        ]
      },
      "properties": {
        "timestamp": "2023-01-27T16:59:06Z"
      }
    },
    {
      "type": "Feature",
      "geometry": {
        "type": "Point",
        "coordinates": [
          -0.1194239,
          51.5036335
        ]
      },
      "properties": {
        "timestamp": "2023-01-27T16:59:14Z"
      }
    },
    {
      "type": "Feature",
      "geometry": {
        "type": "Point",
        "coordinates": [
          -0.1194427,
          51.5035945
        ]
      },
      "properties": {
        "timestamp": "2023-01-27T16:59:22Z"
      }
    },
    {
      "type": "Feature",
      "geometry": {
        "type": "Point",
        "coordinates": [
          -0.1194398,
          51.503569
        ]
      },
      "properties": {
        "timestamp": "2023-01-27T16:59:27Z"
      }
    },
    {
      "type": "Feature",
      "geometry": {
        "type": "Point",
        "coordinates": [
          -0.1194915,
          51.5035714
        ]
      },
      "properties": {
        "timestamp": "2023-01-27T17:00:02Z"
      }
    },
    {
      "type": "Feature",
      "geometry": {
        "type": "Point",
        "coordinates": [
          -0.1194922,
          51.503582
        ]
      },
      "properties": {
        "timestamp": "2023-01-27T17:00:08Z"
      }
    },
    {
      "type": "Feature",
      "geometry": {
        "type": "Point",
        "coordinates": [
          -0.1194927,
          51.5035845
        ]
      },
      "properties": {
        "timestamp": "2023-01-27T17:00:10Z"
      }
    },
    {
      "type": "Feature",
      "geometry": {
        "type": "Point",
        "coordinates": [
          -0.1194936,
          51.5036081
        ]
      },
      "properties": {
        "timestamp": "2023-01-27T17:00:32Z"
      }
    },
    {
      "type": "Feature",
      "geometry": {
        "type": "Point",
        "coordinates": [
          -0.1194653,
          51.5036208
        ]
      },
      "properties": {
        "timestamp": "2023-01-27T17:01:12Z"
      }
    },
    {
      "type": "Feature",
      "geometry": {
        "type": "Point",
        "coordinates": [
          -0.1193946,
          51.5035944
        ]
      },
      "properties": {
        "timestamp": "2023-01-27T17:01:18Z"
      }
    },
    {
      "type": "Feature",
      "geometry": {
        "type": "Point",
        "coordinates": [
          -0.1193556,
          51.5035585
        ]
      },
      "properties": {
        "timestamp": "2023-01-27T17:01:26Z"
      }
    },
    {
      "type": "Feature",
      "geometry": {
        "type": "Point",
        "coordinates": [
          -0.1193655,
          51.5035415
        ]
      },
      "properties": {
        "timestamp": "2023-01-27T17:01:28Z"
      }
    },
    {
      "type": "Feature",
      "geometry": {
        "type": "Point",
        "coordinates": [
          -0.1193575,
          51.5034882
        ]
      },
      "properties": {
        "timestamp": "2023-01-27T17:01:34Z"
      }
    },
    {
      "type": "Feature",
      "geometry": {
        "type": "Point",
        "coordinates": [
          -0.119372,
          51.5034338
        ]
      },
      "properties": {
        "timestamp": "2023-01-27T17:01:41Z"
      }
    },
    {
      "type": "Feature",
      "geometry": {
        "type": "Point",
        "coordinates": [
          -0.1193286,
          51.503382
        ]
      },
      "properties": {
        "timestamp": "2023-01-27T17:01:46Z"
      }
    },
    {
      "type": "Feature",
      "geometry": {
        "type": "Point",
        "coordinates": [
          -0.1193336,
          51.5033399
        ]
      },
      "properties": {
        "timestamp": "2023-01-27T17:01:48Z"
      }
    },
    {
      "type": "Feature",
      "geometry": {
        "type": "Point",
        "coordinates": [
          -0.1193642,
          51.5032418
        ]
      },
      "properties": {
        "timestamp": "2023-01-27T17:01:56Z"
      }
    },
    {
      "type": "Feature",
      "geometry": {
        "type": "Point",
        "coordinates": [
          -0.1193849,
          51.5031913
        ]
      },
      "properties": {
        "timestamp": "2023-01-27T17:02:01Z"
      }
    },
    {
      "type": "Feature",
      "geometry": {
        "type": "Point",
        "coordinates": [
          -0.1193882,
          51.5031639
        ]
      },
      "properties": {
        "timestamp": "2023-01-27T17:02:03Z"
      }
    },
    {
      "type": "Feature",
      "geometry": {
        "type": "Point",
        "coordinates": [
          -0.1194244,
          51.5031595
        ]
      },
      "properties": {
        "timestamp": "2023-01-27T17:02:05Z"
      }
    },
    {
      "type": "Feature",
      "geometry": {
        "type": "Point",
        "coordinates": [
          -0.1194483,
          51.5031706
        ]
      },
      "properties": {
        "timestamp": "2023-01-27T17:02:08Z"
      }
    },
    {
      "type": "Feature",
      "geometry": {
        "type": "Point",
        "coordinates": [
          -0.1194451,
          51.5031428
        ]
      },
      "properties": {
        "timestamp": "2023-01-27T17:02:14Z"
      }
    },
    {
      "type": "Feature",
      "geometry": {
        "type": "Point",
        "coordinates": [
          -0.1194744,
          51.5031132
        ]
      },
      "properties": {
        "timestamp": "2023-01-27T17:02:21Z"
      }
    },
    {
      "type": "Feature",
      "geometry": {
        "type": "Point",
        "coordinates": [
          -0.119489,
          51.5031067
        ]
      },
      "properties": {
        "timestamp": "2023-01-27T17:02:22Z"
      }
    },
    {
      "type": "Feature",
      "geometry": {
        "type": "Point",
        "coordinates": [
          -0.1195204,
          51.5030952
        ]
      },
      "properties": {
        "timestamp": "2023-01-27T17:02:24Z"
      }
    },
    {
      "type": "Feature",
      "geometry": {
        "type": "Point",
        "coordinates": [
          -0.1195316,
          51.503094
        ]
      },
      "properties": {
        "timestamp": "2023-01-27T17:02:25Z"
      }
    },
    {
      "type": "Feature",
      "geometry": {
        "type": "Point",
        "coordinates": [
          -0.1195425,
          51.5030941
        ]
      },
      "properties": {
        "timestamp": "2023-01-27T17:02:27Z"
      }
    },
    {
      "type": "Feature",
      "geometry": {
        "type": "Point",
        "coordinates": [
          -0.1195529,
          51.5030755
        ]
      },
      "properties": {
        "timestamp": "2023-01-27T17:02:34Z"
      }
    },
    {
      "type": "Feature",
      "geometry": {
        "type": "Point",
        "coordinates": [
          -0.1196616,
          51.5030503
        ]
      },
      "properties": {
        "timestamp": "2023-01-27T17:02:43Z"
      }
    },
    {
      "type": "Feature",
      "geometry": {
        "type": "Point",
        "coordinates": [
          -0.1197225,
          51.5030233
        ]
      },
      "properties": {
        "timestamp": "2023-01-27T17:02:47Z"
      }
    },
    {
      "type": "Feature",
      "geometry": {
        "type": "Point",
        "coordinates": [
          -0.1197358,
          51.5029401
        ]
      },
      "properties": {
        "timestamp": "2023-01-27T17:02:50Z"
      }
    },
    {
      "type": "Feature",
      "geometry": {
        "type": "Point",
        "coordinates": [
          -0.1197445,
          51.5029089
        ]
      },
      "properties": {
        "timestamp": "2023-01-27T17:02:52Z"
      }
    },
    {
      "type": "Feature",
      "geometry": {
        "type": "Point",
        "coordinates": [
          -0.11976,
          51.5028703
        ]
      },
      "properties": {
        "timestamp": "2023-01-27T17:02:56Z"
      }
    },
    {
      "type": "Feature",
      "geometry": {
        "type": "Point",
        "coordinates": [
          -0.1197641,
          51.502834
        ]
      },
      "properties": {
        "timestamp": "2023-01-27T17:03:00Z"
      }
    },
    {
      "type": "Feature",
      "geometry": {
        "type": "Point",
        "coordinates": [
          -0.1197896,
          51.5027954
        ]
      },
      "properties": {
        "timestamp": "2023-01-27T17:03:02Z"
      }
    },
    {
      "type": "Feature",
      "geometry": {
        "type": "Point",
        "coordinates": [
          -0.1197707,
          51.5027243
        ]
      },
      "properties": {
        "timestamp": "2023-01-27T17:03:07Z"
      }
    },
    {
      "type": "Feature",
      "geometry": {
        "type": "Point",
        "coordinates": [
          -0.1197639,
          51.5026965
        ]
      },
      "properties": {
        "timestamp": "2023-01-27T17:03:10Z"
      }
    },
    {
      "type": "Feature",
      "geometry": {
        "type": "Point",
        "coordinates": [
          -0.1197602,
          51.502676
        ]
      },
      "properties": {
        "timestamp": "2023-01-27T17:03:12Z"
      }
    },
    {
      "type": "Feature",
      "geometry": {
        "type": "Point",
        "coordinates": [
          -0.119768,
          51.5026646
        ]
      },
      "properties": {
        "timestamp": "2023-01-27T17:03:13Z"
      }
    },
    {
      "type": "Feature",
      "geometry": {
        "type": "Point",
        "coordinates": [
          -0.1197709,
          51.5026527
        ]
      },
      "properties": {
        "timestamp": "2023-01-27T17:03:14Z"
      }
    },
    {
      "type": "Feature",
      "geometry": {
        "type": "Point",
        "coordinates": [
          -0.1197812,
          51.5026287
        ]
      },
      "properties": {
        "timestamp": "2023-01-27T17:03:17Z"
      }
    },
    {
      "type": "Feature",
      "geometry": {
        "type": "Point",
        "coordinates": [
          -0.1197846,
          51.5026227
        ]
      },
      "properties": {
        "timestamp": "2023-01-27T17:03:19Z"
      }
    },
    {
      "type": "Feature",
      "geometry": {
        "type": "Point",
        "coordinates": [
          -0.119889,
          51.5025221
        ]
      },
      "properties": {
        "timestamp": "2023-01-27T17:03:25Z"
      }
    },
    {
      "type": "Feature",
      "geometry": {
        "type": "Point",
        "coordinates": [
          -0.1199227,
          51.5024465
        ]
      },
      "properties": {
        "timestamp": "2023-01-27T17:03:29Z"
      }
    },
    {
      "type": "Feature",
      "geometry": {
        "type": "Point",
        "coordinates": [
          -0.1199064,
          51.5023872
        ]
      },
      "properties": {
        "timestamp": "2023-01-27T17:03:32Z"
      }
    },
    {
      "type": "Feature",
      "geometry": {
        "type": "Point",
        "coordinates": [
          -0.1199052,
          51.5023666
        ]
      },
      "properties": {
        "timestamp": "2023-01-27T17:03:33Z"
      }
    },
    {
      "type": "Feature",
      "geometry": {
        "type": "Point",
        "coordinates": [
          -0.1198981,
          51.5023139
        ]
      },
      "properties": {
        "timestamp": "2023-01-27T17:03:36Z"
      }
    },
    {
      "type": "Feature",
      "geometry": {
        "type": "Point",
        "coordinates": [
          -0.119897,
          51.5022493
        ]
      },
      "properties": {
        "timestamp": "2023-01-27T17:03:39Z"
      }
    },
    {
      "type": "Feature",
      "geometry": {
        "type": "Point",
        "coordinates": [
          -0.1199122,
          51.5022015
        ]
      },
      "properties": {
        "timestamp": "2023-01-27T17:03:41Z"
      }
    },
    {
      "type": "Feature",
      "geometry": {
        "type": "Point",
        "coordinates": [
          -0.1199226,
          51.5021702
        ]
      },
      "properties": {
        "timestamp": "2023-01-27T17:03:42Z"
      }
    },
    {
      "type": "Feature",
      "geometry": {
        "type": "Point",
        "coordinates": [
          -0.1198276,
          51.5021151
        ]
      },
      "properties": {
        "timestamp": "2023-01-27T17:03:49Z"
      }
    },
    {
      "type": "Feature",
      "geometry": {
        "type": "Point",
        "coordinates": [
          -0.1198026,
          51.5020709
        ]
      },
      "properties": {
        "timestamp": "2023-01-27T17:03:55Z"
      }
    },
    {
      "type": "Feature",
      "geometry": {
        "type": "Point",
        "coordinates": [
          -0.1198042,
          51.5020599
        ]
      },
      "properties": {
        "timestamp": "2023-01-27T17:03:57Z"
      }
    },
    {
      "type": "Feature",
      "geometry": {
        "type": "Point",
        "coordinates": [
          -0.1197974,
          51.5019737
        ]
      },
      "properties": {
        "timestamp": "2023-01-27T17:04:05Z"
      }
    },
    {
      "type": "Feature",
      "geometry": {
        "type": "Point",
        "coordinates": [
          -0.1197668,
          51.5018236
        ]
      },
      "properties": {
        "timestamp": "2023-01-27T17:04:17Z"
      }
    },
    {
      "type": "Feature",
      "geometry": {
        "type": "Point",
        "coordinates": [
          -0.1197654,
          51.5018238
        ]
      },
      "properties": {
        "timestamp": "2023-01-27T17:04:20Z"
      }
    },
    {
      "type": "Feature",
      "geometry": {
        "type": "Point",
        "coordinates": [
          -0.1197648,
          51.5018166
        ]
      },
      "properties": {
        "timestamp": "2023-01-27T17:04:22Z"
      }
    },
    {
      "type": "Feature",
      "geometry": {
        "type": "Point",
        "coordinates": [
          -0.1197367,
          51.5018116
        ]
      },
      "properties": {
        "timestamp": "2023-01-27T17:04:25Z"
      }
    },
    {
      "type": "Feature",
      "geometry": {
        "type": "Point",
        "coordinates": [
          -0.1197298,
          51.5018067
        ]
      },
      "properties": {
        "timestamp": "2023-01-27T17:04:26Z"
      }
    },
    {
      "type": "Feature",
      "geometry": {
        "type": "Point",
        "coordinates": [
          -0.1197138,
          51.5017601
        ]
      },
      "properties": {
        "timestamp": "2023-01-27T17:04:31Z"
      }
    },
    {
      "type": "Feature",
      "geometry": {
        "type": "Point",
        "coordinates": [
          -0.1197139,
          51.5017244
        ]
      },
      "properties": {
        "timestamp": "2023-01-27T17:04:33Z"
      }
    },
    {
      "type": "Feature",
      "geometry": {
        "type": "Point",
        "coordinates": [
          -0.1197009,
          51.5017011
        ]
      },
      "properties": {
        "timestamp": "2023-01-27T17:04:35Z"
      }
    },
    {
      "type": "Feature",
      "geometry": {
        "type": "Point",
        "coordinates": [
          -0.119704,
          51.5016859
        ]
      },
      "properties": {
        "timestamp": "2023-01-27T17:04:36Z"
      }
    },
    {
      "type": "Feature",
      "geometry": {
        "type": "Point",
        "coordinates": [
          -0.1197283,
          51.5016483
        ]
      },
      "properties": {
        "timestamp": "2023-01-27T17:04:38Z"
      }
    },
    {
      "type": "Feature",
      "geometry": {
        "type": "Point",
        "coordinates": [
          -0.1197422,
          51.5016314
        ]
      },
      "properties": {
        "timestamp": "2023-01-27T17:04:39Z"
      }
    },
    {
      "type": "Feature",
      "geometry": {
        "type": "Point",
        "coordinates": [
          -0.1197457,
          51.5016188
        ]
      },
      "properties": {
        "timestamp": "2023-01-27T17:04:40Z"
      }
    },
    {
      "type": "Feature",
      "geometry": {
        "type": "Point",
        "coordinates": [
          -0.1197584,
          51.5015412
        ]
      },
      "properties": {
        "timestamp": "2023-01-27T17:04:47Z"
      }
    },
    {
      "type": "Feature",
      "geometry": {
        "type": "Point",
        "coordinates": [
          -0.1197659,
          51.5015222
        ]
      },
      "properties": {
        "timestamp": "2023-01-27T17:04:49Z"
      }
    },
    {
      "type": "Feature",
      "geometry": {
        "type": "Point",
        "coordinates": [
          -0.1197626,
          51.5014799
        ]
      },
      "properties": {
        "timestamp": "2023-01-27T17:04:54Z"
      }
    },
    {
      "type": "Feature",
      "geometry": {
        "type": "Point",
        "coordinates": [
          -0.1197789,
          51.5014682
        ]
      },
      "properties": {
        "timestamp": "2023-01-27T17:04:57Z"
      }
    },
    {
      "type": "Feature",
      "geometry": {
        "type": "Point",
        "coordinates": [
          -0.1197577,
          51.5014638
        ]
      },
      "properties": {
        "timestamp": "2023-01-27T17:04:59Z"
      }
    },
    {
      "type": "Feature",
      "geometry": {
        "type": "Point",
        "coordinates": [
          -0.1197569,
          51.5014589
        ]
      },
      "properties": {
        "timestamp": "2023-01-27T17:05:00Z"
      }
    },
    {
      "type": "Feature",
      "geometry": {
        "type": "Point",
        "coordinates": [
          -0.1197397,
          51.5014539
        ]
      },
      "properties": {
        "timestamp": "2023-01-27T17:05:01Z"
      }
    },
    {
      "type": "Feature",
      "geometry": {
        "type": "Point",
        "coordinates": [
          -0.1197124,
          51.5014261
        ]
      },
      "properties": {
        "timestamp": "2023-01-27T17:05:04Z"
      }
    },
    {
      "type": "Feature",
      "geometry": {
        "type": "Point",
        "coordinates": [
          -0.1197088,
          51.5014198
        ]
      },
      "properties": {
        "timestamp": "2023-01-27T17:05:06Z"
      }
    },
    {
      "type": "Feature",
      "geometry": {
        "type": "Point",
        "coordinates": [
          -0.1197388,
          51.5013641
        ]
      },
      "properties": {
        "timestamp": "2023-01-27T17:05:10Z"
      }
    },
    {
      "type": "Feature",
      "geometry": {
        "type": "Point",
        "coordinates": [
          -0.1197635,
          51.5013397
        ]
      },
      "properties": {
        "timestamp": "2023-01-27T17:05:12Z"
      }
    },
    {
      "type": "Feature",
      "geometry": {
        "type": "Point",
        "coordinates": [
          -0.1198015,
          51.5012227
        ]
      },
      "properties": {
        "timestamp": "2023-01-27T17:05:19Z"
      }
    },
    {
      "type": "Feature",
      "geometry": {
        "type": "Point",
        "coordinates": [
          -0.1198307,
          51.5010984
        ]
      },
      "properties": {
        "timestamp": "2023-01-27T17:05:27Z"
      }
    },
    {
      "type": "Feature",
      "geometry": {
        "type": "Point",
        "coordinates": [
          -0.1198391,
          51.5010852
        ]
      },
      "properties": {
        "timestamp": "2023-01-27T17:05:28Z"
      }
    },
    {
      "type": "Feature",
      "geometry": {
        "type": "Point",
        "coordinates": [
          -0.1198636,
          51.5010545
        ]
      },
      "properties": {
        "timestamp": "2023-01-27T17:05:33Z"
      }
    },
    {
      "type": "Feature",
      "geometry": {
        "type": "Point",
        "coordinates": [
          -0.1198769,
          51.5010297
        ]
      },
      "properties": {
        "timestamp": "2023-01-27T17:05:36Z"
      }
    },
    {
      "type": "Feature",
      "geometry": {
        "type": "Point",
        "coordinates": [
          -0.1198743,
          51.5010184
        ]
      },
      "properties": {
        "timestamp": "2023-01-27T17:05:40Z"
      }
    },
    {
      "type": "Feature",
      "geometry": {
        "type": "Point",
        "coordinates": [
          -0.1198779,
          51.501011
        ]
      },
      "properties": {
        "timestamp": "2023-01-27T17:05:41Z"
      }
    },
    {
      "type": "Feature",
      "geometry": {
        "type": "Point",
        "coordinates": [
          -0.1198816,
          51.5009919
        ]
      },
      "properties": {
        "timestamp": "2023-01-27T17:05:43Z"
      }
    },
    {
      "type": "Feature",
      "geometry": {
        "type": "Point",
        "coordinates": [
          -0.1199104,
          51.5009505
        ]
      },
      "properties": {
        "timestamp": "2023-01-27T17:05:46Z"
      }
    },
    {
      "type": "Feature",
      "geometry": {
        "type": "Point",
        "coordinates": [
          -0.1199433,
          51.5009355
        ]
      },
      "properties": {
        "timestamp": "2023-01-27T17:05:48Z"
      }
    },
    {
      "type": "Feature",
      "geometry": {
        "type": "Point",
        "coordinates": [
          -0.1199631,
          51.5009328
        ]
      },
      "properties": {
        "timestamp": "2023-01-27T17:05:49Z"
      }
    },
    {
      "type": "Feature",
      "geometry": {
        "type": "Point",
        "coordinates": [
          -0.1201454,
          51.5009313
        ]
      },
      "properties": {
        "timestamp": "2023-01-27T17:05:58Z"
      }
    },
    {
      "type": "Feature",
      "geometry": {
        "type": "Point",
        "coordinates": [
          -0.1202912,
          51.5009465
        ]
      },
      "properties": {
        "timestamp": "2023-01-27T17:06:05Z"
      }
    },
    {
      "type": "Feature",
      "geometry": {
        "type": "Point",
        "coordinates": [
          -0.1203578,
          51.5009531
        ]
      },
      "properties": {
        "timestamp": "2023-01-27T17:06:09Z"
      }
    },
    {
      "type": "Feature",
      "geometry": {
        "type": "Point",
        "coordinates": [
          -0.1203973,
          51.5009505
        ]
      },
      "properties": {
        "timestamp": "2023-01-27T17:06:11Z"
      }
    },
    {
      "type": "Feature",
      "geometry": {
        "type": "Point",
        "coordinates": [
          -0.1204417,
          51.5009484
        ]
      },
      "properties": {
        "timestamp": "2023-01-27T17:06:13Z"
      }
    },
    {
      "type": "Feature",
      "geometry": {
        "type": "Point",
        "coordinates": [
          -0.1205734,
          51.500951
        ]
      },
      "properties": {
        "timestamp": "2023-01-27T17:06:20Z"
      }
    },
    {
      "type": "Feature",
      "geometry": {
        "type": "Point",
        "coordinates": [
          -0.1205912,
          51.5009522
        ]
      },
      "properties": {
        "timestamp": "2023-01-27T17:06:21Z"
      }
    },
    {
      "type": "Feature",
      "geometry": {
        "type": "Point",
        "coordinates": [
          -0.1208012,
          51.5009496
        ]
      },
      "properties": {
        "timestamp": "2023-01-27T17:06:32Z"
      }
    },
    {
      "type": "Feature",
      "geometry": {
        "type": "Point",
        "coordinates": [
          -0.120858,
          51.5009406
        ]
      },
      "properties": {
        "timestamp": "2023-01-27T17:06:35Z"
      }
    },
    {
      "type": "Feature",
      "geometry": {
        "type": "Point",
        "coordinates": [
          -0.1209635,
          51.5009306
        ]
      },
      "properties": {
        "timestamp": "2023-01-27T17:06:42Z"
      }
    },
    {
      "type": "Feature",
      "geometry": {
        "type": "Point",
        "coordinates": [
          -0.1209684,
          51.5009294
        ]
      },
      "properties": {
        "timestamp": "2023-01-27T17:06:43Z"
      }
    },
    {
      "type": "Feature",
      "geometry": {
        "type": "Point",
        "coordinates": [
          -0.1209744,
          51.5009296
        ]
      },
      "properties": {
        "timestamp": "2023-01-27T17:06:44Z"
      }
    },
    {
      "type": "Feature",
      "geometry": {
        "type": "Point",
        "coordinates": [
          -0.1210226,
          51.5009336
        ]
      },
      "properties": {
        "timestamp": "2023-01-27T17:06:48Z"
      }
    },
    {
      "type": "Feature",
      "geometry": {
        "type": "Point",
        "coordinates": [
          -0.1210698,
          51.5009408
        ]
      },
      "properties": {
        "timestamp": "2023-01-27T17:06:52Z"
      }
    },
    {
      "type": "Feature",
      "geometry": {
        "type": "Point",
        "coordinates": [
          -0.1210954,
          51.5009562
        ]
      },
      "properties": {
        "timestamp": "2023-01-27T17:06:56Z"
      }
    },
    {
      "type": "Feature",
      "geometry": {
        "type": "Point",
        "coordinates": [
          -0.1211308,
          51.5009626
        ]
      },
      "properties": {
        "timestamp": "2023-01-27T17:06:58Z"
      }
    },
    {
      "type": "Feature",
      "geometry": {
        "type": "Point",
        "coordinates": [
          -0.1211467,
          51.5009635
        ]
      },
      "properties": {
        "timestamp": "2023-01-27T17:06:59Z"
      }
    },
    {
      "type": "Feature",
      "geometry": {
        "type": "Point",
        "coordinates": [
          -0.1212793,
          51.5009769
        ]
      },
      "properties": {
        "timestamp": "2023-01-27T17:07:08Z"
      }
    },
    {
      "type": "Feature",
      "geometry": {
        "type": "Point",
        "coordinates": [
          -0.1213365,
          51.5009726
        ]
      },
      "properties": {
        "timestamp": "2023-01-27T17:07:12Z"
      }
    },
    {
      "type": "Feature",
      "geometry": {
        "type": "Point",
        "coordinates": [
          -0.1214088,
          51.5009791
        ]
      },
      "properties": {
        "timestamp": "2023-01-27T17:07:17Z"
      }
    },
    {
      "type": "Feature",
      "geometry": {
        "type": "Point",
        "coordinates": [
          -0.121443,
          51.5009816
        ]
      },
      "properties": {
        "timestamp": "2023-01-27T17:07:19Z"
      }
    },
    {
      "type": "Feature",
      "geometry": {
        "type": "Point",
        "coordinates": [
          -0.1214581,
          51.5009813
        ]
      },
      "properties": {
        "timestamp": "2023-01-27T17:07:20Z"
      }
    },
    {
      "type": "Feature",
      "geometry": {
        "type": "Point",
        "coordinates": [
          -0.1215777,
          51.5009726
        ]
      },
      "properties": {
        "timestamp": "2023-01-27T17:07:27Z"
      }
    },
    {
      "type": "Feature",
      "geometry": {
        "type": "Point",
        "coordinates": [
          -0.1217559,
          51.5009762
        ]
      },
      "properties": {
        "timestamp": "2023-01-27T17:07:37Z"
      }
    },
    {
      "type": "Feature",
      "geometry": {
        "type": "Point",
        "coordinates": [
          -0.1219962,
          51.5009902
        ]
      },
      "properties": {
        "timestamp": "2023-01-27T17:07:50Z"
      }
    },
    {
      "type": "Feature",
      "geometry": {
        "type": "Point",
        "coordinates": [
          -0.1220243,
          51.5009922
        ]
      },
      "properties": {
        "timestamp": "2023-01-27T17:07:52Z"
      }
    },
    {
      "type": "Feature",
      "geometry": {
        "type": "Point",
        "coordinates": [
          -0.1220377,
          51.5009849
        ]
      },
      "properties": {
        "timestamp": "2023-01-27T17:07:53Z"
      }
    },
    {
      "type": "Feature",
      "geometry": {
        "type": "Point",
        "coordinates": [
          -0.1220516,
          51.5009857
        ]
      },
      "properties": {
        "timestamp": "2023-01-27T17:07:54Z"
      }
    },
    {
      "type": "Feature",
      "geometry": {
        "type": "Point",
        "coordinates": [
          -0.1221162,
          51.5009808
        ]
      },
      "properties": {
        "timestamp": "2023-01-27T17:07:59Z"
      }
    },
    {
      "type": "Feature",
      "geometry": {
        "type": "Point",
        "coordinates": [
          -0.1221285,
          51.5009814
        ]
      },
      "properties": {
        "timestamp": "2023-01-27T17:08:00Z"
      }
    },
    {
      "type": "Feature",
      "geometry": {
        "type": "Point",
        "coordinates": [
          -0.1221734,
          51.5009875
        ]
      },
      "properties": {
        "timestamp": "2023-01-27T17:08:03Z"
      }
    },
    {
      "type": "Feature",
      "geometry": {
        "type": "Point",
        "coordinates": [
          -0.1222451,
          51.5009935
        ]
      },
      "properties": {
        "timestamp": "2023-01-27T17:08:08Z"
      }
    },
    {
      "type": "Feature",
      "geometry": {
        "type": "Point",
        "coordinates": [
          -0.1222945,
          51.5009948
        ]
      },
      "properties": {
        "timestamp": "2023-01-27T17:08:11Z"
      }
    },
    {
      "type": "Feature",
      "geometry": {
        "type": "Point",
        "coordinates": [
          -0.1224489,
          51.5009992
        ]
      },
      "properties": {
        "timestamp": "2023-01-27T17:08:20Z"
      }
    },
    {
      "type": "Feature",
      "geometry": {
        "type": "Point",
        "coordinates": [
          -0.1224948,
          51.5009961
        ]
      },
      "properties": {
        "timestamp": "2023-01-27T17:08:23Z"
      }
    },
    {
      "type": "Feature",
      "geometry": {
        "type": "Point",
        "coordinates": [
          -0.1225268,
          51.5009987
        ]
      },
      "properties": {
        "timestamp": "2023-01-27T17:08:25Z"
      }
    },
    {
      "type": "Feature",
      "geometry": {
        "type": "Point",
        "coordinates": [
          -0.1225982,
          51.5010036
        ]
      },
      "properties": {
        "timestamp": "2023-01-27T17:08:29Z"
      }
    },
    {
      "type": "Feature",
      "geometry": {
        "type": "Point",
        "coordinates": [
          -0.1226614,
          51.5010001
        ]
      },
      "properties": {
        "timestamp": "2023-01-27T17:08:34Z"
      }
    },
    {
      "type": "Feature",
      "geometry": {
        "type": "Point",
        "coordinates": [
          -0.122722,
          51.5010066
        ]
      },
      "properties": {
        "timestamp": "2023-01-27T17:08:38Z"
      }
    },
    {
      "type": "Feature",
      "geometry": {
        "type": "Point",
        "coordinates": [
          -0.1227362,
          51.5010066
        ]
      },
      "properties": {
        "timestamp": "2023-01-27T17:08:39Z"
      }
    },
    {
      "type": "Feature",
      "geometry": {
        "type": "Point",
        "coordinates": [
          -0.1227975,
          51.5010104
        ]
      },
      "properties": {
        "timestamp": "2023-01-27T17:08:43Z"
      }
    },
    {
      "type": "Feature",
      "geometry": {
        "type": "Point",
        "coordinates": [
          -0.1228851,
          51.5010095
        ]
      },
      "properties": {
        "timestamp": "2023-01-27T17:08:49Z"
      }
    },
    {
      "type": "Feature",
      "geometry": {
        "type": "Point",
        "coordinates": [
          -0.1229179,
          51.501011
        ]
      },
      "properties": {
        "timestamp": "2023-01-27T17:08:51Z"
      }
    },
    {
      "type": "Feature",
      "geometry": {
        "type": "Point",
        "coordinates": [
          -0.1229334,
          51.5010126
        ]
      },
      "properties": {
        "timestamp": "2023-01-27T17:08:52Z"
      }
    },
    {
      "type": "Feature",
      "geometry": {
        "type": "Point",
        "coordinates": [
          -0.1229465,
          51.5010155
        ]
      },
      "properties": {
        "timestamp": "2023-01-27T17:08:53Z"
      }
    },
    {
      "type": "Feature",
      "geometry": {
        "type": "Point",
        "coordinates": [
          -0.122993,
          51.501009
        ]
      },
      "properties": {
        "timestamp": "2023-01-27T17:08:57Z"
      }
    },
    {
      "type": "Feature",
      "geometry": {
        "type": "Point",
        "coordinates": [
          -0.1230106,
          51.5010119
        ]
      },
      "properties": {
        "timestamp": "2023-01-27T17:08:58Z"
      }
    },
    {
      "type": "Feature",
      "geometry": {
        "type": "Point",
        "coordinates": [
          -0.1230608,
          51.5010135
        ]
      },
      "properties": {
        "timestamp": "2023-01-27T17:09:01Z"
      }
    },
    {
      "type": "Feature",
      "geometry": {
        "type": "Point",
        "coordinates": [
          -0.1230831,
          51.5010132
        ]
      },
      "properties": {
        "timestamp": "2023-01-27T17:09:03Z"
      }
    },
    {
      "type": "Feature",
      "geometry": {
        "type": "Point",
        "coordinates": [
          -0.1231841,
          51.5010133
        ]
      },
      "properties": {
        "timestamp": "2023-01-27T17:09:09Z"
      }
    },
    {
      "type": "Feature",
      "geometry": {
        "type": "Point",
        "coordinates": [
          -0.1232336,
          51.5010159
        ]
      },
      "properties": {
        "timestamp": "2023-01-27T17:09:12Z"
      }
    },
    {
      "type": "Feature",
      "geometry": {
        "type": "Point",
        "coordinates": [
          -0.1232526,
          51.5010158
        ]
      },
      "properties": {
        "timestamp": "2023-01-27T17:09:13Z"
      }
    },
    {
      "type": "Feature",
      "geometry": {
        "type": "Point",
        "coordinates": [
          -0.1232953,
          51.5010118
        ]
      },
      "properties": {
        "timestamp": "2023-01-27T17:09:17Z"
      }
    },
    {
      "type": "Feature",
      "geometry": {
        "type": "Point",
        "coordinates": [
          -0.1233382,
          51.5010139
        ]
      },
      "properties": {
        "timestamp": "2023-01-27T17:09:20Z"
      }
    },
    {
      "type": "Feature",
      "geometry": {
        "type": "Point",
        "coordinates": [
          -0.1234129,
          51.5010092
        ]
      },
      "properties": {
        "timestamp": "2023-01-27T17:09:25Z"
      }
    },
    {
      "type": "Feature",
      "geometry": {
        "type": "Point",
        "coordinates": [
          -0.12344,
          51.5010068
        ]
      },
      "properties": {
        "timestamp": "2023-01-27T17:09:27Z"
      }
    },
    {
      "type": "Feature",
      "geometry": {
        "type": "Point",
        "coordinates": [
          -0.1234962,
          51.5010159
        ]
      },
      "properties": {
        "timestamp": "2023-01-27T17:09:32Z"
      }
    },
    {
      "type": "Feature",
      "geometry": {
        "type": "Point",
        "coordinates": [
          -0.1235184,
          51.5010147
        ]
      },
      "properties": {
        "timestamp": "2023-01-27T17:09:34Z"
      }
    },
    {
      "type": "Feature",
      "geometry": {
        "type": "Point",
        "coordinates": [
          -0.1235272,
          51.5010137
        ]
      },
      "properties": {
        "timestamp": "2023-01-27T17:09:35Z"
      }
    },
    {
      "type": "Feature",
      "geometry": {
        "type": "Point",
        "coordinates": [
          -0.1235498,
          51.501011
        ]
      },
      "properties": {
        "timestamp": "2023-01-27T17:09:38Z"
      }
    },
    {
      "type": "Feature",
      "geometry": {
        "type": "Point",
        "coordinates": [
          -0.1235551,
          51.5010094
        ]
      },
      "properties": {
        "timestamp": "2023-01-27T17:09:39Z"
      }
    },
    {
      "type": "Feature",
      "geometry": {
        "type": "Point",
        "coordinates": [
          -0.1235846,
          51.5010122
        ]
      },
      "properties": {
        "timestamp": "2023-01-27T17:09:43Z"
      }
    },
    {
      "type": "Feature",
      "geometry": {
        "type": "Point",
        "coordinates": [
          -0.1236002,
          51.5010112
        ]
      },
      "properties": {
        "timestamp": "2023-01-27T17:09:46Z"
      }
    },
    {
      "type": "Feature",
      "geometry": {
        "type": "Point",
        "coordinates": [
          -0.1236327,
          51.5010199
        ]
      },
      "properties": {
        "timestamp": "2023-01-27T17:09:51Z"
      }
    },
    {
      "type": "Feature",
      "geometry": {
        "type": "Point",
        "coordinates": [
          -0.1236416,
          51.5010321
        ]
      },
      "properties": {
        "timestamp": "2023-01-27T17:09:59Z"
      }
    },
    {
      "type": "Feature",
      "geometry": {
        "type": "Point",
        "coordinates": [
          -0.1236569,
          51.5010396
        ]
      },
      "properties": {
        "timestamp": "2023-01-27T17:10:02Z"
      }
    },
    {
      "type": "Feature",
      "geometry": {
        "type": "Point",
        "coordinates": [
          -0.1236497,
          51.5010278
        ]
      },
      "properties": {
        "timestamp": "2023-01-27T17:10:05Z"
      }
    },
    {
      "type": "Feature",
      "geometry": {
        "type": "Point",
        "coordinates": [
          -0.1236599,
          51.5010272
        ]
      },
      "properties": {
        "timestamp": "2023-01-27T17:10:10Z"
      }
    },
    {
      "type": "Feature",
      "geometry": {
        "type": "Point",
        "coordinates": [
          -0.1236501,
          51.5010195
        ]
      },
      "properties": {
        "timestamp": "2023-01-27T17:10:19Z"
      }
    },
    {
      "type": "Feature",
      "geometry": {
        "type": "Point",
        "coordinates": [
          -0.1236501,
          51.5010195
        ]
      },
      "properties": {
        "timestamp": "2023-01-27T17:10:29Z"
      }
    },
    {
      "type": "Feature",
      "geometry": {
        "type": "Point",
        "coordinates": [
          -0.1236492,
          51.5010194
        ]
      },
      "properties": {
        "timestamp": "2023-01-27T17:10:33Z"
      }
    },
    {
      "type": "Feature",
      "geometry": {
        "type": "Point",
        "coordinates": [
          -0.1236465,
          51.5010181
        ]
      },
      "properties": {
        "timestamp": "2023-01-27T17:10:45Z"
      }
    },
    {
      "type": "Feature",
      "geometry": {
        "type": "Point",
        "coordinates": [
          -0.1236259,
          51.5010263
        ]
      },
      "properties": {
        "timestamp": "2023-01-27T17:11:04Z"
      }
    },
    {
      "type": "Feature",
      "geometry": {
        "type": "Point",
        "coordinates": [
          -0.1236236,
          51.5010304
        ]
      },
      "properties": {
        "timestamp": "2023-01-27T17:11:10Z"
      }
    },
    {
      "type": "Feature",
      "geometry": {
        "type": "Point",
        "coordinates": [
          -0.1236559,
          51.5010897
        ]
      },
      "properties": {
        "timestamp": "2023-01-27T17:11:15Z"
      }
    },
    {
      "type": "Feature",
      "geometry": {
        "type": "Point",
        "coordinates": [
          -0.1236592,
          51.5011056
        ]
      },
      "properties": {
        "timestamp": "2023-01-27T17:11:16Z"
      }
    },
    {
      "type": "Feature",
      "geometry": {
        "type": "Point",
        "coordinates": [
          -0.1236772,
          51.5011634
        ]
      },
      "properties": {
        "timestamp": "2023-01-27T17:11:19Z"
      }
    },
    {
      "type": "Feature",
      "geometry": {
        "type": "Point",
        "coordinates": [
          -0.1236938,
          51.5012054
        ]
      },
      "properties": {
        "timestamp": "2023-01-27T17:11:21Z"
      }
    },
    {
      "type": "Feature",
      "geometry": {
        "type": "Point",
        "coordinates": [
          -0.1237001,
          51.5012284
        ]
      },
      "properties": {
        "timestamp": "2023-01-27T17:11:23Z"
      }
    },
    {
      "type": "Feature",
      "geometry": {
        "type": "Point",
        "coordinates": [
          -0.1236994,
          51.5012726
        ]
      },
      "properties": {
        "timestamp": "2023-01-27T17:11:26Z"
      }
    },
    {
      "type": "Feature",
      "geometry": {
        "type": "Point",
        "coordinates": [
          -0.1236718,
          51.5013447
        ]
      },
      "properties": {
        "timestamp": "2023-01-27T17:11:32Z"
      }
    },
    {
      "type": "Feature",
      "geometry": {
        "type": "Point",
        "coordinates": [
          -0.1236769,
          51.5014549
        ]
      },
      "properties": {
        "timestamp": "2023-01-27T17:11:40Z"
      }
    },
    {
      "type": "Feature",
      "geometry": {
        "type": "Point",
        "coordinates": [
          -0.1236762,
          51.5014796
        ]
      },
      "properties": {
        "timestamp": "2023-01-27T17:11:42Z"
      }
    },
    {
      "type": "Feature",
      "geometry": {
        "type": "Point",
        "coordinates": [
          -0.1236565,
          51.5015158
        ]
      },
      "properties": {
        "timestamp": "2023-01-27T17:11:45Z"
      }
    },
    {
      "type": "Feature",
      "geometry": {
        "type": "Point",
        "coordinates": [
          -0.1236544,
          51.501545
        ]
      },
      "properties": {
        "timestamp": "2023-01-27T17:11:47Z"
      }
    },
    {
      "type": "Feature",
      "geometry": {
        "type": "Point",
        "coordinates": [
          -0.1236384,
          51.5016121
        ]
      },
      "properties": {
        "timestamp": "2023-01-27T17:11:53Z"
      }
    },
    {
      "type": "Feature",
      "geometry": {
        "type": "Point",
        "coordinates": [
          -0.1236167,
          51.5016851
        ]
      },
      "properties": {
        "timestamp": "2023-01-27T17:12:01Z"
      }
    },
    {
      "type": "Feature",
      "geometry": {
        "type": "Point",
        "coordinates": [
          -0.1236069,
          51.5017017
        ]
      },
      "properties": {
        "timestamp": "2023-01-27T17:12:03Z"
      }
    },
    {
      "type": "Feature",
      "geometry": {
        "type": "Point",
        "coordinates": [
          -0.123603,
          51.5017666
        ]
      },
      "properties": {
        "timestamp": "2023-01-27T17:12:08Z"
      }
    },
    {
      "type": "Feature",
      "geometry": {
        "type": "Point",
        "coordinates": [
          -0.1235901,
          51.5018614
        ]
      },
      "properties": {
        "timestamp": "2023-01-27T17:12:17Z"
      }
    },
    {
      "type": "Feature",
      "geometry": {
        "type": "Point",
        "coordinates": [
          -0.1235858,
          51.5018717
        ]
      },
      "properties": {
        "timestamp": "2023-01-27T17:12:18Z"
      }
    },
    {
      "type": "Feature",
      "geometry": {
        "type": "Point",
        "coordinates": [
          -0.1235707,
          51.5019007
        ]
      },
      "properties": {
        "timestamp": "2023-01-27T17:12:21Z"
      }
    },
    {
      "type": "Feature",
      "geometry": {
        "type": "Point",
        "coordinates": [
          -0.1235498,
          51.5019326
        ]
      },
      "properties": {
        "timestamp": "2023-01-27T17:12:24Z"
      }
    },
    {
      "type": "Feature",
      "geometry": {
        "type": "Point",
        "coordinates": [
          -0.1235469,
          51.5019306
        ]
      },
      "properties": {
        "timestamp": "2023-01-27T17:12:25Z"
      }
    },
    {
      "type": "Feature",
      "geometry": {
        "type": "Point",
        "coordinates": [
          -0.1235391,
          51.5019154
        ]
      },
      "properties": {
        "timestamp": "2023-01-27T17:12:28Z"
      }
    },
    {
      "type": "Feature",
      "geometry": {
        "type": "Point",
        "coordinates": [
          -0.1235379,
          51.5019038
        ]
      },
      "properties": {
        "timestamp": "2023-01-27T17:12:31Z"
      }
    },
    {
      "type": "Feature",
      "geometry": {
        "type": "Point",
        "coordinates": [
          -0.1235293,
          51.5018914
        ]
      },
      "properties": {
        "timestamp": "2023-01-27T17:12:34Z"
      }
    },
    {
      "type": "Feature",
      "geometry": {
        "type": "Point",
        "coordinates": [
          -0.1235134,
          51.5018944
        ]
      },
      "properties": {
        "timestamp": "2023-01-27T17:12:38Z"
      }
    },
    {
      "type": "Feature",
      "geometry": {
        "type": "Point",
        "coordinates": [
          -0.1235102,
          51.5018945
        ]
      },
      "properties": {
        "timestamp": "2023-01-27T17:12:44Z"
      }
    },
    {
      "type": "Feature",
      "geometry": {
        "type": "Point",
        "coordinates": [
          -0.1235102,
          51.5018945
        ]
      },
      "properties": {
        "timestamp": "2023-01-27T17:12:48Z"
      }
    },
    {
      "type": "Feature",
      "geometry": {
        "type": "Point",
        "coordinates": [
          -0.1235102,
          51.5018945
        ]
      },
      "properties": {
        "timestamp": "2023-01-27T17:12:53Z"
      }
    },
    {
      "type": "Feature",
      "geometry": {
        "type": "Point",
        "coordinates": [
          -0.1234993,
          51.5018945
        ]
      },
      "properties": {
        "timestamp": "2023-01-27T17:12:59Z"
      }
    },
    {
      "type": "Feature",
      "geometry": {
        "type": "Point",
        "coordinates": [
          -0.1234929,
          51.5018945
        ]
      },
      "properties": {
        "timestamp": "2023-01-27T17:13:00Z"
      }
    },
    {
      "type": "Feature",
      "geometry": {
        "type": "Point",
        "coordinates": [
          -0.1234668,
          51.5019084
        ]
      },
      "properties": {
        "timestamp": "2023-01-27T17:13:25Z"
      }
    },
    {
      "type": "Feature",
      "geometry": {
        "type": "Point",
        "coordinates": [
          -0.1234687,
          51.5019084
        ]
      },
      "properties": {
        "timestamp": "2023-01-27T17:13:27Z"
      }
    },
    {
      "type": "Feature",
      "geometry": {
        "type": "Point",
        "coordinates": [
          -0.1234707,
          51.5019084
        ]
      },
      "properties": {
        "timestamp": "2023-01-27T17:13:29Z"
      }
    },
    {
      "type": "Feature",
      "geometry": {
        "type": "Point",
        "coordinates": [
          -0.1234761,
          51.5019052
        ]
      },
      "properties": {
        "timestamp": "2023-01-27T17:13:32Z"
      }
    },
    {
      "type": "Feature",
      "geometry": {
        "type": "Point",
        "coordinates": [
          -0.1235496,
          51.5017957
        ]
      },
      "properties": {
        "timestamp": "2023-01-27T17:13:41Z"
      }
    },
    {
      "type": "Feature",
      "geometry": {
        "type": "Point",
        "coordinates": [
          -0.1235607,
          51.5017513
        ]
      },
      "properties": {
        "timestamp": "2023-01-27T17:13:43Z"
      }
    },
    {
      "type": "Feature",
      "geometry": {
        "type": "Point",
        "coordinates": [
          -0.1235762,
          51.5016909
        ]
      },
      "properties": {
        "timestamp": "2023-01-27T17:13:46Z"
      }
    },
    {
      "type": "Feature",
      "geometry": {
        "type": "Point",
        "coordinates": [
          -0.1235874,
          51.5016788
        ]
      },
      "properties": {
        "timestamp": "2023-01-27T17:13:48Z"
      }
    },
    {
      "type": "Feature",
      "geometry": {
        "type": "Point",
        "coordinates": [
          -0.1235907,
          51.50167
        ]
      },
      "properties": {
        "timestamp": "2023-01-27T17:13:50Z"
      }
    },
    {
      "type": "Feature",
      "geometry": {
        "type": "Point",
        "coordinates": [
          -0.1235971,
          51.5016674
        ]
      },
      "properties": {
        "timestamp": "2023-01-27T17:13:52Z"
      }
    },
    {
      "type": "Feature",
      "geometry": {
        "type": "Point",
        "coordinates": [
          -0.1235921,
          51.5016637
        ]
      },
      "properties": {
        "timestamp": "2023-01-27T17:13:57Z"
      }
    },
    {
      "type": "Feature",
      "geometry": {
        "type": "Point",
        "coordinates": [
          -0.1235493,
          51.50167
        ]
      },
      "properties": {
        "timestamp": "2023-01-27T17:14:04Z"
      }
    },
    {
      "type": "Feature",
      "geometry": {
        "type": "Point",
        "coordinates": [
          -0.1235487,
          51.5016681
        ]
      },
      "properties": {
        "timestamp": "2023-01-27T17:14:22Z"
      }
    },
    {
      "type": "Feature",
      "geometry": {
        "type": "Point",
        "coordinates": [
          -0.1235553,
          51.501666
        ]
      },
      "properties": {
        "timestamp": "2023-01-27T17:14:31Z"
      }
    },
    {
      "type": "Feature",
      "geometry": {
        "type": "Point",
        "coordinates": [
          -0.1235572,
          51.501665
        ]
      },
      "properties": {
        "timestamp": "2023-01-27T17:14:33Z"
      }
    },
    {
      "type": "Feature",
      "geometry": {
        "type": "Point",
        "coordinates": [
          -0.1235622,
          51.5016581
        ]
      },
      "properties": {
        "timestamp": "2023-01-27T17:14:42Z"
      }
    },
    {
      "type": "Feature",
      "geometry": {
        "type": "Point",
        "coordinates": [
          -0.1235629,
          51.5016519
        ]
      },
      "properties": {
        "timestamp": "2023-01-27T17:14:47Z"
      }
    },
    {
      "type": "Feature",
      "geometry": {
        "type": "Point",
        "coordinates": [
          -0.1235629,
          51.5016519
        ]
      },
      "properties": {
        "timestamp": "2023-01-27T17:14:48Z"
      }
    },
    {
      "type": "Feature",
      "geometry": {
        "type": "Point",
        "coordinates": [
          -0.1235725,
          51.5016539
        ]
      },
      "properties": {
        "timestamp": "2023-01-27T17:15:15Z"
      }
    },
    {
      "type": "Feature",
      "geometry": {
        "type": "Point",
        "coordinates": [
          -0.1235732,
          51.5016524
        ]
      },
      "properties": {
        "timestamp": "2023-01-27T17:15:17Z"
      }
    },
    {
      "type": "Feature",
      "geometry": {
        "type": "Point",
        "coordinates": [
          -0.1235745,
          51.5016503
        ]
      },
      "properties": {
        "timestamp": "2023-01-27T17:15:24Z"
      }
    },
    {
      "type": "Feature",
      "geometry": {
        "type": "Point",
        "coordinates": [
          -0.1235745,
          51.5016501
        ]
      },
      "properties": {
        "timestamp": "2023-01-27T17:15:25Z"
      }
    },
    {
      "type": "Feature",
      "geometry": {
        "type": "Point",
        "coordinates": [
          -0.1235755,
          51.5016495
        ]
      },
      "properties": {
        "timestamp": "2023-01-27T17:15:30Z"
      }
    },
    {
      "type": "Feature",
      "geometry": {
        "type": "Point",
        "coordinates": [
          -0.1236166,
          51.501644
        ]
      },
      "properties": {
        "timestamp": "2023-01-27T17:15:46Z"
      }
    },
    {
      "type": "Feature",
      "geometry": {
        "type": "Point",
        "coordinates": [
          -0.1236209,
          51.5016431
        ]
      },
      "properties": {
        "timestamp": "2023-01-27T17:15:49Z"
      }
    },
    {
      "type": "Feature",
      "geometry": {
        "type": "Point",
        "coordinates": [
          -0.1236271,
          51.5016291
        ]
      },
      "properties": {
        "timestamp": "2023-01-27T17:16:02Z"
      }
    },
    {
      "type": "Feature",
      "geometry": {
        "type": "Point",
        "coordinates": [
          -0.123629,
          51.5016281
        ]
      },
      "properties": {
        "timestamp": "2023-01-27T17:16:10Z"
      }
    },
    {
      "type": "Feature",
      "geometry": {
        "type": "Point",
        "coordinates": [
          -0.1236328,
          51.5016284
        ]
      },
      "properties": {
        "timestamp": "2023-01-27T17:16:17Z"
      }
    },
    {
      "type": "Feature",
      "geometry": {
        "type": "Point",
        "coordinates": [
          -0.1236341,
          51.5016296
        ]
      },
      "properties": {
        "timestamp": "2023-01-27T17:16:20Z"
      }
    },
    {
      "type": "Feature",
      "geometry": {
        "type": "Point",
        "coordinates": [
          -0.1236349,
          51.5016326
        ]
      },
      "properties": {
        "timestamp": "2023-01-27T17:16:23Z"
      }
    },
    {
      "type": "Feature",
      "geometry": {
        "type": "Point",
        "coordinates": [
          -0.1236353,
          51.5016341
        ]
      },
      "properties": {
        "timestamp": "2023-01-27T17:16:28Z"
      }
    },
    {
      "type": "Feature",
      "geometry": {
        "type": "Point",
        "coordinates": [
          -0.1236353,
          51.5016343
        ]
      },
      "properties": {
        "timestamp": "2023-01-27T17:16:32Z"
      }
    },
    {
      "type": "Feature",
      "geometry": {
        "type": "Point",
        "coordinates": [
          -0.1236353,
          51.5016346
        ]
      },
      "properties": {
        "timestamp": "2023-01-27T17:16:35Z"
      }
    },
    {
      "type": "Feature",
      "geometry": {
        "type": "Point",
        "coordinates": [
          -0.1236301,
          51.5016348
        ]
      },
      "properties": {
        "timestamp": "2023-01-27T17:16:39Z"
      }
    },
    {
      "type": "Feature",
      "geometry": {
        "type": "Point",
        "coordinates": [
          -0.1236227,
          51.5016347
        ]
      },
      "properties": {
        "timestamp": "2023-01-27T17:16:43Z"
      }
    },
    {
      "type": "Feature",
      "geometry": {
        "type": "Point",
        "coordinates": [
          -0.1236159,
          51.5016339
        ]
      },
      "properties": {
        "timestamp": "2023-01-27T17:16:51Z"
      }
    },
    {
      "type": "Feature",
      "geometry": {
        "type": "Point",
        "coordinates": [
          -0.1236132,
          51.5016327
        ]
      },
      "properties": {
        "timestamp": "2023-01-27T17:16:54Z"
      }
    },
    {
      "type": "Feature",
      "geometry": {
        "type": "Point",
        "coordinates": [
          -0.1236119,
          51.5016315
        ]
      },
      "properties": {
        "timestamp": "2023-01-27T17:16:56Z"
      }
    },
    {
      "type": "Feature",
      "geometry": {
        "type": "Point",
        "coordinates": [
          -0.1236109,
          51.50163
        ]
      },
      "properties": {
        "timestamp": "2023-01-27T17:16:58Z"
      }
    },
    {
      "type": "Feature",
      "geometry": {
        "type": "Point",
        "coordinates": [
          -0.1236079,
          51.501626
        ]
      },
      "properties": {
        "timestamp": "2023-01-27T17:17:01Z"
      }
    },
    {
      "type": "Feature",
      "geometry": {
        "type": "Point",
        "coordinates": [
          -0.123606,
          51.5016234
        ]
      },
      "properties": {
        "timestamp": "2023-01-27T17:17:03Z"
      }
    },
    {
      "type": "Feature",
      "geometry": {
        "type": "Point",
        "coordinates": [
          -0.1236053,
          51.5016223
        ]
      },
      "properties": {
        "timestamp": "2023-01-27T17:17:04Z"
      }
    },
    {
      "type": "Feature",
      "geometry": {
        "type": "Point",
        "coordinates": [
          -0.1236024,
          51.5016191
        ]
      },
      "properties": {
        "timestamp": "2023-01-27T17:17:08Z"
      }
    },
    {
      "type": "Feature",
      "geometry": {
        "type": "Point",
        "coordinates": [
          -0.1235971,
          51.5016156
        ]
      },
      "properties": {
        "timestamp": "2023-01-27T17:17:20Z"
      }
    },
    {
      "type": "Feature",
      "geometry": {
        "type": "Point",
        "coordinates": [
          -0.1235965,
          51.5016156
        ]
      },
      "properties": {
        "timestamp": "2023-01-27T17:17:21Z"
      }
    },
    {
      "type": "Feature",
      "geometry": {
        "type": "Point",
        "coordinates": [
          -0.1235371,
          51.5016614
        ]
      },
      "properties": {
        "timestamp": "2023-01-27T17:17:36Z"
      }
    },
    {
      "type": "Feature",
      "geometry": {
        "type": "Point",
        "coordinates": [
          -0.1234723,
          51.5017439
        ]
      },
      "properties": {
        "timestamp": "2023-01-27T17:17:40Z"
      }
    },
    {
      "type": "Feature",
      "geometry": {
        "type": "Point",
        "coordinates": [
          -0.1234081,
          51.5018035
        ]
      },
      "properties": {
        "timestamp": "2023-01-27T17:17:43Z"
      }
    },
    {
      "type": "Feature",
      "geometry": {
        "type": "Point",
        "coordinates": [
          -0.123411,
          51.5018156
        ]
      },
      "properties": {
        "timestamp": "2023-01-27T17:17:45Z"
      }
    },
    {
      "type": "Feature",
      "geometry": {
        "type": "Point",
        "coordinates": [
          -0.1234084,
          51.5018495
        ]
      },
      "properties": {
        "timestamp": "2023-01-27T17:17:50Z"
      }
    },
    {
      "type": "Feature",
      "geometry": {
        "type": "Point",
        "coordinates": [
          -0.1233848,
          51.5019212
        ]
      },
      "properties": {
        "timestamp": "2023-01-27T17:17:55Z"
      }
    },
    {
      "type": "Feature",
      "geometry": {
        "type": "Point",
        "coordinates": [
          -0.1233805,
          51.5019539
        ]
      },
      "properties": {
        "timestamp": "2023-01-27T17:17:59Z"
      }
    },
    {
      "type": "Feature",
      "geometry": {
        "type": "Point",
        "coordinates": [
          -0.1233866,
          51.5019562
        ]
      },
      "properties": {
        "timestamp": "2023-01-27T17:18:03Z"
      }
    },
    {
      "type": "Feature",
      "geometry": {
        "type": "Point",
        "coordinates": [
          -0.1233873,
          51.5019571
        ]
      },
      "properties": {
        "timestamp": "2023-01-27T17:18:04Z"
      }
    },
    {
      "type": "Feature",
      "geometry": {
        "type": "Point",
        "coordinates": [
          -0.1233875,
          51.5019757
        ]
      },
      "properties": {
        "timestamp": "2023-01-27T17:18:07Z"
      }
    },
    {
      "type": "Feature",
      "geometry": {
        "type": "Point",
        "coordinates": [
          -0.123383,
          51.5020106
        ]
      },
      "properties": {
        "timestamp": "2023-01-27T17:18:10Z"
      }
    },
    {
      "type": "Feature",
      "geometry": {
        "type": "Point",
        "coordinates": [
          -0.1233744,
          51.5020573
        ]
      },
      "properties": {
        "timestamp": "2023-01-27T17:18:14Z"
      }
    },
    {
      "type": "Feature",
      "geometry": {
        "type": "Point",
        "coordinates": [
          -0.1233654,
          51.5020922
        ]
      },
      "properties": {
        "timestamp": "2023-01-27T17:18:17Z"
      }
    },
    {
      "type": "Feature",
      "geometry": {
        "type": "Point",
        "coordinates": [
          -0.1233619,
          51.5021046
        ]
      },
      "properties": {
        "timestamp": "2023-01-27T17:18:18Z"
      }
    },
    {
      "type": "Feature",
      "geometry": {
        "type": "Point",
        "coordinates": [
          -0.1233507,
          51.5021766
        ]
      },
      "properties": {
        "timestamp": "2023-01-27T17:18:21Z"
      }
    },
    {
      "type": "Feature",
      "geometry": {
        "type": "Point",
        "coordinates": [
          -0.1233338,
          51.5022666
        ]
      },
      "properties": {
        "timestamp": "2023-01-27T17:18:27Z"
      }
    },
    {
      "type": "Feature",
      "geometry": {
        "type": "Point",
        "coordinates": [
          -0.1233373,
          51.5022882
        ]
      },
      "properties": {
        "timestamp": "2023-01-27T17:18:32Z"
      }
    },
    {
      "type": "Feature",
      "geometry": {
        "type": "Point",
        "coordinates": [
          -0.1233277,
          51.5023424
        ]
      },
      "properties": {
        "timestamp": "2023-01-27T17:18:38Z"
      }
    },
    {
      "type": "Feature",
      "geometry": {
        "type": "Point",
        "coordinates": [
          -0.1233215,
          51.5023843
        ]
      },
      "properties": {
        "timestamp": "2023-01-27T17:18:41Z"
      }
    },
    {
      "type": "Feature",
      "geometry": {
        "type": "Point",
        "coordinates": [
          -0.1233226,
          51.5023998
        ]
      },
      "properties": {
        "timestamp": "2023-01-27T17:18:44Z"
      }
    },
    {
      "type": "Feature",
      "geometry": {
        "type": "Point",
        "coordinates": [
          -0.1233291,
          51.5024256
        ]
      },
      "properties": {
        "timestamp": "2023-01-27T17:18:46Z"
      }
    },
    {
      "type": "Feature",
      "geometry": {
        "type": "Point",
        "coordinates": [
          -0.123338,
          51.5024917
        ]
      },
      "properties": {
        "timestamp": "2023-01-27T17:18:52Z"
      }
    },
    {
      "type": "Feature",
      "geometry": {
        "type": "Point",
        "coordinates": [
          -0.1233448,
          51.5025491
        ]
      },
      "properties": {
        "timestamp": "2023-01-27T17:19:00Z"
      }
    },
    {
      "type": "Feature",
      "geometry": {
        "type": "Point",
        "coordinates": [
          -0.1233447,
          51.5025508
        ]
      },
      "properties": {
        "timestamp": "2023-01-27T17:19:01Z"
      }
    },
    {
      "type": "Feature",
      "geometry": {
        "type": "Point",
        "coordinates": [
          -0.1233086,
          51.5025895
        ]
      },
      "properties": {
        "timestamp": "2023-01-27T17:19:04Z"
      }
    },
    {
      "type": "Feature",
      "geometry": {
        "type": "Point",
        "coordinates": [
          -0.1233027,
          51.5025978
        ]
      },
      "properties": {
        "timestamp": "2023-01-27T17:19:05Z"
      }
    },
    {
      "type": "Feature",
      "geometry": {
        "type": "Point",
        "coordinates": [
          -0.1233022,
          51.5025972
        ]
      },
      "properties": {
        "timestamp": "2023-01-27T17:19:07Z"
      }
    },
    {
      "type": "Feature",
      "geometry": {
        "type": "Point",
        "coordinates": [
          -0.1233049,
          51.5025968
        ]
      },
      "properties": {
        "timestamp": "2023-01-27T17:19:08Z"
      }
    },
    {
      "type": "Feature",
      "geometry": {
        "type": "Point",
        "coordinates": [
          -0.1232978,
          51.5025928
        ]
      },
      "properties": {
        "timestamp": "2023-01-27T17:19:13Z"
      }
    },
    {
      "type": "Feature",
      "geometry": {
        "type": "Point",
        "coordinates": [
          -0.1232919,
          51.5025895
        ]
      },
      "properties": {
        "timestamp": "2023-01-27T17:19:16Z"
      }
    },
    {
      "type": "Feature",
      "geometry": {
        "type": "Point",
        "coordinates": [
          -0.1232882,
          51.5025904
        ]
      },
      "properties": {
        "timestamp": "2023-01-27T17:19:25Z"
      }
    },
    {
      "type": "Feature",
      "geometry": {
        "type": "Point",
        "coordinates": [
          -0.1232992,
          51.5025988
        ]
      },
      "properties": {
        "timestamp": "2023-01-27T17:19:43Z"
      }
    },
    {
      "type": "Feature",
      "geometry": {
        "type": "Point",
        "coordinates": [
          -0.1232633,
          51.5026154
        ]
      },
      "properties": {
        "timestamp": "2023-01-27T17:20:13Z"
      }
    },
    {
      "type": "Feature",
      "geometry": {
        "type": "Point",
        "coordinates": [
          -0.1232607,
          51.5026156
        ]
      },
      "properties": {
        "timestamp": "2023-01-27T17:20:17Z"
      }
    },
    {
      "type": "Feature",
      "geometry": {
        "type": "Point",
        "coordinates": [
          -0.1232311,
          51.5026347
        ]
      },
      "properties": {
        "timestamp": "2023-01-27T17:20:40Z"
      }
    },
    {
      "type": "Feature",
      "geometry": {
        "type": "Point",
        "coordinates": [
          -0.1232284,
          51.5026347
        ]
      },
      "properties": {
        "timestamp": "2023-01-27T17:20:45Z"
      }
    },
    {
      "type": "Feature",
      "geometry": {
        "type": "Point",
        "coordinates": [
          -0.1232162,
          51.5026337
        ]
      },
      "properties": {
        "timestamp": "2023-01-27T17:20:55Z"
      }
    },
    {
      "type": "Feature",
      "geometry": {
        "type": "Point",
        "coordinates": [
          -0.123209,
          51.5026337
        ]
      },
      "properties": {
        "timestamp": "2023-01-27T17:21:00Z"
      }
    },
    {
      "type": "Feature",
      "geometry": {
        "type": "Point",
        "coordinates": [
          -0.1232063,
          51.5026337
        ]
      },
      "properties": {
        "timestamp": "2023-01-27T17:21:02Z"
      }
    },
    {
      "type": "Feature",
      "geometry": {
        "type": "Point",
        "coordinates": [
          -0.1231935,
          51.5026374
        ]
      },
      "properties": {
        "timestamp": "2023-01-27T17:21:15Z"
      }
    },
    {
      "type": "Feature",
      "geometry": {
        "type": "Point",
        "coordinates": [
          -0.1231935,
          51.5026375
        ]
      },
      "properties": {
        "timestamp": "2023-01-27T17:21:16Z"
      }
    },
    {
      "type": "Feature",
      "geometry": {
        "type": "Point",
        "coordinates": [
          -0.1231988,
          51.5026397
        ]
      },
      "properties": {
        "timestamp": "2023-01-27T17:21:34Z"
      }
    },
    {
      "type": "Feature",
      "geometry": {
        "type": "Point",
        "coordinates": [
          -0.1231991,
          51.5026399
        ]
      },
      "properties": {
        "timestamp": "2023-01-27T17:21:35Z"
      }
    },
    {
      "type": "Feature",
      "geometry": {
        "type": "Point",
        "coordinates": [
          -0.1231996,
          51.5026414
        ]
      },
      "properties": {
        "timestamp": "2023-01-27T17:21:41Z"
      }
    },
    {
      "type": "Feature",
      "geometry": {
        "type": "Point",
        "coordinates": [
          -0.1231997,
          51.5026417
        ]
      },
      "properties": {
        "timestamp": "2023-01-27T17:21:42Z"
      }
    },
    {
      "type": "Feature",
      "geometry": {
        "type": "Point",
        "coordinates": [
          -0.1231645,
          51.5026528
        ]
      },
      "properties": {
        "timestamp": "2023-01-27T17:22:06Z"
      }
    },
    {
      "type": "Feature",
      "geometry": {
        "type": "Point",
        "coordinates": [
          -0.1231509,
          51.5026577
        ]
      },
      "properties": {
        "timestamp": "2023-01-27T17:22:17Z"
      }
    },
    {
      "type": "Feature",
      "geometry": {
        "type": "Point",
        "coordinates": [
          -0.1231354,
          51.5026607
        ]
      },
      "properties": {
        "timestamp": "2023-01-27T17:22:32Z"
      }
    },
    {
      "type": "Feature",
      "geometry": {
        "type": "Point",
        "coordinates": [
          -0.1231342,
          51.5026649
        ]
      },
      "properties": {
        "timestamp": "2023-01-27T17:23:04Z"
      }
    },
    {
      "type": "Feature",
      "geometry": {
        "type": "Point",
        "coordinates": [
          -0.1231352,
          51.5026674
        ]
      },
      "properties": {
        "timestamp": "2023-01-27T17:23:16Z"
      }
    },
    {
      "type": "Feature",
      "geometry": {
        "type": "Point",
        "coordinates": [
          -0.1231352,
          51.5026687
        ]
      },
      "properties": {
        "timestamp": "2023-01-27T17:23:20Z"
      }
    },
    {
      "type": "Feature",
      "geometry": {
        "type": "Point",
        "coordinates": [
          -0.1231354,
          51.5026689
        ]
      },
      "properties": {
        "timestamp": "2023-01-27T17:23:21Z"
      }
    },
    {
      "type": "Feature",
      "geometry": {
        "type": "Point",
        "coordinates": [
          -0.1231369,
          51.5026703
        ]
      },
      "properties": {
        "timestamp": "2023-01-27T17:23:26Z"
      }
    },
    {
      "type": "Feature",
      "geometry": {
        "type": "Point",
        "coordinates": [
          -0.1231366,
          51.5026709
        ]
      },
      "properties": {
        "timestamp": "2023-01-27T17:23:28Z"
      }
    },
    {
      "type": "Feature",
      "geometry": {
        "type": "Point",
        "coordinates": [
          -0.1231362,
          51.502676
        ]
      },
      "properties": {
        "timestamp": "2023-01-27T17:23:46Z"
      }
    },
    {
      "type": "Feature",
      "geometry": {
        "type": "Point",
        "coordinates": [
          -0.1231389,
          51.5026791
        ]
      },
      "properties": {
        "timestamp": "2023-01-27T17:24:03Z"
      }
    },
    {
      "type": "Feature",
      "geometry": {
        "type": "Point",
        "coordinates": [
          -0.123144,
          51.5026815
        ]
      },
      "properties": {
        "timestamp": "2023-01-27T17:24:34Z"
      }
    },
    {
      "type": "Feature",
      "geometry": {
        "type": "Point",
        "coordinates": [
          -0.1231459,
          51.5026832
        ]
      },
      "properties": {
        "timestamp": "2023-01-27T17:24:45Z"
      }
    },
    {
      "type": "Feature",
      "geometry": {
        "type": "Point",
        "coordinates": [
          -0.1231474,
          51.5026846
        ]
      },
      "properties": {
        "timestamp": "2023-01-27T17:24:58Z"
      }
    },
    {
      "type": "Feature",
      "geometry": {
        "type": "Point",
        "coordinates": [
          -0.1231487,
          51.502686
        ]
      },
      "properties": {
        "timestamp": "2023-01-27T17:25:06Z"
      }
    },
    {
      "type": "Feature",
      "geometry": {
        "type": "Point",
        "coordinates": [
          -0.1231488,
          51.502686
        ]
      },
      "properties": {
        "timestamp": "2023-01-27T17:25:08Z"
      }
    },
    {
      "type": "Feature",
      "geometry": {
        "type": "Point",
        "coordinates": [
          -0.1231488,
          51.502686
        ]
      },
      "properties": {
        "timestamp": "2023-01-27T17:25:12Z"
      }
    },
    {
      "type": "Feature",
      "geometry": {
        "type": "Point",
        "coordinates": [
          -0.1231503,
          51.5026875
        ]
      },
      "properties": {
        "timestamp": "2023-01-27T17:25:21Z"
      }
    },
    {
      "type": "Feature",
      "geometry": {
        "type": "Point",
        "coordinates": [
          -0.1231556,
          51.5026934
        ]
      },
      "properties": {
        "timestamp": "2023-01-27T17:26:06Z"
      }
    },
    {
      "type": "Feature",
      "geometry": {
        "type": "Point",
        "coordinates": [
          -0.1231557,
          51.5026939
        ]
      },
      "properties": {
        "timestamp": "2023-01-27T17:26:08Z"
      }
    },
    {
      "type": "Feature",
      "geometry": {
        "type": "Point",
        "coordinates": [
          -0.1231562,
          51.5026954
        ]
      },
      "properties": {
        "timestamp": "2023-01-27T17:26:22Z"
      }
    },
    {
      "type": "Feature",
      "geometry": {
        "type": "Point",
        "coordinates": [
          -0.1231566,
          51.5026964
        ]
      },
      "properties": {
        "timestamp": "2023-01-27T17:26:26Z"
      }
    },
    {
      "type": "Feature",
      "geometry": {
        "type": "Point",
        "coordinates": [
          -0.1231566,
          51.5026964
        ]
      },
      "properties": {
        "timestamp": "2023-01-27T17:26:27Z"
      }
    },
    {
      "type": "Feature",
      "geometry": {
        "type": "Point",
        "coordinates": [
          -0.1231563,
          51.5026972
        ]
      },
      "properties": {
        "timestamp": "2023-01-27T17:26:36Z"
      }
    },
    {
      "type": "Feature",
      "geometry": {
        "type": "Point",
        "coordinates": [
          -0.1231565,
          51.5026975
        ]
      },
      "properties": {
        "timestamp": "2023-01-27T17:26:37Z"
      }
    },
    {
      "type": "Feature",
      "geometry": {
        "type": "Point",
        "coordinates": [
          -0.1231575,
          51.5026993
        ]
      },
      "properties": {
        "timestamp": "2023-01-27T17:26:48Z"
      }
    },
    {
      "type": "Feature",
      "geometry": {
        "type": "Point",
        "coordinates": [
          -0.1231592,
          51.5027008
        ]
      },
      "properties": {
        "timestamp": "2023-01-27T17:27:02Z"
      }
    },
    {
      "type": "Feature",
      "geometry": {
        "type": "Point",
        "coordinates": [
          -0.1231594,
          51.502701
        ]
      },
      "properties": {
        "timestamp": "2023-01-27T17:27:04Z"
      }
    },
    {
      "type": "Feature",
      "geometry": {
        "type": "Point",
        "coordinates": [
          -0.1231597,
          51.5027012
        ]
      },
      "properties": {
        "timestamp": "2023-01-27T17:27:06Z"
      }
    },
    {
      "type": "Feature",
      "geometry": {
        "type": "Point",
        "coordinates": [
          -0.1231108,
          51.5027449
        ]
      },
      "properties": {
        "timestamp": "2023-01-27T17:27:47Z"
      }
    },
    {
      "type": "Feature",
      "geometry": {
        "type": "Point",
        "coordinates": [
          -0.1230763,
          51.5027696
        ]
      },
      "properties": {
        "timestamp": "2023-01-27T17:27:52Z"
      }
    },
    {
      "type": "Feature",
      "geometry": {
        "type": "Point",
        "coordinates": [
          -0.1230891,
          51.5027773
        ]
      },
      "properties": {
        "timestamp": "2023-01-27T17:28:00Z"
      }
    },
    {
      "type": "Feature",
      "geometry": {
        "type": "Point",
        "coordinates": [
          -0.1230658,
          51.5027773
        ]
      },
      "properties": {
        "timestamp": "2023-01-27T17:28:04Z"
      }
    },
    {
      "type": "Feature",
      "geometry": {
        "type": "Point",
        "coordinates": [
          -0.123066,
          51.5027764
        ]
      },
      "properties": {
        "timestamp": "2023-01-27T17:28:05Z"
      }
    },
    {
      "type": "Feature",
      "geometry": {
        "type": "Point",
        "coordinates": [
          -0.1230743,
          51.5027748
        ]
      },
      "properties": {
        "timestamp": "2023-01-27T17:28:08Z"
      }
    },
    {
      "type": "Feature",
      "geometry": {
        "type": "Point",
        "coordinates": [
          -0.1230756,
          51.5027781
        ]
      },
      "properties": {
        "timestamp": "2023-01-27T17:28:12Z"
      }
    },
    {
      "type": "Feature",
      "geometry": {
        "type": "Point",
        "coordinates": [
          -0.1230801,
          51.5027822
        ]
      },
      "properties": {
        "timestamp": "2023-01-27T17:28:15Z"
      }
    },
    {
      "type": "Feature",
      "geometry": {
        "type": "Point",
        "coordinates": [
          -0.1230796,
          51.5027867
        ]
      },
      "properties": {
        "timestamp": "2023-01-27T17:28:18Z"
      }
    },
    {
      "type": "Feature",
      "geometry": {
        "type": "Point",
        "coordinates": [
          -0.1230755,
          51.5027803
        ]
      },
      "properties": {
        "timestamp": "2023-01-27T17:28:21Z"
      }
    },
    {
      "type": "Feature",
      "geometry": {
        "type": "Point",
        "coordinates": [
          -0.1230696,
          51.5027703
        ]
      },
      "properties": {
        "timestamp": "2023-01-27T17:28:22Z"
      }
    },
    {
      "type": "Feature",
      "geometry": {
        "type": "Point",
        "coordinates": [
          -0.1230665,
          51.5027657
        ]
      },
      "properties": {
        "timestamp": "2023-01-27T17:28:23Z"
      }
    },
    {
      "type": "Feature",
      "geometry": {
        "type": "Point",
        "coordinates": [
          -0.1230664,
          51.5027631
        ]
      },
      "properties": {
        "timestamp": "2023-01-27T17:28:26Z"
      }
    },
    {
      "type": "Feature",
      "geometry": {
        "type": "Point",
        "coordinates": [
          -0.123072,
          51.5027623
        ]
      },
      "properties": {
        "timestamp": "2023-01-27T17:28:31Z"
      }
    },
    {
      "type": "Feature",
      "geometry": {
        "type": "Point",
        "coordinates": [
          -0.123072,
          51.5027623
        ]
      },
      "properties": {
        "timestamp": "2023-01-27T17:28:35Z"
      }
    },
    {
      "type": "Feature",
      "geometry": {
        "type": "Point",
        "coordinates": [
          -0.123072,
          51.5027623
        ]
      },
      "properties": {
        "timestamp": "2023-01-27T17:28:38Z"
      }
    },
    {
      "type": "Feature",
      "geometry": {
        "type": "Point",
        "coordinates": [
          -0.1230711,
          51.5027646
        ]
      },
      "properties": {
        "timestamp": "2023-01-27T17:28:47Z"
      }
    },
    {
      "type": "Feature",
      "geometry": {
        "type": "Point",
        "coordinates": [
          -0.1230727,
          51.5027772
        ]
      },
      "properties": {
        "timestamp": "2023-01-27T17:29:14Z"
      }
    },
    {
      "type": "Feature",
      "geometry": {
        "type": "Point",
        "coordinates": [
          -0.1230724,
          51.5027772
        ]
      },
      "properties": {
        "timestamp": "2023-01-27T17:29:15Z"
      }
    },
    {
      "type": "Feature",
      "geometry": {
        "type": "Point",
        "coordinates": [
          -0.1230723,
          51.5027783
        ]
      },
      "properties": {
        "timestamp": "2023-01-27T17:29:23Z"
      }
    },
    {
      "type": "Feature",
      "geometry": {
        "type": "Point",
        "coordinates": [
          -0.1230697,
          51.5027815
        ]
      },
      "properties": {
        "timestamp": "2023-01-27T17:29:27Z"
      }
    },
    {
      "type": "Feature",
      "geometry": {
        "type": "Point",
        "coordinates": [
          -0.1230566,
          51.5028289
        ]
      },
      "properties": {
        "timestamp": "2023-01-27T17:29:53Z"
      }
    },
    {
      "type": "Feature",
      "geometry": {
        "type": "Point",
        "coordinates": [
          -0.1230564,
          51.5028308
        ]
      },
      "properties": {
        "timestamp": "2023-01-27T17:29:54Z"
      }
    },
    {
      "type": "Feature",
      "geometry": {
        "type": "Point",
        "coordinates": [
          -0.1230562,
          51.5028319
        ]
      },
      "properties": {
        "timestamp": "2023-01-27T17:29:55Z"
      }
    },
    {
      "type": "Feature",
      "geometry": {
        "type": "Point",
        "coordinates": [
          -0.123056,
          51.5028327
        ]
      },
      "properties": {
        "timestamp": "2023-01-27T17:29:56Z"
      }
    },
    {
      "type": "Feature",
      "geometry": {
        "type": "Point",
        "coordinates": [
          -0.1230556,
          51.5028338
        ]
      },
      "properties": {
        "timestamp": "2023-01-27T17:29:57Z"
      }
    },
    {
      "type": "Feature",
      "geometry": {
        "type": "Point",
        "coordinates": [
          -0.1230554,
          51.502838
        ]
      },
      "properties": {
        "timestamp": "2023-01-27T17:30:00Z"
      }
    },
    {
      "type": "Feature",
      "geometry": {
        "type": "Point",
        "coordinates": [
          -0.1230554,
          51.5028582
        ]
      },
      "properties": {
        "timestamp": "2023-01-27T17:30:03Z"
      }
    },
    {
      "type": "Feature",
      "geometry": {
        "type": "Point",
        "coordinates": [
          -0.1230552,
          51.5028868
        ]
      },
      "properties": {
        "timestamp": "2023-01-27T17:30:08Z"
      }
    },
    {
      "type": "Feature",
      "geometry": {
        "type": "Point",
        "coordinates": [
          -0.1230546,
          51.5028952
        ]
      },
      "properties": {
        "timestamp": "2023-01-27T17:30:10Z"
      }
    },
    {
      "type": "Feature",
      "geometry": {
        "type": "Point",
        "coordinates": [
          -0.1230543,
          51.5029018
        ]
      },
      "properties": {
        "timestamp": "2023-01-27T17:30:11Z"
      }
    },
    {
      "type": "Feature",
      "geometry": {
        "type": "Point",
        "coordinates": [
          -0.1230535,
          51.5029065
        ]
      },
      "properties": {
        "timestamp": "2023-01-27T17:30:12Z"
      }
    },
    {
      "type": "Feature",
      "geometry": {
        "type": "Point",
        "coordinates": [
          -0.1230517,
          51.5029108
        ]
      },
      "properties": {
        "timestamp": "2023-01-27T17:30:15Z"
      }
    },
    {
      "type": "Feature",
      "geometry": {
        "type": "Point",
        "coordinates": [
          -0.1230285,
          51.5029114
        ]
      },
      "properties": {
        "timestamp": "2023-01-27T17:30:22Z"
      }
    },
    {
      "type": "Feature",
      "geometry": {
        "type": "Point",
        "coordinates": [
          -0.1230193,
          51.5029115
        ]
      },
      "properties": {
        "timestamp": "2023-01-27T17:30:26Z"
      }
    },
    {
      "type": "Feature",
      "geometry": {
        "type": "Point",
        "coordinates": [
          -0.123011,
          51.5029094
        ]
      },
      "properties": {
        "timestamp": "2023-01-27T17:30:30Z"
      }
    },
    {
      "type": "Feature",
      "geometry": {
        "type": "Point",
        "coordinates": [
          -0.1230074,
          51.5029086
        ]
      },
      "properties": {
        "timestamp": "2023-01-27T17:30:32Z"
      }
    },
    {
      "type": "Feature",
      "geometry": {
        "type": "Point",
        "coordinates": [
          -0.1230057,
          51.5028998
        ]
      },
      "properties": {
        "timestamp": "2023-01-27T17:30:37Z"
      }
    },
    {
      "type": "Feature",
      "geometry": {
        "type": "Point",
        "coordinates": [
          -0.1230055,
          51.5028872
        ]
      },
      "properties": {
        "timestamp": "2023-01-27T17:30:41Z"
      }
    },
    {
      "type": "Feature",
      "geometry": {
        "type": "Point",
        "coordinates": [
          -0.1230055,
          51.5028798
        ]
      },
      "properties": {
        "timestamp": "2023-01-27T17:30:44Z"
      }
    },
    {
      "type": "Feature",
      "geometry": {
        "type": "Point",
        "coordinates": [
          -0.1229915,
          51.5028842
        ]
      },
      "properties": {
        "timestamp": "2023-01-27T17:30:51Z"
      }
    },
    {
      "type": "Feature",
      "geometry": {
        "type": "Point",
        "coordinates": [
          -0.1229857,
          51.5029009
        ]
      },
      "properties": {
        "timestamp": "2023-01-27T17:30:52Z"
      }
    },
    {
      "type": "Feature",
      "geometry": {
        "type": "Point",
        "coordinates": [
          -0.1229551,
          51.5029505
        ]
      },
      "properties": {
        "timestamp": "2023-01-27T17:30:55Z"
      }
    },
    {
      "type": "Feature",
      "geometry": {
        "type": "Point",
        "coordinates": [
          -0.1229347,
          51.5029772
        ]
      },
      "properties": {
        "timestamp": "2023-01-27T17:30:57Z"
      }
    },
    {
      "type": "Feature",
      "geometry": {
        "type": "Point",
        "coordinates": [
          -0.1229122,
          51.5029913
        ]
      },
      "properties": {
        "timestamp": "2023-01-27T17:30:58Z"
      }
    },
    {
      "type": "Feature",
      "geometry": {
        "type": "Point",
        "coordinates": [
          -0.122633,
          51.5031102
        ]
      },
      "properties": {
        "timestamp": "2023-01-27T17:31:05Z"
      }
    },
    {
      "type": "Feature",
      "geometry": {
        "type": "Point",
        "coordinates": [
          -0.1222957,
          51.5031513
        ]
      },
      "properties": {
        "timestamp": "2023-01-27T17:31:10Z"
      }
    },
    {
      "type": "Feature",
      "geometry": {
        "type": "Point",
        "coordinates": [
          -0.1222258,
          51.5031549
        ]
      },
      "properties": {
        "timestamp": "2023-01-27T17:31:11Z"
      }
    },
    {
      "type": "Feature",
      "geometry": {
        "type": "Point",
        "coordinates": [
          -0.1219458,
          51.5031678
        ]
      },
      "properties": {
        "timestamp": "2023-01-27T17:31:15Z"
      }
    },
    {
      "type": "Feature",
      "geometry": {
        "type": "Point",
        "coordinates": [
          -0.1217009,
          51.5031686
        ]
      },
      "properties": {
        "timestamp": "2023-01-27T17:31:19Z"
      }
    },
    {
      "type": "Feature",
      "geometry": {
        "type": "Point",
        "coordinates": [
          -0.1215307,
          51.5031659
        ]
      },
      "properties": {
        "timestamp": "2023-01-27T17:31:22Z"
      }
    },
    {
      "type": "Feature",
      "geometry": {
        "type": "Point",
        "coordinates": [
          -0.1213688,
          51.5031615
        ]
      },
      "properties": {
        "timestamp": "2023-01-27T17:31:25Z"
      }
    },
    {
      "type": "Feature",
      "geometry": {
        "type": "Point",
        "coordinates": [
          -0.1211679,
          51.5032055
        ]
      },
      "properties": {
        "timestamp": "2023-01-27T17:31:30Z"
      }
    },
    {
      "type": "Feature",
      "geometry": {
        "type": "Point",
        "coordinates": [
          -0.1211333,
          51.5032081
        ]
      },
      "properties": {
        "timestamp": "2023-01-27T17:31:31Z"
      }
    },
    {
      "type": "Feature",
      "geometry": {
        "type": "Point",
        "coordinates": [
          -0.1209391,
          51.5032175
        ]
      },
      "properties": {
        "timestamp": "2023-01-27T17:31:38Z"
      }
    },
    {
      "type": "Feature",
      "geometry": {
        "type": "Point",
        "coordinates": [
          -0.1208824,
          51.5032261
        ]
      },
      "properties": {
        "timestamp": "2023-01-27T17:31:40Z"
      }
    }
  ]
}