{
  "type": "FeatureCollection",
  "features": [
    {
      "type": "Feature",
      "geometry": {
        "type": "Point",
        "coordinates": [
          -0.115029,
          51.510777
        ]
      },
      "properties": {
        "timestamp": "2025-08-14T19:20:39Z"
      }
    },
    {
      "type": "Feature",
      "geometry": {
        "type": "Point",
        "coordinates": [
          -0.115067,
          51.510772
        ]
      },
      "properties": {
        "timestamp": "2025-08-14T19:20:40Z"
      }
    },
    {
      "type": "Feature",
      "geometry": {
        "type": "Point",
        "coordinates": [
          -0.115105,
          51.510766
        ]
      },
      "properties": {
        "timestamp": "2025-08-14T19:20:41Z"
      }
    },
    {
      "type": "Feature",
      "geometry": {
        "type": "Point",
        "coordinates": [
          -0.115143,
          51.510761
        ]
      },
      "properties": {
        "timestamp": "2025-08-14T19:20:42Z"
      }
    },
    {
      "type": "Feature",
      "geometry": {
        "type": "Point",
        "coordinates": [
          -0.115179,
          51.510754
        ]
      },
      "properties": {
        "timestamp": "2025-08-14T19:20:43Z"
      }
    },
    {
      "type": "Feature",
      "geometry": {
        "type": "Point",
        "coordinates": [
          -0.115215,
          51.510745
        ]
      },
      "properties": {
        "timestamp": "2025-08-14T19:20:44Z"
      }
    },
    {
      "type": "Feature",
      "geometry": {
        "type": "Point",
        "coordinates": [
          -0.115251,
          51.510736
        ]
      },
      "properties": {
        "timestamp": "2025-08-14T19:20:45Z"
      }
    },
    {
      "type": "Feature",
      "geometry": {
        "type": "Point",
        "coordinates": [
          -0.115288,
          51.510728
        ]
      },
      "properties": {
        "timestamp": "2025-08-14T19:20:46Z"
      }
    },
    {
      "type": "Feature",
      "geometry": {
        "type": "Point",
        "coordinates": [
          -0.115328,
          51.510721
        ]
      },
      "properties": {
        "timestamp": "2025-08-14T19:20:47Z"
      }
    },
    {
      "type": "Feature",
      "geometry": {
        "type": "Point",
        "coordinates": [
          -0.115369,
          51.510716
        ]
      },
      "properties": {
        "timestamp": "2025-08-14T19:20:48Z"
      }
    },
    {
      "type": "Feature",
      "geometry": {
        "type": "Point",
        "coordinates": [
          -0.115411,
          51.510714
        ]
      },
      "properties": {
        "timestamp": "2025-08-14T19:20:49Z"
      }
    },
    {
      "type": "Feature",
      "geometry": {
        "type": "Point",
        "coordinates": [
          -0.115452,
          51.510712
        ]
      },
      "properties": {
        "timestamp": "2025-08-14T19:20:50Z"
      }
    },
    {
      "type": "Feature",
      "geometry": {
        "type": "Point",
        "coordinates": [
          -0.115491,
          51.510711
        ]
      },
      "properties": {
        "timestamp": "2025-08-14T19:20:51Z"
      }
    },
    {
      "type": "Feature",
      "geometry": {
        "type": "Point",
        "coordinates": [
          -0.115529,
          51.510711
        ]
      },
      "properties": {
        "timestamp": "2025-08-14T19:20:52Z"
      }
    },
    {
      "type": "Feature",
      "geometry": {
        "type": "Point",
        "coordinates": [
          -0.115567,
          51.51071
        ]
      },
      "properties": {
        "timestamp": "2025-08-14T19:20:53Z"
      }
    },
    {
      "type": "Feature",
      "geometry": {
        "type": "Point",
        "coordinates": [
          -0.115606,
          51.510709
        ]
      },
      "properties": {
        "timestamp": "2025-08-14T19:20:54Z"
      }
    },
    {
      "type": "Feature",
      "geometry": {
        "type": "Point",
        "coordinates": [
          -0.115644,
          51.510706
        ]
      },
      "properties": {
        "timestamp": "2025-08-14T19:20:55Z"
      }
    },
    {
      "type": "Feature",
      "geometry": {
        "type": "Point",
        "coordinates": [
          -0.115683,
          51.510702
        ]
      },
      "properties": {
        "timestamp": "2025-08-14T19:20:56Z"
      }
    },
    {
      "type": "Feature",
      "geometry": {
        "type": "Point",
        "coordinates": [
          -0.11572,
          51.510695
        ]
      },
      "properties": {
        "timestamp": "2025-08-14T19:20:57Z"
      }
    },
    {
      "type": "Feature",
      "geometry": {
        "type": "Point",
        "coordinates": [
          -0.115757,
          51.510686
        ]
      },
      "properties": {
        "timestamp": "2025-08-14T19:20:58Z"
      }
    },
    {
      "type": "Feature",
      "geometry": {
        "type": "Point",
        "coordinates": [
          -0.115794,
          51.510676
        ]
      },
      "properties": {
        "timestamp": "2025-08-14T19:20:59Z"
      }
    },
    {
      "type": "Feature",
      "geometry": {
        "type": "Point",
        "coordinates": [
          -0.115832,
          51.510665
        ]
      },
      "properties": {
        "timestamp": "2025-08-14T19:21:00Z"
      }
    },
    {
      "type": "Feature",
      "geometry": {
        "type": "Point",
        "coordinates": [
          -0.115871,
          51.510656
        ]
      },
      "properties": {
        "timestamp": "2025-08-14T19:21:01Z"
      }
    },
    {
      "type": "Feature",
      "geometry": {
        "type": "Point",
        "coordinates": [
          -0.115909,
          51.510646
        ]
      },
      "properties": {
        "timestamp": "2025-08-14T19:21:02Z"
      }
    },
    {
      "type": "Feature",
      "geometry": {
        "type": "Point",
        "coordinates": [
          -0.115946,
          51.510636
        ]
      },
      "properties": {
        "timestamp": "2025-08-14T19:21:03Z"
      }
    },
    {
      "type": "Feature",
      "geometry": {
        "type": "Point",
        "coordinates": [
          -0.115982,
          51.510625
        ]
      },
      "properties": {
        "timestamp": "2025-08-14T19:21:04Z"
      }
    },
    {
      "type": "Feature",
      "geometry": {
        "type": "Point",
        "coordinates": [
          -0.116018,
          51.510615
        ]
      },
      "properties": {
        "timestamp": "2025-08-14T19:21:05Z"
      }
    },
    {
      "type": "Feature",
      "geometry": {
        "type": "Point",
        "coordinates": [
          -0.116055,
          51.510605
        ]
      },
      "properties": {
        "timestamp": "2025-08-14T19:21:06Z"
      }
    },
    {
      "type": "Feature",
      "geometry": {
        "type": "Point",
        "coordinates": [
          -0.116092,
          51.510596
        ]
      },
      "properties": {
        "timestamp": "2025-08-14T19:21:07Z"
      }
    },
    {
      "type": "Feature",
      "geometry": {
        "type": "Point",
        "coordinates": [
          -0.116129,
          51.510587
        ]
      },
      "properties": {
        "timestamp": "2025-08-14T19:21:08Z"
      }
    },
    {
      "type": "Feature",
      "geometry": {
        "type": "Point",
        "coordinates": [
          -0.116166,
          51.510578
        ]
      },
      "properties": {
        "timestamp": "2025-08-14T19:21:09Z"
      }
    },
    {
      "type": "Feature",
      "geometry": {
        "type": "Point",
        "coordinates": [
          -0.116203,
          51.510567
        ]
      },
      "properties": {
        "timestamp": "2025-08-14T19:21:10Z"
      }
    },
    {
      "type": "Feature",
      "geometry": {
        "type": "Point",
        "coordinates": [
          -0.11624,
          51.510557
        ]
      },
      "properties": {
        "timestamp": "2025-08-14T19:21:11Z"
      }
    },
    {
      "type": "Feature",
      "geometry": {
        "type": "Point",
        "coordinates": [
          -0.116278,
          51.510547
        ]
      },
      "properties": {
        "timestamp": "2025-08-14T19:21:12Z"
      }
    },
    {
      "type": "Feature",
      "geometry": {
        "type": "Point",
        "coordinates": [
          -0.116317,
          51.510538
        ]
      },
      "properties": {
        "timestamp": "2025-08-14T19:21:13Z"
      }
    },
    {
      "type": "Feature",
      "geometry": {
        "type": "Point",
        "coordinates": [
          -0.116355,
          51.510529
        ]
      },
      "properties": {
        "timestamp": "2025-08-14T19:21:14Z"
      }
    },
    {
      "type": "Feature",
      "geometry": {
        "type": "Point",
        "coordinates": [
          -0.116393,
          51.51052
        ]
      },
      "properties": {
        "timestamp": "2025-08-14T19:21:15Z"
      }
    },
    {
      "type": "Feature",
      "geometry": {
        "type": "Point",
        "coordinates": [
          -0.11643,
          51.51051
        ]
      },
      "properties": {
        "timestamp": "2025-08-14T19:21:16Z"
      }
    },
    {
      "type": "Feature",
      "geometry": {
        "type": "Point",
        "coordinates": [
          -0.116466,
          51.5105
        ]
      },
      "properties": {
        "timestamp": "2025-08-14T19:21:17Z"
      }
    },
    {
      "type": "Feature",
      "geometry": {
        "type": "Point",
        "coordinates": [
          -0.116503,
          51.510491
        ]
      },
      "properties": {
        "timestamp": "2025-08-14T19:21:18Z"
      }
    },
    {
      "type": "Feature",
      "geometry": {
        "type": "Point",
        "coordinates": [
          -0.116539,
          51.510482
        ]
      },
      "properties": {
        "timestamp": "2025-08-14T19:21:19Z"
      }
    },
    {
      "type": "Feature",
      "geometry": {
        "type": "Point",
        "coordinates": [
          -0.116574,
          51.510473
        ]
      },
      "properties": {
        "timestamp": "2025-08-14T19:21:20Z"
      }
    },
    {
      "type": "Feature",
      "geometry": {
        "type": "Point",
        "coordinates": [
          -0.116611,
          51.510463
        ]
      },
      "properties": {
        "timestamp": "2025-08-14T19:21:21Z"
      }
    },
    {
      "type": "Feature",
      "geometry": {
        "type": "Point",
        "coordinates": [
          -0.116648,
          51.510452
        ]
      },
      "properties": {
        "timestamp": "2025-08-14T19:21:22Z"
      }
    },
    {
      "type": "Feature",
      "geometry": {
        "type": "Point",
        "coordinates": [
          -0.116686,
          51.510442
        ]
      },
      "properties": {
        "timestamp": "2025-08-14T19:21:23Z"
      }
    },
    {
      "type": "Feature",
      "geometry": {
        "type": "Point",
        "coordinates": [
          -0.116724,
          51.510433
        ]
      },
      "properties": {
        "timestamp": "2025-08-14T19:21:24Z"
      }
    },
    {
      "type": "Feature",
      "geometry": {
        "type": "Point",
        "coordinates": [
          -0.116763,
          51.510425
        ]
      },
      "properties": {
        "timestamp": "2025-08-14T19:21:25Z"
      }
    },
    {
      "type": "Feature",
      "geometry": {
        "type": "Point",
        "coordinates": [
          -0.116803,
          51.510417
        ]
      },
      "properties": {
        "timestamp": "2025-08-14T19:21:26Z"
      }
    },
    {
      "type": "Feature",
      "geometry": {
        "type": "Point",
        "coordinates": [
          -0.116842,
          51.51041
        ]
      },
      "properties": {
        "timestamp": "2025-08-14T19:21:27Z"
      }
    },
    {
      "type": "Feature",
      "geometry": {
        "type": "Point",
        "coordinates": [
          -0.116881,
          51.510402
        ]
      },
      "properties": {
        "timestamp": "2025-08-14T19:21:28Z"
      }
    },
    {
      "type": "Feature",
      "geometry": {
        "type": "Point",
        "coordinates": [
          -0.116918,
          51.510392
        ]
      },
      "properties": {
        "timestamp": "2025-08-14T19:21:29Z"
      }
    },
    {
      "type": "Feature",
      "geometry": {
        "type": "Point",
        "coordinates": [
          -0.116955,
          51.51038
        ]
      },
      "properties": {
        "timestamp": "2025-08-14T19:21:30Z"
      }
    },
    {
      "type": "Feature",
      "geometry": {
        "type": "Point",
        "coordinates": [
          -0.116991,
          51.510368
        ]
      },
      "properties": {
        "timestamp": "2025-08-14T19:21:31Z"
      }
    },
    {
      "type": "Feature",
      "geometry": {
        "type": "Point",
        "coordinates": [
          -0.117027,
          51.510356
        ]
      },
      "properties": {
        "timestamp": "2025-08-14T19:21:32Z"
      }
    },
    {
      "type": "Feature",
      "geometry": {
        "type": "Point",
        "coordinates": [
          -0.117063,
          51.510345
        ]
      },
      "properties": {
        "timestamp": "2025-08-14T19:21:33Z"
      }
    },
    {
      "type": "Feature",
      "geometry": {
        "type": "Point",
        "coordinates": [
          -0.117099,
          51.510334
        ]
      },
      "properties": {
        "timestamp": "2025-08-14T19:21:34Z"
      }
    },
    {
      "type": "Feature",
      "geometry": {
        "type": "Point",
        "coordinates": [
          -0.117135,
          51.510322
        ]
      },
      "properties": {
        "timestamp": "2025-08-14T19:21:35Z"
      }
    },
    {
      "type": "Feature",
      "geometry": {
        "type": "Point",
        "coordinates": [
          -0.11717,
          51.510312
        ]
      },
      "properties": {
        "timestamp": "2025-08-14T19:21:36Z"
      }
    },
    {
      "type": "Feature",
      "geometry": {
        "type": "Point",
        "coordinates": [
          -0.117204,
          51.510302
        ]
      },
      "properties": {
        "timestamp": "2025-08-14T19:21:37Z"
      }
    },
    {
      "type": "Feature",
      "geometry": {
        "type": "Point",
        "coordinates": [
          -0.117239,
          51.510291
        ]
      },
      "properties": {
        "timestamp": "2025-08-14T19:21:38Z"
      }
    },
    {
      "type": "Feature",
      "geometry": {
        "type": "Point",
        "coordinates": [
          -0.117273,
          51.51028
        ]
      },
      "properties": {
        "timestamp": "2025-08-14T19:21:39Z"
      }
    },
    {
      "type": "Feature",
      "geometry": {
        "type": "Point",
        "coordinates": [
          -0.117309,
          51.510268
        ]
      },
      "properties": {
        "timestamp": "2025-08-14T19:21:40Z"
      }
    },
    {
      "type": "Feature",
      "geometry": {
        "type": "Point",
        "coordinates": [
          -0.117346,
          51.510255
        ]
      },
      "properties": {
        "timestamp": "2025-08-14T19:21:41Z"
      }
    },
    {
      "type": "Feature",
      "geometry": {
        "type": "Point",
        "coordinates": [
          -0.117384,
          51.510243
        ]
      },
      "properties": {
        "timestamp": "2025-08-14T19:21:42Z"
      }
    },
    {
      "type": "Feature",
      "geometry": {
        "type": "Point",
        "coordinates": [
          -0.117423,
          51.510232
        ]
      },
      "properties": {
        "timestamp": "2025-08-14T19:21:43Z"
      }
    },
    {
      "type": "Feature",
      "geometry": {
        "type": "Point",
        "coordinates": [
          -0.117462,
          51.510221
        ]
      },
      "properties": {
        "timestamp": "2025-08-14T19:21:44Z"
      }
    },
    {
      "type": "Feature",
      "geometry": {
        "type": "Point",
        "coordinates": [
          -0.117502,
          51.510212
        ]
      },
      "properties": {
        "timestamp": "2025-08-14T19:21:45Z"
      }
    },
    {
      "type": "Feature",
      "geometry": {
        "type": "Point",
        "coordinates": [
          -0.117541,
          51.510203
        ]
      },
      "properties": {
        "timestamp": "2025-08-14T19:21:46Z"
      }
    },
    {
      "type": "Feature",
      "geometry": {
        "type": "Point",
        "coordinates": [
          -0.11758,
          51.510194
        ]
      },
      "properties": {
        "timestamp": "2025-08-14T19:21:47Z"
      }
    },
    {
      "type": "Feature",
      "geometry": {
        "type": "Point",
        "coordinates": [
          -0.11762,
          51.510185
        ]
      },
      "properties": {
        "timestamp": "2025-08-14T19:21:48Z"
      }
    },
    {
      "type": "Feature",
      "geometry": {
        "type": "Point",
        "coordinates": [
          -0.117659,
          51.510174
        ]
      },
      "properties": {
        "timestamp": "2025-08-14T19:21:49Z"
      }
    },
    {
      "type": "Feature",
      "geometry": {
        "type": "Point",
        "coordinates": [
          -0.117699,
          51.510162
        ]
      },
      "properties": {
        "timestamp": "2025-08-14T19:21:50Z"
      }
    },
    {
      "type": "Feature",
      "geometry": {
        "type": "Point",
        "coordinates": [
          -0.117737,
          51.510148
        ]
      },
      "properties": {
        "timestamp": "2025-08-14T19:21:51Z"
      }
    },
    {
      "type": "Feature",
      "geometry": {
        "type": "Point",
        "coordinates": [
          -0.117774,
          51.510133
        ]
      },
      "properties": {
        "timestamp": "2025-08-14T19:21:52Z"
      }
    },
    {
      "type": "Feature",
      "geometry": {
        "type": "Point",
        "coordinates": [
          -0.117811,
          51.510119
        ]
      },
      "properties": {
        "timestamp": "2025-08-14T19:21:53Z"
      }
    },
    {
      "type": "Feature",
      "geometry": {
        "type": "Point",
        "coordinates": [
          -0.117848,
          51.510105
        ]
      },
      "properties": {
        "timestamp": "2025-08-14T19:21:54Z"
      }
    },
    {
      "type": "Feature",
      "geometry": {
        "type": "Point",
        "coordinates": [
          -0.117883,
          51.510091
        ]
      },
      "properties": {
        "timestamp": "2025-08-14T19:21:55Z"
      }
    },
    {
      "type": "Feature",
      "geometry": {
        "type": "Point",
        "coordinates": [
          -0.117918,
          51.510078
        ]
      },
      "properties": {
        "timestamp": "2025-08-14T19:21:56Z"
      }
    },
    {
      "type": "Feature",
      "geometry": {
        "type": "Point",
        "coordinates": [
          -0.117952,
          51.510066
        ]
      },
      "properties": {
        "timestamp": "2025-08-14T19:21:57Z"
      }
    },
    {
      "type": "Feature",
      "geometry": {
        "type": "Point",
        "coordinates": [
          -0.117986,
          51.510054
        ]
      },
      "properties": {
        "timestamp": "2025-08-14T19:21:58Z"
      }
    },
    {
      "type": "Feature",
      "geometry": {
        "type": "Point",
        "coordinates": [
          -0.11802,
          51.510044
        ]
      },
      "properties": {
        "timestamp": "2025-08-14T19:21:59Z"
      }
    },
    {
      "type": "Feature",
      "geometry": {
        "type": "Point",
        "coordinates": [
          -0.118054,
          51.510036
        ]
      },
      "properties": {
        "timestamp": "2025-08-14T19:22:00Z"
      }
    },
    {
      "type": "Feature",
      "geometry": {
        "type": "Point",
        "coordinates": [
          -0.11809,
          51.510027
        ]
      },
      "properties": {
        "timestamp": "2025-08-14T19:22:01Z"
      }
    },
    {
      "type": "Feature",
      "geometry": {
        "type": "Point",
        "coordinates": [
          -0.118127,
          51.510018
        ]
      },
      "properties": {
        "timestamp": "2025-08-14T19:22:02Z"
      }
    },
    {
      "type": "Feature",
      "geometry": {
        "type": "Point",
        "coordinates": [
          -0.118166,
          51.510009
        ]
      },
      "properties": {
        "timestamp": "2025-08-14T19:22:03Z"
      }
    },
    {
      "type": "Feature",
      "geometry": {
        "type": "Point",
        "coordinates": [
          -0.118204,
          51.509999
        ]
      },
      "properties": {
        "timestamp": "2025-08-14T19:22:04Z"
      }
    },
    {
      "type": "Feature",
      "geometry": {
        "type": "Point",
        "coordinates": [
          -0.118241,
          51.509987
        ]
      },
      "properties": {
        "timestamp": "2025-08-14T19:22:05Z"
      }
    },
    {
      "type": "Feature",
      "geometry": {
        "type": "Point",
        "coordinates": [
          -0.118277,
          51.509975
        ]
      },
      "properties": {
        "timestamp": "2025-08-14T19:22:06Z"
      }
    },
    {
      "type": "Feature",
      "geometry": {
        "type": "Point",
        "coordinates": [
          -0.118313,
          51.509961
        ]
      },
      "properties": {
        "timestamp": "2025-08-14T19:22:07Z"
      }
    },
    {
      "type": "Feature",
      "geometry": {
        "type": "Point",
        "coordinates": [
          -0.11835,
          51.509945
        ]
      },
      "properties": {
        "timestamp": "2025-08-14T19:22:08Z"
      }
    },
    {
      "type": "Feature",
      "geometry": {
        "type": "Point",
        "coordinates": [
          -0.118388,
          51.509928
        ]
      },
      "properties": {
        "timestamp": "2025-08-14T19:22:09Z"
      }
    },
    {
      "type": "Feature",
      "geometry": {
        "type": "Point",
        "coordinates": [
          -0.118428,
          51.50991
        ]
      },
      "properties": {
        "timestamp": "2025-08-14T19:22:10Z"
      }
    },
    {
      "type": "Feature",
      "geometry": {
        "type": "Point",
        "coordinates": [
          -0.118469,
          51.509893
        ]
      },
      "properties": {
        "timestamp": "2025-08-14T19:22:11Z"
      }
    },
    {
      "type": "Feature",
      "geometry": {
        "type": "Point",
        "coordinates": [
          -0.118509,
          51.509878
        ]
      },
      "properties": {
        "timestamp": "2025-08-14T19:22:12Z"
      }
    },
    {
      "type": "Feature",
      "geometry": {
        "type": "Point",
        "coordinates": [
          -0.118548,
          51.509864
        ]
      },
      "properties": {
        "timestamp": "2025-08-14T19:22:13Z"
      }
    },
    {
      "type": "Feature",
      "geometry": {
        "type": "Point",
        "coordinates": [
          -0.118585,
          51.509849
        ]
      },
      "properties": {
        "timestamp": "2025-08-14T19:22:14Z"
      }
    },
    {
      "type": "Feature",
      "geometry": {
        "type": "Point",
        "coordinates": [
          -0.118619,
          51.509832
        ]
      },
      "properties": {
        "timestamp": "2025-08-14T19:22:15Z"
      }
    },
    {
      "type": "Feature",
      "geometry": {
        "type": "Point",
        "coordinates": [
          -0.118651,
          51.509813
        ]
      },
      "properties": {
        "timestamp": "2025-08-14T19:22:16Z"
      }
    },
    {
      "type": "Feature",
      "geometry": {
        "type": "Point",
        "coordinates": [
          -0.118683,
          51.509793
        ]
      },
      "properties": {
        "timestamp": "2025-08-14T19:22:17Z"
      }
    },
    {
      "type": "Feature",
      "geometry": {
        "type": "Point",
        "coordinates": [
          -0.118715,
          51.509773
        ]
      },
      "properties": {
        "timestamp": "2025-08-14T19:22:18Z"
      }
    },
    {
      "type": "Feature",
      "geometry": {
        "type": "Point",
        "coordinates": [
          -0.118747,
          51.509754
        ]
      },
      "properties": {
        "timestamp": "2025-08-14T19:22:19Z"
      }
    },
    {
      "type": "Feature",
      "geometry": {
        "type": "Point",
        "coordinates": [
          -0.11878,
          51.509736
        ]
      },
      "properties": {
        "timestamp": "2025-08-14T19:22:20Z"
      }
    },
    {
      "type": "Feature",
      "geometry": {
        "type": "Point",
        "coordinates": [
          -0.118814,
          51.509718
        ]
      },
      "properties": {
        "timestamp": "2025-08-14T19:22:21Z"
      }
    },
    {
      "type": "Feature",
      "geometry": {
        "type": "Point",
        "coordinates": [
          -0.118848,
          51.509701
        ]
      },
      "properties": {
        "timestamp": "2025-08-14T19:22:22Z"
      }
    },
    {
      "type": "Feature",
      "geometry": {
        "type": "Point",
        "coordinates": [
          -0.118883,
          51.509685
        ]
      },
      "properties": {
        "timestamp": "2025-08-14T19:22:23Z"
      }
    },
    {
      "type": "Feature",
      "geometry": {
        "type": "Point",
        "coordinates": [
          -0.118917,
          51.50967
        ]
      },
      "properties": {
        "timestamp": "2025-08-14T19:22:24Z"
      }
    },
    {
      "type": "Feature",
      "geometry": {
        "type": "Point",
        "coordinates": [
          -0.118952,
          51.509655
        ]
      },
      "properties": {
        "timestamp": "2025-08-14T19:22:25Z"
      }
    },
    {
      "type": "Feature",
      "geometry": {
        "type": "Point",
        "coordinates": [
          -0.118986,
          51.509639
        ]
      },
      "properties": {
        "timestamp": "2025-08-14T19:22:26Z"
      }
    },
    {
      "type": "Feature",
      "geometry": {
        "type": "Point",
        "coordinates": [
          -0.11902,
          51.509624
        ]
      },
      "properties": {
        "timestamp": "2025-08-14T19:22:27Z"
      }
    },
    {
      "type": "Feature",
      "geometry": {
        "type": "Point",
        "coordinates": [
          -0.119053,
          51.509609
        ]
      },
      "properties": {
        "timestamp": "2025-08-14T19:22:28Z"
      }
    },
    {
      "type": "Feature",
      "geometry": {
        "type": "Point",
        "coordinates": [
          -0.119085,
          51.509596
        ]
      },
      "properties": {
        "timestamp": "2025-08-14T19:22:29Z"
      }
    },
    {
      "type": "Feature",
      "geometry": {
        "type": "Point",
        "coordinates": [
          -0.119118,
          51.509582
        ]
      },
      "properties": {
        "timestamp": "2025-08-14T19:22:30Z"
      }
    },
    {
      "type": "Feature",
      "geometry": {
        "type": "Point",
        "coordinates": [
          -0.119151,
          51.509569
        ]
      },
      "properties": {
        "timestamp": "2025-08-14T19:22:31Z"
      }
    },
    {
      "type": "Feature",
      "geometry": {
        "type": "Point",
        "coordinates": [
          -0.119184,
          51.509556
        ]
      },
      "properties": {
        "timestamp": "2025-08-14T19:22:32Z"
      }
    },
    {
      "type": "Feature",
      "geometry": {
        "type": "Point",
        "coordinates": [
          -0.119216,
          51.509543
        ]
      },
      "properties": {
        "timestamp": "2025-08-14T19:22:33Z"
      }
    },
    {
      "type": "Feature",
      "geometry": {
        "type": "Point",
        "coordinates": [
          -0.119247,
          51.509531
        ]
      },
      "properties": {
        "timestamp": "2025-08-14T19:22:34Z"
      }
    },
    {
      "type": "Feature",
      "geometry": {
        "type": "Point",
        "coordinates": [
          -0.119279,
          51.509517
        ]
      },
      "properties": {
        "timestamp": "2025-08-14T19:22:35Z"
      }
    },
    {
      "type": "Feature",
      "geometry": {
        "type": "Point",
        "coordinates": [
          -0.119311,
          51.509504
        ]
      },
      "properties": {
        "timestamp": "2025-08-14T19:22:36Z"
      }
    },
    {
      "type": "Feature",
      "geometry": {
        "type": "Point",
        "coordinates": [
          -0.119341,
          51.509489
        ]
      },
      "properties": {
        "timestamp": "2025-08-14T19:22:37Z"
      }
    },
    {
      "type": "Feature",
      "geometry": {
        "type": "Point",
        "coordinates": [
          -0.11937,
          51.509474
        ]
      },
      "properties": {
        "timestamp": "2025-08-14T19:22:38Z"
      }
    },
    {
      "type": "Feature",
      "geometry": {
        "type": "Point",
        "coordinates": [
          -0.119397,
          51.509459
        ]
      },
      "properties": {
        "timestamp": "2025-08-14T19:22:39Z"
      }
    },
    {
      "type": "Feature",
      "geometry": {
        "type": "Point",
        "coordinates": [
          -0.119424,
          51.509444
        ]
      },
      "properties": {
        "timestamp": "2025-08-14T19:22:40Z"
      }
    },
    {
      "type": "Feature",
      "geometry": {
        "type": "Point",
        "coordinates": [
          -0.119451,
          51.50943
        ]
      },
      "properties": {
        "timestamp": "2025-08-14T19:22:41Z"
      }
    },
    {
      "type": "Feature",
      "geometry": {
        "type": "Point",
        "coordinates": [
          -0.11948,
          51.509416
        ]
      },
      "properties": {
        "timestamp": "2025-08-14T19:22:42Z"
      }
    },
    {
      "type": "Feature",
      "geometry": {
        "type": "Point",
        "coordinates": [
          -0.11951,
          51.509403
        ]
      },
      "properties": {
        "timestamp": "2025-08-14T19:22:43Z"
      }
    },
    {
      "type": "Feature",
      "geometry": {
        "type": "Point",
        "coordinates": [
          -0.119542,
          51.509391
        ]
      },
      "properties": {
        "timestamp": "2025-08-14T19:22:44Z"
      }
    },
    {
      "type": "Feature",
      "geometry": {
        "type": "Point",
        "coordinates": [
          -0.119574,
          51.509379
        ]
      },
      "properties": {
        "timestamp": "2025-08-14T19:22:45Z"
      }
    },
    {
      "type": "Feature",
      "geometry": {
        "type": "Point",
        "coordinates": [
          -0.119606,
          51.509365
        ]
      },
      "properties": {
        "timestamp": "2025-08-14T19:22:46Z"
      }
    },
    {
      "type": "Feature",
      "geometry": {
        "type": "Point",
        "coordinates": [
          -0.119637,
          51.509349
        ]
      },
      "properties": {
        "timestamp": "2025-08-14T19:22:47Z"
      }
    },
    {
      "type": "Feature",
      "geometry": {
        "type": "Point",
        "coordinates": [
          -0.119667,
          51.509332
        ]
      },
      "properties": {
        "timestamp": "2025-08-14T19:22:48Z"
      }
    },
    {
      "type": "Feature",
      "geometry": {
        "type": "Point",
        "coordinates": [
          -0.119697,
          51.509315
        ]
      },
      "properties": {
        "timestamp": "2025-08-14T19:22:49Z"
      }
    },
    {
      "type": "Feature",
      "geometry": {
        "type": "Point",
        "coordinates": [
          -0.119728,
          51.509299
        ]
      },
      "properties": {
        "timestamp": "2025-08-14T19:22:50Z"
      }
    },
    {
      "type": "Feature",
      "geometry": {
        "type": "Point",
        "coordinates": [
          -0.119759,
          51.509284
        ]
      },
      "properties": {
        "timestamp": "2025-08-14T19:22:51Z"
      }
    },
    {
      "type": "Feature",
      "geometry": {
        "type": "Point",
        "coordinates": [
          -0.11979,
          51.509268
        ]
      },
      "properties": {
        "timestamp": "2025-08-14T19:22:52Z"
      }
    },
    {
      "type": "Feature",
      "geometry": {
        "type": "Point",
        "coordinates": [
          -0.119819,
          51.509252
        ]
      },
      "properties": {
        "timestamp": "2025-08-14T19:22:53Z"
      }
    },
    {
      "type": "Feature",
      "geometry": {
        "type": "Point",
        "coordinates": [
          -0.119848,
          51.509235
        ]
      },
      "properties": {
        "timestamp": "2025-08-14T19:22:54Z"
      }
    },
    {
      "type": "Feature",
      "geometry": {
        "type": "Point",
        "coordinates": [
          -0.119876,
          51.509217
        ]
      },
      "properties": {
        "timestamp": "2025-08-14T19:22:55Z"
      }
    },
    {
      "type": "Feature",
      "geometry": {
        "type": "Point",
        "coordinates": [
          -0.119904,
          51.509199
        ]
      },
      "properties": {
        "timestamp": "2025-08-14T19:22:56Z"
      }
    },
    {
      "type": "Feature",
      "geometry": {
        "type": "Point",
        "coordinates": [
          -0.119932,
          51.50918
        ]
      },
      "properties": {
        "timestamp": "2025-08-14T19:22:57Z"
      }
    },
    {
      "type": "Feature",
      "geometry": {
        "type": "Point",
        "coordinates": [
          -0.119959,
          51.50916
        ]
      },
      "properties": {
        "timestamp": "2025-08-14T19:22:58Z"
      }
    },
    {
      "type": "Feature",
      "geometry": {
        "type": "Point",
        "coordinates": [
          -0.119988,
          51.509141
        ]
      },
      "properties": {
        "timestamp": "2025-08-14T19:22:59Z"
      }
    },
    {
      "type": "Feature",
      "geometry": {
        "type": "Point",
        "coordinates": [
          -0.120018,
          51.509121
        ]
      },
      "properties": {
        "timestamp": "2025-08-14T19:23:00Z"
      }
    },
    {
      "type": "Feature",
      "geometry": {
        "type": "Point",
        "coordinates": [
          -0.120051,
          51.509103
        ]
      },
      "properties": {
        "timestamp": "2025-08-14T19:23:01Z"
      }
    },
    {
      "type": "Feature",
      "geometry": {
        "type": "Point",
        "coordinates": [
          -0.120083,
          51.509085
        ]
      },
      "properties": {
        "timestamp": "2025-08-14T19:23:02Z"
      }
    },
    {
      "type": "Feature",
      "geometry": {
        "type": "Point",
        "coordinates": [
          -0.120114,
          51.509066
        ]
      },
      "properties": {
        "timestamp": "2025-08-14T19:23:03Z"
      }
    },
    {
      "type": "Feature",
      "geometry": {
        "type": "Point",
        "coordinates": [
          -0.120143,
          51.509045
        ]
      },
      "properties": {
        "timestamp": "2025-08-14T19:23:04Z"
      }
    },
    {
      "type": "Feature",
      "geometry": {
        "type": "Point",
        "coordinates": [
          -0.12017,
          51.509023
        ]
      },
      "properties": {
        "timestamp": "2025-08-14T19:23:05Z"
      }
    },
    {
      "type": "Feature",
      "geometry": {
        "type": "Point",
        "coordinates": [
          -0.120197,
          51.509003
        ]
      },
      "properties": {
        "timestamp": "2025-08-14T19:23:06Z"
      }
    },
    {
      "type": "Feature",
      "geometry": {
        "type": "Point",
        "coordinates": [
          -0.120225,
          51.508986
        ]
      },
      "properties": {
        "timestamp": "2025-08-14T19:23:07Z"
      }
    },
    {
      "type": "Feature",
      "geometry": {
        "type": "Point",
        "coordinates": [
          -0.120254,
          51.50897
        ]
      },
      "properties": {
        "timestamp": "2025-08-14T19:23:08Z"
      }
    },
    {
      "type": "Feature",
      "geometry": {
        "type": "Point",
        "coordinates": [
          -0.120283,
          51.508954
        ]
      },
      "properties": {
        "timestamp": "2025-08-14T19:23:09Z"
      }
    },
    {
      "type": "Feature",
      "geometry": {
        "type": "Point",
        "coordinates": [
          -0.120309,
          51.508936
        ]
      },
      "properties": {
        "timestamp": "2025-08-14T19:23:10Z"
      }
    },
    {
      "type": "Feature",
      "geometry": {
        "type": "Point",
        "coordinates": [
          -0.120335,
          51.508917
        ]
      },
      "properties": {
        "timestamp": "2025-08-14T19:23:11Z"
      }
    },
    {
      "type": "Feature",
      "geometry": {
        "type": "Point",
        "coordinates": [
          -0.120361,
          51.508899
        ]
      },
      "properties": {
        "timestamp": "2025-08-14T19:23:12Z"
      }
    },
    {
      "type": "Feature",
      "geometry": {
        "type": "Point",
        "coordinates": [
          -0.120389,
          51.508881
        ]
      },
      "properties": {
        "timestamp": "2025-08-14T19:23:13Z"
      }
    },
    {
      "type": "Feature",
      "geometry": {
        "type": "Point",
        "coordinates": [
          -0.120417,
          51.508861
        ]
      },
      "properties": {
        "timestamp": "2025-08-14T19:23:14Z"
      }
    },
    {
      "type": "Feature",
      "geometry": {
        "type": "Point",
        "coordinates": [
          -0.120446,
          51.50884
        ]
      },
      "properties": {
        "timestamp": "2025-08-14T19:23:15Z"
      }
    },
    {
      "type": "Feature",
      "geometry": {
        "type": "Point",
        "coordinates": [
          -0.120475,
          51.508819
        ]
      },
      "properties": {
        "timestamp": "2025-08-14T19:23:16Z"
      }
    },
    {
      "type": "Feature",
      "geometry": {
        "type": "Point",
        "coordinates": [
          -0.120504,
          51.508798
        ]
      },
      "properties": {
        "timestamp": "2025-08-14T19:23:17Z"
      }
    },
    {
      "type": "Feature",
      "geometry": {
        "type": "Point",
        "coordinates": [
          -0.120532,
          51.508778
        ]
      },
      "properties": {
        "timestamp": "2025-08-14T19:23:18Z"
      }
    },
    {
      "type": "Feature",
      "geometry": {
        "type": "Point",
        "coordinates": [
          -0.12056,
          51.508759
        ]
      },
      "properties": {
        "timestamp": "2025-08-14T19:23:19Z"
      }
    },
    {
      "type": "Feature",
      "geometry": {
        "type": "Point",
        "coordinates": [
          -0.120588,
          51.508741
        ]
      },
      "properties": {
        "timestamp": "2025-08-14T19:23:20Z"
      }
    },
    {
      "type": "Feature",
      "geometry": {
        "type": "Point",
        "coordinates": [
          -0.120616,
          51.508722
        ]
      },
      "properties": {
        "timestamp": "2025-08-14T19:23:21Z"
      }
    },
    {
      "type": "Feature",
      "geometry": {
        "type": "Point",
        "coordinates": [
          -0.120642,
          51.508702
        ]
      },
      "properties": {
        "timestamp": "2025-08-14T19:23:22Z"
      }
    },
    {
      "type": "Feature",
      "geometry": {
        "type": "Point",
        "coordinates": [
          -0.120666,
          51.50868
        ]
      },
      "properties": {
        "timestamp": "2025-08-14T19:23:23Z"
      }
    },
    {
      "type": "Feature",
      "geometry": {
        "type": "Point",
        "coordinates": [
          -0.12069,
          51.508657
        ]
      },
      "properties": {
        "timestamp": "2025-08-14T19:23:24Z"
      }
    },
    {
      "type": "Feature",
      "geometry": {
        "type": "Point",
        "coordinates": [
          -0.120712,
          51.508633
        ]
      },
      "properties": {
        "timestamp": "2025-08-14T19:23:25Z"
      }
    },
    {
      "type": "Feature",
      "geometry": {
        "type": "Point",
        "coordinates": [
          -0.120732,
          51.508608
        ]
      },
      "properties": {
        "timestamp": "2025-08-14T19:23:26Z"
      }
    },
    {
      "type": "Feature",
      "geometry": {
        "type": "Point",
        "coordinates": [
          -0.120752,
          51.508584
        ]
      },
      "properties": {
        "timestamp": "2025-08-14T19:23:27Z"
      }
    },
    {
      "type": "Feature",
      "geometry": {
        "type": "Point",
        "coordinates": [
          -0.120773,
          51.50856
        ]
      },
      "properties": {
        "timestamp": "2025-08-14T19:23:28Z"
      }
    },
    {
      "type": "Feature",
      "geometry": {
        "type": "Point",
        "coordinates": [
          -0.120794,
          51.508536
        ]
      },
      "properties": {
        "timestamp": "2025-08-14T19:23:29Z"
      }
    },
    {
      "type": "Feature",
      "geometry": {
        "type": "Point",
        "coordinates": [
          -0.120816,
          51.508512
        ]
      },
      "properties": {
        "timestamp": "2025-08-14T19:23:30Z"
      }
    },
    {
      "type": "Feature",
      "geometry": {
        "type": "Point",
        "coordinates": [
          -0.12084,
          51.508488
        ]
      },
      "properties": {
        "timestamp": "2025-08-14T19:23:31Z"
      }
    },
    {
      "type": "Feature",
      "geometry": {
        "type": "Point",
        "coordinates": [
          -0.120865,
          51.508466
        ]
      },
      "properties": {
        "timestamp": "2025-08-14T19:23:32Z"
      }
    },
    {
      "type": "Feature",
      "geometry": {
        "type": "Point",
        "coordinates": [
          -0.120891,
          51.508444
        ]
      },
      "properties": {
        "timestamp": "2025-08-14T19:23:33Z"
      }
    },
    {
      "type": "Feature",
      "geometry": {
        "type": "Point",
        "coordinates": [
          -0.120917,
          51.508423
        ]
      },
      "properties": {
        "timestamp": "2025-08-14T19:23:34Z"
      }
    },
    {
      "type": "Feature",
      "geometry": {
        "type": "Point",
        "coordinates": [
          -0.120944,
          51.508404
        ]
      },
      "properties": {
        "timestamp": "2025-08-14T19:23:35Z"
      }
    },
    {
      "type": "Feature",
      "geometry": {
        "type": "Point",
        "coordinates": [
          -0.12097,
          51.508387
        ]
      },
      "properties": {
        "timestamp": "2025-08-14T19:23:36Z"
      }
    },
    {
      "type": "Feature",
      "geometry": {
        "type": "Point",
        "coordinates": [
          -0.120998,
          51.508371
        ]
      },
      "properties": {
        "timestamp": "2025-08-14T19:23:37Z"
      }
    },
    {
      "type": "Feature",
      "geometry": {
        "type": "Point",
        "coordinates": [
          -0.121027,
          51.508356
        ]
      },
      "properties": {
        "timestamp": "2025-08-14T19:23:38Z"
      }
    },
    {
      "type": "Feature",
      "geometry": {
        "type": "Point",
        "coordinates": [
          -0.121057,
          51.508341
        ]
      },
      "properties": {
        "timestamp": "2025-08-14T19:23:39Z"
      }
    },
    {
      "type": "Feature",
      "geometry": {
        "type": "Point",
        "coordinates": [
          -0.121087,
          51.508325
        ]
      },
      "properties": {
        "timestamp": "2025-08-14T19:23:40Z"
      }
    },
    {
      "type": "Feature",
      "geometry": {
        "type": "Point",
        "coordinates": [
          -0.121115,
          51.508309
        ]
      },
      "properties": {
        "timestamp": "2025-08-14T19:23:41Z"
      }
    },
    {
      "type": "Feature",
      "geometry": {
        "type": "Point",
        "coordinates": [
          -0.12114,
          51.508291
        ]
      },
      "properties": {
        "timestamp": "2025-08-14T19:23:42Z"
      }
    },
    {
      "type": "Feature",
      "geometry": {
        "type": "Point",
        "coordinates": [
          -0.121162,
          51.508271
        ]
      },
      "properties": {
        "timestamp": "2025-08-14T19:23:43Z"
      }
    },
    {
      "type": "Feature",
      "geometry": {
        "type": "Point",
        "coordinates": [
          -0.121181,
          51.508249
        ]
      },
      "properties": {
        "timestamp": "2025-08-14T19:23:44Z"
      }
    },
    {
      "type": "Feature",
      "geometry": {
        "type": "Point",
        "coordinates": [
          -0.121199,
          51.508224
        ]
      },
      "properties": {
        "timestamp": "2025-08-14T19:23:45Z"
      }
    },
    {
      "type": "Feature",
      "geometry": {
        "type": "Point",
        "coordinates": [
          -0.121217,
          51.508199
        ]
      },
      "properties": {
        "timestamp": "2025-08-14T19:23:46Z"
      }
    },
    {
      "type": "Feature",
      "geometry": {
        "type": "Point",
        "coordinates": [
          -0.121235,
          51.508174
        ]
      },
      "properties": {
        "timestamp": "2025-08-14T19:23:47Z"
      }
    },
    {
      "type": "Feature",
      "geometry": {
        "type": "Point",
        "coordinates": [
          -0.121254,
          51.508151
        ]
      },
      "properties": {
        "timestamp": "2025-08-14T19:23:48Z"
      }
    },
    {
      "type": "Feature",
      "geometry": {
        "type": "Point",
        "coordinates": [
          -0.121273,
          51.508129
        ]
      },
      "properties": {
        "timestamp": "2025-08-14T19:23:49Z"
      }
    },
    {
      "type": "Feature",
      "geometry": {
        "type": "Point",
        "coordinates": [
          -0.121294,
          51.508108
        ]
      },
      "properties": {
        "timestamp": "2025-08-14T19:23:50Z"
      }
    },
    {
      "type": "Feature",
      "geometry": {
        "type": "Point",
        "coordinates": [
          -0.121317,
          51.508088
        ]
      },
      "properties": {
        "timestamp": "2025-08-14T19:23:51Z"
      }
    },
    {
      "type": "Feature",
      "geometry": {
        "type": "Point",
        "coordinates": [
          -0.12134,
          51.508068
        ]
      },
      "properties": {
        "timestamp": "2025-08-14T19:23:52Z"
      }
    },
    {
      "type": "Feature",
      "geometry": {
        "type": "Point",
        "coordinates": [
          -0.121362,
          51.508048
        ]
      },
      "properties": {
        "timestamp": "2025-08-14T19:23:53Z"
      }
    },
    {
      "type": "Feature",
      "geometry": {
        "type": "Point",
        "coordinates": [
          -0.121382,
          51.508027
        ]
      },
      "properties": {
        "timestamp": "2025-08-14T19:23:54Z"
      }
    },
    {
      "type": "Feature",
      "geometry": {
        "type": "Point",
        "coordinates": [
          -0.121403,
          51.508005
        ]
      },
      "properties": {
        "timestamp": "2025-08-14T19:23:55Z"
      }
    },
    {
      "type": "Feature",
      "geometry": {
        "type": "Point",
        "coordinates": [
          -0.121423,
          51.507984
        ]
      },
      "properties": {
        "timestamp": "2025-08-14T19:23:56Z"
      }
    },
    {
      "type": "Feature",
      "geometry": {
        "type": "Point",
        "coordinates": [
          -0.121442,
          51.507962
        ]
      },
      "properties": {
        "timestamp": "2025-08-14T19:23:57Z"
      }
    },
    {
      "type": "Feature",
      "geometry": {
        "type": "Point",
        "coordinates": [
          -0.12146,
          51.50794
        ]
      },
      "properties": {
        "timestamp": "2025-08-14T19:23:58Z"
      }
    },
    {
      "type": "Feature",
      "geometry": {
        "type": "Point",
        "coordinates": [
          -0.121475,
          51.507917
        ]
      },
      "properties": {
        "timestamp": "2025-08-14T19:23:59Z"
      }
    },
    {
      "type": "Feature",
      "geometry": {
        "type": "Point",
        "coordinates": [
          -0.121488,
          51.507893
        ]
      },
      "properties": {
        "timestamp": "2025-08-14T19:24:00Z"
      }
    },
    {
      "type": "Feature",
      "geometry": {
        "type": "Point",
        "coordinates": [
          -0.121499,
          51.507869
        ]
      },
      "properties": {
        "timestamp": "2025-08-14T19:24:01Z"
      }
    },
    {
      "type": "Feature",
      "geometry": {
        "type": "Point",
        "coordinates": [
          -0.121509,
          51.507844
        ]
      },
      "properties": {
        "timestamp": "2025-08-14T19:24:02Z"
      }
    },
    {
      "type": "Feature",
      "geometry": {
        "type": "Point",
        "coordinates": [
          -0.121519,
          51.507819
        ]
      },
      "properties": {
        "timestamp": "2025-08-14T19:24:03Z"
      }
    },
    {
      "type": "Feature",
      "geometry": {
        "type": "Point",
        "coordinates": [
          -0.121531,
          51.507795
        ]
      },
      "properties": {
        "timestamp": "2025-08-14T19:24:04Z"
      }
    },
    {
      "type": "Feature",
      "geometry": {
        "type": "Point",
        "coordinates": [
          -0.121545,
          51.507773
        ]
      },
      "properties": {
        "timestamp": "2025-08-14T19:24:05Z"
      }
    },
    {
      "type": "Feature",
      "geometry": {
        "type": "Point",
        "coordinates": [
          -0.121561,
          51.507751
        ]
      },
      "properties": {
        "timestamp": "2025-08-14T19:24:06Z"
      }
    },
    {
      "type": "Feature",
      "geometry": {
        "type": "Point",
        "coordinates": [
          -0.121577,
          51.507729
        ]
      },
      "properties": {
        "timestamp": "2025-08-14T19:24:07Z"
      }
    },
    {
      "type": "Feature",
      "geometry": {
        "type": "Point",
        "coordinates": [
          -0.121594,
          51.507706
        ]
      },
      "properties": {
        "timestamp": "2025-08-14T19:24:08Z"
      }
    },
    {
      "type": "Feature",
      "geometry": {
        "type": "Point",
        "coordinates": [
          -0.121612,
          51.507681
        ]
      },
      "properties": {
        "timestamp": "2025-08-14T19:24:09Z"
      }
    },
    {
      "type": "Feature",
      "geometry": {
        "type": "Point",
        "coordinates": [
          -0.121631,
          51.507655
        ]
      },
      "properties": {
        "timestamp": "2025-08-14T19:24:10Z"
      }
    },
    {
      "type": "Feature",
      "geometry": {
        "type": "Point",
        "coordinates": [
          -0.121652,
          51.507629
        ]
      },
      "properties": {
        "timestamp": "2025-08-14T19:24:11Z"
      }
    },
    {
      "type": "Feature",
      "geometry": {
        "type": "Point",
        "coordinates": [
          -0.121673,
          51.507604
        ]
      },
      "properties": {
        "timestamp": "2025-08-14T19:24:12Z"
      }
    },
    {
      "type": "Feature",
      "geometry": {
        "type": "Point",
        "coordinates": [
          -0.121692,
          51.507579
        ]
      },
      "properties": {
        "timestamp": "2025-08-14T19:24:13Z"
      }
    },
    {
      "type": "Feature",
      "geometry": {
        "type": "Point",
        "coordinates": [
          -0.12171,
          51.507554
        ]
      },
      "properties": {
        "timestamp": "2025-08-14T19:24:14Z"
      }
    },
    {
      "type": "Feature",
      "geometry": {
        "type": "Point",
        "coordinates": [
          -0.121725,
          51.507529
        ]
      },
      "properties": {
        "timestamp": "2025-08-14T19:24:15Z"
      }
    },
    {
      "type": "Feature",
      "geometry": {
        "type": "Point",
        "coordinates": [
          -0.121739,
          51.507505
        ]
      },
      "properties": {
        "timestamp": "2025-08-14T19:24:16Z"
      }
    },
    {
      "type": "Feature",
      "geometry": {
        "type": "Point",
        "coordinates": [
          -0.121753,
          51.507482
        ]
      },
      "properties": {
        "timestamp": "2025-08-14T19:24:17Z"
      }
    },
    {
      "type": "Feature",
      "geometry": {
        "type": "Point",
        "coordinates": [
          -0.121768,
          51.507459
        ]
      },
      "properties": {
        "timestamp": "2025-08-14T19:24:18Z"
      }
    },
    {
      "type": "Feature",
      "geometry": {
        "type": "Point",
        "coordinates": [
          -0.121785,
          51.507438
        ]
      },
      "properties": {
        "timestamp": "2025-08-14T19:24:19Z"
      }
    },
    {
      "type": "Feature",
      "geometry": {
        "type": "Point",
        "coordinates": [
          -0.121804,
          51.507416
        ]
      },
      "properties": {
        "timestamp": "2025-08-14T19:24:20Z"
      }
    },
    {
      "type": "Feature",
      "geometry": {
        "type": "Point",
        "coordinates": [
          -0.121822,
          51.507394
        ]
      },
      "properties": {
        "timestamp": "2025-08-14T19:24:21Z"
      }
    },
    {
      "type": "Feature",
      "geometry": {
        "type": "Point",
        "coordinates": [
          -0.121838,
          51.507372
        ]
      },
      "properties": {
        "timestamp": "2025-08-14T19:24:22Z"
      }
    },
    {
      "type": "Feature",
      "geometry": {
        "type": "Point",
        "coordinates": [
          -0.121853,
          51.507347
        ]
      },
      "properties": {
        "timestamp": "2025-08-14T19:24:23Z"
      }
    },
    {
      "type": "Feature",
      "geometry": {
        "type": "Point",
        "coordinates": [
          -0.121868,
          51.507322
        ]
      },
      "properties": {
        "timestamp": "2025-08-14T19:24:24Z"
      }
    },
    {
      "type": "Feature",
      "geometry": {
        "type": "Point",
        "coordinates": [
          -0.121886,
          51.507298
        ]
      },
      "properties": {
        "timestamp": "2025-08-14T19:24:25Z"
      }
    },
    {
      "type": "Feature",
      "geometry": {
        "type": "Point",
        "coordinates": [
          -0.121906,
          51.507275
        ]
      },
      "properties": {
        "timestamp": "2025-08-14T19:24:26Z"
      }
    },
    {
      "type": "Feature",
      "geometry": {
        "type": "Point",
        "coordinates": [
          -0.121926,
          51.507252
        ]
      },
      "properties": {
        "timestamp": "2025-08-14T19:24:27Z"
      }
    },
    {
      "type": "Feature",
      "geometry": {
        "type": "Point",
        "coordinates": [
          -0.121946,
          51.50723
        ]
      },
      "properties": {
        "timestamp": "2025-08-14T19:24:28Z"
      }
    },
    {
      "type": "Feature",
      "geometry": {
        "type": "Point",
        "coordinates": [
          -0.121965,
          51.507206
        ]
      },
      "properties": {
        "timestamp": "2025-08-14T19:24:29Z"
      }
    },
    {
      "type": "Feature",
      "geometry": {
        "type": "Point",
        "coordinates": [
          -0.121983,
          51.507182
        ]
      },
      "properties": {
        "timestamp": "2025-08-14T19:24:30Z"
      }
    },
    {
      "type": "Feature",
      "geometry": {
        "type": "Point",
        "coordinates": [
          -0.122001,
          51.507159
        ]
      },
      "properties": {
        "timestamp": "2025-08-14T19:24:31Z"
      }
    },
    {
      "type": "Feature",
      "geometry": {
        "type": "Point",
        "coordinates": [
          -0.122019,
          51.507136
        ]
      },
      "properties": {
        "timestamp": "2025-08-14T19:24:32Z"
      }
    },
    {
      "type": "Feature",
      "geometry": {
        "type": "Point",
        "coordinates": [
          -0.122037,
          51.507116
        ]
      },
      "properties": {
        "timestamp": "2025-08-14T19:24:33Z"
      }
    },
    {
      "type": "Feature",
      "geometry": {
        "type": "Point",
        "coordinates": [
          -0.122056,
          51.507097
        ]
      },
      "properties": {
        "timestamp": "2025-08-14T19:24:34Z"
      }
    },
    {
      "type": "Feature",
      "geometry": {
        "type": "Point",
        "coordinates": [
          -0.122073,
          51.50708
        ]
      },
      "properties": {
        "timestamp": "2025-08-14T19:24:35Z"
      }
    },
    {
      "type": "Feature",
      "geometry": {
        "type": "Point",
        "coordinates": [
          -0.122088,
          51.507064
        ]
      },
      "properties": {
        "timestamp": "2025-08-14T19:24:36Z"
      }
    },
    {
      "type": "Feature",
      "geometry": {
        "type": "Point",
        "coordinates": [
          -0.122103,
          51.507046
        ]
      },
      "properties": {
        "timestamp": "2025-08-14T19:24:37Z"
      }
    },
    {
      "type": "Feature",
      "geometry": {
        "type": "Point",
        "coordinates": [
          -0.122118,
          51.507026
        ]
      },
      "properties": {
        "timestamp": "2025-08-14T19:24:38Z"
      }
    },
    {
      "type": "Feature",
      "geometry": {
        "type": "Point",
        "coordinates": [
          -0.122134,
          51.507005
        ]
      },
      "properties": {
        "timestamp": "2025-08-14T19:24:39Z"
      }
    },
    {
      "type": "Feature",
      "geometry": {
        "type": "Point",
        "coordinates": [
          -0.122152,
          51.506984
        ]
      },
      "properties": {
        "timestamp": "2025-08-14T19:24:40Z"
      }
    },
    {
      "type": "Feature",
      "geometry": {
        "type": "Point",
        "coordinates": [
          -0.122172,
          51.506962
        ]
      },
      "properties": {
        "timestamp": "2025-08-14T19:24:41Z"
      }
    },
    {
      "type": "Feature",
      "geometry": {
        "type": "Point",
        "coordinates": [
          -0.122193,
          51.506941
        ]
      },
      "properties": {
        "timestamp": "2025-08-14T19:24:42Z"
      }
    },
    {
      "type": "Feature",
      "geometry": {
        "type": "Point",
        "coordinates": [
          -0.122214,
          51.506919
        ]
      },
      "properties": {
        "timestamp": "2025-08-14T19:24:43Z"
      }
    },
    {
      "type": "Feature",
      "geometry": {
        "type": "Point",
        "coordinates": [
          -0.122235,
          51.506897
        ]
      },
      "properties": {
        "timestamp": "2025-08-14T19:24:44Z"
      }
    },
    {
      "type": "Feature",
      "geometry": {
        "type": "Point",
        "coordinates": [
          -0.122256,
          51.506874
        ]
      },
      "properties": {
        "timestamp": "2025-08-14T19:24:45Z"
      }
    },
    {
      "type": "Feature",
      "geometry": {
        "type": "Point",
        "coordinates": [
          -0.122276,
          51.506851
        ]
      },
      "properties": {
        "timestamp": "2025-08-14T19:24:46Z"
      }
    },
    {
      "type": "Feature",
      "geometry": {
        "type": "Point",
        "coordinates": [
          -0.122295,
          51.506827
        ]
      },
      "properties": {
        "timestamp": "2025-08-14T19:24:47Z"
      }
    },
    {
      "type": "Feature",
      "geometry": {
        "type": "Point",
        "coordinates": [
          -0.122313,
          51.506803
        ]
      },
      "properties": {
        "timestamp": "2025-08-14T19:24:48Z"
      }
    },
    {
      "type": "Feature",
      "geometry": {
        "type": "Point",
        "coordinates": [
          -0.12233,
          51.50678
        ]
      },
      "properties": {
        "timestamp": "2025-08-14T19:24:49Z"
      }
    },
    {
      "type": "Feature",
      "geometry": {
        "type": "Point",
        "coordinates": [
          -0.122347,
          51.506757
        ]
      },
      "properties": {
        "timestamp": "2025-08-14T19:24:50Z"
      }
    },
    {
      "type": "Feature",
      "geometry": {
        "type": "Point",
        "coordinates": [
          -0.122367,
          51.506737
        ]
      },
      "properties": {
        "timestamp": "2025-08-14T19:24:51Z"
      }
    },
    {
      "type": "Feature",
      "geometry": {
        "type": "Point",
        "coordinates": [
          -0.122385,
          51.506717
        ]
      },
      "properties": {
        "timestamp": "2025-08-14T19:24:52Z"
      }
    },
    {
      "type": "Feature",
      "geometry": {
        "type": "Point",
        "coordinates": [
          -0.122402,
          51.506701
        ]
      },
      "properties": {
        "timestamp": "2025-08-14T19:24:53Z"
      }
    },
    {
      "type": "Feature",
      "geometry": {
        "type": "Point",
        "coordinates": [
          -0.122419,
          51.506686
        ]
      },
      "properties": {
        "timestamp": "2025-08-14T19:24:54Z"
      }
    },
    {
      "type": "Feature",
      "geometry": {
        "type": "Point",
        "coordinates": [
          -0.122437,
          51.506673
        ]
      },
      "properties": {
        "timestamp": "2025-08-14T19:24:55Z"
      }
    },
    {
      "type": "Feature",
      "geometry": {
        "type": "Point",
        "coordinates": [
          -0.122457,
          51.506663
        ]
      },
      "properties": {
        "timestamp": "2025-08-14T19:24:56Z"
      }
    },
    {
      "type": "Feature",
      "geometry": {
        "type": "Point",
        "coordinates": [
          -0.122478,
          51.506657
        ]
      },
      "properties": {
        "timestamp": "2025-08-14T19:24:57Z"
      }
    },
    {
      "type": "Feature",
      "geometry": {
        "type": "Point",
        "coordinates": [
          -0.1225,
          51.506656
        ]
      },
      "properties": {
        "timestamp": "2025-08-14T19:24:58Z"
      }
    },
    {
      "type": "Feature",
      "geometry": {
        "type": "Point",
        "coordinates": [
          -0.122521,
          51.506658
        ]
      },
      "properties": {
        "timestamp": "2025-08-14T19:24:59Z"
      }
    },
    {
      "type": "Feature",
      "geometry": {
        "type": "Point",
        "coordinates": [
          -0.122542,
          51.506664
        ]
      },
      "properties": {
        "timestamp": "2025-08-14T19:25:00Z"
      }
    },
    {
      "type": "Feature",
      "geometry": {
        "type": "Point",
        "coordinates": [
          -0.122565,
          51.506673
        ]
      },
      "properties": {
        "timestamp": "2025-08-14T19:25:01Z"
      }
    },
    {
      "type": "Feature",
      "geometry": {
        "type": "Point",
        "coordinates": [
          -0.122594,
          51.506685
        ]
      },
      "properties": {
        "timestamp": "2025-08-14T19:25:02Z"
      }
    },
    {
      "type": "Feature",
      "geometry": {
        "type": "Point",
        "coordinates": [
          -0.122631,
          51.506697
        ]
      },
      "properties": {
        "timestamp": "2025-08-14T19:25:03Z"
      }
    },
    {
      "type": "Feature",
      "geometry": {
        "type": "Point",
        "coordinates": [
          -0.122674,
          51.50671
        ]
      },
      "properties": {
        "timestamp": "2025-08-14T19:25:04Z"
      }
    },
    {
      "type": "Feature",
      "geometry": {
        "type": "Point",
        "coordinates": [
          -0.12272,
          51.506723
        ]
      },
      "properties": {
        "timestamp": "2025-08-14T19:25:05Z"
      }
    },
    {
      "type": "Feature",
      "geometry": {
        "type": "Point",
        "coordinates": [
          -0.122766,
          51.506735
        ]
      },
      "properties": {
        "timestamp": "2025-08-14T19:25:06Z"
      }
    },
    {
      "type": "Feature",
      "geometry": {
        "type": "Point",
        "coordinates": [
          -0.122811,
          51.506748
        ]
      },
      "properties": {
        "timestamp": "2025-08-14T19:25:07Z"
      }
    },
    {
      "type": "Feature",
      "geometry": {
        "type": "Point",
        "coordinates": [
          -0.122855,
          51.506759
        ]
      },
      "properties": {
        "timestamp": "2025-08-14T19:25:08Z"
      }
    },
    {
      "type": "Feature",
      "geometry": {
        "type": "Point",
        "coordinates": [
          -0.122896,
          51.506769
        ]
      },
      "properties": {
        "timestamp": "2025-08-14T19:25:09Z"
      }
    },
    {
      "type": "Feature",
      "geometry": {
        "type": "Point",
        "coordinates": [
          -0.122934,
          51.506777
        ]
      },
      "properties": {
        "timestamp": "2025-08-14T19:25:10Z"
      }
    },
    {
      "type": "Feature",
      "geometry": {
        "type": "Point",
        "coordinates": [
          -0.122973,
          51.506783
        ]
      },
      "properties": {
        "timestamp": "2025-08-14T19:25:11Z"
      }
    },
    {
      "type": "Feature",
      "geometry": {
        "type": "Point",
        "coordinates": [
          -0.123013,
          51.506786
        ]
      },
      "properties": {
        "timestamp": "2025-08-14T19:25:12Z"
      }
    },
    {
      "type": "Feature",
      "geometry": {
        "type": "Point",
        "coordinates": [
          -0.123056,
          51.506787
        ]
      },
      "properties": {
        "timestamp": "2025-08-14T19:25:13Z"
      }
    },
    {
      "type": "Feature",
      "geometry": {
        "type": "Point",
        "coordinates": [
          -0.123099,
          51.506788
        ]
      },
      "properties": {
        "timestamp": "2025-08-14T19:25:14Z"
      }
    },
    {
      "type": "Feature",
      "geometry": {
        "type": "Point",
        "coordinates": [
          -0.123141,
          51.506789
        ]
      },
      "properties": {
        "timestamp": "2025-08-14T19:25:15Z"
      }
    },
    {
      "type": "Feature",
      "geometry": {
        "type": "Point",
        "coordinates": [
          -0.123183,
          51.506791
        ]
      },
      "properties": {
        "timestamp": "2025-08-14T19:25:16Z"
      }
    },
    {
      "type": "Feature",
      "geometry": {
        "type": "Point",
        "coordinates": [
          -0.123224,
          51.506794
        ]
      },
      "properties": {
        "timestamp": "2025-08-14T19:25:17Z"
      }
    },
    {
      "type": "Feature",
      "geometry": {
        "type": "Point",
        "coordinates": [
          -0.123263,
          51.506798
        ]
      },
      "properties": {
        "timestamp": "2025-08-14T19:25:18Z"
      }
    },
    {
      "type": "Feature",
      "geometry": {
        "type": "Point",
        "coordinates": [
          -0.123303,
          51.506803
        ]
      },
      "properties": {
        "timestamp": "2025-08-14T19:25:19Z"
      }
    },
    {
      "type": "Feature",
      "geometry": {
        "type": "Point",
        "coordinates": [
          -0.123343,
          51.506809
        ]
      },
      "properties": {
        "timestamp": "2025-08-14T19:25:20Z"
      }
    },
    {
      "type": "Feature",
      "geometry": {
        "type": "Point",
        "coordinates": [
          -0.123384,
          51.506814
        ]
      },
      "properties": {
        "timestamp": "2025-08-14T19:25:21Z"
      }
    },
    {
      "type": "Feature",
      "geometry": {
        "type": "Point",
        "coordinates": [
          -0.123424,
          51.50682
        ]
      },
      "properties": {
        "timestamp": "2025-08-14T19:25:22Z"
      }
    },
    {
      "type": "Feature",
      "geometry": {
        "type": "Point",
        "coordinates": [
          -0.123464,
          51.506826
        ]
      },
      "properties": {
        "timestamp": "2025-08-14T19:25:23Z"
      }
    },
    {
      "type": "Feature",
      "geometry": {
        "type": "Point",
        "coordinates": [
          -0.123504,
          51.506832
        ]
      },
      "properties": {
        "timestamp": "2025-08-14T19:25:24Z"
      }
    },
    {
      "type": "Feature",
      "geometry": {
        "type": "Point",
        "coordinates": [
          -0.123544,
          51.506838
        ]
      },
      "properties": {
        "timestamp": "2025-08-14T19:25:25Z"
      }
    },
    {
      "type": "Feature",
      "geometry": {
        "type": "Point",
        "coordinates": [
          -0.123585,
          51.506844
        ]
      },
      "properties": {
        "timestamp": "2025-08-14T19:25:26Z"
      }
    },
    {
      "type": "Feature",
      "geometry": {
        "type": "Point",
        "coordinates": [
          -0.123625,
          51.50685
        ]
      },
      "properties": {
        "timestamp": "2025-08-14T19:25:27Z"
      }
    },
    {
      "type": "Feature",
      "geometry": {
        "type": "Point",
        "coordinates": [
          -0.123666,
          51.506856
        ]
      },
      "properties": {
        "timestamp": "2025-08-14T19:25:28Z"
      }
    },
    {
      "type": "Feature",
      "geometry": {
        "type": "Point",
        "coordinates": [
          -0.123706,
          51.506861
        ]
      },
      "properties": {
        "timestamp": "2025-08-14T19:25:29Z"
      }
    },
    {
      "type": "Feature",
      "geometry": {
        "type": "Point",
        "coordinates": [
          -0.123746,
          51.506867
        ]
      },
      "properties": {
        "timestamp": "2025-08-14T19:25:30Z"
      }
    },
    {
      "type": "Feature",
      "geometry": {
        "type": "Point",
        "coordinates": [
          -0.123787,
          51.506873
        ]
      },
      "properties": {
        "timestamp": "2025-08-14T19:25:31Z"
      }
    },
    {
      "type": "Feature",
      "geometry": {
        "type": "Point",
        "coordinates": [
          -0.123827,
          51.50688
        ]
      },
      "properties": {
        "timestamp": "2025-08-14T19:25:32Z"
      }
    },
    {
      "type": "Feature",
      "geometry": {
        "type": "Point",
        "coordinates": [
          -0.123868,
          51.506886
        ]
      },
      "properties": {
        "timestamp": "2025-08-14T19:25:33Z"
      }
    },
    {
      "type": "Feature",
      "geometry": {
        "type": "Point",
        "coordinates": [
          -0.123909,
          51.506892
        ]
      },
      "properties": {
        "timestamp": "2025-08-14T19:25:34Z"
      }
    },
    {
      "type": "Feature",
      "geometry": {
        "type": "Point",
        "coordinates": [
          -0.123949,
          51.506899
        ]
      },
      "properties": {
        "timestamp": "2025-08-14T19:25:35Z"
      }
    },
    {
      "type": "Feature",
      "geometry": {
        "type": "Point",
        "coordinates": [
          -0.12399,
          51.506905
        ]
      },
      "properties": {
        "timestamp": "2025-08-14T19:25:36Z"
      }
    },
    {
      "type": "Feature",
      "geometry": {
        "type": "Point",
        "coordinates": [
          -0.124031,
          51.506912
        ]
      },
      "properties": {
        "timestamp": "2025-08-14T19:25:37Z"
      }
    },
    {
      "type": "Feature",
      "geometry": {
        "type": "Point",
        "coordinates": [
          -0.124072,
          51.506919
        ]
      },
      "properties": {
        "timestamp": "2025-08-14T19:25:38Z"
      }
    },
    {
      "type": "Feature",
      "geometry": {
        "type": "Point",
        "coordinates": [
          -0.124112,
          51.506926
        ]
      },
      "properties": {
        "timestamp": "2025-08-14T19:25:39Z"
      }
    },
    {
      "type": "Feature",
      "geometry": {
        "type": "Point",
        "coordinates": [
          -0.124153,
          51.506932
        ]
      },
      "properties": {
        "timestamp": "2025-08-14T19:25:40Z"
      }
    },
    {
      "type": "Feature",
      "geometry": {
        "type": "Point",
        "coordinates": [
          -0.124194,
          51.506939
        ]
      },
      "properties": {
        "timestamp": "2025-08-14T19:25:41Z"
      }
    },
    {
      "type": "Feature",
      "geometry": {
        "type": "Point",
        "coordinates": [
          -0.124234,
          51.506946
        ]
      },
      "properties": {
        "timestamp": "2025-08-14T19:25:42Z"
      }
    },
    {
      "type": "Feature",
      "geometry": {
        "type": "Point",
        "coordinates": [
          -0.124275,
          51.506953
        ]
      },
      "properties": {
        "timestamp": "2025-08-14T19:25:43Z"
      }
    },
    {
      "type": "Feature",
      "geometry": {
        "type": "Point",
        "coordinates": [
          -0.124315,
          51.50696
        ]
      },
      "properties": {
        "timestamp": "2025-08-14T19:25:44Z"
      }
    },
    {
      "type": "Feature",
      "geometry": {
        "type": "Point",
        "coordinates": [
          -0.124356,
          51.506966
        ]
      },
      "properties": {
        "timestamp": "2025-08-14T19:25:45Z"
      }
    },
    {
      "type": "Feature",
      "geometry": {
        "type": "Point",
        "coordinates": [
          -0.124396,
          51.506973
        ]
      },
      "properties": {
        "timestamp": "2025-08-14T19:25:46Z"
      }
    },
    {
      "type": "Feature",
      "geometry": {
        "type": "Point",
        "coordinates": [
          -0.124436,
          51.50698
        ]
      },
      "properties": {
        "timestamp": "2025-08-14T19:25:47Z"
      }
    },
    {
      "type": "Feature",
      "geometry": {
        "type": "Point",
        "coordinates": [
          -0.124477,
          51.506987
        ]
      },
      "properties": {
        "timestamp": "2025-08-14T19:25:48Z"
      }
    },
    {
      "type": "Feature",
      "geometry": {
        "type": "Point",
        "coordinates": [
          -0.124517,
          51.506994
        ]
      },
      "properties": {
        "timestamp": "2025-08-14T19:25:49Z"
      }
    },
    {
      "type": "Feature",
      "geometry": {
        "type": "Point",
        "coordinates": [
          -0.124557,
          51.507001
        ]
      },
      "properties": {
        "timestamp": "2025-08-14T19:25:50Z"
      }
    },
    {
      "type": "Feature",
      "geometry": {
        "type": "Point",
        "coordinates": [
          -0.124597,
          51.507008
        ]
      },
      "properties": {
        "timestamp": "2025-08-14T19:25:51Z"
      }
    },
    {
      "type": "Feature",
      "geometry": {
        "type": "Point",
        "coordinates": [
          -0.124637,
          51.507015
        ]
      },
      "properties": {
        "timestamp": "2025-08-14T19:25:52Z"
      }
    },
    {
      "type": "Feature",
      "geometry": {
        "type": "Point",
        "coordinates": [
          -0.124677,
          51.507022
        ]
      },
      "properties": {
        "timestamp": "2025-08-14T19:25:53Z"
      }
    },
    {
      "type": "Feature",
      "geometry": {
        "type": "Point",
        "coordinates": [
          -0.124717,
          51.507029
        ]
      },
      "properties": {
        "timestamp": "2025-08-14T19:25:54Z"
      }
    },
    {
      "type": "Feature",
      "geometry": {
        "type": "Point",
        "coordinates": [
          -0.124757,
          51.507036
        ]
      },
      "properties": {
        "timestamp": "2025-08-14T19:25:55Z"
      }
    },
    {
      "type": "Feature",
      "geometry": {
        "type": "Point",
        "coordinates": [
          -0.124796,
          51.507043
        ]
      },
      "properties": {
        "timestamp": "2025-08-14T19:25:56Z"
      }
    },
    {
      "type": "Feature",
      "geometry": {
        "type": "Point",
        "coordinates": [
          -0.124836,
          51.50705
        ]
      },
      "properties": {
        "timestamp": "2025-08-14T19:25:57Z"
      }
    },
    {
      "type": "Feature",
      "geometry": {
        "type": "Point",
        "coordinates": [
          -0.124875,
          51.507057
        ]
      },
      "properties": {
        "timestamp": "2025-08-14T19:25:58Z"
      }
    },
    {
      "type": "Feature",
      "geometry": {
        "type": "Point",
        "coordinates": [
          -0.124915,
          51.507064
        ]
      },
      "properties": {
        "timestamp": "2025-08-14T19:25:59Z"
      }
    },
    {
      "type": "Feature",
      "geometry": {
        "type": "Point",
        "coordinates": [
          -0.124954,
          51.507072
        ]
      },
      "properties": {
        "timestamp": "2025-08-14T19:26:00Z"
      }
    },
    {
      "type": "Feature",
      "geometry": {
        "type": "Point",
        "coordinates": [
          -0.124993,
          51.507079
        ]
      },
      "properties": {
        "timestamp": "2025-08-14T19:26:01Z"
      }
    },
    {
      "type": "Feature",
      "geometry": {
        "type": "Point",
        "coordinates": [
          -0.125031,
          51.507086
        ]
      },
      "properties": {
        "timestamp": "2025-08-14T19:26:02Z"
      }
    },
    {
      "type": "Feature",
      "geometry": {
        "type": "Point",
        "coordinates": [
          -0.12507,
          51.507094
        ]
      },
      "properties": {
        "timestamp": "2025-08-14T19:26:03Z"
      }
    },
    {
      "type": "Feature",
      "geometry": {
        "type": "Point",
        "coordinates": [
          -0.125108,
          51.507101
        ]
      },
      "properties": {
        "timestamp": "2025-08-14T19:26:04Z"
      }
    },
    {
      "type": "Feature",
      "geometry": {
        "type": "Point",
        "coordinates": [
          -0.125146,
          51.507109
        ]
      },
      "properties": {
        "timestamp": "2025-08-14T19:26:05Z"
      }
    },
    {
      "type": "Feature",
      "geometry": {
        "type": "Point",
        "coordinates": [
          -0.125184,
          51.507116
        ]
      },
      "properties": {
        "timestamp": "2025-08-14T19:26:06Z"
      }
    },
    {
      "type": "Feature",
      "geometry": {
        "type": "Point",
        "coordinates": [
          -0.125222,
          51.507124
        ]
      },
      "properties": {
        "timestamp": "2025-08-14T19:26:07Z"
      }
    },
    {
      "type": "Feature",
      "geometry": {
        "type": "Point",
        "coordinates": [
          -0.12526,
          51.507132
        ]
      },
      "properties": {
        "timestamp": "2025-08-14T19:26:08Z"
      }
    },
    {
      "type": "Feature",
      "geometry": {
        "type": "Point",
        "coordinates": [
          -0.125297,
          51.50714
        ]
      },
      "properties": {
        "timestamp": "2025-08-14T19:26:09Z"
      }
    },
    {
      "type": "Feature",
      "geometry": {
        "type": "Point",
        "coordinates": [
          -0.125334,
          51.507148
        ]
      },
      "properties": {
        "timestamp": "2025-08-14T19:26:10Z"
      }
    },
    {
      "type": "Feature",
      "geometry": {
        "type": "Point",
        "coordinates": [
          -0.125371,
          51.507155
        ]
      },
      "properties": {
        "timestamp": "2025-08-14T19:26:11Z"
      }
    },
    {
      "type": "Feature",
      "geometry": {
        "type": "Point",
        "coordinates": [
          -0.125408,
          51.507163
        ]
      },
      "properties": {
        "timestamp": "2025-08-14T19:26:12Z"
      }
    },
    {
      "type": "Feature",
      "geometry": {
        "type": "Point",
        "coordinates": [
          -0.125446,
          51.50717
        ]
      },
      "properties": {
        "timestamp": "2025-08-14T19:26:13Z"
      }
    },
    {
      "type": "Feature",
      "geometry": {
        "type": "Point",
        "coordinates": [
          -0.125483,
          51.507177
        ]
      },
      "properties": {
        "timestamp": "2025-08-14T19:26:14Z"
      }
    },
    {
      "type": "Feature",
      "geometry": {
        "type": "Point",
        "coordinates": [
          -0.12552,
          51.507184
        ]
      },
      "properties": {
        "timestamp": "2025-08-14T19:26:15Z"
      }
    },
    {
      "type": "Feature",
      "geometry": {
        "type": "Point",
        "coordinates": [
          -0.125557,
          51.50719
        ]
      },
      "properties": {
        "timestamp": "2025-08-14T19:26:16Z"
      }
    },
    {
      "type": "Feature",
      "geometry": {
        "type": "Point",
        "coordinates": [
          -0.125594,
          51.507197
        ]
      },
      "properties": {
        "timestamp": "2025-08-14T19:26:17Z"
      }
    },
    {
      "type": "Feature",
      "geometry": {
        "type": "Point",
        "coordinates": [
          -0.12563,
          51.507203
        ]
      },
      "properties": {
        "timestamp": "2025-08-14T19:26:18Z"
      }
    },
    {
      "type": "Feature",
      "geometry": {
        "type": "Point",
        "coordinates": [
          -0.125667,
          51.50721
        ]
      },
      "properties": {
        "timestamp": "2025-08-14T19:26:19Z"
      }
    },
    {
      "type": "Feature",
      "geometry": {
        "type": "Point",
        "coordinates": [
          -0.125704,
          51.507216
        ]
      },
      "properties": {
        "timestamp": "2025-08-14T19:26:20Z"
      }
    },
    {
      "type": "Feature",
      "geometry": {
        "type": "Point",
        "coordinates": [
          -0.12574,
          51.507222
        ]
      },
      "properties": {
        "timestamp": "2025-08-14T19:26:21Z"
      }
    },
    {
      "type": "Feature",
      "geometry": {
        "type": "Point",
        "coordinates": [
          -0.125776,
          51.507228
        ]
      },
      "properties": {
        "timestamp": "2025-08-14T19:26:22Z"
      }
    },
    {
      "type": "Feature",
      "geometry": {
        "type": "Point",
        "coordinates": [
          -0.125812,
          51.507234
        ]
      },
      "properties": {
        "timestamp": "2025-08-14T19:26:23Z"
      }
    },
    {
      "type": "Feature",
      "geometry": {
        "type": "Point",
        "coordinates": [
          -0.125849,
          51.50724
        ]
      },
      "properties": {
        "timestamp": "2025-08-14T19:26:24Z"
      }
    },
    {
      "type": "Feature",
      "geometry": {
        "type": "Point",
        "coordinates": [
          -0.125885,
          51.507246
        ]
      },
      "properties": {
        "timestamp": "2025-08-14T19:26:25Z"
      }
    },
    {
      "type": "Feature",
      "geometry": {
        "type": "Point",
        "coordinates": [
          -0.125921,
          51.507253
        ]
      },
      "properties": {
        "timestamp": "2025-08-14T19:26:26Z"
      }
    },
    {
      "type": "Feature",
      "geometry": {
        "type": "Point",
        "coordinates": [
          -0.125958,
          51.507259
        ]
      },
      "properties": {
        "timestamp": "2025-08-14T19:26:27Z"
      }
    },
    {
      "type": "Feature",
      "geometry": {
        "type": "Point",
        "coordinates": [
          -0.125994,
          51.507265
        ]
      },
      "properties": {
        "timestamp": "2025-08-14T19:26:28Z"
      }
    },
    {
      "type": "Feature",
      "geometry": {
        "type": "Point",
        "coordinates": [
          -0.126031,
          51.507271
        ]
      },
      "properties": {
        "timestamp": "2025-08-14T19:26:29Z"
      }
    },
    {
      "type": "Feature",
      "geometry": {
        "type": "Point",
        "coordinates": [
          -0.126068,
          51.507277
        ]
      },
      "properties": {
        "timestamp": "2025-08-14T19:26:30Z"
      }
    },
    {
      "type": "Feature",
      "geometry": {
        "type": "Point",
        "coordinates": [
          -0.126104,
          51.507283
        ]
      },
      "properties": {
        "timestamp": "2025-08-14T19:26:31Z"
      }
    },
    {
      "type": "Feature",
      "geometry": {
        "type": "Point",
        "coordinates": [
          -0.126141,
          51.50729
        ]
      },
      "properties": {
        "timestamp": "2025-08-14T19:26:32Z"
      }
    },
    {
      "type": "Feature",
      "geometry": {
        "type": "Point",
        "coordinates": [
          -0.126178,
          51.507296
        ]
      },
      "properties": {
        "timestamp": "2025-08-14T19:26:33Z"
      }
    },
    {
      "type": "Feature",
      "geometry": {
        "type": "Point",
        "coordinates": [
          -0.126216,
          51.507302
        ]
      },
      "properties": {
        "timestamp": "2025-08-14T19:26:34Z"
      }
    },
    {
      "type": "Feature",
      "geometry": {
        "type": "Point",
        "coordinates": [
          -0.126255,
          51.507309
        ]
      },
      "properties": {
        "timestamp": "2025-08-14T19:26:35Z"
      }
    },
    {
      "type": "Feature",
      "geometry": {
        "type": "Point",
        "coordinates": [
          -0.126293,
          51.507315
        ]
      },
      "properties": {
        "timestamp": "2025-08-14T19:26:36Z"
      }
    },
    {
      "type": "Feature",
      "geometry": {
        "type": "Point",
        "coordinates": [
          -0.126332,
          51.507321
        ]
      },
      "properties": {
        "timestamp": "2025-08-14T19:26:37Z"
      }
    },
    {
      "type": "Feature",
      "geometry": {
        "type": "Point",
        "coordinates": [
          -0.126371,
          51.507327
        ]
      },
      "properties": {
        "timestamp": "2025-08-14T19:26:38Z"
      }
    },
    {
      "type": "Feature",
      "geometry": {
        "type": "Point",
        "coordinates": [
          -0.12641,
          51.507334
        ]
      },
      "properties": {
        "timestamp": "2025-08-14T19:26:39Z"
      }
    },
    {
      "type": "Feature",
      "geometry": {
        "type": "Point",
        "coordinates": [
          -0.126449,
          51.507339
        ]
      },
      "properties": {
        "timestamp": "2025-08-14T19:26:40Z"
      }
    },
    {
      "type": "Feature",
      "geometry": {
        "type": "Point",
        "coordinates": [
          -0.126489,
          51.507345
        ]
      },
      "properties": {
        "timestamp": "2025-08-14T19:26:41Z"
      }
    },
    {
      "type": "Feature",
      "geometry": {
        "type": "Point",
        "coordinates": [
          -0.126528,
          51.507351
        ]
      },
      "properties": {
        "timestamp": "2025-08-14T19:26:42Z"
      }
    },
    {
      "type": "Feature",
      "geometry": {
        "type": "Point",
        "coordinates": [
          -0.126567,
          51.507357
        ]
      },
      "properties": {
        "timestamp": "2025-08-14T19:26:43Z"
      }
    },
    {
      "type": "Feature",
      "geometry": {
        "type": "Point",
        "coordinates": [
          -0.126606,
          51.507362
        ]
      },
      "properties": {
        "timestamp": "2025-08-14T19:26:44Z"
      }
    },
    {
      "type": "Feature",
      "geometry": {
        "type": "Point",
        "coordinates": [
          -0.126644,
          51.507368
        ]
      },
      "properties": {
        "timestamp": "2025-08-14T19:26:45Z"
      }
    },
    {
      "type": "Feature",
      "geometry": {
        "type": "Point",
        "coordinates": [
          -0.126683,
          51.507373
        ]
      },
      "properties": {
        "timestamp": "2025-08-14T19:26:46Z"
      }
    },
    {
      "type": "Feature",
      "geometry": {
        "type": "Point",
        "coordinates": [
          -0.12672,
          51.507378
        ]
      },
      "properties": {
        "timestamp": "2025-08-14T19:26:47Z"
      }
    },
    {
      "type": "Feature",
      "geometry": {
        "type": "Point",
        "coordinates": [
          -0.126757,
          51.507383
        ]
      },
      "properties": {
        "timestamp": "2025-08-14T19:26:48Z"
      }
    },
    {
      "type": "Feature",
      "geometry": {
        "type": "Point",
        "coordinates": [
          -0.126795,
          51.507387
        ]
      },
      "properties": {
        "timestamp": "2025-08-14T19:26:49Z"
      }
    },
    {
      "type": "Feature",
      "geometry": {
        "type": "Point",
        "coordinates": [
          -0.126834,
          51.507392
        ]
      },
      "properties": {
        "timestamp": "2025-08-14T19:26:50Z"
      }
    },
    {
      "type": "Feature",
      "geometry": {
        "type": "Point",
        "coordinates": [
          -0.126873,
          51.507397
        ]
      },
      "properties": {
        "timestamp": "2025-08-14T19:26:51Z"
      }
    },
    {
      "type": "Feature",
      "geometry": {
        "type": "Point",
        "coordinates": [
          -0.126911,
          51.507403
        ]
      },
      "properties": {
        "timestamp": "2025-08-14T19:26:52Z"
      }
    },
    {
      "type": "Feature",
      "geometry": {
        "type": "Point",
        "coordinates": [
          -0.126948,
          51.507411
        ]
      },
      "properties": {
        "timestamp": "2025-08-14T19:26:53Z"
      }
    },
    {
      "type": "Feature",
      "geometry": {
        "type": "Point",
        "coordinates": [
          -0.126982,
          51.507421
        ]
      },
      "properties": {
        "timestamp": "2025-08-14T19:26:54Z"
      }
    },
    {
      "type": "Feature",
      "geometry": {
        "type": "Point",
        "coordinates": [
          -0.127011,
          51.507433
        ]
      },
      "properties": {
        "timestamp": "2025-08-14T19:26:55Z"
      }
    },
    {
      "type": "Feature",
      "geometry": {
        "type": "Point",
        "coordinates": [
          -0.127034,
          51.507447
        ]
      },
      "properties": {
        "timestamp": "2025-08-14T19:26:56Z"
      }
    },
    {
      "type": "Feature",
      "geometry": {
        "type": "Point",
        "coordinates": [
          -0.127047,
          51.50746
        ]
      },
      "properties": {
        "timestamp": "2025-08-14T19:26:57Z"
      }
    },
    {
      "type": "Feature",
      "geometry": {
        "type": "Point",
        "coordinates": [
          -0.127052,
          51.507473
        ]
      },
      "properties": {
        "timestamp": "2025-08-14T19:26:58Z"
      }
    },
    {
      "type": "Feature",
      "geometry": {
        "type": "Point",
        "coordinates": [
          -0.127048,
          51.507483
        ]
      },
      "properties": {
        "timestamp": "2025-08-14T19:26:59Z"
      }
    },
    {
      "type": "Feature",
      "geometry": {
        "type": "Point",
        "coordinates": [
          -0.127042,
          51.507487
        ]
      },
      "properties": {
        "timestamp": "2025-08-14T19:27:00Z"
      }
    },
    {
      "type": "Feature",
      "geometry": {
        "type": "Point",
        "coordinates": [
          -0.127037,
          51.507483
        ]
      },
      "properties": {
        "timestamp": "2025-08-14T19:27:01Z"
      }
    },
    {
      "type": "Feature",
      "geometry": {
        "type": "Point",
        "coordinates": [
          -0.127035,
          51.507477
        ]
      },
      "properties": {
        "timestamp": "2025-08-14T19:27:02Z"
      }
    },
    {
      "type": "Feature",
      "geometry": {
        "type": "Point",
        "coordinates": [
          -0.127033,
          51.50747
        ]
      },
      "properties": {
        "timestamp": "2025-08-14T19:27:03Z"
      }
    },
    {
      "type": "Feature",
      "geometry": {
        "type": "Point",
        "coordinates": [
          -0.127033,
          51.507463
        ]
      },
      "properties": {
        "timestamp": "2025-08-14T19:27:04Z"
      }
    },
    {
      "type": "Feature",
      "geometry": {
        "type": "Point",
        "coordinates": [
          -0.127034,
          51.507458
        ]
      },
      "properties": {
        "timestamp": "2025-08-14T19:27:05Z"
      }
    },
    {
      "type": "Feature",
      "geometry": {
        "type": "Point",
        "coordinates": [
          -0.127035,
          51.507453
        ]
      },
      "properties": {
        "timestamp": "2025-08-14T19:27:06Z"
      }
    },
    {
      "type": "Feature",
      "geometry": {
        "type": "Point",
        "coordinates": [
          -0.127037,
          51.507449
        ]
      },
      "properties": {
        "timestamp": "2025-08-14T19:27:07Z"
      }
    },
    {
      "type": "Feature",
      "geometry": {
        "type": "Point",
        "coordinates": [
          -0.12704,
          51.507446
        ]
      },
      "properties": {
        "timestamp": "2025-08-14T19:27:08Z"
      }
    },
    {
      "type": "Feature",
      "geometry": {
        "type": "Point",
        "coordinates": [
          -0.127041,
          51.507444
        ]
      },
      "properties": {
        "timestamp": "2025-08-14T19:27:09Z"
      }
    },
    {
      "type": "Feature",
      "geometry": {
        "type": "Point",
        "coordinates": [
          -0.127042,
          51.507442
        ]
      },
      "properties": {
        "timestamp": "2025-08-14T19:27:10Z"
      }
    },
    {
      "type": "Feature",
      "geometry": {
        "type": "Point",
        "coordinates": [
          -0.127044,
          51.50744
        ]
      },
      "properties": {
        "timestamp": "2025-08-14T19:27:11Z"
      }
    },
    {
      "type": "Feature",
      "geometry": {
        "type": "Point",
        "coordinates": [
          -0.127045,
          51.507438
        ]
      },
      "properties": {
        "timestamp": "2025-08-14T19:27:12Z"
      }
    },
    {
      "type": "Feature",
      "geometry": {
        "type": "Point",
        "coordinates": [
          -0.127048,
          51.507437
        ]
      },
      "properties": {
        "timestamp": "2025-08-14T19:27:13Z"
      }
    },
    {
      "type": "Feature",
      "geometry": {
        "type": "Point",
        "coordinates": [
          -0.127052,
          51.507436
        ]
      },
      "properties": {
        "timestamp": "2025-08-14T19:27:14Z"
      }
    },
    {
      "type": "Feature",
      "geometry": {
        "type": "Point",
        "coordinates": [
          -0.127058,
          51.507435
        ]
      },
      "properties": {
        "timestamp": "2025-08-14T19:27:15Z"
      }
    },
    {
      "type": "Feature",
      "geometry": {
        "type": "Point",
        "coordinates": [
          -0.127068,
          51.507434
        ]
      },
      "properties": {
        "timestamp": "2025-08-14T19:27:16Z"
      }
    },
    {
      "type": "Feature",
      "geometry": {
        "type": "Point",
        "coordinates": [
          -0.127082,
          51.507433
        ]
      },
      "properties": {
        "timestamp": "2025-08-14T19:27:17Z"
      }
    },
    {
      "type": "Feature",
      "geometry": {
        "type": "Point",
        "coordinates": [
          -0.127099,
          51.507433
        ]
      },
      "properties": {
        "timestamp": "2025-08-14T19:27:18Z"
      }
    },
    {
      "type": "Feature",
      "geometry": {
        "type": "Point",
        "coordinates": [
          -0.127121,
          51.507432
        ]
      },
      "properties": {
        "timestamp": "2025-08-14T19:27:19Z"
      }
    },
    {
      "type": "Feature",
      "geometry": {
        "type": "Point",
        "coordinates": [
          -0.127147,
          51.507432
        ]
      },
      "properties": {
        "timestamp": "2025-08-14T19:27:20Z"
      }
    },
    {
      "type": "Feature",
      "geometry": {
        "type": "Point",
        "coordinates": [
          -0.127178,
          51.507432
        ]
      },
      "properties": {
        "timestamp": "2025-08-14T19:27:21Z"
      }
    },
    {
      "type": "Feature",
      "geometry": {
        "type": "Point",
        "coordinates": [
          -0.127213,
          51.507433
        ]
      },
      "properties": {
        "timestamp": "2025-08-14T19:27:22Z"
      }
    },
    {
      "type": "Feature",
      "geometry": {
        "type": "Point",
        "coordinates": [
          -0.127249,
          51.507434
        ]
      },
      "properties": {
        "timestamp": "2025-08-14T19:27:23Z"
      }
    },
    {
      "type": "Feature",
      "geometry": {
        "type": "Point",
        "coordinates": [
          -0.127285,
          51.507436
        ]
      },
      "properties": {
        "timestamp": "2025-08-14T19:27:24Z"
      }
    },
    {
      "type": "Feature",
      "geometry": {
        "type": "Point",
        "coordinates": [
          -0.127322,
          51.507439
        ]
      },
      "properties": {
        "timestamp": "2025-08-14T19:27:25Z"
      }
    },
    {
      "type": "Feature",
      "geometry": {
        "type": "Point",
        "coordinates": [
          -0.127364,
          51.507445
        ]
      },
      "properties": {
        "timestamp": "2025-08-14T19:27:26Z"
      }
    },
    {
      "type": "Feature",
      "geometry": {
        "type": "Point",
        "coordinates": [
          -0.127414,
          51.50745
        ]
      },
      "properties": {
        "timestamp": "2025-08-14T19:27:27Z"
      }
    },
    {
      "type": "Feature",
      "geometry": {
        "type": "Point",
        "coordinates": [
          -0.127465,
          51.507457
        ]
      },
      "properties": {
        "timestamp": "2025-08-14T19:27:28Z"
      }
    },
    {
      "type": "Feature",
      "geometry": {
        "type": "Point",
        "coordinates": [
          -0.127513,
          51.507464
        ]
      },
      "properties": {
        "timestamp": "2025-08-14T19:27:29Z"
      }
    },
    {
      "type": "Feature",
      "geometry": {
        "type": "Point",
        "coordinates": [
          -0.127556,
          51.507472
        ]
      },
      "properties": {
        "timestamp": "2025-08-14T19:27:30Z"
      }
    },
    {
      "type": "Feature",
      "geometry": {
        "type": "Point",
        "coordinates": [
          -0.127598,
          51.507479
        ]
      },
      "properties": {
        "timestamp": "2025-08-14T19:27:31Z"
      }
    },
    {
      "type": "Feature",
      "geometry": {
        "type": "Point",
        "coordinates": [
          -0.12764,
          51.507484
        ]
      },
      "properties": {
        "timestamp": "2025-08-14T19:27:32Z"
      }
    },
    {
      "type": "Feature",
      "geometry": {
        "type": "Point",
        "coordinates": [
          -0.127684,
          51.507485
        ]
      },
      "properties": {
        "timestamp": "2025-08-14T19:27:33Z"
      }
    },
    {
      "type": "Feature",
      "geometry": {
        "type": "Point",
        "coordinates": [
          -0.127728,
          51.507483
        ]
      },
      "properties": {
        "timestamp": "2025-08-14T19:27:34Z"
      }
    },
    {
      "type": "Feature",
      "geometry": {
        "type": "Point",
        "coordinates": [
          -0.12777,
          51.507478
        ]
      },
      "properties": {
        "timestamp": "2025-08-14T19:27:35Z"
      }
    },
    {
      "type": "Feature",
      "geometry": {
        "type": "Point",
        "coordinates": [
          -0.127811,
          51.507471
        ]
      },
      "properties": {
        "timestamp": "2025-08-14T19:27:36Z"
      }
    },
    {
      "type": "Feature",
      "geometry": {
        "type": "Point",
        "coordinates": [
          -0.127849,
          51.507463
        ]
      },
      "properties": {
        "timestamp": "2025-08-14T19:27:37Z"
      }
    },
    {
      "type": "Feature",
      "geometry": {
        "type": "Point",
        "coordinates": [
          -0.127884,
          51.507455
        ]
      },
      "properties": {
        "timestamp": "2025-08-14T19:27:38Z"
      }
    },
    {
      "type": "Feature",
      "geometry": {
        "type": "Point",
        "coordinates": [
          -0.127913,
          51.507448
        ]
      },
      "properties": {
        "timestamp": "2025-08-14T19:27:39Z"
      }
    },
    {
      "type": "Feature",
      "geometry": {
        "type": "Point",
        "coordinates": [
          -0.127935,
          51.507441
        ]
      },
      "properties": {
        "timestamp": "2025-08-14T19:27:40Z"
      }
    },
    {
      "type": "Feature",
      "geometry": {
        "type": "Point",
        "coordinates": [
          -0.12795,
          51.507436
        ]
      },
      "properties": {
        "timestamp": "2025-08-14T19:27:41Z"
      }
    },
    {
      "type": "Feature",
      "geometry": {
        "type": "Point",
        "coordinates": [
          -0.127958,
          51.507433
        ]
      },
      "properties": {
        "timestamp": "2025-08-14T19:27:42Z"
      }
    },
    {
      "type": "Feature",
      "geometry": {
        "type": "Point",
        "coordinates": [
          -0.127962,
          51.507431
        ]
      },
      "properties": {
        "timestamp": "2025-08-14T19:27:43Z"
      }
    },
    {
      "type": "Feature",
      "geometry": {
        "type": "Point",
        "coordinates": [
          -0.127962,
          51.507431
        ]
      },
      "properties": {
        "timestamp": "2025-08-14T19:27:44Z"
      }
    },
    {
      "type": "Feature",
      "geometry": {
        "type": "Point",
        "coordinates": [
          -0.127962,
          51.50743
        ]
      },
      "properties": {
        "timestamp": "2025-08-14T19:27:45Z"
      }
    },
    {
      "type": "Feature",
      "geometry": {
        "type": "Point",
        "coordinates": [
          -0.12796,
          51.50743
        ]
      },
      "properties": {
        "timestamp": "2025-08-14T19:27:46Z"
      }
    },
    {
      "type": "Feature",
      "geometry": {
        "type": "Point",
        "coordinates": [
          -0.127959,
          51.50743
        ]
      },
      "properties": {
        "timestamp": "2025-08-14T19:27:47Z"
      }
    },
    {
      "type": "Feature",
      "geometry": {
        "type": "Point",
        "coordinates": [
          -0.127957,
          51.50743
        ]
      },
      "properties": {
        "timestamp": "2025-08-14T19:27:48Z"
      }
    },
    {
      "type": "Feature",
      "geometry": {
        "type": "Point",
        "coordinates": [
          -0.127956,
          51.50743
        ]
      },
      "properties": {
        "timestamp": "2025-08-14T19:27:49Z"
      }
    },
    {
      "type": "Feature",
      "geometry": {
        "type": "Point",
        "coordinates": [
          -0.127955,
          51.50743
        ]
      },
      "properties": {
        "timestamp": "2025-08-14T19:27:50Z"
      }
    },
    {
      "type": "Feature",
      "geometry": {
        "type": "Point",
        "coordinates": [
          -0.127953,
          51.507429
        ]
      },
      "properties": {
        "timestamp": "2025-08-14T19:27:51Z"
      }
    },
    {
      "type": "Feature",
      "geometry": {
        "type": "Point",
        "coordinates": [
          -0.127953,
          51.507429
        ]
      },
      "properties": {
        "timestamp": "2025-08-14T19:27:52Z"
      }
    },
    {
      "type": "Feature",
      "geometry": {
        "type": "Point",
        "coordinates": [
          -0.127952,
          51.507428
        ]
      },
      "properties": {
        "timestamp": "2025-08-14T19:27:53Z"
      }
    },
    {
      "type": "Feature",
      "geometry": {
        "type": "Point",
        "coordinates": [
          -0.127952,
          51.507428
        ]
      },
      "properties": {
        "timestamp": "2025-08-14T19:27:54Z"
      }
    },
    {
      "type": "Feature",
      "geometry": {
        "type": "Point",
        "coordinates": [
          -0.127952,
          51.507427
        ]
      },
      "properties": {
        "timestamp": "2025-08-14T19:27:55Z"
      }
    },
    {
      "type": "Feature",
      "geometry": {
        "type": "Point",
        "coordinates": [
          -0.127952,
          51.507427
        ]
      },
      "properties": {
        "timestamp": "2025-08-14T19:27:56Z"
      }
    },
    {
      "type": "Feature",
      "geometry": {
        "type": "Point",
        "coordinates": [
          -0.127951,
          51.507426
        ]
      },
      "properties": {
        "timestamp": "2025-08-14T19:27:57Z"
      }
    },
    {
      "type": "Feature",
      "geometry": {
        "type": "Point",
        "coordinates": [
          -0.127951,
          51.507426
        ]
      },
      "properties": {
        "timestamp": "2025-08-14T19:27:58Z"
      }
    },
    {
      "type": "Feature",
      "geometry": {
        "type": "Point",
        "coordinates": [
          -0.12795,
          51.507426
        ]
      },
      "properties": {
        "timestamp": "2025-08-14T19:27:59Z"
      }
    },
    {
      "type": "Feature",
      "geometry": {
        "type": "Point",
        "coordinates": [
          -0.12795,
          51.507426
        ]
      },
      "properties": {
        "timestamp": "2025-08-14T19:28:00Z"
      }
    },
    {
      "type": "Feature",
      "geometry": {
        "type": "Point",
        "coordinates": [
          -0.127949,
          51.507425
        ]
      },
      "properties": {
        "timestamp": "2025-08-14T19:28:01Z"
      }
    },
    {
      "type": "Feature",
      "geometry": {
        "type": "Point",
        "coordinates": [
          -0.127948,
          51.507425
        ]
      },
      "properties": {
        "timestamp": "2025-08-14T19:28:02Z"
      }
    },
    {
      "type": "Feature",
      "geometry": {
        "type": "Point",
        "coordinates": [
          -0.127948,
          51.507425
        ]
      },
      "properties": {
        "timestamp": "2025-08-14T19:28:03Z"
      }
    },
    {
      "type": "Feature",
      "geometry": {
        "type": "Point",
        "coordinates": [
          -0.127948,
          51.507425
        ]
      },
      "properties": {
        "timestamp": "2025-08-14T19:28:04Z"
      }
    },
    {
      "type": "Feature",
      "geometry": {
        "type": "Point",
        "coordinates": [
          -0.127948,
          51.507425
        ]
      },
      "properties": {
        "timestamp": "2025-08-14T19:28:05Z"
      }
    },
    {
      "type": "Feature",
      "geometry": {
        "type": "Point",
        "coordinates": [
          -0.127948,
          51.507426
        ]
      },
      "properties": {
        "timestamp": "2025-08-14T19:28:06Z"
      }
    },
    {
      "type": "Feature",
      "geometry": {
        "type": "Point",
        "coordinates": [
          -0.12795,
          51.507426
        ]
      },
      "properties": {
        "timestamp": "2025-08-14T19:28:07Z"
      }
    },
    {
      "type": "Feature",
      "geometry": {
        "type": "Point",
        "coordinates": [
          -0.127952,
          51.507426
        ]
      },
      "properties": {
        "timestamp": "2025-08-14T19:28:08Z"
      }
    },
    {
      "type": "Feature",
      "geometry": {
        "type": "Point",
        "coordinates": [
          -0.127957,
          51.507427
        ]
      },
      "properties": {
        "timestamp": "2025-08-14T19:28:09Z"
      }
    },
    {
      "type": "Feature",
      "geometry": {
        "type": "Point",
        "coordinates": [
          -0.127963,
          51.507427
        ]
      },
      "properties": {
        "timestamp": "2025-08-14T19:28:10Z"
      }
    },
    {
      "type": "Feature",
      "geometry": {
        "type": "Point",
        "coordinates": [
          -0.127973,
          51.507427
        ]
      },
      "properties": {
        "timestamp": "2025-08-14T19:28:11Z"
      }
    },
    {
      "type": "Feature",
      "geometry": {
        "type": "Point",
        "coordinates": [
          -0.127987,
          51.507428
        ]
      },
      "properties": {
        "timestamp": "2025-08-14T19:28:12Z"
      }
    },
    {
      "type": "Feature",
      "geometry": {
        "type": "Point",
        "coordinates": [
          -0.128005,
          51.507429
        ]
      },
      "properties": {
        "timestamp": "2025-08-14T19:28:13Z"
      }
    },
    {
      "type": "Feature",
      "geometry": {
        "type": "Point",
        "coordinates": [
          -0.128031,
          51.507431
        ]
      },
      "properties": {
        "timestamp": "2025-08-14T19:28:14Z"
      }
    },
    {
      "type": "Feature",
      "geometry": {
        "type": "Point",
        "coordinates": [
          -0.128063,
          51.507434
        ]
      },
      "properties": {
        "timestamp": "2025-08-14T19:28:15Z"
      }
    },
    {
      "type": "Feature",
      "geometry": {
        "type": "Point",
        "coordinates": [
          -0.128101,
          51.507438
        ]
      },
      "properties": {
        "timestamp": "2025-08-14T19:28:16Z"
      }
    },
    {
      "type": "Feature",
      "geometry": {
        "type": "Point",
        "coordinates": [
          -0.12814,
          51.507442
        ]
      },
      "properties": {
        "timestamp": "2025-08-14T19:28:17Z"
      }
    },
    {
      "type": "Feature",
      "geometry": {
        "type": "Point",
        "coordinates": [
          -0.12818,
          51.507446
        ]
      },
      "properties": {
        "timestamp": "2025-08-14T19:28:18Z"
      }
    },
    {
      "type": "Feature",
      "geometry": {
        "type": "Point",
        "coordinates": [
          -0.128217,
          51.507449
        ]
      },
      "properties": {
        "timestamp": "2025-08-14T19:28:19Z"
      }
    },
    {
      "type": "Feature",
      "geometry": {
        "type": "Point",
        "coordinates": [
          -0.12825,
          51.507452
        ]
      },
      "properties": {
        "timestamp": "2025-08-14T19:28:20Z"
      }
    },
    {
      "type": "Feature",
      "geometry": {
        "type": "Point",
        "coordinates": [
          -0.128279,
          51.507455
        ]
      },
      "properties": {
        "timestamp": "2025-08-14T19:28:21Z"
      }
    },
    {
      "type": "Feature",
      "geometry": {
        "type": "Point",
        "coordinates": [
          -0.1283,
          51.507456
        ]
      },
      "properties": {
        "timestamp": "2025-08-14T19:28:22Z"
      }
    },
    {
      "type": "Feature",
      "geometry": {
        "type": "Point",
        "coordinates": [
          -0.128315,
          51.507456
        ]
      },
      "properties": {
        "timestamp": "2025-08-14T19:28:23Z"
      }
    },
    {
      "type": "Feature",
      "geometry": {
        "type": "Point",
        "coordinates": [
          -0.128324,
          51.507456
        ]
      },
      "properties": {
        "timestamp": "2025-08-14T19:28:24Z"
      }
    },
    {
      "type": "Feature",
      "geometry": {
        "type": "Point",
        "coordinates": [
          -0.12833,
          51.507456
        ]
      },
      "properties": {
        "timestamp": "2025-08-14T19:28:25Z"
      }
    },
    {
      "type": "Feature",
      "geometry": {
        "type": "Point",
        "coordinates": [
          -0.128334,
          51.507456
        ]
      },
      "properties": {
        "timestamp": "2025-08-14T19:28:26Z"
      }
    },
    {
      "type": "Feature",
      "geometry": {
        "type": "Point",
        "coordinates": [
          -0.128336,
          51.507455
        ]
      },
      "properties": {
        "timestamp": "2025-08-14T19:28:27Z"
      }
    },
    {
      "type": "Feature",
      "geometry": {
        "type": "Point",
        "coordinates": [
          -0.128338,
          51.507454
        ]
      },
      "properties": {
        "timestamp": "2025-08-14T19:28:28Z"
      }
    },
    {
      "type": "Feature",
      "geometry": {
        "type": "Point",
        "coordinates": [
          -0.12834,
          51.507452
        ]
      },
      "properties": {
        "timestamp": "2025-08-14T19:28:29Z"
      }
    },
    {
      "type": "Feature",
      "geometry": {
        "type": "Point",
        "coordinates": [
          -0.128343,
          51.507451
        ]
      },
      "properties": {
        "timestamp": "2025-08-14T19:28:30Z"
      }
    },
    {
      "type": "Feature",
      "geometry": {
        "type": "Point",
        "coordinates": [
          -0.128348,
          51.507449
        ]
      },
      "properties": {
        "timestamp": "2025-08-14T19:28:31Z"
      }
    },
    {
      "type": "Feature",
      "geometry": {
        "type": "Point",
        "coordinates": [
          -0.128355,
          51.507446
        ]
      },
      "properties": {
        "timestamp": "2025-08-14T19:28:32Z"
      }
    },
    {
      "type": "Feature",
      "geometry": {
        "type": "Point",
        "coordinates": [
          -0.128366,
          51.507443
        ]
      },
      "properties": {
        "timestamp": "2025-08-14T19:28:33Z"
      }
    },
    {
      "type": "Feature",
      "geometry": {
        "type": "Point",
        "coordinates": [
          -0.12838,
          51.507439
        ]
      },
      "properties": {
        "timestamp": "2025-08-14T19:28:34Z"
      }
    },
    {
      "type": "Feature",
      "geometry": {
        "type": "Point",
        "coordinates": [
          -0.128399,
          51.507434
        ]
      },
      "properties": {
        "timestamp": "2025-08-14T19:28:35Z"
      }
    },
    {
      "type": "Feature",
      "geometry": {
        "type": "Point",
        "coordinates": [
          -0.128422,
          51.50743
        ]
      },
      "properties": {
        "timestamp": "2025-08-14T19:28:36Z"
      }
    },
    {
      "type": "Feature",
      "geometry": {
        "type": "Point",
        "coordinates": [
          -0.128449,
          51.507426
        ]
      },
      "properties": {
        "timestamp": "2025-08-14T19:28:37Z"
      }
    },
    {
      "type": "Feature",
      "geometry": {
        "type": "Point",
        "coordinates": [
          -0.128479,
          51.507425
        ]
      },
      "properties": {
        "timestamp": "2025-08-14T19:28:38Z"
      }
    },
    {
      "type": "Feature",
      "geometry": {
        "type": "Point",
        "coordinates": [
          -0.12851,
          51.507424
        ]
      },
      "properties": {
        "timestamp": "2025-08-14T19:28:39Z"
      }
    },
    {
      "type": "Feature",
      "geometry": {
        "type": "Point",
        "coordinates": [
          -0.128542,
          51.507426
        ]
      },
      "properties": {
        "timestamp": "2025-08-14T19:28:40Z"
      }
    },
    {
      "type": "Feature",
      "geometry": {
        "type": "Point",
        "coordinates": [
          -0.128571,
          51.507428
        ]
      },
      "properties": {
        "timestamp": "2025-08-14T19:28:41Z"
      }
    },
    {
      "type": "Feature",
      "geometry": {
        "type": "Point",
        "coordinates": [
          -0.1286,
          51.507431
        ]
      },
      "properties": {
        "timestamp": "2025-08-14T19:28:42Z"
      }
    },
    {
      "type": "Feature",
      "geometry": {
        "type": "Point",
        "coordinates": [
          -0.128629,
          51.507433
        ]
      },
      "properties": {
        "timestamp": "2025-08-14T19:28:43Z"
      }
    },
    {
      "type": "Feature",
      "geometry": {
        "type": "Point",
        "coordinates": [
          -0.128658,
          51.507435
        ]
      },
      "properties": {
        "timestamp": "2025-08-14T19:28:44Z"
      }
    },
    {
      "type": "Feature",
      "geometry": {
        "type": "Point",
        "coordinates": [
          -0.128687,
          51.507435
        ]
      },
      "properties": {
        "timestamp": "2025-08-14T19:28:45Z"
      }
    },
    {
      "type": "Feature",
      "geometry": {
        "type": "Point",
        "coordinates": [
          -0.128717,
          51.507435
        ]
      },
      "properties": {
        "timestamp": "2025-08-14T19:28:46Z"
      }
    },
    {
      "type": "Feature",
      "geometry": {
        "type": "Point",
        "coordinates": [
          -0.128748,
          51.507432
        ]
      },
      "properties": {
        "timestamp": "2025-08-14T19:28:47Z"
      }
    },
    {
      "type": "Feature",
      "geometry": {
        "type": "Point",
        "coordinates": [
          -0.12878,
          51.507426
        ]
      },
      "properties": {
        "timestamp": "2025-08-14T19:28:48Z"
      }
    },
    {
      "type": "Feature",
      "geometry": {
        "type": "Point",
        "coordinates": [
          -0.128812,
          51.507415
        ]
      },
      "properties": {
        "timestamp": "2025-08-14T19:28:49Z"
      }
    },
    {
      "type": "Feature",
      "geometry": {
        "type": "Point",
        "coordinates": [
          -0.128846,
          51.5074
        ]
      },
      "properties": {
        "timestamp": "2025-08-14T19:28:50Z"
      }
    },
    {
      "type": "Feature",
      "geometry": {
        "type": "Point",
        "coordinates": [
          -0.128879,
          51.50738
        ]
      },
      "properties": {
        "timestamp": "2025-08-14T19:28:51Z"
      }
    },
    {
      "type": "Feature",
      "geometry": {
        "type": "Point",
        "coordinates": [
          -0.128912,
          51.507358
        ]
      },
      "properties": {
        "timestamp": "2025-08-14T19:28:52Z"
      }
    },
    {
      "type": "Feature",
      "geometry": {
        "type": "Point",
        "coordinates": [
          -0.128943,
          51.507334
        ]
      },
      "properties": {
        "timestamp": "2025-08-14T19:28:53Z"
      }
    },
    {
      "type": "Feature",
      "geometry": {
        "type": "Point",
        "coordinates": [
          -0.128973,
          51.507309
        ]
      },
      "properties": {
        "timestamp": "2025-08-14T19:28:54Z"
      }
    },
    {
      "type": "Feature",
      "geometry": {
        "type": "Point",
        "coordinates": [
          -0.129001,
          51.507282
        ]
      },
      "properties": {
        "timestamp": "2025-08-14T19:28:55Z"
      }
    },
    {
      "type": "Feature",
      "geometry": {
        "type": "Point",
        "coordinates": [
          -0.129026,
          51.507255
        ]
      },
      "properties": {
        "timestamp": "2025-08-14T19:28:56Z"
      }
    },
    {
      "type": "Feature",
      "geometry": {
        "type": "Point",
        "coordinates": [
          -0.129051,
          51.507226
        ]
      },
      "properties": {
        "timestamp": "2025-08-14T19:28:57Z"
      }
    },
    {
      "type": "Feature",
      "geometry": {
        "type": "Point",
        "coordinates": [
          -0.129074,
          51.507197
        ]
      },
      "properties": {
        "timestamp": "2025-08-14T19:28:58Z"
      }
    },
    {
      "type": "Feature",
      "geometry": {
        "type": "Point",
        "coordinates": [
          -0.129098,
          51.507169
        ]
      },
      "properties": {
        "timestamp": "2025-08-14T19:28:59Z"
      }
    },
    {
      "type": "Feature",
      "geometry": {
        "type": "Point",
        "coordinates": [
          -0.129119,
          51.507141
        ]
      },
      "properties": {
        "timestamp": "2025-08-14T19:29:00Z"
      }
    },
    {
      "type": "Feature",
      "geometry": {
        "type": "Point",
        "coordinates": [
          -0.129136,
          51.507113
        ]
      },
      "properties": {
        "timestamp": "2025-08-14T19:29:01Z"
      }
    },
    {
      "type": "Feature",
      "geometry": {
        "type": "Point",
        "coordinates": [
          -0.129151,
          51.507084
        ]
      },
      "properties": {
        "timestamp": "2025-08-14T19:29:02Z"
      }
    },
    {
      "type": "Feature",
      "geometry": {
        "type": "Point",
        "coordinates": [
          -0.129162,
          51.507055
        ]
      },
      "properties": {
        "timestamp": "2025-08-14T19:29:03Z"
      }
    },
    {
      "type": "Feature",
      "geometry": {
        "type": "Point",
        "coordinates": [
          -0.129173,
          51.507024
        ]
      },
      "properties": {
        "timestamp": "2025-08-14T19:29:04Z"
      }
    },
    {
      "type": "Feature",
      "geometry": {
        "type": "Point",
        "coordinates": [
          -0.129183,
          51.506995
        ]
      },
      "properties": {
        "timestamp": "2025-08-14T19:29:05Z"
      }
    },
    {
      "type": "Feature",
      "geometry": {
        "type": "Point",
        "coordinates": [
          -0.129193,
          51.506967
        ]
      },
      "properties": {
        "timestamp": "2025-08-14T19:29:06Z"
      }
    },
    {
      "type": "Feature",
      "geometry": {
        "type": "Point",
        "coordinates": [
          -0.129206,
          51.50694
        ]
      },
      "properties": {
        "timestamp": "2025-08-14T19:29:07Z"
      }
    },
    {
      "type": "Feature",
      "geometry": {
        "type": "Point",
        "coordinates": [
          -0.129221,
          51.506913
        ]
      },
      "properties": {
        "timestamp": "2025-08-14T19:29:08Z"
      }
    },
    {
      "type": "Feature",
      "geometry": {
        "type": "Point",
        "coordinates": [
          -0.129236,
          51.506886
        ]
      },
      "properties": {
        "timestamp": "2025-08-14T19:29:09Z"
      }
    },
    {
      "type": "Feature",
      "geometry": {
        "type": "Point",
        "coordinates": [
          -0.12925,
          51.506858
        ]
      },
      "properties": {
        "timestamp": "2025-08-14T19:29:10Z"
      }
    },
    {
      "type": "Feature",
      "geometry": {
        "type": "Point",
        "coordinates": [
          -0.129263,
          51.506832
        ]
      },
      "properties": {
        "timestamp": "2025-08-14T19:29:11Z"
      }
    },
    {
      "type": "Feature",
      "geometry": {
        "type": "Point",
        "coordinates": [
          -0.129275,
          51.506806
        ]
      },
      "properties": {
        "timestamp": "2025-08-14T19:29:12Z"
      }
    },
    {
      "type": "Feature",
      "geometry": {
        "type": "Point",
        "coordinates": [
          -0.129284,
          51.506782
        ]
      },
      "properties": {
        "timestamp": "2025-08-14T19:29:13Z"
      }
    },
    {
      "type": "Feature",
      "geometry": {
        "type": "Point",
        "coordinates": [
          -0.12929,
          51.506758
        ]
      },
      "properties": {
        "timestamp": "2025-08-14T19:29:14Z"
      }
    },
    {
      "type": "Feature",
      "geometry": {
        "type": "Point",
        "coordinates": [
          -0.129295,
          51.506735
        ]
      },
      "properties": {
        "timestamp": "2025-08-14T19:29:15Z"
      }
    },
    {
      "type": "Feature",
      "geometry": {
        "type": "Point",
        "coordinates": [
          -0.129301,
          51.506713
        ]
      },
      "properties": {
        "timestamp": "2025-08-14T19:29:16Z"
      }
    },
    {
      "type": "Feature",
      "geometry": {
        "type": "Point",
        "coordinates": [
          -0.129308,
          51.506693
        ]
      },
      "properties": {
        "timestamp": "2025-08-14T19:29:17Z"
      }
    },
    {
      "type": "Feature",
      "geometry": {
        "type": "Point",
        "coordinates": [
          -0.129317,
          51.506674
        ]
      },
      "properties": {
        "timestamp": "2025-08-14T19:29:18Z"
      }
    },
    {
      "type": "Feature",
      "geometry": {
        "type": "Point",
        "coordinates": [
          -0.129327,
          51.506654
        ]
      },
      "properties": {
        "timestamp": "2025-08-14T19:29:19Z"
      }
    },
    {
      "type": "Feature",
      "geometry": {
        "type": "Point",
        "coordinates": [
          -0.129339,
          51.506633
        ]
      },
      "properties": {
        "timestamp": "2025-08-14T19:29:20Z"
      }
    },
    {
      "type": "Feature",
      "geometry": {
        "type": "Point",
        "coordinates": [
          -0.129351,
          51.50661
        ]
      },
      "properties": {
        "timestamp": "2025-08-14T19:29:21Z"
      }
    },
    {
      "type": "Feature",
      "geometry": {
        "type": "Point",
        "coordinates": [
          -0.129364,
          51.506587
        ]
      },
      "properties": {
        "timestamp": "2025-08-14T19:29:22Z"
      }
    },
    {
      "type": "Feature",
      "geometry": {
        "type": "Point",
        "coordinates": [
          -0.129377,
          51.506563
        ]
      },
      "properties": {
        "timestamp": "2025-08-14T19:29:23Z"
      }
    },
    {
      "type": "Feature",
      "geometry": {
        "type": "Point",
        "coordinates": [
          -0.12939,
          51.506543
        ]
      },
      "properties": {
        "timestamp": "2025-08-14T19:29:24Z"
      }
    },
    {
      "type": "Feature",
      "geometry": {
        "type": "Point",
        "coordinates": [
          -0.129404,
          51.506527
        ]
      },
      "properties": {
        "timestamp": "2025-08-14T19:29:25Z"
      }
    },
    {
      "type": "Feature",
      "geometry": {
        "type": "Point",
        "coordinates": [
          -0.129419,
          51.506514
        ]
      },
      "properties": {
        "timestamp": "2025-08-14T19:29:26Z"
      }
    },
    {
      "type": "Feature",
      "geometry": {
        "type": "Point",
        "coordinates": [
          -0.129436,
          51.506499
        ]
      },
      "properties": {
        "timestamp": "2025-08-14T19:29:27Z"
      }
    },
    {
      "type": "Feature",
      "geometry": {
        "type": "Point",
        "coordinates": [
          -0.129452,
          51.506482
        ]
      },
      "properties": {
        "timestamp": "2025-08-14T19:29:28Z"
      }
    },
    {
      "type": "Feature",
      "geometry": {
        "type": "Point",
        "coordinates": [
          -0.129467,
          51.506461
        ]
      },
      "properties": {
        "timestamp": "2025-08-14T19:29:29Z"
      }
    },
    {
      "type": "Feature",
      "geometry": {
        "type": "Point",
        "coordinates": [
          -0.129481,
          51.506435
        ]
      },
      "properties": {
        "timestamp": "2025-08-14T19:29:30Z"
      }
    },
    {
      "type": "Feature",
      "geometry": {
        "type": "Point",
        "coordinates": [
          -0.129494,
          51.506409
        ]
      },
      "properties": {
        "timestamp": "2025-08-14T19:29:31Z"
      }
    },
    {
      "type": "Feature",
      "geometry": {
        "type": "Point",
        "coordinates": [
          -0.129509,
          51.506384
        ]
      },
      "properties": {
        "timestamp": "2025-08-14T19:29:32Z"
      }
    },
    {
      "type": "Feature",
      "geometry": {
        "type": "Point",
        "coordinates": [
          -0.129528,
          51.50636
        ]
      },
      "properties": {
        "timestamp": "2025-08-14T19:29:33Z"
      }
    },
    {
      "type": "Feature",
      "geometry": {
        "type": "Point",
        "coordinates": [
          -0.129549,
          51.506338
        ]
      },
      "properties": {
        "timestamp": "2025-08-14T19:29:34Z"
      }
    },
    {
      "type": "Feature",
      "geometry": {
        "type": "Point",
        "coordinates": [
          -0.129571,
          51.506316
        ]
      },
      "properties": {
        "timestamp": "2025-08-14T19:29:35Z"
      }
    },
    {
      "type": "Feature",
      "geometry": {
        "type": "Point",
        "coordinates": [
          -0.129595,
          51.506295
        ]
      },
      "properties": {
        "timestamp": "2025-08-14T19:29:36Z"
      }
    },
    {
      "type": "Feature",
      "geometry": {
        "type": "Point",
        "coordinates": [
          -0.12962,
          51.506275
        ]
      },
      "properties": {
        "timestamp": "2025-08-14T19:29:37Z"
      }
    },
    {
      "type": "Feature",
      "geometry": {
        "type": "Point",
        "coordinates": [
          -0.129649,
          51.506256
        ]
      },
      "properties": {
        "timestamp": "2025-08-14T19:29:38Z"
      }
    },
    {
      "type": "Feature",
      "geometry": {
        "type": "Point",
        "coordinates": [
          -0.129679,
          51.506237
        ]
      },
      "properties": {
        "timestamp": "2025-08-14T19:29:39Z"
      }
    },
    {
      "type": "Feature",
      "geometry": {
        "type": "Point",
        "coordinates": [
          -0.129711,
          51.50622
        ]
      },
      "properties": {
        "timestamp": "2025-08-14T19:29:40Z"
      }
    },
    {
      "type": "Feature",
      "geometry": {
        "type": "Point",
        "coordinates": [
          -0.129743,
          51.506204
        ]
      },
      "properties": {
        "timestamp": "2025-08-14T19:29:41Z"
      }
    },
    {
      "type": "Feature",
      "geometry": {
        "type": "Point",
        "coordinates": [
          -0.129775,
          51.50619
        ]
      },
      "properties": {
        "timestamp": "2025-08-14T19:29:42Z"
      }
    },
    {
      "type": "Feature",
      "geometry": {
        "type": "Point",
        "coordinates": [
          -0.129809,
          51.506177
        ]
      },
      "properties": {
        "timestamp": "2025-08-14T19:29:43Z"
      }
    },
    {
      "type": "Feature",
      "geometry": {
        "type": "Point",
        "coordinates": [
          -0.129843,
          51.506163
        ]
      },
      "properties": {
        "timestamp": "2025-08-14T19:29:44Z"
      }
    },
    {
      "type": "Feature",
      "geometry": {
        "type": "Point",
        "coordinates": [
          -0.129877,
          51.506149
        ]
      },
      "properties": {
        "timestamp": "2025-08-14T19:29:45Z"
      }
    },
    {
      "type": "Feature",
      "geometry": {
        "type": "Point",
        "coordinates": [
          -0.129911,
          51.506134
        ]
      },
      "properties": {
        "timestamp": "2025-08-14T19:29:46Z"
      }
    },
    {
      "type": "Feature",
      "geometry": {
        "type": "Point",
        "coordinates": [
          -0.129944,
          51.506119
        ]
      },
      "properties": {
        "timestamp": "2025-08-14T19:29:47Z"
      }
    },
    {
      "type": "Feature",
      "geometry": {
        "type": "Point",
        "coordinates": [
          -0.129979,
          51.506104
        ]
      },
      "properties": {
        "timestamp": "2025-08-14T19:29:48Z"
      }
    },
    {
      "type": "Feature",
      "geometry": {
        "type": "Point",
        "coordinates": [
          -0.130016,
          51.506089
        ]
      },
      "properties": {
        "timestamp": "2025-08-14T19:29:50Z"
      }
    },
    {
      "type": "Feature",
      "geometry": {
        "type": "Point",
        "coordinates": [
          -0.130053,
          51.506074
        ]
      },
      "properties": {
        "timestamp": "2025-08-14T19:29:51Z"
      }
    },
    {
      "type": "Feature",
      "geometry": {
        "type": "Point",
        "coordinates": [
          -0.13009,
          51.506059
        ]
      },
      "properties": {
        "timestamp": "2025-08-14T19:29:52Z"
      }
    },
    {
      "type": "Feature",
      "geometry": {
        "type": "Point",
        "coordinates": [
          -0.130126,
          51.506044
        ]
      },
      "properties": {
        "timestamp": "2025-08-14T19:29:53Z"
      }
    },
    {
      "type": "Feature",
      "geometry": {
        "type": "Point",
        "coordinates": [
          -0.13016,
          51.506029
        ]
      },
      "properties": {
        "timestamp": "2025-08-14T19:29:54Z"
      }
    },
    {
      "type": "Feature",
      "geometry": {
        "type": "Point",
        "coordinates": [
          -0.130192,
          51.506014
        ]
      },
      "properties": {
        "timestamp": "2025-08-14T19:29:55Z"
      }
    },
    {
      "type": "Feature",
      "geometry": {
        "type": "Point",
        "coordinates": [
          -0.130224,
          51.506
        ]
      },
      "properties": {
        "timestamp": "2025-08-14T19:29:56Z"
      }
    },
    {
      "type": "Feature",
      "geometry": {
        "type": "Point",
        "coordinates": [
          -0.130257,
          51.505986
        ]
      },
      "properties": {
        "timestamp": "2025-08-14T19:29:57Z"
      }
    },
    {
      "type": "Feature",
      "geometry": {
        "type": "Point",
        "coordinates": [
          -0.130292,
          51.505974
        ]
      },
      "properties": {
        "timestamp": "2025-08-14T19:29:58Z"
      }
    },
    {
      "type": "Feature",
      "geometry": {
        "type": "Point",
        "coordinates": [
          -0.130331,
          51.505962
        ]
      },
      "properties": {
        "timestamp": "2025-08-14T19:29:59Z"
      }
    },
    {
      "type": "Feature",
      "geometry": {
        "type": "Point",
        "coordinates": [
          -0.130371,
          51.505951
        ]
      },
      "properties": {
        "timestamp": "2025-08-14T19:30:00Z"
      }
    },
    {
      "type": "Feature",
      "geometry": {
        "type": "Point",
        "coordinates": [
          -0.13041,
          51.50594
        ]
      },
      "properties": {
        "timestamp": "2025-08-14T19:30:01Z"
      }
    },
    {
      "type": "Feature",
      "geometry": {
        "type": "Point",
        "coordinates": [
          -0.130448,
          51.505928
        ]
      },
      "properties": {
        "timestamp": "2025-08-14T19:30:02Z"
      }
    },
    {
      "type": "Feature",
      "geometry": {
        "type": "Point",
        "coordinates": [
          -0.130482,
          51.505914
        ]
      },
      "properties": {
        "timestamp": "2025-08-14T19:30:03Z"
      }
    },
    {
      "type": "Feature",
      "geometry": {
        "type": "Point",
        "coordinates": [
          -0.130512,
          51.505898
        ]
      },
      "properties": {
        "timestamp": "2025-08-14T19:30:04Z"
      }
    },
    {
      "type": "Feature",
      "geometry": {
        "type": "Point",
        "coordinates": [
          -0.130539,
          51.50588
        ]
      },
      "properties": {
        "timestamp": "2025-08-14T19:30:05Z"
      }
    },
    {
      "type": "Feature",
      "geometry": {
        "type": "Point",
        "coordinates": [
          -0.130564,
          51.505862
        ]
      },
      "properties": {
        "timestamp": "2025-08-14T19:30:06Z"
      }
    },
    {
      "type": "Feature",
      "geometry": {
        "type": "Point",
        "coordinates": [
          -0.130587,
          51.505844
        ]
      },
      "properties": {
        "timestamp": "2025-08-14T19:30:07Z"
      }
    },
    {
      "type": "Feature",
      "geometry": {
        "type": "Point",
        "coordinates": [
          -0.130609,
          51.505829
        ]
      },
      "properties": {
        "timestamp": "2025-08-14T19:30:08Z"
      }
    },
    {
      "type": "Feature",
      "geometry": {
        "type": "Point",
        "coordinates": [
          -0.130633,
          51.505816
        ]
      },
      "properties": {
        "timestamp": "2025-08-14T19:30:09Z"
      }
    },
    {
      "type": "Feature",
      "geometry": {
        "type": "Point",
        "coordinates": [
          -0.13066,
          51.505805
        ]
      },
      "properties": {
        "timestamp": "2025-08-14T19:30:10Z"
      }
    },
    {
      "type": "Feature",
      "geometry": {
        "type": "Point",
        "coordinates": [
          -0.130687,
          51.505794
        ]
      },
      "properties": {
        "timestamp": "2025-08-14T19:30:11Z"
      }
    },
    {
      "type": "Feature",
      "geometry": {
        "type": "Point",
        "coordinates": [
          -0.130712,
          51.505781
        ]
      },
      "properties": {
        "timestamp": "2025-08-14T19:30:12Z"
      }
    },
    {
      "type": "Feature",
      "geometry": {
        "type": "Point",
        "coordinates": [
          -0.130736,
          51.505765
        ]
      },
      "properties": {
        "timestamp": "2025-08-14T19:30:13Z"
      }
    },
    {
      "type": "Feature",
      "geometry": {
        "type": "Point",
        "coordinates": [
          -0.130758,
          51.505749
        ]
      },
      "properties": {
        "timestamp": "2025-08-14T19:30:14Z"
      }
    },
    {
      "type": "Feature",
      "geometry": {
        "type": "Point",
        "coordinates": [
          -0.130777,
          51.505733
        ]
      },
      "properties": {
        "timestamp": "2025-08-14T19:30:15Z"
      }
    },
    {
      "type": "Feature",
      "geometry": {
        "type": "Point",
        "coordinates": [
          -0.13079,
          51.505717
        ]
      },
      "properties": {
        "timestamp": "2025-08-14T19:30:16Z"
      }
    },
    {
      "type": "Feature",
      "geometry": {
        "type": "Point",
        "coordinates": [
          -0.130797,
          51.505705
        ]
      },
      "properties": {
        "timestamp": "2025-08-14T19:30:17Z"
      }
    },
    {
      "type": "Feature",
      "geometry": {
        "type": "Point",
        "coordinates": [
          -0.1308,
          51.505697
        ]
      },
      "properties": {
        "timestamp": "2025-08-14T19:30:18Z"
      }
    },
    {
      "type": "Feature",
      "geometry": {
        "type": "Point",
        "coordinates": [
          -0.130801,
          51.505693
        ]
      },
      "properties": {
        "timestamp": "2025-08-14T19:30:19Z"
      }
    },
    {
      "type": "Feature",
      "geometry": {
        "type": "Point",
        "coordinates": [
          -0.130804,
          51.505692
        ]
      },
      "properties": {
        "timestamp": "2025-08-14T19:30:20Z"
      }
    },
    {
      "type": "Feature",
      "geometry": {
        "type": "Point",
        "coordinates": [
          -0.130809,
          51.505692
        ]
      },
      "properties": {
        "timestamp": "2025-08-14T19:30:21Z"
      }
    },
    {
      "type": "Feature",
      "geometry": {
        "type": "Point",
        "coordinates": [
          -0.130814,
          51.505693
        ]
      },
      "properties": {
        "timestamp": "2025-08-14T19:30:22Z"
      }
    },
    {
      "type": "Feature",
      "geometry": {
        "type": "Point",
        "coordinates": [
          -0.130818,
          51.505695
        ]
      },
      "properties": {
        "timestamp": "2025-08-14T19:30:23Z"
      }
    },
    {
      "type": "Feature",
      "geometry": {
        "type": "Point",
        "coordinates": [
          -0.130822,
          51.505697
        ]
      },
      "properties": {
        "timestamp": "2025-08-14T19:30:24Z"
      }
    },
    {
      "type": "Feature",
      "geometry": {
        "type": "Point",
        "coordinates": [
          -0.130823,
          51.505699
        ]
      },
      "properties": {
        "timestamp": "2025-08-14T19:30:25Z"
      }
    },
    {
      "type": "Feature",
      "geometry": {
        "type": "Point",
        "coordinates": [
          -0.130825,
          51.505701
        ]
      },
      "properties": {
        "timestamp": "2025-08-14T19:30:26Z"
      }
    },
    {
      "type": "Feature",
      "geometry": {
        "type": "Point",
        "coordinates": [
          -0.130826,
          51.505703
        ]
      },
      "properties": {
        "timestamp": "2025-08-14T19:30:27Z"
      }
    },
    {
      "type": "Feature",
      "geometry": {
        "type": "Point",
        "coordinates": [
          -0.130828,
          51.505705
        ]
      },
      "properties": {
        "timestamp": "2025-08-14T19:30:28Z"
      }
    },
    {
      "type": "Feature",
      "geometry": {
        "type": "Point",
        "coordinates": [
          -0.13083,
          51.505707
        ]
      },
      "properties": {
        "timestamp": "2025-08-14T19:30:29Z"
      }
    },
    {
      "type": "Feature",
      "geometry": {
        "type": "Point",
        "coordinates": [
          -0.130831,
          51.505709
        ]
      },
      "properties": {
        "timestamp": "2025-08-14T19:30:30Z"
      }
    },
    {
      "type": "Feature",
      "geometry": {
        "type": "Point",
        "coordinates": [
          -0.130832,
          51.50571
        ]
      },
      "properties": {
        "timestamp": "2025-08-14T19:30:31Z"
      }
    },
    {
      "type": "Feature",
      "geometry": {
        "type": "Point",
        "coordinates": [
          -0.130835,
          51.50571
        ]
      },
      "properties": {
        "timestamp": "2025-08-14T19:30:32Z"
      }
    },
    {
      "type": "Feature",
      "geometry": {
        "type": "Point",
        "coordinates": [
          -0.13084,
          51.505708
        ]
      },
      "properties": {
        "timestamp": "2025-08-14T19:30:33Z"
      }
    },
    {
      "type": "Feature",
      "geometry": {
        "type": "Point",
        "coordinates": [
          -0.130865,
          51.5057
        ]
      },
      "properties": {
        "timestamp": "2025-08-14T19:30:34Z"
      }
    },
    {
      "type": "Feature",
      "geometry": {
        "type": "Point",
        "coordinates": [
          -0.13085,
          51.505705
        ]
      },
      "properties": {
        "timestamp": "2025-08-14T19:30:34Z"
      }
    },
    {
      "type": "Feature",
      "geometry": {
        "type": "Point",
        "coordinates": [
          -0.130885,
          51.505693
        ]
      },
      "properties": {
        "timestamp": "2025-08-14T19:30:35Z"
      }
    },
    {
      "type": "Feature",
      "geometry": {
        "type": "Point",
        "coordinates": [
          -0.13091,
          51.505684
        ]
      },
      "properties": {
        "timestamp": "2025-08-14T19:30:36Z"
      }
    },
    {
      "type": "Feature",
      "geometry": {
        "type": "Point",
        "coordinates": [
          -0.130937,
          51.505672
        ]
      },
      "properties": {
        "timestamp": "2025-08-14T19:30:37Z"
      }
    },
    {
      "type": "Feature",
      "geometry": {
        "type": "Point",
        "coordinates": [
          -0.130964,
          51.505657
        ]
      },
      "properties": {
        "timestamp": "2025-08-14T19:30:38Z"
      }
    },
    {
      "type": "Feature",
      "geometry": {
        "type": "Point",
        "coordinates": [
          -0.13099,
          51.505639
        ]
      },
      "properties": {
        "timestamp": "2025-08-14T19:30:39Z"
      }
    },
    {
      "type": "Feature",
      "geometry": {
        "type": "Point",
        "coordinates": [
          -0.131018,
          51.505621
        ]
      },
      "properties": {
        "timestamp": "2025-08-14T19:30:40Z"
      }
    },
    {
      "type": "Feature",
      "geometry": {
        "type": "Point",
        "coordinates": [
          -0.131051,
          51.505602
        ]
      },
      "properties": {
        "timestamp": "2025-08-14T19:30:41Z"
      }
    },
    {
      "type": "Feature",
      "geometry": {
        "type": "Point",
        "coordinates": [
          -0.131091,
          51.505586
        ]
      },
      "properties": {
        "timestamp": "2025-08-14T19:30:42Z"
      }
    },
    {
      "type": "Feature",
      "geometry": {
        "type": "Point",
        "coordinates": [
          -0.131135,
          51.50557
        ]
      },
      "properties": {
        "timestamp": "2025-08-14T19:30:43Z"
      }
    },
    {
      "type": "Feature",
      "geometry": {
        "type": "Point",
        "coordinates": [
          -0.13118,
          51.505554
        ]
      },
      "properties": {
        "timestamp": "2025-08-14T19:30:44Z"
      }
    },
    {
      "type": "Feature",
      "geometry": {
        "type": "Point",
        "coordinates": [
          -0.131225,
          51.505539
        ]
      },
      "properties": {
        "timestamp": "2025-08-14T19:30:45Z"
      }
    },
    {
      "type": "Feature",
      "geometry": {
        "type": "Point",
        "coordinates": [
          -0.131271,
          51.505524
        ]
      },
      "properties": {
        "timestamp": "2025-08-14T19:30:46Z"
      }
    },
    {
      "type": "Feature",
      "geometry": {
        "type": "Point",
        "coordinates": [
          -0.131318,
          51.505508
        ]
      },
      "properties": {
        "timestamp": "2025-08-14T19:30:47Z"
      }
    },
    {
      "type": "Feature",
      "geometry": {
        "type": "Point",
        "coordinates": [
          -0.131365,
          51.505491
        ]
      },
      "properties": {
        "timestamp": "2025-08-14T19:30:48Z"
      }
    },
    {
      "type": "Feature",
      "geometry": {
        "type": "Point",
        "coordinates": [
          -0.13141,
          51.505474
        ]
      },
      "properties": {
        "timestamp": "2025-08-14T19:30:49Z"
      }
    },
    {
      "type": "Feature",
      "geometry": {
        "type": "Point",
        "coordinates": [
          -0.131451,
          51.505458
        ]
      },
      "properties": {
        "timestamp": "2025-08-14T19:30:50Z"
      }
    },
    {
      "type": "Feature",
      "geometry": {
        "type": "Point",
        "coordinates": [
          -0.13149,
          51.505442
        ]
      },
      "properties": {
        "timestamp": "2025-08-14T19:30:51Z"
      }
    },
    {
      "type": "Feature",
      "geometry": {
        "type": "Point",
        "coordinates": [
          -0.131529,
          51.505426
        ]
      },
      "properties": {
        "timestamp": "2025-08-14T19:30:52Z"
      }
    },
    {
      "type": "Feature",
      "geometry": {
        "type": "Point",
        "coordinates": [
          -0.131568,
          51.505408
        ]
      },
      "properties": {
        "timestamp": "2025-08-14T19:30:53Z"
      }
    },
    {
      "type": "Feature",
      "geometry": {
        "type": "Point",
        "coordinates": [
          -0.131606,
          51.505391
        ]
      },
      "properties": {
        "timestamp": "2025-08-14T19:30:54Z"
      }
    },
    {
      "type": "Feature",
      "geometry": {
        "type": "Point",
        "coordinates": [
          -0.131642,
          51.505373
        ]
      },
      "properties": {
        "timestamp": "2025-08-14T19:30:55Z"
      }
    },
    {
      "type": "Feature",
      "geometry": {
        "type": "Point",
        "coordinates": [
          -0.131677,
          51.505356
        ]
      },
      "properties": {
        "timestamp": "2025-08-14T19:30:56Z"
      }
    },
    {
      "type": "Feature",
      "geometry": {
        "type": "Point",
        "coordinates": [
          -0.131712,
          51.505339
        ]
      },
      "properties": {
        "timestamp": "2025-08-14T19:30:57Z"
      }
    },
    {
      "type": "Feature",
      "geometry": {
        "type": "Point",
        "coordinates": [
          -0.131748,
          51.505322
        ]
      },
      "properties": {
        "timestamp": "2025-08-14T19:30:58Z"
      }
    },
    {
      "type": "Feature",
      "geometry": {
        "type": "Point",
        "coordinates": [
          -0.131786,
          51.505305
        ]
      },
      "properties": {
        "timestamp": "2025-08-14T19:30:59Z"
      }
    },
    {
      "type": "Feature",
      "geometry": {
        "type": "Point",
        "coordinates": [
          -0.131825,
          51.50529
        ]
      },
      "properties": {
        "timestamp": "2025-08-14T19:31:00Z"
      }
    },
    {
      "type": "Feature",
      "geometry": {
        "type": "Point",
        "coordinates": [
          -0.131864,
          51.505276
        ]
      },
      "properties": {
        "timestamp": "2025-08-14T19:31:01Z"
      }
    },
    {
      "type": "Feature",
      "geometry": {
        "type": "Point",
        "coordinates": [
          -0.131903,
          51.505262
        ]
      },
      "properties": {
        "timestamp": "2025-08-14T19:31:02Z"
      }
    },
    {
      "type": "Feature",
      "geometry": {
        "type": "Point",
        "coordinates": [
          -0.131942,
          51.505249
        ]
      },
      "properties": {
        "timestamp": "2025-08-14T19:31:03Z"
      }
    },
    {
      "type": "Feature",
      "geometry": {
        "type": "Point",
        "coordinates": [
          -0.131981,
          51.505235
        ]
      },
      "properties": {
        "timestamp": "2025-08-14T19:31:04Z"
      }
    },
    {
      "type": "Feature",
      "geometry": {
        "type": "Point",
        "coordinates": [
          -0.132021,
          51.505221
        ]
      },
      "properties": {
        "timestamp": "2025-08-14T19:31:05Z"
      }
    },
    {
      "type": "Feature",
      "geometry": {
        "type": "Point",
        "coordinates": [
          -0.132061,
          51.505205
        ]
      },
      "properties": {
        "timestamp": "2025-08-14T19:31:06Z"
      }
    },
    {
      "type": "Feature",
      "geometry": {
        "type": "Point",
        "coordinates": [
          -0.1321,
          51.505189
        ]
      },
      "properties": {
        "timestamp": "2025-08-14T19:31:07Z"
      }
    },
    {
      "type": "Feature",
      "geometry": {
        "type": "Point",
        "coordinates": [
          -0.132138,
          51.505172
        ]
      },
      "properties": {
        "timestamp": "2025-08-14T19:31:08Z"
      }
    },
    {
      "type": "Feature",
      "geometry": {
        "type": "Point",
        "coordinates": [
          -0.132175,
          51.505156
        ]
      },
      "properties": {
        "timestamp": "2025-08-14T19:31:09Z"
      }
    },
    {
      "type": "Feature",
      "geometry": {
        "type": "Point",
        "coordinates": [
          -0.132211,
          51.505141
        ]
      },
      "properties": {
        "timestamp": "2025-08-14T19:31:10Z"
      }
    },
    {
      "type": "Feature",
      "geometry": {
        "type": "Point",
        "coordinates": [
          -0.132246,
          51.505127
        ]
      },
      "properties": {
        "timestamp": "2025-08-14T19:31:11Z"
      }
    },
    {
      "type": "Feature",
      "geometry": {
        "type": "Point",
        "coordinates": [
          -0.132282,
          51.505112
        ]
      },
      "properties": {
        "timestamp": "2025-08-14T19:31:12Z"
      }
    },
    {
      "type": "Feature",
      "geometry": {
        "type": "Point",
        "coordinates": [
          -0.132319,
          51.505097
        ]
      },
      "properties": {
        "timestamp": "2025-08-14T19:31:13Z"
      }
    },
    {
      "type": "Feature",
      "geometry": {
        "type": "Point",
        "coordinates": [
          -0.132357,
          51.505082
        ]
      },
      "properties": {
        "timestamp": "2025-08-14T19:31:14Z"
      }
    },
    {
      "type": "Feature",
      "geometry": {
        "type": "Point",
        "coordinates": [
          -0.132397,
          51.505065
        ]
      },
      "properties": {
        "timestamp": "2025-08-14T19:31:15Z"
      }
    },
    {
      "type": "Feature",
      "geometry": {
        "type": "Point",
        "coordinates": [
          -0.132435,
          51.505048
        ]
      },
      "properties": {
        "timestamp": "2025-08-14T19:31:16Z"
      }
    },
    {
      "type": "Feature",
      "geometry": {
        "type": "Point",
        "coordinates": [
          -0.13247,
          51.505031
        ]
      },
      "properties": {
        "timestamp": "2025-08-14T19:31:17Z"
      }
    },
    {
      "type": "Feature",
      "geometry": {
        "type": "Point",
        "coordinates": [
          -0.132503,
          51.505016
        ]
      },
      "properties": {
        "timestamp": "2025-08-14T19:31:18Z"
      }
    },
    {
      "type": "Feature",
      "geometry": {
        "type": "Point",
        "coordinates": [
          -0.132536,
          51.505001
        ]
      },
      "properties": {
        "timestamp": "2025-08-14T19:31:19Z"
      }
    },
    {
      "type": "Feature",
      "geometry": {
        "type": "Point",
        "coordinates": [
          -0.132569,
          51.504987
        ]
      },
      "properties": {
        "timestamp": "2025-08-14T19:31:20Z"
      }
    },
    {
      "type": "Feature",
      "geometry": {
        "type": "Point",
        "coordinates": [
          -0.132603,
          51.504973
        ]
      },
      "properties": {
        "timestamp": "2025-08-14T19:31:21Z"
      }
    },
    {
      "type": "Feature",
      "geometry": {
        "type": "Point",
        "coordinates": [
          -0.132637,
          51.50496
        ]
      },
      "properties": {
        "timestamp": "2025-08-14T19:31:22Z"
      }
    },
    {
      "type": "Feature",
      "geometry": {
        "type": "Point",
        "coordinates": [
          -0.132673,
          51.504947
        ]
      },
      "properties": {
        "timestamp": "2025-08-14T19:31:23Z"
      }
    },
    {
      "type": "Feature",
      "geometry": {
        "type": "Point",
        "coordinates": [
          -0.132709,
          51.504934
        ]
      },
      "properties": {
        "timestamp": "2025-08-14T19:31:24Z"
      }
    },
    {
      "type": "Feature",
      "geometry": {
        "type": "Point",
        "coordinates": [
          -0.132744,
          51.50492
        ]
      },
      "properties": {
        "timestamp": "2025-08-14T19:31:25Z"
      }
    },
    {
      "type": "Feature",
      "geometry": {
        "type": "Point",
        "coordinates": [
          -0.132777,
          51.504906
        ]
      },
      "properties": {
        "timestamp": "2025-08-14T19:31:26Z"
      }
    },
    {
      "type": "Feature",
      "geometry": {
        "type": "Point",
        "coordinates": [
          -0.132811,
          51.504891
        ]
      },
      "properties": {
        "timestamp": "2025-08-14T19:31:27Z"
      }
    },
    {
      "type": "Feature",
      "geometry": {
        "type": "Point",
        "coordinates": [
          -0.132845,
          51.504876
        ]
      },
      "properties": {
        "timestamp": "2025-08-14T19:31:28Z"
      }
    },
    {
      "type": "Feature",
      "geometry": {
        "type": "Point",
        "coordinates": [
          -0.13288,
          51.50486
        ]
      },
      "properties": {
        "timestamp": "2025-08-14T19:31:29Z"
      }
    },
    {
      "type": "Feature",
      "geometry": {
        "type": "Point",
        "coordinates": [
          -0.132917,
          51.504845
        ]
      },
      "properties": {
        "timestamp": "2025-08-14T19:31:30Z"
      }
    },
    {
      "type": "Feature",
      "geometry": {
        "type": "Point",
        "coordinates": [
          -0.132955,
          51.504832
        ]
      },
      "properties": {
        "timestamp": "2025-08-14T19:31:31Z"
      }
    },
    {
      "type": "Feature",
      "geometry": {
        "type": "Point",
        "coordinates": [
          -0.132993,
          51.504819
        ]
      },
      "properties": {
        "timestamp": "2025-08-14T19:31:32Z"
      }
    },
    {
      "type": "Feature",
      "geometry": {
        "type": "Point",
        "coordinates": [
          -0.13303,
          51.504806
        ]
      },
      "properties": {
        "timestamp": "2025-08-14T19:31:33Z"
      }
    },
    {
      "type": "Feature",
      "geometry": {
        "type": "Point",
        "coordinates": [
          -0.133066,
          51.504794
        ]
      },
      "properties": {
        "timestamp": "2025-08-14T19:31:34Z"
      }
    },
    {
      "type": "Feature",
      "geometry": {
        "type": "Point",
        "coordinates": [
          -0.133102,
          51.504781
        ]
      },
      "properties": {
        "timestamp": "2025-08-14T19:31:35Z"
      }
    },
    {
      "type": "Feature",
      "geometry": {
        "type": "Point",
        "coordinates": [
          -0.133137,
          51.50477
        ]
      },
      "properties": {
        "timestamp": "2025-08-14T19:31:36Z"
      }
    },
    {
      "type": "Feature",
      "geometry": {
        "type": "Point",
        "coordinates": [
          -0.133173,
          51.50476
        ]
      },
      "properties": {
        "timestamp": "2025-08-14T19:31:37Z"
      }
    },
    {
      "type": "Feature",
      "geometry": {
        "type": "Point",
        "coordinates": [
          -0.133208,
          51.504751
        ]
      },
      "properties": {
        "timestamp": "2025-08-14T19:31:38Z"
      }
    },
    {
      "type": "Feature",
      "geometry": {
        "type": "Point",
        "coordinates": [
          -0.133241,
          51.504741
        ]
      },
      "properties": {
        "timestamp": "2025-08-14T19:31:39Z"
      }
    },
    {
      "type": "Feature",
      "geometry": {
        "type": "Point",
        "coordinates": [
          -0.133271,
          51.50473
        ]
      },
      "properties": {
        "timestamp": "2025-08-14T19:31:40Z"
      }
    },
    {
      "type": "Feature",
      "geometry": {
        "type": "Point",
        "coordinates": [
          -0.133296,
          51.504718
        ]
      },
      "properties": {
        "timestamp": "2025-08-14T19:31:41Z"
      }
    },
    {
      "type": "Feature",
      "geometry": {
        "type": "Point",
        "coordinates": [
          -0.133316,
          51.504704
        ]
      },
      "properties": {
        "timestamp": "2025-08-14T19:31:43Z"
      }
    },
    {
      "type": "Feature",
      "geometry": {
        "type": "Point",
        "coordinates": [
          -0.133331,
          51.504689
        ]
      },
      "properties": {
        "timestamp": "2025-08-14T19:31:44Z"
      }
    },
    {
      "type": "Feature",
      "geometry": {
        "type": "Point",
        "coordinates": [
          -0.133343,
          51.504675
        ]
      },
      "properties": {
        "timestamp": "2025-08-14T19:31:45Z"
      }
    },
    {
      "type": "Feature",
      "geometry": {
        "type": "Point",
        "coordinates": [
          -0.133355,
          51.504664
        ]
      },
      "properties": {
        "timestamp": "2025-08-14T19:31:46Z"
      }
    },
    {
      "type": "Feature",
      "geometry": {
        "type": "Point",
        "coordinates": [
          -0.133364,
          51.504653
        ]
      },
      "properties": {
        "timestamp": "2025-08-14T19:31:47Z"
      }
    },
    {
      "type": "Feature",
      "geometry": {
        "type": "Point",
        "coordinates": [
          -0.133372,
          51.504643
        ]
      },
      "properties": {
        "timestamp": "2025-08-14T19:31:48Z"
      }
    },
    {
      "type": "Feature",
      "geometry": {
        "type": "Point",
        "coordinates": [
          -0.133381,
          51.504634
        ]
      },
      "properties": {
        "timestamp": "2025-08-14T19:31:49Z"
      }
    },
    {
      "type": "Feature",
      "geometry": {
        "type": "Point",
        "coordinates": [
          -0.133397,
          51.504624
        ]
      },
      "properties": {
        "timestamp": "2025-08-14T19:31:50Z"
      }
    },
    {
      "type": "Feature",
      "geometry": {
        "type": "Point",
        "coordinates": [
          -0.133423,
          51.504612
        ]
      },
      "properties": {
        "timestamp": "2025-08-14T19:31:51Z"
      }
    },
    {
      "type": "Feature",
      "geometry": {
        "type": "Point",
        "coordinates": [
          -0.133457,
          51.504598
        ]
      },
      "properties": {
        "timestamp": "2025-08-14T19:31:52Z"
      }
    },
    {
      "type": "Feature",
      "geometry": {
        "type": "Point",
        "coordinates": [
          -0.133497,
          51.504583
        ]
      },
      "properties": {
        "timestamp": "2025-08-14T19:31:53Z"
      }
    },
    {
      "type": "Feature",
      "geometry": {
        "type": "Point",
        "coordinates": [
          -0.13354,
          51.504566
        ]
      },
      "properties": {
        "timestamp": "2025-08-14T19:31:54Z"
      }
    },
    {
      "type": "Feature",
      "geometry": {
        "type": "Point",
        "coordinates": [
          -0.133582,
          51.50455
        ]
      },
      "properties": {
        "timestamp": "2025-08-14T19:31:55Z"
      }
    },
    {
      "type": "Feature",
      "geometry": {
        "type": "Point",
        "coordinates": [
          -0.133624,
          51.504533
        ]
      },
      "properties": {
        "timestamp": "2025-08-14T19:31:56Z"
      }
    },
    {
      "type": "Feature",
      "geometry": {
        "type": "Point",
        "coordinates": [
          -0.133664,
          51.504517
        ]
      },
      "properties": {
        "timestamp": "2025-08-14T19:31:57Z"
      }
    },
    {
      "type": "Feature",
      "geometry": {
        "type": "Point",
        "coordinates": [
          -0.133703,
          51.504501
        ]
      },
      "properties": {
        "timestamp": "2025-08-14T19:31:58Z"
      }
    },
    {
      "type": "Feature",
      "geometry": {
        "type": "Point",
        "coordinates": [
          -0.133742,
          51.504485
        ]
      },
      "properties": {
        "timestamp": "2025-08-14T19:31:59Z"
      }
    },
    {
      "type": "Feature",
      "geometry": {
        "type": "Point",
        "coordinates": [
          -0.133781,
          51.50447
        ]
      },
      "properties": {
        "timestamp": "2025-08-14T19:32:00Z"
      }
    },
    {
      "type": "Feature",
      "geometry": {
        "type": "Point",
        "coordinates": [
          -0.13382,
          51.504455
        ]
      },
      "properties": {
        "timestamp": "2025-08-14T19:32:01Z"
      }
    },
    {
      "type": "Feature",
      "geometry": {
        "type": "Point",
        "coordinates": [
          -0.13386,
          51.504439
        ]
      },
      "properties": {
        "timestamp": "2025-08-14T19:32:02Z"
      }
    },
    {
      "type": "Feature",
      "geometry": {
        "type": "Point",
        "coordinates": [
          -0.1339,
          51.504423
        ]
      },
      "properties": {
        "timestamp": "2025-08-14T19:32:03Z"
      }
    },
    {
      "type": "Feature",
      "geometry": {
        "type": "Point",
        "coordinates": [
          -0.13394,
          51.504407
        ]
      },
      "properties": {
        "timestamp": "2025-08-14T19:32:04Z"
      }
    },
    {
      "type": "Feature",
      "geometry": {
        "type": "Point",
        "coordinates": [
          -0.13398,
          51.504391
        ]
      },
      "properties": {
        "timestamp": "2025-08-14T19:32:05Z"
      }
    },
    {
      "type": "Feature",
      "geometry": {
        "type": "Point",
        "coordinates": [
          -0.134019,
          51.504375
        ]
      },
      "properties": {
        "timestamp": "2025-08-14T19:32:06Z"
      }
    },
    {
      "type": "Feature",
      "geometry": {
        "type": "Point",
        "coordinates": [
          -0.134057,
          51.504359
        ]
      },
      "properties": {
        "timestamp": "2025-08-14T19:32:07Z"
      }
    },
    {
      "type": "Feature",
      "geometry": {
        "type": "Point",
        "coordinates": [
          -0.134096,
          51.504343
        ]
      },
      "properties": {
        "timestamp": "2025-08-14T19:32:08Z"
      }
    },
    {
      "type": "Feature",
      "geometry": {
        "type": "Point",
        "coordinates": [
          -0.134136,
          51.504326
        ]
      },
      "properties": {
        "timestamp": "2025-08-14T19:32:09Z"
      }
    },
    {
      "type": "Feature",
      "geometry": {
        "type": "Point",
        "coordinates": [
          -0.134175,
          51.504309
        ]
      },
      "properties": {
        "timestamp": "2025-08-14T19:32:10Z"
      }
    },
    {
      "type": "Feature",
      "geometry": {
        "type": "Point",
        "coordinates": [
          -0.134214,
          51.504292
        ]
      },
      "properties": {
        "timestamp": "2025-08-14T19:32:11Z"
      }
    },
    {
      "type": "Feature",
      "geometry": {
        "type": "Point",
        "coordinates": [
          -0.134252,
          51.504275
        ]
      },
      "properties": {
        "timestamp": "2025-08-14T19:32:12Z"
      }
    },
    {
      "type": "Feature",
      "geometry": {
        "type": "Point",
        "coordinates": [
          -0.134289,
          51.504259
        ]
      },
      "properties": {
        "timestamp": "2025-08-14T19:32:13Z"
      }
    },
    {
      "type": "Feature",
      "geometry": {
        "type": "Point",
        "coordinates": [
          -0.134327,
          51.504245
        ]
      },
      "properties": {
        "timestamp": "2025-08-14T19:32:14Z"
      }
    },
    {
      "type": "Feature",
      "geometry": {
        "type": "Point",
        "coordinates": [
          -0.134365,
          51.504231
        ]
      },
      "properties": {
        "timestamp": "2025-08-14T19:32:15Z"
      }
    },
    {
      "type": "Feature",
      "geometry": {
        "type": "Point",
        "coordinates": [
          -0.134404,
          51.504216
        ]
      },
      "properties": {
        "timestamp": "2025-08-14T19:32:16Z"
      }
    },
    {
      "type": "Feature",
      "geometry": {
        "type": "Point",
        "coordinates": [
          -0.134442,
          51.504201
        ]
      },
      "properties": {
        "timestamp": "2025-08-14T19:32:17Z"
      }
    },
    {
      "type": "Feature",
      "geometry": {
        "type": "Point",
        "coordinates": [
          -0.134481,
          51.504185
        ]
      },
      "properties": {
        "timestamp": "2025-08-14T19:32:18Z"
      }
    },
    {
      "type": "Feature",
      "geometry": {
        "type": "Point",
        "coordinates": [
          -0.134519,
          51.504169
        ]
      },
      "properties": {
        "timestamp": "2025-08-14T19:32:19Z"
      }
    },
    {
      "type": "Feature",
      "geometry": {
        "type": "Point",
        "coordinates": [
          -0.134556,
          51.504152
        ]
      },
      "properties": {
        "timestamp": "2025-08-14T19:32:20Z"
      }
    },
    {
      "type": "Feature",
      "geometry": {
        "type": "Point",
        "coordinates": [
          -0.134592,
          51.504136
        ]
      },
      "properties": {
        "timestamp": "2025-08-14T19:32:21Z"
      }
    },
    {
      "type": "Feature",
      "geometry": {
        "type": "Point",
        "coordinates": [
          -0.134628,
          51.50412
        ]
      },
      "properties": {
        "timestamp": "2025-08-14T19:32:22Z"
      }
    },
    {
      "type": "Feature",
      "geometry": {
        "type": "Point",
        "coordinates": [
          -0.134663,
          51.504104
        ]
      },
      "properties": {
        "timestamp": "2025-08-14T19:32:23Z"
      }
    },
    {
      "type": "Feature",
      "geometry": {
        "type": "Point",
        "coordinates": [
          -0.134699,
          51.504089
        ]
      },
      "properties": {
        "timestamp": "2025-08-14T19:32:24Z"
      }
    },
    {
      "type": "Feature",
      "geometry": {
        "type": "Point",
        "coordinates": [
          -0.134734,
          51.504075
        ]
      },
      "properties": {
        "timestamp": "2025-08-14T19:32:25Z"
      }
    },
    {
      "type": "Feature",
      "geometry": {
        "type": "Point",
        "coordinates": [
          -0.134769,
          51.50406
        ]
      },
      "properties": {
        "timestamp": "2025-08-14T19:32:26Z"
      }
    },
    {
      "type": "Feature",
      "geometry": {
        "type": "Point",
        "coordinates": [
          -0.134802,
          51.504046
        ]
      },
      "properties": {
        "timestamp": "2025-08-14T19:32:27Z"
      }
    },
    {
      "type": "Feature",
      "geometry": {
        "type": "Point",
        "coordinates": [
          -0.134835,
          51.504033
        ]
      },
      "properties": {
        "timestamp": "2025-08-14T19:32:28Z"
      }
    },
    {
      "type": "Feature",
      "geometry": {
        "type": "Point",
        "coordinates": [
          -0.134868,
          51.504018
        ]
      },
      "properties": {
        "timestamp": "2025-08-14T19:32:29Z"
      }
    },
    {
      "type": "Feature",
      "geometry": {
        "type": "Point",
        "coordinates": [
          -0.134903,
          51.504003
        ]
      },
      "properties": {
        "timestamp": "2025-08-14T19:32:30Z"
      }
    },
    {
      "type": "Feature",
      "geometry": {
        "type": "Point",
        "coordinates": [
          -0.13494,
          51.503987
        ]
      },
      "properties": {
        "timestamp": "2025-08-14T19:32:31Z"
      }
    },
    {
      "type": "Feature",
      "geometry": {
        "type": "Point",
        "coordinates": [
          -0.134978,
          51.503972
        ]
      },
      "properties": {
        "timestamp": "2025-08-14T19:32:32Z"
      }
    },
    {
      "type": "Feature",
      "geometry": {
        "type": "Point",
        "coordinates": [
          -0.135015,
          51.503958
        ]
      },
      "properties": {
        "timestamp": "2025-08-14T19:32:33Z"
      }
    },
    {
      "type": "Feature",
      "geometry": {
        "type": "Point",
        "coordinates": [
          -0.135053,
          51.503944
        ]
      },
      "properties": {
        "timestamp": "2025-08-14T19:32:34Z"
      }
    },
    {
      "type": "Feature",
      "geometry": {
        "type": "Point",
        "coordinates": [
          -0.135089,
          51.50393
        ]
      },
      "properties": {
        "timestamp": "2025-08-14T19:32:35Z"
      }
    },
    {
      "type": "Feature",
      "geometry": {
        "type": "Point",
        "coordinates": [
          -0.135125,
          51.503916
        ]
      },
      "properties": {
        "timestamp": "2025-08-14T19:32:36Z"
      }
    },
    {
      "type": "Feature",
      "geometry": {
        "type": "Point",
        "coordinates": [
          -0.13516,
          51.503902
        ]
      },
      "properties": {
        "timestamp": "2025-08-14T19:32:37Z"
      }
    },
    {
      "type": "Feature",
      "geometry": {
        "type": "Point",
        "coordinates": [
          -0.135196,
          51.503889
        ]
      },
      "properties": {
        "timestamp": "2025-08-14T19:32:38Z"
      }
    },
    {
      "type": "Feature",
      "geometry": {
        "type": "Point",
        "coordinates": [
          -0.135233,
          51.503876
        ]
      },
      "properties": {
        "timestamp": "2025-08-14T19:32:39Z"
      }
    },
    {
      "type": "Feature",
      "geometry": {
        "type": "Point",
        "coordinates": [
          -0.13527,
          51.503863
        ]
      },
      "properties": {
        "timestamp": "2025-08-14T19:32:40Z"
      }
    },
    {
      "type": "Feature",
      "geometry": {
        "type": "Point",
        "coordinates": [
          -0.135309,
          51.503848
        ]
      },
      "properties": {
        "timestamp": "2025-08-14T19:32:41Z"
      }
    },
    {
      "type": "Feature",
      "geometry": {
        "type": "Point",
        "coordinates": [
          -0.135348,
          51.503833
        ]
      },
      "properties": {
        "timestamp": "2025-08-14T19:32:42Z"
      }
    },
    {
      "type": "Feature",
      "geometry": {
        "type": "Point",
        "coordinates": [
          -0.135387,
          51.503817
        ]
      },
      "properties": {
        "timestamp": "2025-08-14T19:32:43Z"
      }
    },
    {
      "type": "Feature",
      "geometry": {
        "type": "Point",
        "coordinates": [
          -0.135424,
          51.503801
        ]
      },
      "properties": {
        "timestamp": "2025-08-14T19:32:44Z"
      }
    },
    {
      "type": "Feature",
      "geometry": {
        "type": "Point",
        "coordinates": [
          -0.13546,
          51.503785
        ]
      },
      "properties": {
        "timestamp": "2025-08-14T19:32:45Z"
      }
    },
    {
      "type": "Feature",
      "geometry": {
        "type": "Point",
        "coordinates": [
          -0.135495,
          51.503768
        ]
      },
      "properties": {
        "timestamp": "2025-08-14T19:32:46Z"
      }
    },
    {
      "type": "Feature",
      "geometry": {
        "type": "Point",
        "coordinates": [
          -0.135529,
          51.503751
        ]
      },
      "properties": {
        "timestamp": "2025-08-14T19:32:47Z"
      }
    },
    {
      "type": "Feature",
      "geometry": {
        "type": "Point",
        "coordinates": [
          -0.135564,
          51.503735
        ]
      },
      "properties": {
        "timestamp": "2025-08-14T19:32:48Z"
      }
    },
    {
      "type": "Feature",
      "geometry": {
        "type": "Point",
        "coordinates": [
          -0.1356,
          51.503719
        ]
      },
      "properties": {
        "timestamp": "2025-08-14T19:32:49Z"
      }
    },
    {
      "type": "Feature",
      "geometry": {
        "type": "Point",
        "coordinates": [
          -0.135637,
          51.503705
        ]
      },
      "properties": {
        "timestamp": "2025-08-14T19:32:50Z"
      }
    },
    {
      "type": "Feature",
      "geometry": {
        "type": "Point",
        "coordinates": [
          -0.135673,
          51.503693
        ]
      },
      "properties": {
        "timestamp": "2025-08-14T19:32:51Z"
      }
    },
    {
      "type": "Feature",
      "geometry": {
        "type": "Point",
        "coordinates": [
          -0.13571,
          51.503682
        ]
      },
      "properties": {
        "timestamp": "2025-08-14T19:32:52Z"
      }
    },
    {
      "type": "Feature",
      "geometry": {
        "type": "Point",
        "coordinates": [
          -0.135744,
          51.503671
        ]
      },
      "properties": {
        "timestamp": "2025-08-14T19:32:53Z"
      }
    },
    {
      "type": "Feature",
      "geometry": {
        "type": "Point",
        "coordinates": [
          -0.135776,
          51.503657
        ]
      },
      "properties": {
        "timestamp": "2025-08-14T19:32:54Z"
      }
    },
    {
      "type": "Feature",
      "geometry": {
        "type": "Point",
        "coordinates": [
          -0.135805,
          51.50364
        ]
      },
      "properties": {
        "timestamp": "2025-08-14T19:32:55Z"
      }
    },
    {
      "type": "Feature",
      "geometry": {
        "type": "Point",
        "coordinates": [
          -0.135833,
          51.50362
        ]
      },
      "properties": {
        "timestamp": "2025-08-14T19:32:56Z"
      }
    },
    {
      "type": "Feature",
      "geometry": {
        "type": "Point",
        "coordinates": [
          -0.13586,
          51.503599
        ]
      },
      "properties": {
        "timestamp": "2025-08-14T19:32:57Z"
      }
    },
    {
      "type": "Feature",
      "geometry": {
        "type": "Point",
        "coordinates": [
          -0.135885,
          51.503579
        ]
      },
      "properties": {
        "timestamp": "2025-08-14T19:32:58Z"
      }
    },
    {
      "type": "Feature",
      "geometry": {
        "type": "Point",
        "coordinates": [
          -0.135912,
          51.503559
        ]
      },
      "properties": {
        "timestamp": "2025-08-14T19:32:59Z"
      }
    },
    {
      "type": "Feature",
      "geometry": {
        "type": "Point",
        "coordinates": [
          -0.135943,
          51.50354
        ]
      },
      "properties": {
        "timestamp": "2025-08-14T19:33:00Z"
      }
    },
    {
      "type": "Feature",
      "geometry": {
        "type": "Point",
        "coordinates": [
          -0.135978,
          51.503523
        ]
      },
      "properties": {
        "timestamp": "2025-08-14T19:33:01Z"
      }
    },
    {
      "type": "Feature",
      "geometry": {
        "type": "Point",
        "coordinates": [
          -0.136013,
          51.503505
        ]
      },
      "properties": {
        "timestamp": "2025-08-14T19:33:02Z"
      }
    },
    {
      "type": "Feature",
      "geometry": {
        "type": "Point",
        "coordinates": [
          -0.136048,
          51.503488
        ]
      },
      "properties": {
        "timestamp": "2025-08-14T19:33:03Z"
      }
    },
    {
      "type": "Feature",
      "geometry": {
        "type": "Point",
        "coordinates": [
          -0.136084,
          51.503473
        ]
      },
      "properties": {
        "timestamp": "2025-08-14T19:33:04Z"
      }
    },
    {
      "type": "Feature",
      "geometry": {
        "type": "Point",
        "coordinates": [
          -0.136121,
          51.503459
        ]
      },
      "properties": {
        "timestamp": "2025-08-14T19:33:05Z"
      }
    },
    {
      "type": "Feature",
      "geometry": {
        "type": "Point",
        "coordinates": [
          -0.136161,
          51.503447
        ]
      },
      "properties": {
        "timestamp": "2025-08-14T19:33:06Z"
      }
    },
    {
      "type": "Feature",
      "geometry": {
        "type": "Point",
        "coordinates": [
          -0.136202,
          51.503438
        ]
      },
      "properties": {
        "timestamp": "2025-08-14T19:33:07Z"
      }
    },
    {
      "type": "Feature",
      "geometry": {
        "type": "Point",
        "coordinates": [
          -0.136243,
          51.503429
        ]
      },
      "properties": {
        "timestamp": "2025-08-14T19:33:08Z"
      }
    },
    {
      "type": "Feature",
      "geometry": {
        "type": "Point",
        "coordinates": [
          -0.136283,
          51.503421
        ]
      },
      "properties": {
        "timestamp": "2025-08-14T19:33:09Z"
      }
    },
    {
      "type": "Feature",
      "geometry": {
        "type": "Point",
        "coordinates": [
          -0.136321,
          51.503412
        ]
      },
      "properties": {
        "timestamp": "2025-08-14T19:33:10Z"
      }
    },
    {
      "type": "Feature",
      "geometry": {
        "type": "Point",
        "coordinates": [
          -0.13636,
          51.503403
        ]
      },
      "properties": {
        "timestamp": "2025-08-14T19:33:11Z"
      }
    },
    {
      "type": "Feature",
      "geometry": {
        "type": "Point",
        "coordinates": [
          -0.1364,
          51.503393
        ]
      },
      "properties": {
        "timestamp": "2025-08-14T19:33:12Z"
      }
    },
    {
      "type": "Feature",
      "geometry": {
        "type": "Point",
        "coordinates": [
          -0.136441,
          51.503381
        ]
      },
      "properties": {
        "timestamp": "2025-08-14T19:33:13Z"
      }
    },
    {
      "type": "Feature",
      "geometry": {
        "type": "Point",
        "coordinates": [
          -0.136481,
          51.503369
        ]
      },
      "properties": {
        "timestamp": "2025-08-14T19:33:14Z"
      }
    },
    {
      "type": "Feature",
      "geometry": {
        "type": "Point",
        "coordinates": [
          -0.136519,
          51.503354
        ]
      },
      "properties": {
        "timestamp": "2025-08-14T19:33:15Z"
      }
    },
    {
      "type": "Feature",
      "geometry": {
        "type": "Point",
        "coordinates": [
          -0.136555,
          51.503338
        ]
      },
      "properties": {
        "timestamp": "2025-08-14T19:33:16Z"
      }
    },
    {
      "type": "Feature",
      "geometry": {
        "type": "Point",
        "coordinates": [
          -0.13659,
          51.503321
        ]
      },
      "properties": {
        "timestamp": "2025-08-14T19:33:17Z"
      }
    },
    {
      "type": "Feature",
      "geometry": {
        "type": "Point",
        "coordinates": [
          -0.136624,
          51.503303
        ]
      },
      "properties": {
        "timestamp": "2025-08-14T19:33:18Z"
      }
    },
    {
      "type": "Feature",
      "geometry": {
        "type": "Point",
        "coordinates": [
          -0.136659,
          51.503286
        ]
      },
      "properties": {
        "timestamp": "2025-08-14T19:33:19Z"
      }
    },
    {
      "type": "Feature",
      "geometry": {
        "type": "Point",
        "coordinates": [
          -0.136694,
          51.50327
        ]
      },
      "properties": {
        "timestamp": "2025-08-14T19:33:20Z"
      }
    },
    {
      "type": "Feature",
      "geometry": {
        "type": "Point",
        "coordinates": [
          -0.13673,
          51.503257
        ]
      },
      "properties": {
        "timestamp": "2025-08-14T19:33:21Z"
      }
    },
    {
      "type": "Feature",
      "geometry": {
        "type": "Point",
        "coordinates": [
          -0.136766,
          51.503244
        ]
      },
      "properties": {
        "timestamp": "2025-08-14T19:33:22Z"
      }
    },
    {
      "type": "Feature",
      "geometry": {
        "type": "Point",
        "coordinates": [
          -0.136804,
          51.503232
        ]
      },
      "properties": {
        "timestamp": "2025-08-14T19:33:23Z"
      }
    },
    {
      "type": "Feature",
      "geometry": {
        "type": "Point",
        "coordinates": [
          -0.136841,
          51.50322
        ]
      },
      "properties": {
        "timestamp": "2025-08-14T19:33:24Z"
      }
    },
    {
      "type": "Feature",
      "geometry": {
        "type": "Point",
        "coordinates": [
          -0.136877,
          51.503208
        ]
      },
      "properties": {
        "timestamp": "2025-08-14T19:33:25Z"
      }
    },
    {
      "type": "Feature",
      "geometry": {
        "type": "Point",
        "coordinates": [
          -0.136912,
          51.503196
        ]
      },
      "properties": {
        "timestamp": "2025-08-14T19:33:26Z"
      }
    },
    {
      "type": "Feature",
      "geometry": {
        "type": "Point",
        "coordinates": [
          -0.136945,
          51.503183
        ]
      },
      "properties": {
        "timestamp": "2025-08-14T19:33:27Z"
      }
    },
    {
      "type": "Feature",
      "geometry": {
        "type": "Point",
        "coordinates": [
          -0.136977,
          51.503169
        ]
      },
      "properties": {
        "timestamp": "2025-08-14T19:33:28Z"
      }
    },
    {
      "type": "Feature",
      "geometry": {
        "type": "Point",
        "coordinates": [
          -0.137011,
          51.503153
        ]
      },
      "properties": {
        "timestamp": "2025-08-14T19:33:29Z"
      }
    },
    {
      "type": "Feature",
      "geometry": {
        "type": "Point",
        "coordinates": [
          -0.137046,
          51.503135
        ]
      },
      "properties": {
        "timestamp": "2025-08-14T19:33:30Z"
      }
    },
    {
      "type": "Feature",
      "geometry": {
        "type": "Point",
        "coordinates": [
          -0.137083,
          51.503118
        ]
      },
      "properties": {
        "timestamp": "2025-08-14T19:33:31Z"
      }
    },
    {
      "type": "Feature",
      "geometry": {
        "type": "Point",
        "coordinates": [
          -0.137121,
          51.503103
        ]
      },
      "properties": {
        "timestamp": "2025-08-14T19:33:32Z"
      }
    },
    {
      "type": "Feature",
      "geometry": {
        "type": "Point",
        "coordinates": [
          -0.137159,
          51.503087
        ]
      },
      "properties": {
        "timestamp": "2025-08-14T19:33:33Z"
      }
    },
    {
      "type": "Feature",
      "geometry": {
        "type": "Point",
        "coordinates": [
          -0.137196,
          51.503072
        ]
      },
      "properties": {
        "timestamp": "2025-08-14T19:33:34Z"
      }
    },
    {
      "type": "Feature",
      "geometry": {
        "type": "Point",
        "coordinates": [
          -0.137232,
          51.503056
        ]
      },
      "properties": {
        "timestamp": "2025-08-14T19:33:35Z"
      }
    },
    {
      "type": "Feature",
      "geometry": {
        "type": "Point",
        "coordinates": [
          -0.137269,
          51.503039
        ]
      },
      "properties": {
        "timestamp": "2025-08-14T19:33:36Z"
      }
    },
    {
      "type": "Feature",
      "geometry": {
        "type": "Point",
        "coordinates": [
          -0.137306,
          51.503023
        ]
      },
      "properties": {
        "timestamp": "2025-08-14T19:33:37Z"
      }
    },
    {
      "type": "Feature",
      "geometry": {
        "type": "Point",
        "coordinates": [
          -0.137344,
          51.503009
        ]
      },
      "properties": {
        "timestamp": "2025-08-14T19:33:38Z"
      }
    },
    {
      "type": "Feature",
      "geometry": {
        "type": "Point",
        "coordinates": [
          -0.137383,
          51.502996
        ]
      },
      "properties": {
        "timestamp": "2025-08-14T19:33:39Z"
      }
    },
    {
      "type": "Feature",
      "geometry": {
        "type": "Point",
        "coordinates": [
          -0.137422,
          51.502986
        ]
      },
      "properties": {
        "timestamp": "2025-08-14T19:33:40Z"
      }
    },
    {
      "type": "Feature",
      "geometry": {
        "type": "Point",
        "coordinates": [
          -0.137459,
          51.502977
        ]
      },
      "properties": {
        "timestamp": "2025-08-14T19:33:41Z"
      }
    },
    {
      "type": "Feature",
      "geometry": {
        "type": "Point",
        "coordinates": [
          -0.137495,
          51.502968
        ]
      },
      "properties": {
        "timestamp": "2025-08-14T19:33:42Z"
      }
    },
    {
      "type": "Feature",
      "geometry": {
        "type": "Point",
        "coordinates": [
          -0.137528,
          51.502958
        ]
      },
      "properties": {
        "timestamp": "2025-08-14T19:33:43Z"
      }
    },
    {
      "type": "Feature",
      "geometry": {
        "type": "Point",
        "coordinates": [
          -0.137557,
          51.502948
        ]
      },
      "properties": {
        "timestamp": "2025-08-14T19:33:44Z"
      }
    },
    {
      "type": "Feature",
      "geometry": {
        "type": "Point",
        "coordinates": [
          -0.137582,
          51.502938
        ]
      },
      "properties": {
        "timestamp": "2025-08-14T19:33:45Z"
      }
    },
    {
      "type": "Feature",
      "geometry": {
        "type": "Point",
        "coordinates": [
          -0.137604,
          51.502927
        ]
      },
      "properties": {
        "timestamp": "2025-08-14T19:33:46Z"
      }
    },
    {
      "type": "Feature",
      "geometry": {
        "type": "Point",
        "coordinates": [
          -0.137623,
          51.502916
        ]
      },
      "properties": {
        "timestamp": "2025-08-14T19:33:47Z"
      }
    },
    {
      "type": "Feature",
      "geometry": {
        "type": "Point",
        "coordinates": [
          -0.137642,
          51.502906
        ]
      },
      "properties": {
        "timestamp": "2025-08-14T19:33:48Z"
      }
    },
    {
      "type": "Feature",
      "geometry": {
        "type": "Point",
        "coordinates": [
          -0.137662,
          51.502898
        ]
      },
      "properties": {
        "timestamp": "2025-08-14T19:33:49Z"
      }
    },
    {
      "type": "Feature",
      "geometry": {
        "type": "Point",
        "coordinates": [
          -0.137683,
          51.502889
        ]
      },
      "properties": {
        "timestamp": "2025-08-14T19:33:50Z"
      }
    },
    {
      "type": "Feature",
      "geometry": {
        "type": "Point",
        "coordinates": [
          -0.137708,
          51.502878
        ]
      },
      "properties": {
        "timestamp": "2025-08-14T19:33:51Z"
      }
    },
    {
      "type": "Feature",
      "geometry": {
        "type": "Point",
        "coordinates": [
          -0.137738,
          51.502863
        ]
      },
      "properties": {
        "timestamp": "2025-08-14T19:33:52Z"
      }
    },
    {
      "type": "Feature",
      "geometry": {
        "type": "Point",
        "coordinates": [
          -0.137772,
          51.502845
        ]
      },
      "properties": {
        "timestamp": "2025-08-14T19:33:53Z"
      }
    },
    {
      "type": "Feature",
      "geometry": {
        "type": "Point",
        "coordinates": [
          -0.137808,
          51.502826
        ]
      },
      "properties": {
        "timestamp": "2025-08-14T19:33:54Z"
      }
    },
    {
      "type": "Feature",
      "geometry": {
        "type": "Point",
        "coordinates": [
          -0.137845,
          51.502808
        ]
      },
      "properties": {
        "timestamp": "2025-08-14T19:33:55Z"
      }
    },
    {
      "type": "Feature",
      "geometry": {
        "type": "Point",
        "coordinates": [
          -0.137883,
          51.502791
        ]
      },
      "properties": {
        "timestamp": "2025-08-14T19:33:56Z"
      }
    },
    {
      "type": "Feature",
      "geometry": {
        "type": "Point",
        "coordinates": [
          -0.137921,
          51.502777
        ]
      },
      "properties": {
        "timestamp": "2025-08-14T19:33:57Z"
      }
    },
    {
      "type": "Feature",
      "geometry": {
        "type": "Point",
        "coordinates": [
          -0.137959,
          51.502763
        ]
      },
      "properties": {
        "timestamp": "2025-08-14T19:33:58Z"
      }
    },
    {
      "type": "Feature",
      "geometry": {
        "type": "Point",
        "coordinates": [
          -0.137997,
          51.50275
        ]
      },
      "properties": {
        "timestamp": "2025-08-14T19:33:59Z"
      }
    },
    {
      "type": "Feature",
      "geometry": {
        "type": "Point",
        "coordinates": [
          -0.138034,
          51.502737
        ]
      },
      "properties": {
        "timestamp": "2025-08-14T19:34:00Z"
      }
    },
    {
      "type": "Feature",
      "geometry": {
        "type": "Point",
        "coordinates": [
          -0.138071,
          51.502724
        ]
      },
      "properties": {
        "timestamp": "2025-08-14T19:34:01Z"
      }
    },
    {
      "type": "Feature",
      "geometry": {
        "type": "Point",
        "coordinates": [
          -0.138107,
          51.50271
        ]
      },
      "properties": {
        "timestamp": "2025-08-14T19:34:02Z"
      }
    },
    {
      "type": "Feature",
      "geometry": {
        "type": "Point",
        "coordinates": [
          -0.138144,
          51.502696
        ]
      },
      "properties": {
        "timestamp": "2025-08-14T19:34:03Z"
      }
    },
    {
      "type": "Feature",
      "geometry": {
        "type": "Point",
        "coordinates": [
          -0.138179,
          51.502683
        ]
      },
      "properties": {
        "timestamp": "2025-08-14T19:34:04Z"
      }
    },
    {
      "type": "Feature",
      "geometry": {
        "type": "Point",
        "coordinates": [
          -0.138214,
          51.50267
        ]
      },
      "properties": {
        "timestamp": "2025-08-14T19:34:05Z"
      }
    },
    {
      "type": "Feature",
      "geometry": {
        "type": "Point",
        "coordinates": [
          -0.138249,
          51.502658
        ]
      },
      "properties": {
        "timestamp": "2025-08-14T19:34:06Z"
      }
    },
    {
      "type": "Feature",
      "geometry": {
        "type": "Point",
        "coordinates": [
          -0.138282,
          51.502645
        ]
      },
      "properties": {
        "timestamp": "2025-08-14T19:34:07Z"
      }
    },
    {
      "type": "Feature",
      "geometry": {
        "type": "Point",
        "coordinates": [
          -0.138315,
          51.502631
        ]
      },
      "properties": {
        "timestamp": "2025-08-14T19:34:08Z"
      }
    },
    {
      "type": "Feature",
      "geometry": {
        "type": "Point",
        "coordinates": [
          -0.138347,
          51.502617
        ]
      },
      "properties": {
        "timestamp": "2025-08-14T19:34:09Z"
      }
    },
    {
      "type": "Feature",
      "geometry": {
        "type": "Point",
        "coordinates": [
          -0.138382,
          51.502602
        ]
      },
      "properties": {
        "timestamp": "2025-08-14T19:34:10Z"
      }
    },
    {
      "type": "Feature",
      "geometry": {
        "type": "Point",
        "coordinates": [
          -0.138417,
          51.502587
        ]
      },
      "properties": {
        "timestamp": "2025-08-14T19:34:11Z"
      }
    },
    {
      "type": "Feature",
      "geometry": {
        "type": "Point",
        "coordinates": [
          -0.138451,
          51.502571
        ]
      },
      "properties": {
        "timestamp": "2025-08-14T19:34:12Z"
      }
    },
    {
      "type": "Feature",
      "geometry": {
        "type": "Point",
        "coordinates": [
          -0.138483,
          51.502555
        ]
      },
      "properties": {
        "timestamp": "2025-08-14T19:34:13Z"
      }
    },
    {
      "type": "Feature",
      "geometry": {
        "type": "Point",
        "coordinates": [
          -0.138512,
          51.502537
        ]
      },
      "properties": {
        "timestamp": "2025-08-14T19:34:14Z"
      }
    },
    {
      "type": "Feature",
      "geometry": {
        "type": "Point",
        "coordinates": [
          -0.138541,
          51.50252
        ]
      },
      "properties": {
        "timestamp": "2025-08-14T19:34:15Z"
      }
    },
    {
      "type": "Feature",
      "geometry": {
        "type": "Point",
        "coordinates": [
          -0.138571,
          51.502506
        ]
      },
      "properties": {
        "timestamp": "2025-08-14T19:34:16Z"
      }
    },
    {
      "type": "Feature",
      "geometry": {
        "type": "Point",
        "coordinates": [
          -0.138603,
          51.502493
        ]
      },
      "properties": {
        "timestamp": "2025-08-14T19:34:17Z"
      }
    },
    {
      "type": "Feature",
      "geometry": {
        "type": "Point",
        "coordinates": [
          -0.138637,
          51.50248
        ]
      },
      "properties": {
        "timestamp": "2025-08-14T19:34:18Z"
      }
    },
    {
      "type": "Feature",
      "geometry": {
        "type": "Point",
        "coordinates": [
          -0.138672,
          51.502466
        ]
      },
      "properties": {
        "timestamp": "2025-08-14T19:34:19Z"
      }
    },
    {
      "type": "Feature",
      "geometry": {
        "type": "Point",
        "coordinates": [
          -0.138709,
          51.502452
        ]
      },
      "properties": {
        "timestamp": "2025-08-14T19:34:20Z"
      }
    },
    {
      "type": "Feature",
      "geometry": {
        "type": "Point",
        "coordinates": [
          -0.138745,
          51.502438
        ]
      },
      "properties": {
        "timestamp": "2025-08-14T19:34:21Z"
      }
    },
    {
      "type": "Feature",
      "geometry": {
        "type": "Point",
        "coordinates": [
          -0.138775,
          51.502427
        ]
      },
      "properties": {
        "timestamp": "2025-08-14T19:34:22Z"
      }
    },
    {
      "type": "Feature",
      "geometry": {
        "type": "Point",
        "coordinates": [
          -0.138801,
          51.502417
        ]
      },
      "properties": {
        "timestamp": "2025-08-14T19:34:23Z"
      }
    },
    {
      "type": "Feature",
      "geometry": {
        "type": "Point",
        "coordinates": [
          -0.138828,
          51.502407
        ]
      },
      "properties": {
        "timestamp": "2025-08-14T19:34:24Z"
      }
    },
    {
      "type": "Feature",
      "geometry": {
        "type": "Point",
        "coordinates": [
          -0.138856,
          51.502398
        ]
      },
      "properties": {
        "timestamp": "2025-08-14T19:34:25Z"
      }
    },
    {
      "type": "Feature",
      "geometry": {
        "type": "Point",
        "coordinates": [
          -0.138886,
          51.502388
        ]
      },
      "properties": {
        "timestamp": "2025-08-14T19:34:26Z"
      }
    },
    {
      "type": "Feature",
      "geometry": {
        "type": "Point",
        "coordinates": [
          -0.138916,
          51.502378
        ]
      },
      "properties": {
        "timestamp": "2025-08-14T19:34:27Z"
      }
    },
    {
      "type": "Feature",
      "geometry": {
        "type": "Point",
        "coordinates": [
          -0.138948,
          51.502369
        ]
      },
      "properties": {
        "timestamp": "2025-08-14T19:34:28Z"
      }
    },
    {
      "type": "Feature",
      "geometry": {
        "type": "Point",
        "coordinates": [
          -0.138981,
          51.502359
        ]
      },
      "properties": {
        "timestamp": "2025-08-14T19:34:29Z"
      }
    },
    {
      "type": "Feature",
      "geometry": {
        "type": "Point",
        "coordinates": [
          -0.139015,
          51.502349
        ]
      },
      "properties": {
        "timestamp": "2025-08-14T19:34:30Z"
      }
    },
    {
      "type": "Feature",
      "geometry": {
        "type": "Point",
        "coordinates": [
          -0.139049,
          51.502338
        ]
      },
      "properties": {
        "timestamp": "2025-08-14T19:34:31Z"
      }
    },
    {
      "type": "Feature",
      "geometry": {
        "type": "Point",
        "coordinates": [
          -0.139083,
          51.502326
        ]
      },
      "properties": {
        "timestamp": "2025-08-14T19:34:32Z"
      }
    },
    {
      "type": "Feature",
      "geometry": {
        "type": "Point",
        "coordinates": [
          -0.139115,
          51.502314
        ]
      },
      "properties": {
        "timestamp": "2025-08-14T19:34:33Z"
      }
    },
    {
      "type": "Feature",
      "geometry": {
        "type": "Point",
        "coordinates": [
          -0.139148,
          51.502303
        ]
      },
      "properties": {
        "timestamp": "2025-08-14T19:34:34Z"
      }
    },
    {
      "type": "Feature",
      "geometry": {
        "type": "Point",
        "coordinates": [
          -0.139182,
          51.502293
        ]
      },
      "properties": {
        "timestamp": "2025-08-14T19:34:35Z"
      }
    },
    {
      "type": "Feature",
      "geometry": {
        "type": "Point",
        "coordinates": [
          -0.139216,
          51.502283
        ]
      },
      "properties": {
        "timestamp": "2025-08-14T19:34:36Z"
      }
    },
    {
      "type": "Feature",
      "geometry": {
        "type": "Point",
        "coordinates": [
          -0.139257,
          51.502274
        ]
      },
      "properties": {
        "timestamp": "2025-08-14T19:34:37Z"
      }
    },
    {
      "type": "Feature",
      "geometry": {
        "type": "Point",
        "coordinates": [
          -0.139309,
          51.502265
        ]
      },
      "properties": {
        "timestamp": "2025-08-14T19:34:38Z"
      }
    },
    {
      "type": "Feature",
      "geometry": {
        "type": "Point",
        "coordinates": [
          -0.139363,
          51.502259
        ]
      },
      "properties": {
        "timestamp": "2025-08-14T19:34:39Z"
      }
    },
    {
      "type": "Feature",
      "geometry": {
        "type": "Point",
        "coordinates": [
          -0.139415,
          51.502258
        ]
      },
      "properties": {
        "timestamp": "2025-08-14T19:34:40Z"
      }
    },
    {
      "type": "Feature",
      "geometry": {
        "type": "Point",
        "coordinates": [
          -0.139461,
          51.502263
        ]
      },
      "properties": {
        "timestamp": "2025-08-14T19:34:41Z"
      }
    },
    {
      "type": "Feature",
      "geometry": {
        "type": "Point",
        "coordinates": [
          -0.1395,
          51.502271
        ]
      },
      "properties": {
        "timestamp": "2025-08-14T19:34:42Z"
      }
    },
    {
      "type": "Feature",
      "geometry": {
        "type": "Point",
        "coordinates": [
          -0.139531,
          51.50228
        ]
      },
      "properties": {
        "timestamp": "2025-08-14T19:34:43Z"
      }
    },
    {
      "type": "Feature",
      "geometry": {
        "type": "Point",
        "coordinates": [
          -0.139556,
          51.502287
        ]
      },
      "properties": {
        "timestamp": "2025-08-14T19:34:44Z"
      }
    },
    {
      "type": "Feature",
      "geometry": {
        "type": "Point",
        "coordinates": [
          -0.139577,
          51.502293
        ]
      },
      "properties": {
        "timestamp": "2025-08-14T19:34:45Z"
      }
    },
    {
      "type": "Feature",
      "geometry": {
        "type": "Point",
        "coordinates": [
          -0.139594,
          51.5023
        ]
      },
      "properties": {
        "timestamp": "2025-08-14T19:34:46Z"
      }
    },
    {
      "type": "Feature",
      "geometry": {
        "type": "Point",
        "coordinates": [
          -0.139606,
          51.502307
        ]
      },
      "properties": {
        "timestamp": "2025-08-14T19:34:47Z"
      }
    },
    {
      "type": "Feature",
      "geometry": {
        "type": "Point",
        "coordinates": [
          -0.139615,
          51.502316
        ]
      },
      "properties": {
        "timestamp": "2025-08-14T19:34:48Z"
      }
    },
    {
      "type": "Feature",
      "geometry": {
        "type": "Point",
        "coordinates": [
          -0.139626,
          51.502329
        ]
      },
      "properties": {
        "timestamp": "2025-08-14T19:34:49Z"
      }
    },
    {
      "type": "Feature",
      "geometry": {
        "type": "Point",
        "coordinates": [
          -0.139639,
          51.502347
        ]
      },
      "properties": {
        "timestamp": "2025-08-14T19:34:50Z"
      }
    },
    {
      "type": "Feature",
      "geometry": {
        "type": "Point",
        "coordinates": [
          -0.13965,
          51.502371
        ]
      },
      "properties": {
        "timestamp": "2025-08-14T19:34:51Z"
      }
    },
    {
      "type": "Feature",
      "geometry": {
        "type": "Point",
        "coordinates": [
          -0.139658,
          51.502396
        ]
      },
      "properties": {
        "timestamp": "2025-08-14T19:34:52Z"
      }
    },
    {
      "type": "Feature",
      "geometry": {
        "type": "Point",
        "coordinates": [
          -0.139664,
          51.502421
        ]
      },
      "properties": {
        "timestamp": "2025-08-14T19:34:53Z"
      }
    },
    {
      "type": "Feature",
      "geometry": {
        "type": "Point",
        "coordinates": [
          -0.139674,
          51.502445
        ]
      },
      "properties": {
        "timestamp": "2025-08-14T19:34:54Z"
      }
    },
    {
      "type": "Feature",
      "geometry": {
        "type": "Point",
        "coordinates": [
          -0.139691,
          51.502466
        ]
      },
      "properties": {
        "timestamp": "2025-08-14T19:34:55Z"
      }
    },
    {
      "type": "Feature",
      "geometry": {
        "type": "Point",
        "coordinates": [
          -0.139715,
          51.502484
        ]
      },
      "properties": {
        "timestamp": "2025-08-14T19:34:56Z"
      }
    },
    {
      "type": "Feature",
      "geometry": {
        "type": "Point",
        "coordinates": [
          -0.139745,
          51.5025
        ]
      },
      "properties": {
        "timestamp": "2025-08-14T19:34:57Z"
      }
    },
    {
      "type": "Feature",
      "geometry": {
        "type": "Point",
        "coordinates": [
          -0.139779,
          51.502514
        ]
      },
      "properties": {
        "timestamp": "2025-08-14T19:34:58Z"
      }
    },
    {
      "type": "Feature",
      "geometry": {
        "type": "Point",
        "coordinates": [
          -0.139815,
          51.502528
        ]
      },
      "properties": {
        "timestamp": "2025-08-14T19:34:59Z"
      }
    },
    {
      "type": "Feature",
      "geometry": {
        "type": "Point",
        "coordinates": [
          -0.139851,
          51.50254
        ]
      },
      "properties": {
        "timestamp": "2025-08-14T19:35:00Z"
      }
    },
    {
      "type": "Feature",
      "geometry": {
        "type": "Point",
        "coordinates": [
          -0.139887,
          51.502552
        ]
      },
      "properties": {
        "timestamp": "2025-08-14T19:35:01Z"
      }
    },
    {
      "type": "Feature",
      "geometry": {
        "type": "Point",
        "coordinates": [
          -0.139923,
          51.502563
        ]
      },
      "properties": {
        "timestamp": "2025-08-14T19:35:02Z"
      }
    },
    {
      "type": "Feature",
      "geometry": {
        "type": "Point",
        "coordinates": [
          -0.13996,
          51.502573
        ]
      },
      "properties": {
        "timestamp": "2025-08-14T19:35:03Z"
      }
    },
    {
      "type": "Feature",
      "geometry": {
        "type": "Point",
        "coordinates": [
          -0.139996,
          51.502583
        ]
      },
      "properties": {
        "timestamp": "2025-08-14T19:35:04Z"
      }
    },
    {
      "type": "Feature",
      "geometry": {
        "type": "Point",
        "coordinates": [
          -0.140033,
          51.502593
        ]
      },
      "properties": {
        "timestamp": "2025-08-14T19:35:05Z"
      }
    },
    {
      "type": "Feature",
      "geometry": {
        "type": "Point",
        "coordinates": [
          -0.140069,
          51.502603
        ]
      },
      "properties": {
        "timestamp": "2025-08-14T19:35:06Z"
      }
    },
    {
      "type": "Feature",
      "geometry": {
        "type": "Point",
        "coordinates": [
          -0.140103,
          51.502612
        ]
      },
      "properties": {
        "timestamp": "2025-08-14T19:35:07Z"
      }
    },
    {
      "type": "Feature",
      "geometry": {
        "type": "Point",
        "coordinates": [
          -0.140138,
          51.502622
        ]
      },
      "properties": {
        "timestamp": "2025-08-14T19:35:08Z"
      }
    },
    {
      "type": "Feature",
      "geometry": {
        "type": "Point",
        "coordinates": [
          -0.140176,
          51.502633
        ]
      },
      "properties": {
        "timestamp": "2025-08-14T19:35:09Z"
      }
    },
    {
      "type": "Feature",
      "geometry": {
        "type": "Point",
        "coordinates": [
          -0.140214,
          51.502643
        ]
      },
      "properties": {
        "timestamp": "2025-08-14T19:35:10Z"
      }
    },
    {
      "type": "Feature",
      "geometry": {
        "type": "Point",
        "coordinates": [
          -0.140252,
          51.502653
        ]
      },
      "properties": {
        "timestamp": "2025-08-14T19:35:11Z"
      }
    },
    {
      "type": "Feature",
      "geometry": {
        "type": "Point",
        "coordinates": [
          -0.14029,
          51.502661
        ]
      },
      "properties": {
        "timestamp": "2025-08-14T19:35:12Z"
      }
    },
    {
      "type": "Feature",
      "geometry": {
        "type": "Point",
        "coordinates": [
          -0.140328,
          51.502667
        ]
      },
      "properties": {
        "timestamp": "2025-08-14T19:35:13Z"
      }
    },
    {
      "type": "Feature",
      "geometry": {
        "type": "Point",
        "coordinates": [
          -0.140366,
          51.502672
        ]
      },
      "properties": {
        "timestamp": "2025-08-14T19:35:14Z"
      }
    },
    {
      "type": "Feature",
      "geometry": {
        "type": "Point",
        "coordinates": [
          -0.140404,
          51.502676
        ]
      },
      "properties": {
        "timestamp": "2025-08-14T19:35:15Z"
      }
    },
    {
      "type": "Feature",
      "geometry": {
        "type": "Point",
        "coordinates": [
          -0.140443,
          51.502679
        ]
      },
      "properties": {
        "timestamp": "2025-08-14T19:35:16Z"
      }
    },
    {
      "type": "Feature",
      "geometry": {
        "type": "Point",
        "coordinates": [
          -0.140484,
          51.50268
        ]
      },
      "properties": {
        "timestamp": "2025-08-14T19:35:17Z"
      }
    },
    {
      "type": "Feature",
      "geometry": {
        "type": "Point",
        "coordinates": [
          -0.140526,
          51.502681
        ]
      },
      "properties": {
        "timestamp": "2025-08-14T19:35:18Z"
      }
    },
    {
      "type": "Feature",
      "geometry": {
        "type": "Point",
        "coordinates": [
          -0.140568,
          51.50268
        ]
      },
      "properties": {
        "timestamp": "2025-08-14T19:35:19Z"
      }
    },
    {
      "type": "Feature",
      "geometry": {
        "type": "Point",
        "coordinates": [
          -0.14061,
          51.502679
        ]
      },
      "properties": {
        "timestamp": "2025-08-14T19:35:20Z"
      }
    },
    {
      "type": "Feature",
      "geometry": {
        "type": "Point",
        "coordinates": [
          -0.140653,
          51.502679
        ]
      },
      "properties": {
        "timestamp": "2025-08-14T19:35:21Z"
      }
    },
    {
      "type": "Feature",
      "geometry": {
        "type": "Point",
        "coordinates": [
          -0.140695,
          51.502678
        ]
      },
      "properties": {
        "timestamp": "2025-08-14T19:35:22Z"
      }
    },
    {
      "type": "Feature",
      "geometry": {
        "type": "Point",
        "coordinates": [
          -0.140737,
          51.502675
        ]
      },
      "properties": {
        "timestamp": "2025-08-14T19:35:23Z"
      }
    },
    {
      "type": "Feature",
      "geometry": {
        "type": "Point",
        "coordinates": [
          -0.14078,
          51.502671
        ]
      },
      "properties": {
        "timestamp": "2025-08-14T19:35:24Z"
      }
    },
    {
      "type": "Feature",
      "geometry": {
        "type": "Point",
        "coordinates": [
          -0.140822,
          51.502665
        ]
      },
      "properties": {
        "timestamp": "2025-08-14T19:35:25Z"
      }
    },
    {
      "type": "Feature",
      "geometry": {
        "type": "Point",
        "coordinates": [
          -0.140863,
          51.502659
        ]
      },
      "properties": {
        "timestamp": "2025-08-14T19:35:26Z"
      }
    },
    {
      "type": "Feature",
      "geometry": {
        "type": "Point",
        "coordinates": [
          -0.140904,
          51.502652
        ]
      },
      "properties": {
        "timestamp": "2025-08-14T19:35:27Z"
      }
    },
    {
      "type": "Feature",
      "geometry": {
        "type": "Point",
        "coordinates": [
          -0.140943,
          51.502645
        ]
      },
      "properties": {
        "timestamp": "2025-08-14T19:35:28Z"
      }
    },
    {
      "type": "Feature",
      "geometry": {
        "type": "Point",
        "coordinates": [
          -0.140979,
          51.502636
        ]
      },
      "properties": {
        "timestamp": "2025-08-14T19:35:29Z"
      }
    },
    {
      "type": "Feature",
      "geometry": {
        "type": "Point",
        "coordinates": [
          -0.141012,
          51.502626
        ]
      },
      "properties": {
        "timestamp": "2025-08-14T19:35:30Z"
      }
    },
    {
      "type": "Feature",
      "geometry": {
        "type": "Point",
        "coordinates": [
          -0.141041,
          51.502615
        ]
      },
      "properties": {
        "timestamp": "2025-08-14T19:35:31Z"
      }
    },
    {
      "type": "Feature",
      "geometry": {
        "type": "Point",
        "coordinates": [
          -0.141065,
          51.502604
        ]
      },
      "properties": {
        "timestamp": "2025-08-14T19:35:32Z"
      }
    },
    {
      "type": "Feature",
      "geometry": {
        "type": "Point",
        "coordinates": [
          -0.141083,
          51.502595
        ]
      },
      "properties": {
        "timestamp": "2025-08-14T19:35:33Z"
      }
    },
    {
      "type": "Feature",
      "geometry": {
        "type": "Point",
        "coordinates": [
          -0.141097,
          51.502587
        ]
      },
      "properties": {
        "timestamp": "2025-08-14T19:35:34Z"
      }
    },
    {
      "type": "Feature",
      "geometry": {
        "type": "Point",
        "coordinates": [
          -0.141108,
          51.502579
        ]
      },
      "properties": {
        "timestamp": "2025-08-14T19:35:35Z"
      }
    },
    {
      "type": "Feature",
      "geometry": {
        "type": "Point",
        "coordinates": [
          -0.14112,
          51.50257
        ]
      },
      "properties": {
        "timestamp": "2025-08-14T19:35:36Z"
      }
    },
    {
      "type": "Feature",
      "geometry": {
        "type": "Point",
        "coordinates": [
          -0.141136,
          51.502558
        ]
      },
      "properties": {
        "timestamp": "2025-08-14T19:35:37Z"
      }
    },
    {
      "type": "Feature",
      "geometry": {
        "type": "Point",
        "coordinates": [
          -0.14116,
          51.502543
        ]
      },
      "properties": {
        "timestamp": "2025-08-14T19:35:38Z"
      }
    },
    {
      "type": "Feature",
      "geometry": {
        "type": "Point",
        "coordinates": [
          -0.14119,
          51.502526
        ]
      },
      "properties": {
        "timestamp": "2025-08-14T19:35:39Z"
      }
    },
    {
      "type": "Feature",
      "geometry": {
        "type": "Point",
        "coordinates": [
          -0.141224,
          51.502509
        ]
      },
      "properties": {
        "timestamp": "2025-08-14T19:35:40Z"
      }
    },
    {
      "type": "Feature",
      "geometry": {
        "type": "Point",
        "coordinates": [
          -0.14126,
          51.502493
        ]
      },
      "properties": {
        "timestamp": "2025-08-14T19:35:41Z"
      }
    },
    {
      "type": "Feature",
      "geometry": {
        "type": "Point",
        "coordinates": [
          -0.141297,
          51.502477
        ]
      },
      "properties": {
        "timestamp": "2025-08-14T19:35:42Z"
      }
    },
    {
      "type": "Feature",
      "geometry": {
        "type": "Point",
        "coordinates": [
          -0.141335,
          51.502464
        ]
      },
      "properties": {
        "timestamp": "2025-08-14T19:35:43Z"
      }
    },
    {
      "type": "Feature",
      "geometry": {
        "type": "Point",
        "coordinates": [
          -0.141374,
          51.502451
        ]
      },
      "properties": {
        "timestamp": "2025-08-14T19:35:44Z"
      }
    },
    {
      "type": "Feature",
      "geometry": {
        "type": "Point",
        "coordinates": [
          -0.141412,
          51.50244
        ]
      },
      "properties": {
        "timestamp": "2025-08-14T19:35:45Z"
      }
    },
    {
      "type": "Feature",
      "geometry": {
        "type": "Point",
        "coordinates": [
          -0.141451,
          51.502429
        ]
      },
      "properties": {
        "timestamp": "2025-08-14T19:35:46Z"
      }
    },
    {
      "type": "Feature",
      "geometry": {
        "type": "Point",
        "coordinates": [
          -0.141489,
          51.502419
        ]
      },
      "properties": {
        "timestamp": "2025-08-14T19:35:47Z"
      }
    },
    {
      "type": "Feature",
      "geometry": {
        "type": "Point",
        "coordinates": [
          -0.141527,
          51.502407
        ]
      },
      "properties": {
        "timestamp": "2025-08-14T19:35:48Z"
      }
    },
    {
      "type": "Feature",
      "geometry": {
        "type": "Point",
        "coordinates": [
          -0.141566,
          51.502394
        ]
      },
      "properties": {
        "timestamp": "2025-08-14T19:35:49Z"
      }
    },
    {
      "type": "Feature",
      "geometry": {
        "type": "Point",
        "coordinates": [
          -0.141604,
          51.50238
        ]
      },
      "properties": {
        "timestamp": "2025-08-14T19:35:50Z"
      }
    },
    {
      "type": "Feature",
      "geometry": {
        "type": "Point",
        "coordinates": [
          -0.141642,
          51.502366
        ]
      },
      "properties": {
        "timestamp": "2025-08-14T19:35:51Z"
      }
    },
    {
      "type": "Feature",
      "geometry": {
        "type": "Point",
        "coordinates": [
          -0.141681,
          51.502353
        ]
      },
      "properties": {
        "timestamp": "2025-08-14T19:35:52Z"
      }
    },
    {
      "type": "Feature",
      "geometry": {
        "type": "Point",
        "coordinates": [
          -0.141722,
          51.50234
        ]
      },
      "properties": {
        "timestamp": "2025-08-14T19:35:53Z"
      }
    },
    {
      "type": "Feature",
      "geometry": {
        "type": "Point",
        "coordinates": [
          -0.141764,
          51.502329
        ]
      },
      "properties": {
        "timestamp": "2025-08-14T19:35:54Z"
      }
    },
    {
      "type": "Feature",
      "geometry": {
        "type": "Point",
        "coordinates": [
          -0.141804,
          51.502319
        ]
      },
      "properties": {
        "timestamp": "2025-08-14T19:35:55Z"
      }
    },
    {
      "type": "Feature",
      "geometry": {
        "type": "Point",
        "coordinates": [
          -0.14184,
          51.502311
        ]
      },
      "properties": {
        "timestamp": "2025-08-14T19:35:56Z"
      }
    },
    {
      "type": "Feature",
      "geometry": {
        "type": "Point",
        "coordinates": [
          -0.141875,
          51.502309
        ]
      },
      "properties": {
        "timestamp": "2025-08-14T19:35:57Z"
      }
    },
    {
      "type": "Feature",
      "geometry": {
        "type": "Point",
        "coordinates": [
          -0.141907,
          51.502314
        ]
      },
      "properties": {
        "timestamp": "2025-08-14T19:35:58Z"
      }
    },
    {
      "type": "Feature",
      "geometry": {
        "type": "Point",
        "coordinates": [
          -0.141938,
          51.502325
        ]
      },
      "properties": {
        "timestamp": "2025-08-14T19:35:59Z"
      }
    },
    {
      "type": "Feature",
      "geometry": {
        "type": "Point",
        "coordinates": [
          -0.141969,
          51.502339
        ]
      },
      "properties": {
        "timestamp": "2025-08-14T19:36:00Z"
      }
    },
    {
      "type": "Feature",
      "geometry": {
        "type": "Point",
        "coordinates": [
          -0.142,
          51.502354
        ]
      },
      "properties": {
        "timestamp": "2025-08-14T19:36:01Z"
      }
    },
    {
      "type": "Feature",
      "geometry": {
        "type": "Point",
        "coordinates": [
          -0.142033,
          51.502369
        ]
      },
      "properties": {
        "timestamp": "2025-08-14T19:36:02Z"
      }
    },
    {
      "type": "Feature",
      "geometry": {
        "type": "Point",
        "coordinates": [
          -0.142066,
          51.502382
        ]
      },
      "properties": {
        "timestamp": "2025-08-14T19:36:03Z"
      }
    },
    {
      "type": "Feature",
      "geometry": {
        "type": "Point",
        "coordinates": [
          -0.142099,
          51.502394
        ]
      },
      "properties": {
        "timestamp": "2025-08-14T19:36:04Z"
      }
    },
    {
      "type": "Feature",
      "geometry": {
        "type": "Point",
        "coordinates": [
          -0.142132,
          51.502407
        ]
      },
      "properties": {
        "timestamp": "2025-08-14T19:36:05Z"
      }
    },
    {
      "type": "Feature",
      "geometry": {
        "type": "Point",
        "coordinates": [
          -0.142162,
          51.50242
        ]
      },
      "properties": {
        "timestamp": "2025-08-14T19:36:06Z"
      }
    },
    {
      "type": "Feature",
      "geometry": {
        "type": "Point",
        "coordinates": [
          -0.142188,
          51.502436
        ]
      },
      "properties": {
        "timestamp": "2025-08-14T19:36:07Z"
      }
    },
    {
      "type": "Feature",
      "geometry": {
        "type": "Point",
        "coordinates": [
          -0.142209,
          51.502453
        ]
      },
      "properties": {
        "timestamp": "2025-08-14T19:36:08Z"
      }
    },
    {
      "type": "Feature",
      "geometry": {
        "type": "Point",
        "coordinates": [
          -0.142229,
          51.502471
        ]
      },
      "properties": {
        "timestamp": "2025-08-14T19:36:09Z"
      }
    },
    {
      "type": "Feature",
      "geometry": {
        "type": "Point",
        "coordinates": [
          -0.142249,
          51.502489
        ]
      },
      "properties": {
        "timestamp": "2025-08-14T19:36:10Z"
      }
    },
    {
      "type": "Feature",
      "geometry": {
        "type": "Point",
        "coordinates": [
          -0.142275,
          51.502504
        ]
      },
      "properties": {
        "timestamp": "2025-08-14T19:36:11Z"
      }
    },
    {
      "type": "Feature",
      "geometry": {
        "type": "Point",
        "coordinates": [
          -0.142305,
          51.502519
        ]
      },
      "properties": {
        "timestamp": "2025-08-14T19:36:12Z"
      }
    },
    {
      "type": "Feature",
      "geometry": {
        "type": "Point",
        "coordinates": [
          -0.142339,
          51.502532
        ]
      },
      "properties": {
        "timestamp": "2025-08-14T19:36:13Z"
      }
    },
    {
      "type": "Feature",
      "geometry": {
        "type": "Point",
        "coordinates": [
          -0.142376,
          51.502544
        ]
      },
      "properties": {
        "timestamp": "2025-08-14T19:36:14Z"
      }
    },
    {
      "type": "Feature",
      "geometry": {
        "type": "Point",
        "coordinates": [
          -0.142414,
          51.502555
        ]
      },
      "properties": {
        "timestamp": "2025-08-14T19:36:15Z"
      }
    },
    {
      "type": "Feature",
      "geometry": {
        "type": "Point",
        "coordinates": [
          -0.142453,
          51.502566
        ]
      },
      "properties": {
        "timestamp": "2025-08-14T19:36:16Z"
      }
    },
    {
      "type": "Feature",
      "geometry": {
        "type": "Point",
        "coordinates": [
          -0.142491,
          51.502578
        ]
      },
      "properties": {
        "timestamp": "2025-08-14T19:36:17Z"
      }
    },
    {
      "type": "Feature",
      "geometry": {
        "type": "Point",
        "coordinates": [
          -0.14253,
          51.502591
        ]
      },
      "properties": {
        "timestamp": "2025-08-14T19:36:18Z"
      }
    },
    {
      "type": "Feature",
      "geometry": {
        "type": "Point",
        "coordinates": [
          -0.142569,
          51.502606
        ]
      },
      "properties": {
        "timestamp": "2025-08-14T19:36:19Z"
      }
    },
    {
      "type": "Feature",
      "geometry": {
        "type": "Point",
        "coordinates": [
          -0.142608,
          51.502622
        ]
      },
      "properties": {
        "timestamp": "2025-08-14T19:36:20Z"
      }
    },
    {
      "type": "Feature",
      "geometry": {
        "type": "Point",
        "coordinates": [
          -0.142647,
          51.502639
        ]
      },
      "properties": {
        "timestamp": "2025-08-14T19:36:21Z"
      }
    },
    {
      "type": "Feature",
      "geometry": {
        "type": "Point",
        "coordinates": [
          -0.142687,
          51.502656
        ]
      },
      "properties": {
        "timestamp": "2025-08-14T19:36:22Z"
      }
    },
    {
      "type": "Feature",
      "geometry": {
        "type": "Point",
        "coordinates": [
          -0.142728,
          51.502674
        ]
      },
      "properties": {
        "timestamp": "2025-08-14T19:36:23Z"
      }
    },
    {
      "type": "Feature",
      "geometry": {
        "type": "Point",
        "coordinates": [
          -0.142768,
          51.502694
        ]
      },
      "properties": {
        "timestamp": "2025-08-14T19:36:24Z"
      }
    },
    {
      "type": "Feature",
      "geometry": {
        "type": "Point",
        "coordinates": [
          -0.142806,
          51.502714
        ]
      },
      "properties": {
        "timestamp": "2025-08-14T19:36:25Z"
      }
    },
    {
      "type": "Feature",
      "geometry": {
        "type": "Point",
        "coordinates": [
          -0.142842,
          51.502735
        ]
      },
      "properties": {
        "timestamp": "2025-08-14T19:36:26Z"
      }
    },
    {
      "type": "Feature",
      "geometry": {
        "type": "Point",
        "coordinates": [
          -0.142875,
          51.502755
        ]
      },
      "properties": {
        "timestamp": "2025-08-14T19:36:27Z"
      }
    },
    {
      "type": "Feature",
      "geometry": {
        "type": "Point",
        "coordinates": [
          -0.142909,
          51.502776
        ]
      },
      "properties": {
        "timestamp": "2025-08-14T19:36:28Z"
      }
    },
    {
      "type": "Feature",
      "geometry": {
        "type": "Point",
        "coordinates": [
          -0.142943,
          51.502798
        ]
      },
      "properties": {
        "timestamp": "2025-08-14T19:36:29Z"
      }
    },
    {
      "type": "Feature",
      "geometry": {
        "type": "Point",
        "coordinates": [
          -0.142976,
          51.502818
        ]
      },
      "properties": {
        "timestamp": "2025-08-14T19:36:30Z"
      }
    },
    {
      "type": "Feature",
      "geometry": {
        "type": "Point",
        "coordinates": [
          -0.143009,
          51.502839
        ]
      },
      "properties": {
        "timestamp": "2025-08-14T19:36:31Z"
      }
    },
    {
      "type": "Feature",
      "geometry": {
        "type": "Point",
        "coordinates": [
          -0.143042,
          51.50286
        ]
      },
      "properties": {
        "timestamp": "2025-08-14T19:36:32Z"
      }
    },
    {
      "type": "Feature",
      "geometry": {
        "type": "Point",
        "coordinates": [
          -0.143074,
          51.502882
        ]
      },
      "properties": {
        "timestamp": "2025-08-14T19:36:33Z"
      }
    },
    {
      "type": "Feature",
      "geometry": {
        "type": "Point",
        "coordinates": [
          -0.143104,
          51.502903
        ]
      },
      "properties": {
        "timestamp": "2025-08-14T19:36:34Z"
      }
    },
    {
      "type": "Feature",
      "geometry": {
        "type": "Point",
        "coordinates": [
          -0.143132,
          51.502926
        ]
      },
      "properties": {
        "timestamp": "2025-08-14T19:36:35Z"
      }
    },
    {
      "type": "Feature",
      "geometry": {
        "type": "Point",
        "coordinates": [
          -0.14316,
          51.502948
        ]
      },
      "properties": {
        "timestamp": "2025-08-14T19:36:36Z"
      }
    },
    {
      "type": "Feature",
      "geometry": {
        "type": "Point",
        "coordinates": [
          -0.143188,
          51.50297
        ]
      },
      "properties": {
        "timestamp": "2025-08-14T19:36:37Z"
      }
    },
    {
      "type": "Feature",
      "geometry": {
        "type": "Point",
        "coordinates": [
          -0.143216,
          51.502993
        ]
      },
      "properties": {
        "timestamp": "2025-08-14T19:36:38Z"
      }
    },
    {
      "type": "Feature",
      "geometry": {
        "type": "Point",
        "coordinates": [
          -0.143244,
          51.503015
        ]
      },
      "properties": {
        "timestamp": "2025-08-14T19:36:39Z"
      }
    },
    {
      "type": "Feature",
      "geometry": {
        "type": "Point",
        "coordinates": [
          -0.143269,
          51.503038
        ]
      },
      "properties": {
        "timestamp": "2025-08-14T19:36:40Z"
      }
    },
    {
      "type": "Feature",
      "geometry": {
        "type": "Point",
        "coordinates": [
          -0.143293,
          51.503062
        ]
      },
      "properties": {
        "timestamp": "2025-08-14T19:36:41Z"
      }
    },
    {
      "type": "Feature",
      "geometry": {
        "type": "Point",
        "coordinates": [
          -0.143313,
          51.503086
        ]
      },
      "properties": {
        "timestamp": "2025-08-14T19:36:42Z"
      }
    },
    {
      "type": "Feature",
      "geometry": {
        "type": "Point",
        "coordinates": [
          -0.143333,
          51.50311
        ]
      },
      "properties": {
        "timestamp": "2025-08-14T19:36:43Z"
      }
    },
    {
      "type": "Feature",
      "geometry": {
        "type": "Point",
        "coordinates": [
          -0.143354,
          51.503133
        ]
      },
      "properties": {
        "timestamp": "2025-08-14T19:36:44Z"
      }
    },
    {
      "type": "Feature",
      "geometry": {
        "type": "Point",
        "coordinates": [
          -0.143379,
          51.503155
        ]
      },
      "properties": {
        "timestamp": "2025-08-14T19:36:45Z"
      }
    },
    {
      "type": "Feature",
      "geometry": {
        "type": "Point",
        "coordinates": [
          -0.143406,
          51.503175
        ]
      },
      "properties": {
        "timestamp": "2025-08-14T19:36:46Z"
      }
    },
    {
      "type": "Feature",
      "geometry": {
        "type": "Point",
        "coordinates": [
          -0.143436,
          51.503194
        ]
      },
      "properties": {
        "timestamp": "2025-08-14T19:36:47Z"
      }
    },
    {
      "type": "Feature",
      "geometry": {
        "type": "Point",
        "coordinates": [
          -0.143467,
          51.503212
        ]
      },
      "properties": {
        "timestamp": "2025-08-14T19:36:48Z"
      }
    },
    {
      "type": "Feature",
      "geometry": {
        "type": "Point",
        "coordinates": [
          -0.143499,
          51.503229
        ]
      },
      "properties": {
        "timestamp": "2025-08-14T19:36:49Z"
      }
    },
    {
      "type": "Feature",
      "geometry": {
        "type": "Point",
        "coordinates": [
          -0.143532,
          51.503246
        ]
      },
      "properties": {
        "timestamp": "2025-08-14T19:36:50Z"
      }
    },
    {
      "type": "Feature",
      "geometry": {
        "type": "Point",
        "coordinates": [
          -0.143566,
          51.503264
        ]
      },
      "properties": {
        "timestamp": "2025-08-14T19:36:51Z"
      }
    },
    {
      "type": "Feature",
      "geometry": {
        "type": "Point",
        "coordinates": [
          -0.143597,
          51.503282
        ]
      },
      "properties": {
        "timestamp": "2025-08-14T19:36:52Z"
      }
    },
    {
      "type": "Feature",
      "geometry": {
        "type": "Point",
        "coordinates": [
          -0.143625,
          51.503301
        ]
      },
      "properties": {
        "timestamp": "2025-08-14T19:36:53Z"
      }
    },
    {
      "type": "Feature",
      "geometry": {
        "type": "Point",
        "coordinates": [
          -0.14365,
          51.503321
        ]
      },
      "properties": {
        "timestamp": "2025-08-14T19:36:54Z"
      }
    },
    {
      "type": "Feature",
      "geometry": {
        "type": "Point",
        "coordinates": [
          -0.143673,
          51.503342
        ]
      },
      "properties": {
        "timestamp": "2025-08-14T19:36:55Z"
      }
    },
    {
      "type": "Feature",
      "geometry": {
        "type": "Point",
        "coordinates": [
          -0.143695,
          51.503365
        ]
      },
      "properties": {
        "timestamp": "2025-08-14T19:36:56Z"
      }
    },
    {
      "type": "Feature",
      "geometry": {
        "type": "Point",
        "coordinates": [
          -0.143716,
          51.50339
        ]
      },
      "properties": {
        "timestamp": "2025-08-14T19:36:57Z"
      }
    },
    {
      "type": "Feature",
      "geometry": {
        "type": "Point",
        "coordinates": [
          -0.143736,
          51.503414
        ]
      },
      "properties": {
        "timestamp": "2025-08-14T19:36:58Z"
      }
    },
    {
      "type": "Feature",
      "geometry": {
        "type": "Point",
        "coordinates": [
          -0.143757,
          51.503438
        ]
      },
      "properties": {
        "timestamp": "2025-08-14T19:36:59Z"
      }
    },
    {
      "type": "Feature",
      "geometry": {
        "type": "Point",
        "coordinates": [
          -0.143779,
          51.503461
        ]
      },
      "properties": {
        "timestamp": "2025-08-14T19:37:00Z"
      }
    },
    {
      "type": "Feature",
      "geometry": {
        "type": "Point",
        "coordinates": [
          -0.143802,
          51.503483
        ]
      },
      "properties": {
        "timestamp": "2025-08-14T19:37:01Z"
      }
    },
    {
      "type": "Feature",
      "geometry": {
        "type": "Point",
        "coordinates": [
          -0.143828,
          51.503503
        ]
      },
      "properties": {
        "timestamp": "2025-08-14T19:37:02Z"
      }
    },
    {
      "type": "Feature",
      "geometry": {
        "type": "Point",
        "coordinates": [
          -0.143857,
          51.503523
        ]
      },
      "properties": {
        "timestamp": "2025-08-14T19:37:03Z"
      }
    },
    {
      "type": "Feature",
      "geometry": {
        "type": "Point",
        "coordinates": [
          -0.143888,
          51.503542
        ]
      },
      "properties": {
        "timestamp": "2025-08-14T19:37:04Z"
      }
    },
    {
      "type": "Feature",
      "geometry": {
        "type": "Point",
        "coordinates": [
          -0.143923,
          51.503559
        ]
      },
      "properties": {
        "timestamp": "2025-08-14T19:37:05Z"
      }
    },
    {
      "type": "Feature",
      "geometry": {
        "type": "Point",
        "coordinates": [
          -0.143959,
          51.503577
        ]
      },
      "properties": {
        "timestamp": "2025-08-14T19:37:06Z"
      }
    },
    {
      "type": "Feature",
      "geometry": {
        "type": "Point",
        "coordinates": [
          -0.143994,
          51.503595
        ]
      },
      "properties": {
        "timestamp": "2025-08-14T19:37:07Z"
      }
    },
    {
      "type": "Feature",
      "geometry": {
        "type": "Point",
        "coordinates": [
          -0.144027,
          51.503613
        ]
      },
      "properties": {
        "timestamp": "2025-08-14T19:37:08Z"
      }
    },
    {
      "type": "Feature",
      "geometry": {
        "type": "Point",
        "coordinates": [
          -0.144057,
          51.503631
        ]
      },
      "properties": {
        "timestamp": "2025-08-14T19:37:09Z"
      }
    },
    {
      "type": "Feature",
      "geometry": {
        "type": "Point",
        "coordinates": [
          -0.144083,
          51.503649
        ]
      },
      "properties": {
        "timestamp": "2025-08-14T19:37:10Z"
      }
    },
    {
      "type": "Feature",
      "geometry": {
        "type": "Point",
        "coordinates": [
          -0.144108,
          51.503667
        ]
      },
      "properties": {
        "timestamp": "2025-08-14T19:37:11Z"
      }
    },
    {
      "type": "Feature",
      "geometry": {
        "type": "Point",
        "coordinates": [
          -0.144129,
          51.503685
        ]
      },
      "properties": {
        "timestamp": "2025-08-14T19:37:12Z"
      }
    },
    {
      "type": "Feature",
      "geometry": {
        "type": "Point",
        "coordinates": [
          -0.144146,
          51.503702
        ]
      },
      "properties": {
        "timestamp": "2025-08-14T19:37:13Z"
      }
    },
    {
      "type": "Feature",
      "geometry": {
        "type": "Point",
        "coordinates": [
          -0.144158,
          51.503714
        ]
      },
      "properties": {
        "timestamp": "2025-08-14T19:37:14Z"
      }
    },
    {
      "type": "Feature",
      "geometry": {
        "type": "Point",
        "coordinates": [
          -0.144164,
          51.503721
        ]
      },
      "properties": {
        "timestamp": "2025-08-14T19:37:15Z"
      }
    },
    {
      "type": "Feature",
      "geometry": {
        "type": "Point",
        "coordinates": [
          -0.144165,
          51.503721
        ]
      },
      "properties": {
        "timestamp": "2025-08-14T19:37:16Z"
      }
    },
    {
      "type": "Feature",
      "geometry": {
        "type": "Point",
        "coordinates": [
          -0.144162,
          51.503716
        ]
      },
      "properties": {
        "timestamp": "2025-08-14T19:37:17Z"
      }
    },
    {
      "type": "Feature",
      "geometry": {
        "type": "Point",
        "coordinates": [
          -0.144159,
          51.503711
        ]
      },
      "properties": {
        "timestamp": "2025-08-14T19:37:18Z"
      }
    },
    {
      "type": "Feature",
      "geometry": {
        "type": "Point",
        "coordinates": [
          -0.144158,
          51.503708
        ]
      },
      "properties": {
        "timestamp": "2025-08-14T19:37:19Z"
      }
    },
    {
      "type": "Feature",
      "geometry": {
        "type": "Point",
        "coordinates": [
          -0.14416,
          51.503708
        ]
      },
      "properties": {
        "timestamp": "2025-08-14T19:37:20Z"
      }
    },
    {
      "type": "Feature",
      "geometry": {
        "type": "Point",
        "coordinates": [
          -0.144167,
          51.503711
        ]
      },
      "properties": {
        "timestamp": "2025-08-14T19:37:21Z"
      }
    },
    {
      "type": "Feature",
      "geometry": {
        "type": "Point",
        "coordinates": [
          -0.14418,
          51.503717
        ]
      },
      "properties": {
        "timestamp": "2025-08-14T19:37:22Z"
      }
    },
    {
      "type": "Feature",
      "geometry": {
        "type": "Point",
        "coordinates": [
          -0.144201,
          51.503726
        ]
      },
      "properties": {
        "timestamp": "2025-08-14T19:37:23Z"
      }
    },
    {
      "type": "Feature",
      "geometry": {
        "type": "Point",
        "coordinates": [
          -0.144228,
          51.50374
        ]
      },
      "properties": {
        "timestamp": "2025-08-14T19:37:24Z"
      }
    },
    {
      "type": "Feature",
      "geometry": {
        "type": "Point",
        "coordinates": [
          -0.144259,
          51.50376
        ]
      },
      "properties": {
        "timestamp": "2025-08-14T19:37:25Z"
      }
    },
    {
      "type": "Feature",
      "geometry": {
        "type": "Point",
        "coordinates": [
          -0.144291,
          51.503783
        ]
      },
      "properties": {
        "timestamp": "2025-08-14T19:37:26Z"
      }
    },
    {
      "type": "Feature",
      "geometry": {
        "type": "Point",
        "coordinates": [
          -0.144323,
          51.503808
        ]
      },
      "properties": {
        "timestamp": "2025-08-14T19:37:27Z"
      }
    },
    {
      "type": "Feature",
      "geometry": {
        "type": "Point",
        "coordinates": [
          -0.144354,
          51.503833
        ]
      },
      "properties": {
        "timestamp": "2025-08-14T19:37:28Z"
      }
    },
    {
      "type": "Feature",
      "geometry": {
        "type": "Point",
        "coordinates": [
          -0.144382,
          51.503855
        ]
      },
      "properties": {
        "timestamp": "2025-08-14T19:37:29Z"
      }
    },
    {
      "type": "Feature",
      "geometry": {
        "type": "Point",
        "coordinates": [
          -0.144411,
          51.503876
        ]
      },
      "properties": {
        "timestamp": "2025-08-14T19:37:30Z"
      }
    },
    {
      "type": "Feature",
      "geometry": {
        "type": "Point",
        "coordinates": [
          -0.144441,
          51.503895
        ]
      },
      "properties": {
        "timestamp": "2025-08-14T19:37:31Z"
      }
    },
    {
      "type": "Feature",
      "geometry": {
        "type": "Point",
        "coordinates": [
          -0.144474,
          51.503913
        ]
      },
      "properties": {
        "timestamp": "2025-08-14T19:37:32Z"
      }
    },
    {
      "type": "Feature",
      "geometry": {
        "type": "Point",
        "coordinates": [
          -0.144509,
          51.503931
        ]
      },
      "properties": {
        "timestamp": "2025-08-14T19:37:33Z"
      }
    },
    {
      "type": "Feature",
      "geometry": {
        "type": "Point",
        "coordinates": [
          -0.144546,
          51.50395
        ]
      },
      "properties": {
        "timestamp": "2025-08-14T19:37:34Z"
      }
    },
    {
      "type": "Feature",
      "geometry": {
        "type": "Point",
        "coordinates": [
          -0.144583,
          51.503968
        ]
      },
      "properties": {
        "timestamp": "2025-08-14T19:37:35Z"
      }
    },
    {
      "type": "Feature",
      "geometry": {
        "type": "Point",
        "coordinates": [
          -0.14462,
          51.503985
        ]
      },
      "properties": {
        "timestamp": "2025-08-14T19:37:36Z"
      }
    },
    {
      "type": "Feature",
      "geometry": {
        "type": "Point",
        "coordinates": [
          -0.144656,
          51.504001
        ]
      },
      "properties": {
        "timestamp": "2025-08-14T19:37:37Z"
      }
    },
    {
      "type": "Feature",
      "geometry": {
        "type": "Point",
        "coordinates": [
          -0.144692,
          51.504017
        ]
      },
      "properties": {
        "timestamp": "2025-08-14T19:37:38Z"
      }
    },
    {
      "type": "Feature",
      "geometry": {
        "type": "Point",
        "coordinates": [
          -0.144729,
          51.504033
        ]
      },
      "properties": {
        "timestamp": "2025-08-14T19:37:39Z"
      }
    },
    {
      "type": "Feature",
      "geometry": {
        "type": "Point",
        "coordinates": [
          -0.144767,
          51.504047
        ]
      },
      "properties": {
        "timestamp": "2025-08-14T19:37:40Z"
      }
    },
    {
      "type": "Feature",
      "geometry": {
        "type": "Point",
        "coordinates": [
          -0.144805,
          51.504061
        ]
      },
      "properties": {
        "timestamp": "2025-08-14T19:37:41Z"
      }
    },
    {
      "type": "Feature",
      "geometry": {
        "type": "Point",
        "coordinates": [
          -0.144843,
          51.504075
        ]
      },
      "properties": {
        "timestamp": "2025-08-14T19:37:42Z"
      }
    },
    {
      "type": "Feature",
      "geometry": {
        "type": "Point",
        "coordinates": [
          -0.14488,
          51.50409
        ]
      },
      "properties": {
        "timestamp": "2025-08-14T19:37:43Z"
      }
    },
    {
      "type": "Feature",
      "geometry": {
        "type": "Point",
        "coordinates": [
          -0.144916,
          51.504106
        ]
      },
      "properties": {
        "timestamp": "2025-08-14T19:37:44Z"
      }
    },
    {
      "type": "Feature",
      "geometry": {
        "type": "Point",
        "coordinates": [
          -0.144951,
          51.504122
        ]
      },
      "properties": {
        "timestamp": "2025-08-14T19:37:45Z"
      }
    },
    {
      "type": "Feature",
      "geometry": {
        "type": "Point",
        "coordinates": [
          -0.144985,
          51.504138
        ]
      },
      "properties": {
        "timestamp": "2025-08-14T19:37:46Z"
      }
    },
    {
      "type": "Feature",
      "geometry": {
        "type": "Point",
        "coordinates": [
          -0.144997,
          51.504163
        ]
      },
      "properties": {
        "timestamp": "2025-08-14T19:40:53Z"
      }
    },
    {
      "type": "Feature",
      "geometry": {
        "type": "Point",
        "coordinates": [
          -0.144963,
          51.504135
        ]
      },
      "properties": {
        "timestamp": "2025-08-14T19:40:54Z"
      }
    },
    {
      "type": "Feature",
      "geometry": {
        "type": "Point",
        "coordinates": [
          -0.144927,
          51.504108
        ]
      },
      "properties": {
        "timestamp": "2025-08-14T19:40:55Z"
      }
    },
    {
      "type": "Feature",
      "geometry": {
        "type": "Point",
        "coordinates": [
          -0.144888,
          51.504082
        ]
      },
      "properties": {
        "timestamp": "2025-08-14T19:40:56Z"
      }
    },
    {
      "type": "Feature",
      "geometry": {
        "type": "Point",
        "coordinates": [
          -0.144844,
          51.504058
        ]
      },
      "properties": {
        "timestamp": "2025-08-14T19:40:57Z"
      }
    },
    {
      "type": "Feature",
      "geometry": {
        "type": "Point",
        "coordinates": [
          -0.144798,
          51.504036
        ]
      },
      "properties": {
        "timestamp": "2025-08-14T19:40:58Z"
      }
    },
    {
      "type": "Feature",
      "geometry": {
        "type": "Point",
        "coordinates": [
          -0.144752,
          51.504016
        ]
      },
      "properties": {
        "timestamp": "2025-08-14T19:40:59Z"
      }
    },
    {
      "type": "Feature",
      "geometry": {
        "type": "Point",
        "coordinates": [
          -0.144705,
          51.503997
        ]
      },
      "properties": {
        "timestamp": "2025-08-14T19:41:00Z"
      }
    },
    {
      "type": "Feature",
      "geometry": {
        "type": "Point",
        "coordinates": [
          -0.144658,
          51.503977
        ]
      },
      "properties": {
        "timestamp": "2025-08-14T19:41:01Z"
      }
    },
    {
      "type": "Feature",
      "geometry": {
        "type": "Point",
        "coordinates": [
          -0.144611,
          51.503957
        ]
      },
      "properties": {
        "timestamp": "2025-08-14T19:41:02Z"
      }
    },
    {
      "type": "Feature",
      "geometry": {
        "type": "Point",
        "coordinates": [
          -0.144565,
          51.503936
        ]
      },
      "properties": {
        "timestamp": "2025-08-14T19:41:03Z"
      }
    },
    {
      "type": "Feature",
      "geometry": {
        "type": "Point",
        "coordinates": [
          -0.144519,
          51.503914
        ]
      },
      "properties": {
        "timestamp": "2025-08-14T19:41:04Z"
      }
    },
    {
      "type": "Feature",
      "geometry": {
        "type": "Point",
        "coordinates": [
          -0.144475,
          51.503892
        ]
      },
      "properties": {
        "timestamp": "2025-08-14T19:41:05Z"
      }
    },
    {
      "type": "Feature",
      "geometry": {
        "type": "Point",
        "coordinates": [
          -0.144435,
          51.503871
        ]
      },
      "properties": {
        "timestamp": "2025-08-14T19:41:06Z"
      }
    },
    {
      "type": "Feature",
      "geometry": {
        "type": "Point",
        "coordinates": [
          -0.144397,
          51.503849
        ]
      },
      "properties": {
        "timestamp": "2025-08-14T19:41:07Z"
      }
    },
    {
      "type": "Feature",
      "geometry": {
        "type": "Point",
        "coordinates": [
          -0.144361,
          51.503827
        ]
      },
      "properties": {
        "timestamp": "2025-08-14T19:41:08Z"
      }
    },
    {
      "type": "Feature",
      "geometry": {
        "type": "Point",
        "coordinates": [
          -0.144326,
          51.503804
        ]
      },
      "properties": {
        "timestamp": "2025-08-14T19:41:09Z"
      }
    },
    {
      "type": "Feature",
      "geometry": {
        "type": "Point",
        "coordinates": [
          -0.144292,
          51.503781
        ]
      },
      "properties": {
        "timestamp": "2025-08-14T19:41:10Z"
      }
    },
    {
      "type": "Feature",
      "geometry": {
        "type": "Point",
        "coordinates": [
          -0.144258,
          51.503758
        ]
      },
      "properties": {
        "timestamp": "2025-08-14T19:41:11Z"
      }
    },
    {
      "type": "Feature",
      "geometry": {
        "type": "Point",
        "coordinates": [
          -0.144224,
          51.503734
        ]
      },
      "properties": {
        "timestamp": "2025-08-14T19:41:12Z"
      }
    },
    {
      "type": "Feature",
      "geometry": {
        "type": "Point",
        "coordinates": [
          -0.144189,
          51.503709
        ]
      },
      "properties": {
        "timestamp": "2025-08-14T19:41:13Z"
      }
    },
    {
      "type": "Feature",
      "geometry": {
        "type": "Point",
        "coordinates": [
          -0.144154,
          51.503685
        ]
      },
      "properties": {
        "timestamp": "2025-08-14T19:41:14Z"
      }
    },
    {
      "type": "Feature",
      "geometry": {
        "type": "Point",
        "coordinates": [
          -0.144118,
          51.503662
        ]
      },
      "properties": {
        "timestamp": "2025-08-14T19:41:15Z"
      }
    },
    {
      "type": "Feature",
      "geometry": {
        "type": "Point",
        "coordinates": [
          -0.144081,
          51.503639
        ]
      },
      "properties": {
        "timestamp": "2025-08-14T19:41:16Z"
      }
    },
    {
      "type": "Feature",
      "geometry": {
        "type": "Point",
        "coordinates": [
          -0.144045,
          51.503617
        ]
      },
      "properties": {
        "timestamp": "2025-08-14T19:41:17Z"
      }
    },
    {
      "type": "Feature",
      "geometry": {
        "type": "Point",
        "coordinates": [
          -0.144008,
          51.503594
        ]
      },
      "properties": {
        "timestamp": "2025-08-14T19:41:18Z"
      }
    },
    {
      "type": "Feature",
      "geometry": {
        "type": "Point",
        "coordinates": [
          -0.14397,
          51.503572
        ]
      },
      "properties": {
        "timestamp": "2025-08-14T19:41:19Z"
      }
    },
    {
      "type": "Feature",
      "geometry": {
        "type": "Point",
        "coordinates": [
          -0.143932,
          51.503551
        ]
      },
      "properties": {
        "timestamp": "2025-08-14T19:41:20Z"
      }
    },
    {
      "type": "Feature",
      "geometry": {
        "type": "Point",
        "coordinates": [
          -0.143894,
          51.50353
        ]
      },
      "properties": {
        "timestamp": "2025-08-14T19:41:21Z"
      }
    },
    {
      "type": "Feature",
      "geometry": {
        "type": "Point",
        "coordinates": [
          -0.143856,
          51.503509
        ]
      },
      "properties": {
        "timestamp": "2025-08-14T19:41:22Z"
      }
    },
    {
      "type": "Feature",
      "geometry": {
        "type": "Point",
        "coordinates": [
          -0.143822,
          51.503489
        ]
      },
      "properties": {
        "timestamp": "2025-08-14T19:41:23Z"
      }
    },
    {
      "type": "Feature",
      "geometry": {
        "type": "Point",
        "coordinates": [
          -0.14379,
          51.503468
        ]
      },
      "properties": {
        "timestamp": "2025-08-14T19:41:24Z"
      }
    },
    {
      "type": "Feature",
      "geometry": {
        "type": "Point",
        "coordinates": [
          -0.143739,
          51.503425
        ]
      },
      "properties": {
        "timestamp": "2025-08-14T19:41:25Z"
      }
    },
    {
      "type": "Feature",
      "geometry": {
        "type": "Point",
        "coordinates": [
          -0.143763,
          51.503447
        ]
      },
      "properties": {
        "timestamp": "2025-08-14T19:41:25Z"
      }
    },
    {
      "type": "Feature",
      "geometry": {
        "type": "Point",
        "coordinates": [
          -0.143717,
          51.503401
        ]
      },
      "properties": {
        "timestamp": "2025-08-14T19:41:26Z"
      }
    },
    {
      "type": "Feature",
      "geometry": {
        "type": "Point",
        "coordinates": [
          -0.143695,
          51.503378
        ]
      },
      "properties": {
        "timestamp": "2025-08-14T19:41:27Z"
      }
    },
    {
      "type": "Feature",
      "geometry": {
        "type": "Point",
        "coordinates": [
          -0.143672,
          51.503355
        ]
      },
      "properties": {
        "timestamp": "2025-08-14T19:41:28Z"
      }
    },
    {
      "type": "Feature",
      "geometry": {
        "type": "Point",
        "coordinates": [
          -0.143648,
          51.503332
        ]
      },
      "properties": {
        "timestamp": "2025-08-14T19:41:29Z"
      }
    },
    {
      "type": "Feature",
      "geometry": {
        "type": "Point",
        "coordinates": [
          -0.143622,
          51.503308
        ]
      },
      "properties": {
        "timestamp": "2025-08-14T19:41:30Z"
      }
    },
    {
      "type": "Feature",
      "geometry": {
        "type": "Point",
        "coordinates": [
          -0.143594,
          51.503284
        ]
      },
      "properties": {
        "timestamp": "2025-08-14T19:41:31Z"
      }
    },
    {
      "type": "Feature",
      "geometry": {
        "type": "Point",
        "coordinates": [
          -0.143564,
          51.503259
        ]
      },
      "properties": {
        "timestamp": "2025-08-14T19:41:32Z"
      }
    },
    {
      "type": "Feature",
      "geometry": {
        "type": "Point",
        "coordinates": [
          -0.143533,
          51.503234
        ]
      },
      "properties": {
        "timestamp": "2025-08-14T19:41:33Z"
      }
    },
    {
      "type": "Feature",
      "geometry": {
        "type": "Point",
        "coordinates": [
          -0.143503,
          51.50321
        ]
      },
      "properties": {
        "timestamp": "2025-08-14T19:41:34Z"
      }
    },
    {
      "type": "Feature",
      "geometry": {
        "type": "Point",
        "coordinates": [
          -0.143472,
          51.503185
        ]
      },
      "properties": {
        "timestamp": "2025-08-14T19:41:35Z"
      }
    },
    {
      "type": "Feature",
      "geometry": {
        "type": "Point",
        "coordinates": [
          -0.14344,
          51.50316
        ]
      },
      "properties": {
        "timestamp": "2025-08-14T19:41:36Z"
      }
    },
    {
      "type": "Feature",
      "geometry": {
        "type": "Point",
        "coordinates": [
          -0.143407,
          51.503134
        ]
      },
      "properties": {
        "timestamp": "2025-08-14T19:41:37Z"
      }
    },
    {
      "type": "Feature",
      "geometry": {
        "type": "Point",
        "coordinates": [
          -0.143372,
          51.503106
        ]
      },
      "properties": {
        "timestamp": "2025-08-14T19:41:38Z"
      }
    },
    {
      "type": "Feature",
      "geometry": {
        "type": "Point",
        "coordinates": [
          -0.143336,
          51.503079
        ]
      },
      "properties": {
        "timestamp": "2025-08-14T19:41:39Z"
      }
    },
    {
      "type": "Feature",
      "geometry": {
        "type": "Point",
        "coordinates": [
          -0.143299,
          51.503052
        ]
      },
      "properties": {
        "timestamp": "2025-08-14T19:41:40Z"
      }
    },
    {
      "type": "Feature",
      "geometry": {
        "type": "Point",
        "coordinates": [
          -0.143261,
          51.503025
        ]
      },
      "properties": {
        "timestamp": "2025-08-14T19:41:41Z"
      }
    },
    {
      "type": "Feature",
      "geometry": {
        "type": "Point",
        "coordinates": [
          -0.143223,
          51.503
        ]
      },
      "properties": {
        "timestamp": "2025-08-14T19:41:42Z"
      }
    },
    {
      "type": "Feature",
      "geometry": {
        "type": "Point",
        "coordinates": [
          -0.143185,
          51.502975
        ]
      },
      "properties": {
        "timestamp": "2025-08-14T19:41:43Z"
      }
    },
    {
      "type": "Feature",
      "geometry": {
        "type": "Point",
        "coordinates": [
          -0.143146,
          51.50295
        ]
      },
      "properties": {
        "timestamp": "2025-08-14T19:41:44Z"
      }
    },
    {
      "type": "Feature",
      "geometry": {
        "type": "Point",
        "coordinates": [
          -0.143106,
          51.502926
        ]
      },
      "properties": {
        "timestamp": "2025-08-14T19:41:45Z"
      }
    },
    {
      "type": "Feature",
      "geometry": {
        "type": "Point",
        "coordinates": [
          -0.143068,
          51.502902
        ]
      },
      "properties": {
        "timestamp": "2025-08-14T19:41:46Z"
      }
    },
    {
      "type": "Feature",
      "geometry": {
        "type": "Point",
        "coordinates": [
          -0.14303,
          51.502879
        ]
      },
      "properties": {
        "timestamp": "2025-08-14T19:41:47Z"
      }
    },
    {
      "type": "Feature",
      "geometry": {
        "type": "Point",
        "coordinates": [
          -0.142992,
          51.502856
        ]
      },
      "properties": {
        "timestamp": "2025-08-14T19:41:48Z"
      }
    },
    {
      "type": "Feature",
      "geometry": {
        "type": "Point",
        "coordinates": [
          -0.142954,
          51.502832
        ]
      },
      "properties": {
        "timestamp": "2025-08-14T19:41:49Z"
      }
    },
    {
      "type": "Feature",
      "geometry": {
        "type": "Point",
        "coordinates": [
          -0.142917,
          51.502807
        ]
      },
      "properties": {
        "timestamp": "2025-08-14T19:41:50Z"
      }
    },
    {
      "type": "Feature",
      "geometry": {
        "type": "Point",
        "coordinates": [
          -0.142882,
          51.502783
        ]
      },
      "properties": {
        "timestamp": "2025-08-14T19:41:51Z"
      }
    },
    {
      "type": "Feature",
      "geometry": {
        "type": "Point",
        "coordinates": [
          -0.142849,
          51.502759
        ]
      },
      "properties": {
        "timestamp": "2025-08-14T19:41:52Z"
      }
    },
    {
      "type": "Feature",
      "geometry": {
        "type": "Point",
        "coordinates": [
          -0.142815,
          51.502736
        ]
      },
      "properties": {
        "timestamp": "2025-08-14T19:41:53Z"
      }
    },
    {
      "type": "Feature",
      "geometry": {
        "type": "Point",
        "coordinates": [
          -0.14278,
          51.502714
        ]
      },
      "properties": {
        "timestamp": "2025-08-14T19:41:54Z"
      }
    },
    {
      "type": "Feature",
      "geometry": {
        "type": "Point",
        "coordinates": [
          -0.142743,
          51.502692
        ]
      },
      "properties": {
        "timestamp": "2025-08-14T19:41:55Z"
      }
    },
    {
      "type": "Feature",
      "geometry": {
        "type": "Point",
        "coordinates": [
          -0.142704,
          51.502672
        ]
      },
      "properties": {
        "timestamp": "2025-08-14T19:41:56Z"
      }
    },
    {
      "type": "Feature",
      "geometry": {
        "type": "Point",
        "coordinates": [
          -0.142664,
          51.502653
        ]
      },
      "properties": {
        "timestamp": "2025-08-14T19:41:57Z"
      }
    },
    {
      "type": "Feature",
      "geometry": {
        "type": "Point",
        "coordinates": [
          -0.142622,
          51.502634
        ]
      },
      "properties": {
        "timestamp": "2025-08-14T19:41:58Z"
      }
    },
    {
      "type": "Feature",
      "geometry": {
        "type": "Point",
        "coordinates": [
          -0.14258,
          51.502617
        ]
      },
      "properties": {
        "timestamp": "2025-08-14T19:41:59Z"
      }
    },
    {
      "type": "Feature",
      "geometry": {
        "type": "Point",
        "coordinates": [
          -0.142537,
          51.5026
        ]
      },
      "properties": {
        "timestamp": "2025-08-14T19:42:00Z"
      }
    },
    {
      "type": "Feature",
      "geometry": {
        "type": "Point",
        "coordinates": [
          -0.142493,
          51.502583
        ]
      },
      "properties": {
        "timestamp": "2025-08-14T19:42:01Z"
      }
    },
    {
      "type": "Feature",
      "geometry": {
        "type": "Point",
        "coordinates": [
          -0.142449,
          51.502565
        ]
      },
      "properties": {
        "timestamp": "2025-08-14T19:42:02Z"
      }
    },
    {
      "type": "Feature",
      "geometry": {
        "type": "Point",
        "coordinates": [
          -0.142404,
          51.502547
        ]
      },
      "properties": {
        "timestamp": "2025-08-14T19:42:03Z"
      }
    },
    {
      "type": "Feature",
      "geometry": {
        "type": "Point",
        "coordinates": [
          -0.142359,
          51.502529
        ]
      },
      "properties": {
        "timestamp": "2025-08-14T19:42:04Z"
      }
    },
    {
      "type": "Feature",
      "geometry": {
        "type": "Point",
        "coordinates": [
          -0.142315,
          51.502511
        ]
      },
      "properties": {
        "timestamp": "2025-08-14T19:42:05Z"
      }
    },
    {
      "type": "Feature",
      "geometry": {
        "type": "Point",
        "coordinates": [
          -0.142272,
          51.502494
        ]
      },
      "properties": {
        "timestamp": "2025-08-14T19:42:06Z"
      }
    },
    {
      "type": "Feature",
      "geometry": {
        "type": "Point",
        "coordinates": [
          -0.142231,
          51.502476
        ]
      },
      "properties": {
        "timestamp": "2025-08-14T19:42:07Z"
      }
    },
    {
      "type": "Feature",
      "geometry": {
        "type": "Point",
        "coordinates": [
          -0.142194,
          51.50246
        ]
      },
      "properties": {
        "timestamp": "2025-08-14T19:42:08Z"
      }
    },
    {
      "type": "Feature",
      "geometry": {
        "type": "Point",
        "coordinates": [
          -0.142162,
          51.502444
        ]
      },
      "properties": {
        "timestamp": "2025-08-14T19:42:09Z"
      }
    },
    {
      "type": "Feature",
      "geometry": {
        "type": "Point",
        "coordinates": [
          -0.142131,
          51.502429
        ]
      },
      "properties": {
        "timestamp": "2025-08-14T19:42:10Z"
      }
    },
    {
      "type": "Feature",
      "geometry": {
        "type": "Point",
        "coordinates": [
          -0.142101,
          51.502413
        ]
      },
      "properties": {
        "timestamp": "2025-08-14T19:42:11Z"
      }
    },
    {
      "type": "Feature",
      "geometry": {
        "type": "Point",
        "coordinates": [
          -0.142068,
          51.502396
        ]
      },
      "properties": {
        "timestamp": "2025-08-14T19:42:13Z"
      }
    },
    {
      "type": "Feature",
      "geometry": {
        "type": "Point",
        "coordinates": [
          -0.142034,
          51.50238
        ]
      },
      "properties": {
        "timestamp": "2025-08-14T19:42:14Z"
      }
    },
    {
      "type": "Feature",
      "geometry": {
        "type": "Point",
        "coordinates": [
          -0.142002,
          51.502363
        ]
      },
      "properties": {
        "timestamp": "2025-08-14T19:42:15Z"
      }
    },
    {
      "type": "Feature",
      "geometry": {
        "type": "Point",
        "coordinates": [
          -0.14197,
          51.502346
        ]
      },
      "properties": {
        "timestamp": "2025-08-14T19:42:16Z"
      }
    },
    {
      "type": "Feature",
      "geometry": {
        "type": "Point",
        "coordinates": [
          -0.141941,
          51.502329
        ]
      },
      "properties": {
        "timestamp": "2025-08-14T19:42:17Z"
      }
    },
    {
      "type": "Feature",
      "geometry": {
        "type": "Point",
        "coordinates": [
          -0.141917,
          51.502314
        ]
      },
      "properties": {
        "timestamp": "2025-08-14T19:42:18Z"
      }
    },
    {
      "type": "Feature",
      "geometry": {
        "type": "Point",
        "coordinates": [
          -0.141898,
          51.502302
        ]
      },
      "properties": {
        "timestamp": "2025-08-14T19:42:19Z"
      }
    },
    {
      "type": "Feature",
      "geometry": {
        "type": "Point",
        "coordinates": [
          -0.141885,
          51.502293
        ]
      },
      "properties": {
        "timestamp": "2025-08-14T19:42:20Z"
      }
    },
    {
      "type": "Feature",
      "geometry": {
        "type": "Point",
        "coordinates": [
          -0.141877,
          51.502287
        ]
      },
      "properties": {
        "timestamp": "2025-08-14T19:42:21Z"
      }
    },
    {
      "type": "Feature",
      "geometry": {
        "type": "Point",
        "coordinates": [
          -0.141874,
          51.502283
        ]
      },
      "properties": {
        "timestamp": "2025-08-14T19:42:22Z"
      }
    },
    {
      "type": "Feature",
      "geometry": {
        "type": "Point",
        "coordinates": [
          -0.141877,
          51.50228
        ]
      },
      "properties": {
        "timestamp": "2025-08-14T19:42:23Z"
      }
    },
    {
      "type": "Feature",
      "geometry": {
        "type": "Point",
        "coordinates": [
          -0.141883,
          51.502279
        ]
      },
      "properties": {
        "timestamp": "2025-08-14T19:42:24Z"
      }
    },
    {
      "type": "Feature",
      "geometry": {
        "type": "Point",
        "coordinates": [
          -0.141889,
          51.50228
        ]
      },
      "properties": {
        "timestamp": "2025-08-14T19:42:25Z"
      }
    },
    {
      "type": "Feature",
      "geometry": {
        "type": "Point",
        "coordinates": [
          -0.141893,
          51.502282
        ]
      },
      "properties": {
        "timestamp": "2025-08-14T19:42:26Z"
      }
    },
    {
      "type": "Feature",
      "geometry": {
        "type": "Point",
        "coordinates": [
          -0.141895,
          51.502284
        ]
      },
      "properties": {
        "timestamp": "2025-08-14T19:42:27Z"
      }
    },
    {
      "type": "Feature",
      "geometry": {
        "type": "Point",
        "coordinates": [
          -0.141895,
          51.502286
        ]
      },
      "properties": {
        "timestamp": "2025-08-14T19:42:28Z"
      }
    },
    {
      "type": "Feature",
      "geometry": {
        "type": "Point",
        "coordinates": [
          -0.141894,
          51.502288
        ]
      },
      "properties": {
        "timestamp": "2025-08-14T19:42:29Z"
      }
    },
    {
      "type": "Feature",
      "geometry": {
        "type": "Point",
        "coordinates": [
          -0.141891,
          51.50229
        ]
      },
      "properties": {
        "timestamp": "2025-08-14T19:42:30Z"
      }
    },
    {
      "type": "Feature",
      "geometry": {
        "type": "Point",
        "coordinates": [
          -0.141886,
          51.502292
        ]
      },
      "properties": {
        "timestamp": "2025-08-14T19:42:31Z"
      }
    },
    {
      "type": "Feature",
      "geometry": {
        "type": "Point",
        "coordinates": [
          -0.141878,
          51.502295
        ]
      },
      "properties": {
        "timestamp": "2025-08-14T19:42:32Z"
      }
    },
    {
      "type": "Feature",
      "geometry": {
        "type": "Point",
        "coordinates": [
          -0.141868,
          51.502297
        ]
      },
      "properties": {
        "timestamp": "2025-08-14T19:42:33Z"
      }
    },
    {
      "type": "Feature",
      "geometry": {
        "type": "Point",
        "coordinates": [
          -0.141858,
          51.5023
        ]
      },
      "properties": {
        "timestamp": "2025-08-14T19:42:34Z"
      }
    },
    {
      "type": "Feature",
      "geometry": {
        "type": "Point",
        "coordinates": [
          -0.141846,
          51.502303
        ]
      },
      "properties": {
        "timestamp": "2025-08-14T19:42:35Z"
      }
    },
    {
      "type": "Feature",
      "geometry": {
        "type": "Point",
        "coordinates": [
          -0.141832,
          51.502308
        ]
      },
      "properties": {
        "timestamp": "2025-08-14T19:42:36Z"
      }
    },
    {
      "type": "Feature",
      "geometry": {
        "type": "Point",
        "coordinates": [
          -0.141815,
          51.502314
        ]
      },
      "properties": {
        "timestamp": "2025-08-14T19:42:37Z"
      }
    },
    {
      "type": "Feature",
      "geometry": {
        "type": "Point",
        "coordinates": [
          -0.141794,
          51.502323
        ]
      },
      "properties": {
        "timestamp": "2025-08-14T19:42:38Z"
      }
    },
    {
      "type": "Feature",
      "geometry": {
        "type": "Point",
        "coordinates": [
          -0.141768,
          51.502333
        ]
      },
      "properties": {
        "timestamp": "2025-08-14T19:42:39Z"
      }
    },
    {
      "type": "Feature",
      "geometry": {
        "type": "Point",
        "coordinates": [
          -0.141738,
          51.502345
        ]
      },
      "properties": {
        "timestamp": "2025-08-14T19:42:40Z"
      }
    },
    {
      "type": "Feature",
      "geometry": {
        "type": "Point",
        "coordinates": [
          -0.141707,
          51.502357
        ]
      },
      "properties": {
        "timestamp": "2025-08-14T19:42:41Z"
      }
    },
    {
      "type": "Feature",
      "geometry": {
        "type": "Point",
        "coordinates": [
          -0.141674,
          51.502368
        ]
      },
      "properties": {
        "timestamp": "2025-08-14T19:42:42Z"
      }
    },
    {
      "type": "Feature",
      "geometry": {
        "type": "Point",
        "coordinates": [
          -0.14164,
          51.502379
        ]
      },
      "properties": {
        "timestamp": "2025-08-14T19:42:43Z"
      }
    },
    {
      "type": "Feature",
      "geometry": {
        "type": "Point",
        "coordinates": [
          -0.14161,
          51.502389
        ]
      },
      "properties": {
        "timestamp": "2025-08-14T19:42:44Z"
      }
    },
    {
      "type": "Feature",
      "geometry": {
        "type": "Point",
        "coordinates": [
          -0.141579,
          51.502398
        ]
      },
      "properties": {
        "timestamp": "2025-08-14T19:42:45Z"
      }
    },
    {
      "type": "Feature",
      "geometry": {
        "type": "Point",
        "coordinates": [
          -0.141548,
          51.502405
        ]
      },
      "properties": {
        "timestamp": "2025-08-14T19:42:46Z"
      }
    },
    {
      "type": "Feature",
      "geometry": {
        "type": "Point",
        "coordinates": [
          -0.14151,
          51.50241
        ]
      },
      "properties": {
        "timestamp": "2025-08-14T19:42:47Z"
      }
    },
    {
      "type": "Feature",
      "geometry": {
        "type": "Point",
        "coordinates": [
          -0.14146,
          51.502415
        ]
      },
      "properties": {
        "timestamp": "2025-08-14T19:42:48Z"
      }
    },
    {
      "type": "Feature",
      "geometry": {
        "type": "Point",
        "coordinates": [
          -0.141401,
          51.502419
        ]
      },
      "properties": {
        "timestamp": "2025-08-14T19:42:49Z"
      }
    },
    {
      "type": "Feature",
      "geometry": {
        "type": "Point",
        "coordinates": [
          -0.141337,
          51.50242
        ]
      },
      "properties": {
        "timestamp": "2025-08-14T19:42:50Z"
      }
    },
    {
      "type": "Feature",
      "geometry": {
        "type": "Point",
        "coordinates": [
          -0.141277,
          51.502418
        ]
      },
      "properties": {
        "timestamp": "2025-08-14T19:42:51Z"
      }
    },
    {
      "type": "Feature",
      "geometry": {
        "type": "Point",
        "coordinates": [
          -0.141221,
          51.502413
        ]
      },
      "properties": {
        "timestamp": "2025-08-14T19:42:52Z"
      }
    },
    {
      "type": "Feature",
      "geometry": {
        "type": "Point",
        "coordinates": [
          -0.141168,
          51.502406
        ]
      },
      "properties": {
        "timestamp": "2025-08-14T19:42:53Z"
      }
    },
    {
      "type": "Feature",
      "geometry": {
        "type": "Point",
        "coordinates": [
          -0.141115,
          51.502397
        ]
      },
      "properties": {
        "timestamp": "2025-08-14T19:42:54Z"
      }
    },
    {
      "type": "Feature",
      "geometry": {
        "type": "Point",
        "coordinates": [
          -0.141064,
          51.502388
        ]
      },
      "properties": {
        "timestamp": "2025-08-14T19:42:55Z"
      }
    },
    {
      "type": "Feature",
      "geometry": {
        "type": "Point",
        "coordinates": [
          -0.141013,
          51.502378
        ]
      },
      "properties": {
        "timestamp": "2025-08-14T19:42:56Z"
      }
    },
    {
      "type": "Feature",
      "geometry": {
        "type": "Point",
        "coordinates": [
          -0.140964,
          51.502368
        ]
      },
      "properties": {
        "timestamp": "2025-08-14T19:42:57Z"
      }
    },
    {
      "type": "Feature",
      "geometry": {
        "type": "Point",
        "coordinates": [
          -0.140917,
          51.502357
        ]
      },
      "properties": {
        "timestamp": "2025-08-14T19:42:58Z"
      }
    },
    {
      "type": "Feature",
      "geometry": {
        "type": "Point",
        "coordinates": [
          -0.140871,
          51.502346
        ]
      },
      "properties": {
        "timestamp": "2025-08-14T19:42:59Z"
      }
    },
    {
      "type": "Feature",
      "geometry": {
        "type": "Point",
        "coordinates": [
          -0.140827,
          51.502336
        ]
      },
      "properties": {
        "timestamp": "2025-08-14T19:43:00Z"
      }
    },
    {
      "type": "Feature",
      "geometry": {
        "type": "Point",
        "coordinates": [
          -0.140783,
          51.50233
        ]
      },
      "properties": {
        "timestamp": "2025-08-14T19:43:01Z"
      }
    },
    {
      "type": "Feature",
      "geometry": {
        "type": "Point",
        "coordinates": [
          -0.140738,
          51.502326
        ]
      },
      "properties": {
        "timestamp": "2025-08-14T19:43:02Z"
      }
    },
    {
      "type": "Feature",
      "geometry": {
        "type": "Point",
        "coordinates": [
          -0.14069,
          51.502325
        ]
      },
      "properties": {
        "timestamp": "2025-08-14T19:43:03Z"
      }
    },
    {
      "type": "Feature",
      "geometry": {
        "type": "Point",
        "coordinates": [
          -0.140643,
          51.502325
        ]
      },
      "properties": {
        "timestamp": "2025-08-14T19:43:04Z"
      }
    },
    {
      "type": "Feature",
      "geometry": {
        "type": "Point",
        "coordinates": [
          -0.140597,
          51.502324
        ]
      },
      "properties": {
        "timestamp": "2025-08-14T19:43:05Z"
      }
    },
    {
      "type": "Feature",
      "geometry": {
        "type": "Point",
        "coordinates": [
          -0.140551,
          51.502321
        ]
      },
      "properties": {
        "timestamp": "2025-08-14T19:43:06Z"
      }
    },
    {
      "type": "Feature",
      "geometry": {
        "type": "Point",
        "coordinates": [
          -0.140504,
          51.502317
        ]
      },
      "properties": {
        "timestamp": "2025-08-14T19:43:07Z"
      }
    },
    {
      "type": "Feature",
      "geometry": {
        "type": "Point",
        "coordinates": [
          -0.140457,
          51.502312
        ]
      },
      "properties": {
        "timestamp": "2025-08-14T19:43:08Z"
      }
    },
    {
      "type": "Feature",
      "geometry": {
        "type": "Point",
        "coordinates": [
          -0.140411,
          51.502307
        ]
      },
      "properties": {
        "timestamp": "2025-08-14T19:43:09Z"
      }
    },
    {
      "type": "Feature",
      "geometry": {
        "type": "Point",
        "coordinates": [
          -0.140364,
          51.502302
        ]
      },
      "properties": {
        "timestamp": "2025-08-14T19:43:10Z"
      }
    },
    {
      "type": "Feature",
      "geometry": {
        "type": "Point",
        "coordinates": [
          -0.140318,
          51.502296
        ]
      },
      "properties": {
        "timestamp": "2025-08-14T19:43:11Z"
      }
    },
    {
      "type": "Feature",
      "geometry": {
        "type": "Point",
        "coordinates": [
          -0.140273,
          51.50229
        ]
      },
      "properties": {
        "timestamp": "2025-08-14T19:43:12Z"
      }
    },
    {
      "type": "Feature",
      "geometry": {
        "type": "Point",
        "coordinates": [
          -0.14023,
          51.502282
        ]
      },
      "properties": {
        "timestamp": "2025-08-14T19:43:13Z"
      }
    },
    {
      "type": "Feature",
      "geometry": {
        "type": "Point",
        "coordinates": [
          -0.140189,
          51.502273
        ]
      },
      "properties": {
        "timestamp": "2025-08-14T19:43:14Z"
      }
    },
    {
      "type": "Feature",
      "geometry": {
        "type": "Point",
        "coordinates": [
          -0.140148,
          51.502263
        ]
      },
      "properties": {
        "timestamp": "2025-08-14T19:43:15Z"
      }
    },
    {
      "type": "Feature",
      "geometry": {
        "type": "Point",
        "coordinates": [
          -0.140107,
          51.502253
        ]
      },
      "properties": {
        "timestamp": "2025-08-14T19:43:16Z"
      }
    },
    {
      "type": "Feature",
      "geometry": {
        "type": "Point",
        "coordinates": [
          -0.140067,
          51.502246
        ]
      },
      "properties": {
        "timestamp": "2025-08-14T19:43:17Z"
      }
    },
    {
      "type": "Feature",
      "geometry": {
        "type": "Point",
        "coordinates": [
          -0.140027,
          51.502243
        ]
      },
      "properties": {
        "timestamp": "2025-08-14T19:43:18Z"
      }
    },
    {
      "type": "Feature",
      "geometry": {
        "type": "Point",
        "coordinates": [
          -0.139987,
          51.502244
        ]
      },
      "properties": {
        "timestamp": "2025-08-14T19:43:19Z"
      }
    },
    {
      "type": "Feature",
      "geometry": {
        "type": "Point",
        "coordinates": [
          -0.139947,
          51.502249
        ]
      },
      "properties": {
        "timestamp": "2025-08-14T19:43:20Z"
      }
    },
    {
      "type": "Feature",
      "geometry": {
        "type": "Point",
        "coordinates": [
          -0.139907,
          51.502257
        ]
      },
      "properties": {
        "timestamp": "2025-08-14T19:43:21Z"
      }
    },
    {
      "type": "Feature",
      "geometry": {
        "type": "Point",
        "coordinates": [
          -0.139867,
          51.502268
        ]
      },
      "properties": {
        "timestamp": "2025-08-14T19:43:22Z"
      }
    },
    {
      "type": "Feature",
      "geometry": {
        "type": "Point",
        "coordinates": [
          -0.13979,
          51.502295
        ]
      },
      "properties": {
        "timestamp": "2025-08-14T19:43:23Z"
      }
    },
    {
      "type": "Feature",
      "geometry": {
        "type": "Point",
        "coordinates": [
          -0.139828,
          51.502281
        ]
      },
      "properties": {
        "timestamp": "2025-08-14T19:43:23Z"
      }
    },
    {
      "type": "Feature",
      "geometry": {
        "type": "Point",
        "coordinates": [
          -0.139752,
          51.502308
        ]
      },
      "properties": {
        "timestamp": "2025-08-14T19:43:24Z"
      }
    },
    {
      "type": "Feature",
      "geometry": {
        "type": "Point",
        "coordinates": [
          -0.139715,
          51.50232
        ]
      },
      "properties": {
        "timestamp": "2025-08-14T19:43:25Z"
      }
    },
    {
      "type": "Feature",
      "geometry": {
        "type": "Point",
        "coordinates": [
          -0.13968,
          51.502332
        ]
      },
      "properties": {
        "timestamp": "2025-08-14T19:43:26Z"
      }
    },
    {
      "type": "Feature",
      "geometry": {
        "type": "Point",
        "coordinates": [
          -0.13965,
          51.502344
        ]
      },
      "properties": {
        "timestamp": "2025-08-14T19:43:27Z"
      }
    },
    {
      "type": "Feature",
      "geometry": {
        "type": "Point",
        "coordinates": [
          -0.139626,
          51.502356
        ]
      },
      "properties": {
        "timestamp": "2025-08-14T19:43:28Z"
      }
    },
    {
      "type": "Feature",
      "geometry": {
        "type": "Point",
        "coordinates": [
          -0.139612,
          51.502365
        ]
      },
      "properties": {
        "timestamp": "2025-08-14T19:43:29Z"
      }
    },
    {
      "type": "Feature",
      "geometry": {
        "type": "Point",
        "coordinates": [
          -0.139607,
          51.502369
        ]
      },
      "properties": {
        "timestamp": "2025-08-14T19:43:30Z"
      }
    },
    {
      "type": "Feature",
      "geometry": {
        "type": "Point",
        "coordinates": [
          -0.139607,
          51.502368
        ]
      },
      "properties": {
        "timestamp": "2025-08-14T19:43:31Z"
      }
    },
    {
      "type": "Feature",
      "geometry": {
        "type": "Point",
        "coordinates": [
          -0.139607,
          51.502365
        ]
      },
      "properties": {
        "timestamp": "2025-08-14T19:43:32Z"
      }
    },
    {
      "type": "Feature",
      "geometry": {
        "type": "Point",
        "coordinates": [
          -0.139605,
          51.502361
        ]
      },
      "properties": {
        "timestamp": "2025-08-14T19:43:33Z"
      }
    },
    {
      "type": "Feature",
      "geometry": {
        "type": "Point",
        "coordinates": [
          -0.139602,
          51.502355
        ]
      },
      "properties": {
        "timestamp": "2025-08-14T19:43:34Z"
      }
    },
    {
      "type": "Feature",
      "geometry": {
        "type": "Point",
        "coordinates": [
          -0.139598,
          51.502348
        ]
      },
      "properties": {
        "timestamp": "2025-08-14T19:43:35Z"
      }
    },
    {
      "type": "Feature",
      "geometry": {
        "type": "Point",
        "coordinates": [
          -0.139593,
          51.502341
        ]
      },
      "properties": {
        "timestamp": "2025-08-14T19:43:36Z"
      }
    },
    {
      "type": "Feature",
      "geometry": {
        "type": "Point",
        "coordinates": [
          -0.139587,
          51.502333
        ]
      },
      "properties": {
        "timestamp": "2025-08-14T19:43:37Z"
      }
    },
    {
      "type": "Feature",
      "geometry": {
        "type": "Point",
        "coordinates": [
          -0.13958,
          51.502324
        ]
      },
      "properties": {
        "timestamp": "2025-08-14T19:43:38Z"
      }
    },
    {
      "type": "Feature",
      "geometry": {
        "type": "Point",
        "coordinates": [
          -0.139571,
          51.502314
        ]
      },
      "properties": {
        "timestamp": "2025-08-14T19:43:39Z"
      }
    },
    {
      "type": "Feature",
      "geometry": {
        "type": "Point",
        "coordinates": [
          -0.139559,
          51.502304
        ]
      },
      "properties": {
        "timestamp": "2025-08-14T19:43:40Z"
      }
    },
    {
      "type": "Feature",
      "geometry": {
        "type": "Point",
        "coordinates": [
          -0.139545,
          51.502291
        ]
      },
      "properties": {
        "timestamp": "2025-08-14T19:43:41Z"
      }
    },
    {
      "type": "Feature",
      "geometry": {
        "type": "Point",
        "coordinates": [
          -0.139527,
          51.502277
        ]
      },
      "properties": {
        "timestamp": "2025-08-14T19:43:42Z"
      }
    },
    {
      "type": "Feature",
      "geometry": {
        "type": "Point",
        "coordinates": [
          -0.139506,
          51.50226
        ]
      },
      "properties": {
        "timestamp": "2025-08-14T19:43:43Z"
      }
    },
    {
      "type": "Feature",
      "geometry": {
        "type": "Point",
        "coordinates": [
          -0.139484,
          51.502242
        ]
      },
      "properties": {
        "timestamp": "2025-08-14T19:43:44Z"
      }
    },
    {
      "type": "Feature",
      "geometry": {
        "type": "Point",
        "coordinates": [
          -0.139466,
          51.502228
        ]
      },
      "properties": {
        "timestamp": "2025-08-14T19:43:45Z"
      }
    },
    {
      "type": "Feature",
      "geometry": {
        "type": "Point",
        "coordinates": [
          -0.13945,
          51.502218
        ]
      },
      "properties": {
        "timestamp": "2025-08-14T19:43:46Z"
      }
    },
    {
      "type": "Feature",
      "geometry": {
        "type": "Point",
        "coordinates": [
          -0.139433,
          51.502211
        ]
      },
      "properties": {
        "timestamp": "2025-08-14T19:43:47Z"
      }
    },
    {
      "type": "Feature",
      "geometry": {
        "type": "Point",
        "coordinates": [
          -0.139418,
          51.502208
        ]
      },
      "properties": {
        "timestamp": "2025-08-14T19:43:48Z"
      }
    },
    {
      "type": "Feature",
      "geometry": {
        "type": "Point",
        "coordinates": [
          -0.139407,
          51.502207
        ]
      },
      "properties": {
        "timestamp": "2025-08-14T19:43:49Z"
      }
    },
    {
      "type": "Feature",
      "geometry": {
        "type": "Point",
        "coordinates": [
          -0.139401,
          51.502209
        ]
      },
      "properties": {
        "timestamp": "2025-08-14T19:43:50Z"
      }
    },
    {
      "type": "Feature",
      "geometry": {
        "type": "Point",
        "coordinates": [
          -0.1394,
          51.502211
        ]
      },
      "properties": {
        "timestamp": "2025-08-14T19:43:51Z"
      }
    },
    {
      "type": "Feature",
      "geometry": {
        "type": "Point",
        "coordinates": [
          -0.139401,
          51.502215
        ]
      },
      "properties": {
        "timestamp": "2025-08-14T19:43:52Z"
      }
    },
    {
      "type": "Feature",
      "geometry": {
        "type": "Point",
        "coordinates": [
          -0.139403,
          51.502218
        ]
      },
      "properties": {
        "timestamp": "2025-08-14T19:43:53Z"
      }
    },
    {
      "type": "Feature",
      "geometry": {
        "type": "Point",
        "coordinates": [
          -0.139405,
          51.50222
        ]
      },
      "properties": {
        "timestamp": "2025-08-14T19:43:54Z"
      }
    },
    {
      "type": "Feature",
      "geometry": {
        "type": "Point",
        "coordinates": [
          -0.139406,
          51.502221
        ]
      },
      "properties": {
        "timestamp": "2025-08-14T19:43:55Z"
      }
    },
    {
      "type": "Feature",
      "geometry": {
        "type": "Point",
        "coordinates": [
          -0.139407,
          51.502222
        ]
      },
      "properties": {
        "timestamp": "2025-08-14T19:43:56Z"
      }
    },
    {
      "type": "Feature",
      "geometry": {
        "type": "Point",
        "coordinates": [
          -0.139409,
          51.502223
        ]
      },
      "properties": {
        "timestamp": "2025-08-14T19:43:57Z"
      }
    },
    {
      "type": "Feature",
      "geometry": {
        "type": "Point",
        "coordinates": [
          -0.13941,
          51.502223
        ]
      },
      "properties": {
        "timestamp": "2025-08-14T19:43:58Z"
      }
    },
    {
      "type": "Feature",
      "geometry": {
        "type": "Point",
        "coordinates": [
          -0.139411,
          51.502222
        ]
      },
      "properties": {
        "timestamp": "2025-08-14T19:43:59Z"
      }
    },
    {
      "type": "Feature",
      "geometry": {
        "type": "Point",
        "coordinates": [
          -0.139412,
          51.502222
        ]
      },
      "properties": {
        "timestamp": "2025-08-14T19:44:00Z"
      }
    },
    {
      "type": "Feature",
      "geometry": {
        "type": "Point",
        "coordinates": [
          -0.139412,
          51.502221
        ]
      },
      "properties": {
        "timestamp": "2025-08-14T19:44:01Z"
      }
    },
    {
      "type": "Feature",
      "geometry": {
        "type": "Point",
        "coordinates": [
          -0.139412,
          51.502219
        ]
      },
      "properties": {
        "timestamp": "2025-08-14T19:44:02Z"
      }
    },
    {
      "type": "Feature",
      "geometry": {
        "type": "Point",
        "coordinates": [
          -0.139412,
          51.502218
        ]
      },
      "properties": {
        "timestamp": "2025-08-14T19:44:03Z"
      }
    },
    {
      "type": "Feature",
      "geometry": {
        "type": "Point",
        "coordinates": [
          -0.139413,
          51.502217
        ]
      },
      "properties": {
        "timestamp": "2025-08-14T19:44:04Z"
      }
    },
    {
      "type": "Feature",
      "geometry": {
        "type": "Point",
        "coordinates": [
          -0.139415,
          51.502216
        ]
      },
      "properties": {
        "timestamp": "2025-08-14T19:44:05Z"
      }
    },
    {
      "type": "Feature",
      "geometry": {
        "type": "Point",
        "coordinates": [
          -0.139417,
          51.502216
        ]
      },
      "properties": {
        "timestamp": "2025-08-14T19:44:06Z"
      }
    },
    {
      "type": "Feature",
      "geometry": {
        "type": "Point",
        "coordinates": [
          -0.139418,
          51.502215
        ]
      },
      "properties": {
        "timestamp": "2025-08-14T19:44:07Z"
      }
    },
    {
      "type": "Feature",
      "geometry": {
        "type": "Point",
        "coordinates": [
          -0.139419,
          51.502215
        ]
      },
      "properties": {
        "timestamp": "2025-08-14T19:44:08Z"
      }
    },
    {
      "type": "Feature",
      "geometry": {
        "type": "Point",
        "coordinates": [
          -0.139419,
          51.502214
        ]
      },
      "properties": {
        "timestamp": "2025-08-14T19:44:09Z"
      }
    },
    {
      "type": "Feature",
      "geometry": {
        "type": "Point",
        "coordinates": [
          -0.13942,
          51.502214
        ]
      },
      "properties": {
        "timestamp": "2025-08-14T19:44:10Z"
      }
    },
    {
      "type": "Feature",
      "geometry": {
        "type": "Point",
        "coordinates": [
          -0.13942,
          51.502214
        ]
      },
      "properties": {
        "timestamp": "2025-08-14T19:44:11Z"
      }
    },
    {
      "type": "Feature",
      "geometry": {
        "type": "Point",
        "coordinates": [
          -0.13942,
          51.502214
        ]
      },
      "properties": {
        "timestamp": "2025-08-14T19:44:12Z"
      }
    },
    {
      "type": "Feature",
      "geometry": {
        "type": "Point",
        "coordinates": [
          -0.13942,
          51.502213
        ]
      },
      "properties": {
        "timestamp": "2025-08-14T19:44:13Z"
      }
    },
    {
      "type": "Feature",
      "geometry": {
        "type": "Point",
        "coordinates": [
          -0.13942,
          51.502213
        ]
      },
      "properties": {
        "timestamp": "2025-08-14T19:44:14Z"
      }
    },
    {
      "type": "Feature",
      "geometry": {
        "type": "Point",
        "coordinates": [
          -0.139419,
          51.502213
        ]
      },
      "properties": {
        "timestamp": "2025-08-14T19:44:15Z"
      }
    },
    {
      "type": "Feature",
      "geometry": {
        "type": "Point",
        "coordinates": [
          -0.139419,
          51.502213
        ]
      },
      "properties": {
        "timestamp": "2025-08-14T19:44:16Z"
      }
    },
    {
      "type": "Feature",
      "geometry": {
        "type": "Point",
        "coordinates": [
          -0.139419,
          51.502214
        ]
      },
      "properties": {
        "timestamp": "2025-08-14T19:44:17Z"
      }
    },
    {
      "type": "Feature",
      "geometry": {
        "type": "Point",
        "coordinates": [
          -0.139418,
          51.502214
        ]
      },
      "properties": {
        "timestamp": "2025-08-14T19:44:19Z"
      }
    },
    {
      "type": "Feature",
      "geometry": {
        "type": "Point",
        "coordinates": [
          -0.139417,
          51.502215
        ]
      },
      "properties": {
        "timestamp": "2025-08-14T19:44:20Z"
      }
    },
    {
      "type": "Feature",
      "geometry": {
        "type": "Point",
        "coordinates": [
          -0.139416,
          51.502215
        ]
      },
      "properties": {
        "timestamp": "2025-08-14T19:44:21Z"
      }
    },
    {
      "type": "Feature",
      "geometry": {
        "type": "Point",
        "coordinates": [
          -0.139413,
          51.502216
        ]
      },
      "properties": {
        "timestamp": "2025-08-14T19:44:22Z"
      }
    },
    {
      "type": "Feature",
      "geometry": {
        "type": "Point",
        "coordinates": [
          -0.139409,
          51.502217
        ]
      },
      "properties": {
        "timestamp": "2025-08-14T19:44:23Z"
      }
    },
    {
      "type": "Feature",
      "geometry": {
        "type": "Point",
        "coordinates": [
          -0.139402,
          51.502219
        ]
      },
      "properties": {
        "timestamp": "2025-08-14T19:44:24Z"
      }
    },
    {
      "type": "Feature",
      "geometry": {
        "type": "Point",
        "coordinates": [
          -0.139391,
          51.50222
        ]
      },
      "properties": {
        "timestamp": "2025-08-14T19:44:25Z"
      }
    },
    {
      "type": "Feature",
      "geometry": {
        "type": "Point",
        "coordinates": [
          -0.139376,
          51.502222
        ]
      },
      "properties": {
        "timestamp": "2025-08-14T19:44:26Z"
      }
    },
    {
      "type": "Feature",
      "geometry": {
        "type": "Point",
        "coordinates": [
          -0.139356,
          51.502225
        ]
      },
      "properties": {
        "timestamp": "2025-08-14T19:44:27Z"
      }
    },
    {
      "type": "Feature",
      "geometry": {
        "type": "Point",
        "coordinates": [
          -0.13933,
          51.502229
        ]
      },
      "properties": {
        "timestamp": "2025-08-14T19:44:28Z"
      }
    },
    {
      "type": "Feature",
      "geometry": {
        "type": "Point",
        "coordinates": [
          -0.139295,
          51.502234
        ]
      },
      "properties": {
        "timestamp": "2025-08-14T19:44:29Z"
      }
    },
    {
      "type": "Feature",
      "geometry": {
        "type": "Point",
        "coordinates": [
          -0.139254,
          51.502241
        ]
      },
      "properties": {
        "timestamp": "2025-08-14T19:44:30Z"
      }
    },
    {
      "type": "Feature",
      "geometry": {
        "type": "Point",
        "coordinates": [
          -0.139212,
          51.502249
        ]
      },
      "properties": {
        "timestamp": "2025-08-14T19:44:31Z"
      }
    },
    {
      "type": "Feature",
      "geometry": {
        "type": "Point",
        "coordinates": [
          -0.139166,
          51.502258
        ]
      },
      "properties": {
        "timestamp": "2025-08-14T19:44:32Z"
      }
    },
    {
      "type": "Feature",
      "geometry": {
        "type": "Point",
        "coordinates": [
          -0.139117,
          51.502267
        ]
      },
      "properties": {
        "timestamp": "2025-08-14T19:44:33Z"
      }
    },
    {
      "type": "Feature",
      "geometry": {
        "type": "Point",
        "coordinates": [
          -0.139066,
          51.502277
        ]
      },
      "properties": {
        "timestamp": "2025-08-14T19:44:34Z"
      }
    },
    {
      "type": "Feature",
      "geometry": {
        "type": "Point",
        "coordinates": [
          -0.139016,
          51.502286
        ]
      },
      "properties": {
        "timestamp": "2025-08-14T19:44:35Z"
      }
    },
    {
      "type": "Feature",
      "geometry": {
        "type": "Point",
        "coordinates": [
          -0.138967,
          51.502296
        ]
      },
      "properties": {
        "timestamp": "2025-08-14T19:44:36Z"
      }
    },
    {
      "type": "Feature",
      "geometry": {
        "type": "Point",
        "coordinates": [
          -0.13892,
          51.502308
        ]
      },
      "properties": {
        "timestamp": "2025-08-14T19:44:37Z"
      }
    },
    {
      "type": "Feature",
      "geometry": {
        "type": "Point",
        "coordinates": [
          -0.138873,
          51.502322
        ]
      },
      "properties": {
        "timestamp": "2025-08-14T19:44:38Z"
      }
    },
    {
      "type": "Feature",
      "geometry": {
        "type": "Point",
        "coordinates": [
          -0.138826,
          51.502338
        ]
      },
      "properties": {
        "timestamp": "2025-08-14T19:44:39Z"
      }
    },
    {
      "type": "Feature",
      "geometry": {
        "type": "Point",
        "coordinates": [
          -0.138778,
          51.502356
        ]
      },
      "properties": {
        "timestamp": "2025-08-14T19:44:40Z"
      }
    },
    {
      "type": "Feature",
      "geometry": {
        "type": "Point",
        "coordinates": [
          -0.138729,
          51.502374
        ]
      },
      "properties": {
        "timestamp": "2025-08-14T19:44:41Z"
      }
    },
    {
      "type": "Feature",
      "geometry": {
        "type": "Point",
        "coordinates": [
          -0.13868,
          51.502393
        ]
      },
      "properties": {
        "timestamp": "2025-08-14T19:44:42Z"
      }
    },
    {
      "type": "Feature",
      "geometry": {
        "type": "Point",
        "coordinates": [
          -0.13863,
          51.502411
        ]
      },
      "properties": {
        "timestamp": "2025-08-14T19:44:43Z"
      }
    },
    {
      "type": "Feature",
      "geometry": {
        "type": "Point",
        "coordinates": [
          -0.138581,
          51.502431
        ]
      },
      "properties": {
        "timestamp": "2025-08-14T19:44:44Z"
      }
    },
    {
      "type": "Feature",
      "geometry": {
        "type": "Point",
        "coordinates": [
          -0.138532,
          51.502451
        ]
      },
      "properties": {
        "timestamp": "2025-08-14T19:44:45Z"
      }
    },
    {
      "type": "Feature",
      "geometry": {
        "type": "Point",
        "coordinates": [
          -0.138481,
          51.502473
        ]
      },
      "properties": {
        "timestamp": "2025-08-14T19:44:46Z"
      }
    },
    {
      "type": "Feature",
      "geometry": {
        "type": "Point",
        "coordinates": [
          -0.138429,
          51.502495
        ]
      },
      "properties": {
        "timestamp": "2025-08-14T19:44:47Z"
      }
    },
    {
      "type": "Feature",
      "geometry": {
        "type": "Point",
        "coordinates": [
          -0.13838,
          51.502518
        ]
      },
      "properties": {
        "timestamp": "2025-08-14T19:44:48Z"
      }
    },
    {
      "type": "Feature",
      "geometry": {
        "type": "Point",
        "coordinates": [
          -0.138333,
          51.502542
        ]
      },
      "properties": {
        "timestamp": "2025-08-14T19:44:49Z"
      }
    },
    {
      "type": "Feature",
      "geometry": {
        "type": "Point",
        "coordinates": [
          -0.138286,
          51.502566
        ]
      },
      "properties": {
        "timestamp": "2025-08-14T19:44:50Z"
      }
    },
    {
      "type": "Feature",
      "geometry": {
        "type": "Point",
        "coordinates": [
          -0.13824,
          51.50259
        ]
      },
      "properties": {
        "timestamp": "2025-08-14T19:44:51Z"
      }
    },
    {
      "type": "Feature",
      "geometry": {
        "type": "Point",
        "coordinates": [
          -0.138195,
          51.502614
        ]
      },
      "properties": {
        "timestamp": "2025-08-14T19:44:52Z"
      }
    },
    {
      "type": "Feature",
      "geometry": {
        "type": "Point",
        "coordinates": [
          -0.138149,
          51.502638
        ]
      },
      "properties": {
        "timestamp": "2025-08-14T19:44:53Z"
      }
    },
    {
      "type": "Feature",
      "geometry": {
        "type": "Point",
        "coordinates": [
          -0.138104,
          51.502661
        ]
      },
      "properties": {
        "timestamp": "2025-08-14T19:44:54Z"
      }
    },
    {
      "type": "Feature",
      "geometry": {
        "type": "Point",
        "coordinates": [
          -0.138058,
          51.502685
        ]
      },
      "properties": {
        "timestamp": "2025-08-14T19:44:55Z"
      }
    },
    {
      "type": "Feature",
      "geometry": {
        "type": "Point",
        "coordinates": [
          -0.138012,
          51.502709
        ]
      },
      "properties": {
        "timestamp": "2025-08-14T19:44:56Z"
      }
    },
    {
      "type": "Feature",
      "geometry": {
        "type": "Point",
        "coordinates": [
          -0.137965,
          51.502733
        ]
      },
      "properties": {
        "timestamp": "2025-08-14T19:44:57Z"
      }
    },
    {
      "type": "Feature",
      "geometry": {
        "type": "Point",
        "coordinates": [
          -0.137919,
          51.502756
        ]
      },
      "properties": {
        "timestamp": "2025-08-14T19:44:58Z"
      }
    },
    {
      "type": "Feature",
      "geometry": {
        "type": "Point",
        "coordinates": [
          -0.137873,
          51.502776
        ]
      },
      "properties": {
        "timestamp": "2025-08-14T19:44:59Z"
      }
    },
    {
      "type": "Feature",
      "geometry": {
        "type": "Point",
        "coordinates": [
          -0.137829,
          51.502796
        ]
      },
      "properties": {
        "timestamp": "2025-08-14T19:45:00Z"
      }
    },
    {
      "type": "Feature",
      "geometry": {
        "type": "Point",
        "coordinates": [
          -0.137783,
          51.502816
        ]
      },
      "properties": {
        "timestamp": "2025-08-14T19:45:01Z"
      }
    },
    {
      "type": "Feature",
      "geometry": {
        "type": "Point",
        "coordinates": [
          -0.137737,
          51.502836
        ]
      },
      "properties": {
        "timestamp": "2025-08-14T19:45:02Z"
      }
    },
    {
      "type": "Feature",
      "geometry": {
        "type": "Point",
        "coordinates": [
          -0.13769,
          51.502856
        ]
      },
      "properties": {
        "timestamp": "2025-08-14T19:45:03Z"
      }
    },
    {
      "type": "Feature",
      "geometry": {
        "type": "Point",
        "coordinates": [
          -0.137641,
          51.502876
        ]
      },
      "properties": {
        "timestamp": "2025-08-14T19:45:04Z"
      }
    },
    {
      "type": "Feature",
      "geometry": {
        "type": "Point",
        "coordinates": [
          -0.137593,
          51.502896
        ]
      },
      "properties": {
        "timestamp": "2025-08-14T19:45:05Z"
      }
    },
    {
      "type": "Feature",
      "geometry": {
        "type": "Point",
        "coordinates": [
          -0.137544,
          51.502915
        ]
      },
      "properties": {
        "timestamp": "2025-08-14T19:45:06Z"
      }
    },
    {
      "type": "Feature",
      "geometry": {
        "type": "Point",
        "coordinates": [
          -0.137496,
          51.502934
        ]
      },
      "properties": {
        "timestamp": "2025-08-14T19:45:07Z"
      }
    },
    {
      "type": "Feature",
      "geometry": {
        "type": "Point",
        "coordinates": [
          -0.137448,
          51.502951
        ]
      },
      "properties": {
        "timestamp": "2025-08-14T19:45:08Z"
      }
    },
    {
      "type": "Feature",
      "geometry": {
        "type": "Point",
        "coordinates": [
          -0.137401,
          51.502968
        ]
      },
      "properties": {
        "timestamp": "2025-08-14T19:45:09Z"
      }
    },
    {
      "type": "Feature",
      "geometry": {
        "type": "Point",
        "coordinates": [
          -0.137354,
          51.502985
        ]
      },
      "properties": {
        "timestamp": "2025-08-14T19:45:10Z"
      }
    },
    {
      "type": "Feature",
      "geometry": {
        "type": "Point",
        "coordinates": [
          -0.137306,
          51.503002
        ]
      },
      "properties": {
        "timestamp": "2025-08-14T19:45:11Z"
      }
    },
    {
      "type": "Feature",
      "geometry": {
        "type": "Point",
        "coordinates": [
          -0.137257,
          51.503019
        ]
      },
      "properties": {
        "timestamp": "2025-08-14T19:45:12Z"
      }
    },
    {
      "type": "Feature",
      "geometry": {
        "type": "Point",
        "coordinates": [
          -0.137209,
          51.503037
        ]
      },
      "properties": {
        "timestamp": "2025-08-14T19:45:13Z"
      }
    },
    {
      "type": "Feature",
      "geometry": {
        "type": "Point",
        "coordinates": [
          -0.13716,
          51.503054
        ]
      },
      "properties": {
        "timestamp": "2025-08-14T19:45:14Z"
      }
    },
    {
      "type": "Feature",
      "geometry": {
        "type": "Point",
        "coordinates": [
          -0.137112,
          51.503071
        ]
      },
      "properties": {
        "timestamp": "2025-08-14T19:45:15Z"
      }
    },
    {
      "type": "Feature",
      "geometry": {
        "type": "Point",
        "coordinates": [
          -0.137064,
          51.503089
        ]
      },
      "properties": {
        "timestamp": "2025-08-14T19:45:16Z"
      }
    },
    {
      "type": "Feature",
      "geometry": {
        "type": "Point",
        "coordinates": [
          -0.137015,
          51.503108
        ]
      },
      "properties": {
        "timestamp": "2025-08-14T19:45:17Z"
      }
    },
    {
      "type": "Feature",
      "geometry": {
        "type": "Point",
        "coordinates": [
          -0.136966,
          51.503128
        ]
      },
      "properties": {
        "timestamp": "2025-08-14T19:45:18Z"
      }
    },
    {
      "type": "Feature",
      "geometry": {
        "type": "Point",
        "coordinates": [
          -0.136917,
          51.503149
        ]
      },
      "properties": {
        "timestamp": "2025-08-14T19:45:19Z"
      }
    },
    {
      "type": "Feature",
      "geometry": {
        "type": "Point",
        "coordinates": [
          -0.136819,
          51.503193
        ]
      },
      "properties": {
        "timestamp": "2025-08-14T19:45:20Z"
      }
    },
    {
      "type": "Feature",
      "geometry": {
        "type": "Point",
        "coordinates": [
          -0.136869,
          51.50317
        ]
      },
      "properties": {
        "timestamp": "2025-08-14T19:45:20Z"
      }
    },
    {
      "type": "Feature",
      "geometry": {
        "type": "Point",
        "coordinates": [
          -0.136771,
          51.503216
        ]
      },
      "properties": {
        "timestamp": "2025-08-14T19:45:21Z"
      }
    },
    {
      "type": "Feature",
      "geometry": {
        "type": "Point",
        "coordinates": [
          -0.136723,
          51.50324
        ]
      },
      "properties": {
        "timestamp": "2025-08-14T19:45:22Z"
      }
    },
    {
      "type": "Feature",
      "geometry": {
        "type": "Point",
        "coordinates": [
          -0.136675,
          51.503263
        ]
      },
      "properties": {
        "timestamp": "2025-08-14T19:45:23Z"
      }
    },
    {
      "type": "Feature",
      "geometry": {
        "type": "Point",
        "coordinates": [
          -0.136629,
          51.503285
        ]
      },
      "properties": {
        "timestamp": "2025-08-14T19:45:24Z"
      }
    },
    {
      "type": "Feature",
      "geometry": {
        "type": "Point",
        "coordinates": [
          -0.136582,
          51.503308
        ]
      },
      "properties": {
        "timestamp": "2025-08-14T19:45:25Z"
      }
    },
    {
      "type": "Feature",
      "geometry": {
        "type": "Point",
        "coordinates": [
          -0.136534,
          51.503332
        ]
      },
      "properties": {
        "timestamp": "2025-08-14T19:45:26Z"
      }
    },
    {
      "type": "Feature",
      "geometry": {
        "type": "Point",
        "coordinates": [
          -0.136486,
          51.503356
        ]
      },
      "properties": {
        "timestamp": "2025-08-14T19:45:27Z"
      }
    },
    {
      "type": "Feature",
      "geometry": {
        "type": "Point",
        "coordinates": [
          -0.136437,
          51.503379
        ]
      },
      "properties": {
        "timestamp": "2025-08-14T19:45:28Z"
      }
    },
    {
      "type": "Feature",
      "geometry": {
        "type": "Point",
        "coordinates": [
          -0.136389,
          51.503401
        ]
      },
      "properties": {
        "timestamp": "2025-08-14T19:45:29Z"
      }
    },
    {
      "type": "Feature",
      "geometry": {
        "type": "Point",
        "coordinates": [
          -0.136341,
          51.503424
        ]
      },
      "properties": {
        "timestamp": "2025-08-14T19:45:30Z"
      }
    },
    {
      "type": "Feature",
      "geometry": {
        "type": "Point",
        "coordinates": [
          -0.136293,
          51.503446
        ]
      },
      "properties": {
        "timestamp": "2025-08-14T19:45:31Z"
      }
    },
    {
      "type": "Feature",
      "geometry": {
        "type": "Point",
        "coordinates": [
          -0.136244,
          51.503467
        ]
      },
      "properties": {
        "timestamp": "2025-08-14T19:45:32Z"
      }
    },
    {
      "type": "Feature",
      "geometry": {
        "type": "Point",
        "coordinates": [
          -0.136195,
          51.503486
        ]
      },
      "properties": {
        "timestamp": "2025-08-14T19:45:33Z"
      }
    },
    {
      "type": "Feature",
      "geometry": {
        "type": "Point",
        "coordinates": [
          -0.136146,
          51.503502
        ]
      },
      "properties": {
        "timestamp": "2025-08-14T19:45:34Z"
      }
    },
    {
      "type": "Feature",
      "geometry": {
        "type": "Point",
        "coordinates": [
          -0.136097,
          51.503516
        ]
      },
      "properties": {
        "timestamp": "2025-08-14T19:45:35Z"
      }
    },
    {
      "type": "Feature",
      "geometry": {
        "type": "Point",
        "coordinates": [
          -0.136048,
          51.503527
        ]
      },
      "properties": {
        "timestamp": "2025-08-14T19:45:36Z"
      }
    },
    {
      "type": "Feature",
      "geometry": {
        "type": "Point",
        "coordinates": [
          -0.136,
          51.503536
        ]
      },
      "properties": {
        "timestamp": "2025-08-14T19:45:37Z"
      }
    },
    {
      "type": "Feature",
      "geometry": {
        "type": "Point",
        "coordinates": [
          -0.135954,
          51.503543
        ]
      },
      "properties": {
        "timestamp": "2025-08-14T19:45:38Z"
      }
    },
    {
      "type": "Feature",
      "geometry": {
        "type": "Point",
        "coordinates": [
          -0.13591,
          51.503548
        ]
      },
      "properties": {
        "timestamp": "2025-08-14T19:45:39Z"
      }
    },
    {
      "type": "Feature",
      "geometry": {
        "type": "Point",
        "coordinates": [
          -0.135868,
          51.503551
        ]
      },
      "properties": {
        "timestamp": "2025-08-14T19:45:40Z"
      }
    },
    {
      "type": "Feature",
      "geometry": {
        "type": "Point",
        "coordinates": [
          -0.135829,
          51.503554
        ]
      },
      "properties": {
        "timestamp": "2025-08-14T19:45:41Z"
      }
    },
    {
      "type": "Feature",
      "geometry": {
        "type": "Point",
        "coordinates": [
          -0.135795,
          51.503558
        ]
      },
      "properties": {
        "timestamp": "2025-08-14T19:45:42Z"
      }
    },
    {
      "type": "Feature",
      "geometry": {
        "type": "Point",
        "coordinates": [
          -0.13577,
          51.503563
        ]
      },
      "properties": {
        "timestamp": "2025-08-14T19:45:43Z"
      }
    },
    {
      "type": "Feature",
      "geometry": {
        "type": "Point",
        "coordinates": [
          -0.135755,
          51.503573
        ]
      },
      "properties": {
        "timestamp": "2025-08-14T19:45:44Z"
      }
    },
    {
      "type": "Feature",
      "geometry": {
        "type": "Point",
        "coordinates": [
          -0.135745,
          51.503585
        ]
      },
      "properties": {
        "timestamp": "2025-08-14T19:45:45Z"
      }
    },
    {
      "type": "Feature",
      "geometry": {
        "type": "Point",
        "coordinates": [
          -0.135736,
          51.503597
        ]
      },
      "properties": {
        "timestamp": "2025-08-14T19:45:46Z"
      }
    },
    {
      "type": "Feature",
      "geometry": {
        "type": "Point",
        "coordinates": [
          -0.135724,
          51.503607
        ]
      },
      "properties": {
        "timestamp": "2025-08-14T19:45:47Z"
      }
    },
    {
      "type": "Feature",
      "geometry": {
        "type": "Point",
        "coordinates": [
          -0.135703,
          51.503617
        ]
      },
      "properties": {
        "timestamp": "2025-08-14T19:45:48Z"
      }
    },
    {
      "type": "Feature",
      "geometry": {
        "type": "Point",
        "coordinates": [
          -0.135676,
          51.503629
        ]
      },
      "properties": {
        "timestamp": "2025-08-14T19:45:49Z"
      }
    },
    {
      "type": "Feature",
      "geometry": {
        "type": "Point",
        "coordinates": [
          -0.135643,
          51.503641
        ]
      },
      "properties": {
        "timestamp": "2025-08-14T19:45:50Z"
      }
    },
    {
      "type": "Feature",
      "geometry": {
        "type": "Point",
        "coordinates": [
          -0.135607,
          51.503653
        ]
      },
      "properties": {
        "timestamp": "2025-08-14T19:45:51Z"
      }
    },
    {
      "type": "Feature",
      "geometry": {
        "type": "Point",
        "coordinates": [
          -0.13557,
          51.503667
        ]
      },
      "properties": {
        "timestamp": "2025-08-14T19:45:52Z"
      }
    },
    {
      "type": "Feature",
      "geometry": {
        "type": "Point",
        "coordinates": [
          -0.135532,
          51.503683
        ]
      },
      "properties": {
        "timestamp": "2025-08-14T19:45:53Z"
      }
    },
    {
      "type": "Feature",
      "geometry": {
        "type": "Point",
        "coordinates": [
          -0.135494,
          51.503701
        ]
      },
      "properties": {
        "timestamp": "2025-08-14T19:45:54Z"
      }
    },
    {
      "type": "Feature",
      "geometry": {
        "type": "Point",
        "coordinates": [
          -0.135455,
          51.503721
        ]
      },
      "properties": {
        "timestamp": "2025-08-14T19:45:55Z"
      }
    },
    {
      "type": "Feature",
      "geometry": {
        "type": "Point",
        "coordinates": [
          -0.135415,
          51.503743
        ]
      },
      "properties": {
        "timestamp": "2025-08-14T19:45:56Z"
      }
    },
    {
      "type": "Feature",
      "geometry": {
        "type": "Point",
        "coordinates": [
          -0.135377,
          51.503765
        ]
      },
      "properties": {
        "timestamp": "2025-08-14T19:45:57Z"
      }
    },
    {
      "type": "Feature",
      "geometry": {
        "type": "Point",
        "coordinates": [
          -0.135339,
          51.503787
        ]
      },
      "properties": {
        "timestamp": "2025-08-14T19:45:58Z"
      }
    },
    {
      "type": "Feature",
      "geometry": {
        "type": "Point",
        "coordinates": [
          -0.135303,
          51.503809
        ]
      },
      "properties": {
        "timestamp": "2025-08-14T19:45:59Z"
      }
    },
    {
      "type": "Feature",
      "geometry": {
        "type": "Point",
        "coordinates": [
          -0.135266,
          51.503831
        ]
      },
      "properties": {
        "timestamp": "2025-08-14T19:46:00Z"
      }
    },
    {
      "type": "Feature",
      "geometry": {
        "type": "Point",
        "coordinates": [
          -0.13523,
          51.503853
        ]
      },
      "properties": {
        "timestamp": "2025-08-14T19:46:01Z"
      }
    },
    {
      "type": "Feature",
      "geometry": {
        "type": "Point",
        "coordinates": [
          -0.135192,
          51.503875
        ]
      },
      "properties": {
        "timestamp": "2025-08-14T19:46:02Z"
      }
    },
    {
      "type": "Feature",
      "geometry": {
        "type": "Point",
        "coordinates": [
          -0.135151,
          51.503896
        ]
      },
      "properties": {
        "timestamp": "2025-08-14T19:46:03Z"
      }
    },
    {
      "type": "Feature",
      "geometry": {
        "type": "Point",
        "coordinates": [
          -0.135108,
          51.503918
        ]
      },
      "properties": {
        "timestamp": "2025-08-14T19:46:04Z"
      }
    },
    {
      "type": "Feature",
      "geometry": {
        "type": "Point",
        "coordinates": [
          -0.135062,
          51.50394
        ]
      },
      "properties": {
        "timestamp": "2025-08-14T19:46:05Z"
      }
    },
    {
      "type": "Feature",
      "geometry": {
        "type": "Point",
        "coordinates": [
          -0.135016,
          51.503962
        ]
      },
      "properties": {
        "timestamp": "2025-08-14T19:46:06Z"
      }
    },
    {
      "type": "Feature",
      "geometry": {
        "type": "Point",
        "coordinates": [
          -0.134971,
          51.503983
        ]
      },
      "properties": {
        "timestamp": "2025-08-14T19:46:07Z"
      }
    },
    {
      "type": "Feature",
      "geometry": {
        "type": "Point",
        "coordinates": [
          -0.134925,
          51.504005
        ]
      },
      "properties": {
        "timestamp": "2025-08-14T19:46:08Z"
      }
    },
    {
      "type": "Feature",
      "geometry": {
        "type": "Point",
        "coordinates": [
          -0.134881,
          51.504026
        ]
      },
      "properties": {
        "timestamp": "2025-08-14T19:46:09Z"
      }
    },
    {
      "type": "Feature",
      "geometry": {
        "type": "Point",
        "coordinates": [
          -0.134836,
          51.504048
        ]
      },
      "properties": {
        "timestamp": "2025-08-14T19:46:10Z"
      }
    },
    {
      "type": "Feature",
      "geometry": {
        "type": "Point",
        "coordinates": [
          -0.134793,
          51.504068
        ]
      },
      "properties": {
        "timestamp": "2025-08-14T19:46:11Z"
      }
    },
    {
      "type": "Feature",
      "geometry": {
        "type": "Point",
        "coordinates": [
          -0.134749,
          51.504089
        ]
      },
      "properties": {
        "timestamp": "2025-08-14T19:46:12Z"
      }
    },
    {
      "type": "Feature",
      "geometry": {
        "type": "Point",
        "coordinates": [
          -0.134705,
          51.504108
        ]
      },
      "properties": {
        "timestamp": "2025-08-14T19:46:13Z"
      }
    },
    {
      "type": "Feature",
      "geometry": {
        "type": "Point",
        "coordinates": [
          -0.13466,
          51.504128
        ]
      },
      "properties": {
        "timestamp": "2025-08-14T19:46:14Z"
      }
    },
    {
      "type": "Feature",
      "geometry": {
        "type": "Point",
        "coordinates": [
          -0.134614,
          51.504146
        ]
      },
      "properties": {
        "timestamp": "2025-08-14T19:46:15Z"
      }
    },
    {
      "type": "Feature",
      "geometry": {
        "type": "Point",
        "coordinates": [
          -0.134568,
          51.504165
        ]
      },
      "properties": {
        "timestamp": "2025-08-14T19:46:16Z"
      }
    },
    {
      "type": "Feature",
      "geometry": {
        "type": "Point",
        "coordinates": [
          -0.134522,
          51.504185
        ]
      },
      "properties": {
        "timestamp": "2025-08-14T19:46:17Z"
      }
    },
    {
      "type": "Feature",
      "geometry": {
        "type": "Point",
        "coordinates": [
          -0.134476,
          51.504204
        ]
      },
      "properties": {
        "timestamp": "2025-08-14T19:46:18Z"
      }
    },
    {
      "type": "Feature",
      "geometry": {
        "type": "Point",
        "coordinates": [
          -0.134429,
          51.504225
        ]
      },
      "properties": {
        "timestamp": "2025-08-14T19:46:19Z"
      }
    },
    {
      "type": "Feature",
      "geometry": {
        "type": "Point",
        "coordinates": [
          -0.134382,
          51.504245
        ]
      },
      "properties": {
        "timestamp": "2025-08-14T19:46:20Z"
      }
    },
    {
      "type": "Feature",
      "geometry": {
        "type": "Point",
        "coordinates": [
          -0.134334,
          51.504264
        ]
      },
      "properties": {
        "timestamp": "2025-08-14T19:46:21Z"
      }
    },
    {
      "type": "Feature",
      "geometry": {
        "type": "Point",
        "coordinates": [
          -0.134286,
          51.504283
        ]
      },
      "properties": {
        "timestamp": "2025-08-14T19:46:22Z"
      }
    },
    {
      "type": "Feature",
      "geometry": {
        "type": "Point",
        "coordinates": [
          -0.134238,
          51.5043
        ]
      },
      "properties": {
        "timestamp": "2025-08-14T19:46:23Z"
      }
    },
    {
      "type": "Feature",
      "geometry": {
        "type": "Point",
        "coordinates": [
          -0.13419,
          51.504318
        ]
      },
      "properties": {
        "timestamp": "2025-08-14T19:46:25Z"
      }
    },
    {
      "type": "Feature",
      "geometry": {
        "type": "Point",
        "coordinates": [
          -0.134143,
          51.504336
        ]
      },
      "properties": {
        "timestamp": "2025-08-14T19:46:26Z"
      }
    },
    {
      "type": "Feature",
      "geometry": {
        "type": "Point",
        "coordinates": [
          -0.134096,
          51.504355
        ]
      },
      "properties": {
        "timestamp": "2025-08-14T19:46:27Z"
      }
    },
    {
      "type": "Feature",
      "geometry": {
        "type": "Point",
        "coordinates": [
          -0.13405,
          51.504375
        ]
      },
      "properties": {
        "timestamp": "2025-08-14T19:46:28Z"
      }
    },
    {
      "type": "Feature",
      "geometry": {
        "type": "Point",
        "coordinates": [
          -0.134006,
          51.504396
        ]
      },
      "properties": {
        "timestamp": "2025-08-14T19:46:29Z"
      }
    },
    {
      "type": "Feature",
      "geometry": {
        "type": "Point",
        "coordinates": [
          -0.133961,
          51.504416
        ]
      },
      "properties": {
        "timestamp": "2025-08-14T19:46:30Z"
      }
    },
    {
      "type": "Feature",
      "geometry": {
        "type": "Point",
        "coordinates": [
          -0.133916,
          51.504436
        ]
      },
      "properties": {
        "timestamp": "2025-08-14T19:46:31Z"
      }
    },
    {
      "type": "Feature",
      "geometry": {
        "type": "Point",
        "coordinates": [
          -0.13387,
          51.504456
        ]
      },
      "properties": {
        "timestamp": "2025-08-14T19:46:32Z"
      }
    },
    {
      "type": "Feature",
      "geometry": {
        "type": "Point",
        "coordinates": [
          -0.133825,
          51.504475
        ]
      },
      "properties": {
        "timestamp": "2025-08-14T19:46:33Z"
      }
    },
    {
      "type": "Feature",
      "geometry": {
        "type": "Point",
        "coordinates": [
          -0.133781,
          51.504494
        ]
      },
      "properties": {
        "timestamp": "2025-08-14T19:46:34Z"
      }
    },
    {
      "type": "Feature",
      "geometry": {
        "type": "Point",
        "coordinates": [
          -0.133737,
          51.504513
        ]
      },
      "properties": {
        "timestamp": "2025-08-14T19:46:35Z"
      }
    },
    {
      "type": "Feature",
      "geometry": {
        "type": "Point",
        "coordinates": [
          -0.133694,
          51.504532
        ]
      },
      "properties": {
        "timestamp": "2025-08-14T19:46:36Z"
      }
    },
    {
      "type": "Feature",
      "geometry": {
        "type": "Point",
        "coordinates": [
          -0.133652,
          51.50455
        ]
      },
      "properties": {
        "timestamp": "2025-08-14T19:46:37Z"
      }
    },
    {
      "type": "Feature",
      "geometry": {
        "type": "Point",
        "coordinates": [
          -0.133609,
          51.504568
        ]
      },
      "properties": {
        "timestamp": "2025-08-14T19:46:38Z"
      }
    },
    {
      "type": "Feature",
      "geometry": {
        "type": "Point",
        "coordinates": [
          -0.133566,
          51.504584
        ]
      },
      "properties": {
        "timestamp": "2025-08-14T19:46:39Z"
      }
    },
    {
      "type": "Feature",
      "geometry": {
        "type": "Point",
        "coordinates": [
          -0.133522,
          51.504599
        ]
      },
      "properties": {
        "timestamp": "2025-08-14T19:46:40Z"
      }
    },
    {
      "type": "Feature",
      "geometry": {
        "type": "Point",
        "coordinates": [
          -0.133478,
          51.504614
        ]
      },
      "properties": {
        "timestamp": "2025-08-14T19:46:41Z"
      }
    },
    {
      "type": "Feature",
      "geometry": {
        "type": "Point",
        "coordinates": [
          -0.133434,
          51.504632
        ]
      },
      "properties": {
        "timestamp": "2025-08-14T19:46:42Z"
      }
    },
    {
      "type": "Feature",
      "geometry": {
        "type": "Point",
        "coordinates": [
          -0.13339,
          51.50465
        ]
      },
      "properties": {
        "timestamp": "2025-08-14T19:46:43Z"
      }
    },
    {
      "type": "Feature",
      "geometry": {
        "type": "Point",
        "coordinates": [
          -0.133346,
          51.504669
        ]
      },
      "properties": {
        "timestamp": "2025-08-14T19:46:44Z"
      }
    },
    {
      "type": "Feature",
      "geometry": {
        "type": "Point",
        "coordinates": [
          -0.133304,
          51.504687
        ]
      },
      "properties": {
        "timestamp": "2025-08-14T19:46:45Z"
      }
    },
    {
      "type": "Feature",
      "geometry": {
        "type": "Point",
        "coordinates": [
          -0.133262,
          51.504705
        ]
      },
      "properties": {
        "timestamp": "2025-08-14T19:46:46Z"
      }
    },
    {
      "type": "Feature",
      "geometry": {
        "type": "Point",
        "coordinates": [
          -0.13322,
          51.504724
        ]
      },
      "properties": {
        "timestamp": "2025-08-14T19:46:47Z"
      }
    },
    {
      "type": "Feature",
      "geometry": {
        "type": "Point",
        "coordinates": [
          -0.133179,
          51.504744
        ]
      },
      "properties": {
        "timestamp": "2025-08-14T19:46:48Z"
      }
    },
    {
      "type": "Feature",
      "geometry": {
        "type": "Point",
        "coordinates": [
          -0.133137,
          51.504763
        ]
      },
      "properties": {
        "timestamp": "2025-08-14T19:46:49Z"
      }
    },
    {
      "type": "Feature",
      "geometry": {
        "type": "Point",
        "coordinates": [
          -0.133096,
          51.504781
        ]
      },
      "properties": {
        "timestamp": "2025-08-14T19:46:50Z"
      }
    },
    {
      "type": "Feature",
      "geometry": {
        "type": "Point",
        "coordinates": [
          -0.133054,
          51.504797
        ]
      },
      "properties": {
        "timestamp": "2025-08-14T19:46:51Z"
      }
    },
    {
      "type": "Feature",
      "geometry": {
        "type": "Point",
        "coordinates": [
          -0.133012,
          51.504812
        ]
      },
      "properties": {
        "timestamp": "2025-08-14T19:46:52Z"
      }
    },
    {
      "type": "Feature",
      "geometry": {
        "type": "Point",
        "coordinates": [
          -0.13297,
          51.504826
        ]
      },
      "properties": {
        "timestamp": "2025-08-14T19:46:53Z"
      }
    },
    {
      "type": "Feature",
      "geometry": {
        "type": "Point",
        "coordinates": [
          -0.132929,
          51.50484
        ]
      },
      "properties": {
        "timestamp": "2025-08-14T19:46:54Z"
      }
    },
    {
      "type": "Feature",
      "geometry": {
        "type": "Point",
        "coordinates": [
          -0.132892,
          51.504855
        ]
      },
      "properties": {
        "timestamp": "2025-08-14T19:46:55Z"
      }
    },
    {
      "type": "Feature",
      "geometry": {
        "type": "Point",
        "coordinates": [
          -0.132856,
          51.504872
        ]
      },
      "properties": {
        "timestamp": "2025-08-14T19:46:56Z"
      }
    },
    {
      "type": "Feature",
      "geometry": {
        "type": "Point",
        "coordinates": [
          -0.132818,
          51.504889
        ]
      },
      "properties": {
        "timestamp": "2025-08-14T19:46:57Z"
      }
    },
    {
      "type": "Feature",
      "geometry": {
        "type": "Point",
        "coordinates": [
          -0.132779,
          51.504907
        ]
      },
      "properties": {
        "timestamp": "2025-08-14T19:46:58Z"
      }
    },
    {
      "type": "Feature",
      "geometry": {
        "type": "Point",
        "coordinates": [
          -0.132739,
          51.504925
        ]
      },
      "properties": {
        "timestamp": "2025-08-14T19:46:59Z"
      }
    },
    {
      "type": "Feature",
      "geometry": {
        "type": "Point",
        "coordinates": [
          -0.132698,
          51.504943
        ]
      },
      "properties": {
        "timestamp": "2025-08-14T19:47:00Z"
      }
    },
    {
      "type": "Feature",
      "geometry": {
        "type": "Point",
        "coordinates": [
          -0.132654,
          51.504959
        ]
      },
      "properties": {
        "timestamp": "2025-08-14T19:47:01Z"
      }
    },
    {
      "type": "Feature",
      "geometry": {
        "type": "Point",
        "coordinates": [
          -0.132608,
          51.504973
        ]
      },
      "properties": {
        "timestamp": "2025-08-14T19:47:02Z"
      }
    },
    {
      "type": "Feature",
      "geometry": {
        "type": "Point",
        "coordinates": [
          -0.132561,
          51.504985
        ]
      },
      "properties": {
        "timestamp": "2025-08-14T19:47:03Z"
      }
    },
    {
      "type": "Feature",
      "geometry": {
        "type": "Point",
        "coordinates": [
          -0.132512,
          51.504996
        ]
      },
      "properties": {
        "timestamp": "2025-08-14T19:47:04Z"
      }
    },
    {
      "type": "Feature",
      "geometry": {
        "type": "Point",
        "coordinates": [
          -0.132463,
          51.505008
        ]
      },
      "properties": {
        "timestamp": "2025-08-14T19:47:05Z"
      }
    },
    {
      "type": "Feature",
      "geometry": {
        "type": "Point",
        "coordinates": [
          -0.132416,
          51.505021
        ]
      },
      "properties": {
        "timestamp": "2025-08-14T19:47:06Z"
      }
    },
    {
      "type": "Feature",
      "geometry": {
        "type": "Point",
        "coordinates": [
          -0.132368,
          51.505035
        ]
      },
      "properties": {
        "timestamp": "2025-08-14T19:47:07Z"
      }
    },
    {
      "type": "Feature",
      "geometry": {
        "type": "Point",
        "coordinates": [
          -0.132321,
          51.505049
        ]
      },
      "properties": {
        "timestamp": "2025-08-14T19:47:08Z"
      }
    },
    {
      "type": "Feature",
      "geometry": {
        "type": "Point",
        "coordinates": [
          -0.132273,
          51.505064
        ]
      },
      "properties": {
        "timestamp": "2025-08-14T19:47:09Z"
      }
    },
    {
      "type": "Feature",
      "geometry": {
        "type": "Point",
        "coordinates": [
          -0.132225,
          51.505079
        ]
      },
      "properties": {
        "timestamp": "2025-08-14T19:47:10Z"
      }
    },
    {
      "type": "Feature",
      "geometry": {
        "type": "Point",
        "coordinates": [
          -0.132178,
          51.505097
        ]
      },
      "properties": {
        "timestamp": "2025-08-14T19:47:11Z"
      }
    },
    {
      "type": "Feature",
      "geometry": {
        "type": "Point",
        "coordinates": [
          -0.132132,
          51.505115
        ]
      },
      "properties": {
        "timestamp": "2025-08-14T19:47:12Z"
      }
    },
    {
      "type": "Feature",
      "geometry": {
        "type": "Point",
        "coordinates": [
          -0.132086,
          51.505134
        ]
      },
      "properties": {
        "timestamp": "2025-08-14T19:47:13Z"
      }
    },
    {
      "type": "Feature",
      "geometry": {
        "type": "Point",
        "coordinates": [
          -0.13204,
          51.505153
        ]
      },
      "properties": {
        "timestamp": "2025-08-14T19:47:14Z"
      }
    },
    {
      "type": "Feature",
      "geometry": {
        "type": "Point",
        "coordinates": [
          -0.131995,
          51.505171
        ]
      },
      "properties": {
        "timestamp": "2025-08-14T19:47:15Z"
      }
    },
    {
      "type": "Feature",
      "geometry": {
        "type": "Point",
        "coordinates": [
          -0.131951,
          51.505189
        ]
      },
      "properties": {
        "timestamp": "2025-08-14T19:47:16Z"
      }
    },
    {
      "type": "Feature",
      "geometry": {
        "type": "Point",
        "coordinates": [
          -0.131908,
          51.505207
        ]
      },
      "properties": {
        "timestamp": "2025-08-14T19:47:17Z"
      }
    },
    {
      "type": "Feature",
      "geometry": {
        "type": "Point",
        "coordinates": [
          -0.131864,
          51.505224
        ]
      },
      "properties": {
        "timestamp": "2025-08-14T19:47:18Z"
      }
    },
    {
      "type": "Feature",
      "geometry": {
        "type": "Point",
        "coordinates": [
          -0.13182,
          51.505242
        ]
      },
      "properties": {
        "timestamp": "2025-08-14T19:47:19Z"
      }
    },
    {
      "type": "Feature",
      "geometry": {
        "type": "Point",
        "coordinates": [
          -0.131775,
          51.50526
        ]
      },
      "properties": {
        "timestamp": "2025-08-14T19:47:20Z"
      }
    },
    {
      "type": "Feature",
      "geometry": {
        "type": "Point",
        "coordinates": [
          -0.131731,
          51.50528
        ]
      },
      "properties": {
        "timestamp": "2025-08-14T19:47:21Z"
      }
    },
    {
      "type": "Feature",
      "geometry": {
        "type": "Point",
        "coordinates": [
          -0.131688,
          51.505301
        ]
      },
      "properties": {
        "timestamp": "2025-08-14T19:47:22Z"
      }
    },
    {
      "type": "Feature",
      "geometry": {
        "type": "Point",
        "coordinates": [
          -0.131646,
          51.505324
        ]
      },
      "properties": {
        "timestamp": "2025-08-14T19:47:23Z"
      }
    },
    {
      "type": "Feature",
      "geometry": {
        "type": "Point",
        "coordinates": [
          -0.13156,
          51.505369
        ]
      },
      "properties": {
        "timestamp": "2025-08-14T19:47:24Z"
      }
    },
    {
      "type": "Feature",
      "geometry": {
        "type": "Point",
        "coordinates": [
          -0.131603,
          51.505347
        ]
      },
      "properties": {
        "timestamp": "2025-08-14T19:47:24Z"
      }
    },
    {
      "type": "Feature",
      "geometry": {
        "type": "Point",
        "coordinates": [
          -0.131515,
          51.505391
        ]
      },
      "properties": {
        "timestamp": "2025-08-14T19:47:25Z"
      }
    },
    {
      "type": "Feature",
      "geometry": {
        "type": "Point",
        "coordinates": [
          -0.131471,
          51.505411
        ]
      },
      "properties": {
        "timestamp": "2025-08-14T19:47:26Z"
      }
    },
    {
      "type": "Feature",
      "geometry": {
        "type": "Point",
        "coordinates": [
          -0.131427,
          51.50543
        ]
      },
      "properties": {
        "timestamp": "2025-08-14T19:47:27Z"
      }
    },
    {
      "type": "Feature",
      "geometry": {
        "type": "Point",
        "coordinates": [
          -0.131384,
          51.505447
        ]
      },
      "properties": {
        "timestamp": "2025-08-14T19:47:28Z"
      }
    },
    {
      "type": "Feature",
      "geometry": {
        "type": "Point",
        "coordinates": [
          -0.131341,
          51.505463
        ]
      },
      "properties": {
        "timestamp": "2025-08-14T19:47:29Z"
      }
    },
    {
      "type": "Feature",
      "geometry": {
        "type": "Point",
        "coordinates": [
          -0.131297,
          51.505479
        ]
      },
      "properties": {
        "timestamp": "2025-08-14T19:47:30Z"
      }
    },
    {
      "type": "Feature",
      "geometry": {
        "type": "Point",
        "coordinates": [
          -0.131252,
          51.505494
        ]
      },
      "properties": {
        "timestamp": "2025-08-14T19:47:31Z"
      }
    },
    {
      "type": "Feature",
      "geometry": {
        "type": "Point",
        "coordinates": [
          -0.131207,
          51.505509
        ]
      },
      "properties": {
        "timestamp": "2025-08-14T19:47:32Z"
      }
    },
    {
      "type": "Feature",
      "geometry": {
        "type": "Point",
        "coordinates": [
          -0.131163,
          51.505523
        ]
      },
      "properties": {
        "timestamp": "2025-08-14T19:47:33Z"
      }
    },
    {
      "type": "Feature",
      "geometry": {
        "type": "Point",
        "coordinates": [
          -0.131118,
          51.505538
        ]
      },
      "properties": {
        "timestamp": "2025-08-14T19:47:34Z"
      }
    },
    {
      "type": "Feature",
      "geometry": {
        "type": "Point",
        "coordinates": [
          -0.131073,
          51.505552
        ]
      },
      "properties": {
        "timestamp": "2025-08-14T19:47:35Z"
      }
    },
    {
      "type": "Feature",
      "geometry": {
        "type": "Point",
        "coordinates": [
          -0.131028,
          51.505566
        ]
      },
      "properties": {
        "timestamp": "2025-08-14T19:47:36Z"
      }
    },
    {
      "type": "Feature",
      "geometry": {
        "type": "Point",
        "coordinates": [
          -0.130984,
          51.50558
        ]
      },
      "properties": {
        "timestamp": "2025-08-14T19:47:37Z"
      }
    },
    {
      "type": "Feature",
      "geometry": {
        "type": "Point",
        "coordinates": [
          -0.130941,
          51.505594
        ]
      },
      "properties": {
        "timestamp": "2025-08-14T19:47:38Z"
      }
    },
    {
      "type": "Feature",
      "geometry": {
        "type": "Point",
        "coordinates": [
          -0.130899,
          51.505608
        ]
      },
      "properties": {
        "timestamp": "2025-08-14T19:47:39Z"
      }
    },
    {
      "type": "Feature",
      "geometry": {
        "type": "Point",
        "coordinates": [
          -0.130857,
          51.50562
        ]
      },
      "properties": {
        "timestamp": "2025-08-14T19:47:40Z"
      }
    },
    {
      "type": "Feature",
      "geometry": {
        "type": "Point",
        "coordinates": [
          -0.130815,
          51.505631
        ]
      },
      "properties": {
        "timestamp": "2025-08-14T19:47:41Z"
      }
    },
    {
      "type": "Feature",
      "geometry": {
        "type": "Point",
        "coordinates": [
          -0.130773,
          51.505639
        ]
      },
      "properties": {
        "timestamp": "2025-08-14T19:47:42Z"
      }
    },
    {
      "type": "Feature",
      "geometry": {
        "type": "Point",
        "coordinates": [
          -0.13073,
          51.505644
        ]
      },
      "properties": {
        "timestamp": "2025-08-14T19:47:43Z"
      }
    },
    {
      "type": "Feature",
      "geometry": {
        "type": "Point",
        "coordinates": [
          -0.130683,
          51.505646
        ]
      },
      "properties": {
        "timestamp": "2025-08-14T19:47:44Z"
      }
    },
    {
      "type": "Feature",
      "geometry": {
        "type": "Point",
        "coordinates": [
          -0.130635,
          51.505644
        ]
      },
      "properties": {
        "timestamp": "2025-08-14T19:47:45Z"
      }
    },
    {
      "type": "Feature",
      "geometry": {
        "type": "Point",
        "coordinates": [
          -0.130587,
          51.505639
        ]
      },
      "properties": {
        "timestamp": "2025-08-14T19:47:46Z"
      }
    },
    {
      "type": "Feature",
      "geometry": {
        "type": "Point",
        "coordinates": [
          -0.130541,
          51.50563
        ]
      },
      "properties": {
        "timestamp": "2025-08-14T19:47:47Z"
      }
    },
    {
      "type": "Feature",
      "geometry": {
        "type": "Point",
        "coordinates": [
          -0.130497,
          51.505618
        ]
      },
      "properties": {
        "timestamp": "2025-08-14T19:47:48Z"
      }
    },
    {
      "type": "Feature",
      "geometry": {
        "type": "Point",
        "coordinates": [
          -0.130454,
          51.505604
        ]
      },
      "properties": {
        "timestamp": "2025-08-14T19:47:49Z"
      }
    },
    {
      "type": "Feature",
      "geometry": {
        "type": "Point",
        "coordinates": [
          -0.13041,
          51.505588
        ]
      },
      "properties": {
        "timestamp": "2025-08-14T19:47:50Z"
      }
    },
    {
      "type": "Feature",
      "geometry": {
        "type": "Point",
        "coordinates": [
          -0.130365,
          51.505572
        ]
      },
      "properties": {
        "timestamp": "2025-08-14T19:47:51Z"
      }
    },
    {
      "type": "Feature",
      "geometry": {
        "type": "Point",
        "coordinates": [
          -0.130322,
          51.505555
        ]
      },
      "properties": {
        "timestamp": "2025-08-14T19:47:52Z"
      }
    },
    {
      "type": "Feature",
      "geometry": {
        "type": "Point",
        "coordinates": [
          -0.130281,
          51.505537
        ]
      },
      "properties": {
        "timestamp": "2025-08-14T19:47:53Z"
      }
    },
    {
      "type": "Feature",
      "geometry": {
        "type": "Point",
        "coordinates": [
          -0.130242,
          51.505519
        ]
      },
      "properties": {
        "timestamp": "2025-08-14T19:47:54Z"
      }
    },
    {
      "type": "Feature",
      "geometry": {
        "type": "Point",
        "coordinates": [
          -0.130203,
          51.505501
        ]
      },
      "properties": {
        "timestamp": "2025-08-14T19:47:55Z"
      }
    },
    {
      "type": "Feature",
      "geometry": {
        "type": "Point",
        "coordinates": [
          -0.130166,
          51.505482
        ]
      },
      "properties": {
        "timestamp": "2025-08-14T19:47:56Z"
      }
    },
    {
      "type": "Feature",
      "geometry": {
        "type": "Point",
        "coordinates": [
          -0.13013,
          51.505463
        ]
      },
      "properties": {
        "timestamp": "2025-08-14T19:47:57Z"
      }
    },
    {
      "type": "Feature",
      "geometry": {
        "type": "Point",
        "coordinates": [
          -0.130096,
          51.505444
        ]
      },
      "properties": {
        "timestamp": "2025-08-14T19:47:58Z"
      }
    },
    {
      "type": "Feature",
      "geometry": {
        "type": "Point",
        "coordinates": [
          -0.130061,
          51.505425
        ]
      },
      "properties": {
        "timestamp": "2025-08-14T19:47:59Z"
      }
    },
    {
      "type": "Feature",
      "geometry": {
        "type": "Point",
        "coordinates": [
          -0.130027,
          51.505407
        ]
      },
      "properties": {
        "timestamp": "2025-08-14T19:48:00Z"
      }
    },
    {
      "type": "Feature",
      "geometry": {
        "type": "Point",
        "coordinates": [
          -0.129994,
          51.505389
        ]
      },
      "properties": {
        "timestamp": "2025-08-14T19:48:01Z"
      }
    },
    {
      "type": "Feature",
      "geometry": {
        "type": "Point",
        "coordinates": [
          -0.12996,
          51.50537
        ]
      },
      "properties": {
        "timestamp": "2025-08-14T19:48:02Z"
      }
    },
    {
      "type": "Feature",
      "geometry": {
        "type": "Point",
        "coordinates": [
          -0.129925,
          51.505352
        ]
      },
      "properties": {
        "timestamp": "2025-08-14T19:48:03Z"
      }
    },
    {
      "type": "Feature",
      "geometry": {
        "type": "Point",
        "coordinates": [
          -0.12989,
          51.505333
        ]
      },
      "properties": {
        "timestamp": "2025-08-14T19:48:04Z"
      }
    },
    {
      "type": "Feature",
      "geometry": {
        "type": "Point",
        "coordinates": [
          -0.129853,
          51.505314
        ]
      },
      "properties": {
        "timestamp": "2025-08-14T19:48:05Z"
      }
    },
    {
      "type": "Feature",
      "geometry": {
        "type": "Point",
        "coordinates": [
          -0.129818,
          51.505294
        ]
      },
      "properties": {
        "timestamp": "2025-08-14T19:48:06Z"
      }
    },
    {
      "type": "Feature",
      "geometry": {
        "type": "Point",
        "coordinates": [
          -0.129782,
          51.505274
        ]
      },
      "properties": {
        "timestamp": "2025-08-14T19:48:07Z"
      }
    },
    {
      "type": "Feature",
      "geometry": {
        "type": "Point",
        "coordinates": [
          -0.129747,
          51.505253
        ]
      },
      "properties": {
        "timestamp": "2025-08-14T19:48:08Z"
      }
    },
    {
      "type": "Feature",
      "geometry": {
        "type": "Point",
        "coordinates": [
          -0.129713,
          51.505232
        ]
      },
      "properties": {
        "timestamp": "2025-08-14T19:48:09Z"
      }
    },
    {
      "type": "Feature",
      "geometry": {
        "type": "Point",
        "coordinates": [
          -0.12968,
          51.50521
        ]
      },
      "properties": {
        "timestamp": "2025-08-14T19:48:10Z"
      }
    },
    {
      "type": "Feature",
      "geometry": {
        "type": "Point",
        "coordinates": [
          -0.129647,
          51.505186
        ]
      },
      "properties": {
        "timestamp": "2025-08-14T19:48:11Z"
      }
    },
    {
      "type": "Feature",
      "geometry": {
        "type": "Point",
        "coordinates": [
          -0.129616,
          51.505161
        ]
      },
      "properties": {
        "timestamp": "2025-08-14T19:48:12Z"
      }
    },
    {
      "type": "Feature",
      "geometry": {
        "type": "Point",
        "coordinates": [
          -0.129588,
          51.505135
        ]
      },
      "properties": {
        "timestamp": "2025-08-14T19:48:13Z"
      }
    },
    {
      "type": "Feature",
      "geometry": {
        "type": "Point",
        "coordinates": [
          -0.129562,
          51.505109
        ]
      },
      "properties": {
        "timestamp": "2025-08-14T19:48:14Z"
      }
    },
    {
      "type": "Feature",
      "geometry": {
        "type": "Point",
        "coordinates": [
          -0.129538,
          51.505083
        ]
      },
      "properties": {
        "timestamp": "2025-08-14T19:48:15Z"
      }
    },
    {
      "type": "Feature",
      "geometry": {
        "type": "Point",
        "coordinates": [
          -0.129513,
          51.505057
        ]
      },
      "properties": {
        "timestamp": "2025-08-14T19:48:16Z"
      }
    },
    {
      "type": "Feature",
      "geometry": {
        "type": "Point",
        "coordinates": [
          -0.129489,
          51.50503
        ]
      },
      "properties": {
        "timestamp": "2025-08-14T19:48:17Z"
      }
    },
    {
      "type": "Feature",
      "geometry": {
        "type": "Point",
        "coordinates": [
          -0.129468,
          51.505002
        ]
      },
      "properties": {
        "timestamp": "2025-08-14T19:48:18Z"
      }
    },
    {
      "type": "Feature",
      "geometry": {
        "type": "Point",
        "coordinates": [
          -0.129453,
          51.504972
        ]
      },
      "properties": {
        "timestamp": "2025-08-14T19:48:19Z"
      }
    },
    {
      "type": "Feature",
      "geometry": {
        "type": "Point",
        "coordinates": [
          -0.129444,
          51.504941
        ]
      },
      "properties": {
        "timestamp": "2025-08-14T19:48:20Z"
      }
    },
    {
      "type": "Feature",
      "geometry": {
        "type": "Point",
        "coordinates": [
          -0.12944,
          51.50491
        ]
      },
      "properties": {
        "timestamp": "2025-08-14T19:48:21Z"
      }
    },
    {
      "type": "Feature",
      "geometry": {
        "type": "Point",
        "coordinates": [
          -0.129437,
          51.504879
        ]
      },
      "properties": {
        "timestamp": "2025-08-14T19:48:22Z"
      }
    },
    {
      "type": "Feature",
      "geometry": {
        "type": "Point",
        "coordinates": [
          -0.129433,
          51.504848
        ]
      },
      "properties": {
        "timestamp": "2025-08-14T19:48:23Z"
      }
    },
    {
      "type": "Feature",
      "geometry": {
        "type": "Point",
        "coordinates": [
          -0.129426,
          51.504818
        ]
      },
      "properties": {
        "timestamp": "2025-08-14T19:48:24Z"
      }
    },
    {
      "type": "Feature",
      "geometry": {
        "type": "Point",
        "coordinates": [
          -0.12942,
          51.504788
        ]
      },
      "properties": {
        "timestamp": "2025-08-14T19:48:25Z"
      }
    },
    {
      "type": "Feature",
      "geometry": {
        "type": "Point",
        "coordinates": [
          -0.129415,
          51.504759
        ]
      },
      "properties": {
        "timestamp": "2025-08-14T19:48:26Z"
      }
    },
    {
      "type": "Feature",
      "geometry": {
        "type": "Point",
        "coordinates": [
          -0.129412,
          51.504729
        ]
      },
      "properties": {
        "timestamp": "2025-08-14T19:48:27Z"
      }
    },
    {
      "type": "Feature",
      "geometry": {
        "type": "Point",
        "coordinates": [
          -0.129409,
          51.504698
        ]
      },
      "properties": {
        "timestamp": "2025-08-14T19:48:28Z"
      }
    },
    {
      "type": "Feature",
      "geometry": {
        "type": "Point",
        "coordinates": [
          -0.129403,
          51.504667
        ]
      },
      "properties": {
        "timestamp": "2025-08-14T19:48:29Z"
      }
    },
    {
      "type": "Feature",
      "geometry": {
        "type": "Point",
        "coordinates": [
          -0.129395,
          51.504636
        ]
      },
      "properties": {
        "timestamp": "2025-08-14T19:48:31Z"
      }
    },
    {
      "type": "Feature",
      "geometry": {
        "type": "Point",
        "coordinates": [
          -0.129384,
          51.504606
        ]
      },
      "properties": {
        "timestamp": "2025-08-14T19:48:32Z"
      }
    },
    {
      "type": "Feature",
      "geometry": {
        "type": "Point",
        "coordinates": [
          -0.129371,
          51.504577
        ]
      },
      "properties": {
        "timestamp": "2025-08-14T19:48:33Z"
      }
    },
    {
      "type": "Feature",
      "geometry": {
        "type": "Point",
        "coordinates": [
          -0.129356,
          51.504547
        ]
      },
      "properties": {
        "timestamp": "2025-08-14T19:48:34Z"
      }
    },
    {
      "type": "Feature",
      "geometry": {
        "type": "Point",
        "coordinates": [
          -0.12934,
          51.504517
        ]
      },
      "properties": {
        "timestamp": "2025-08-14T19:48:35Z"
      }
    },
    {
      "type": "Feature",
      "geometry": {
        "type": "Point",
        "coordinates": [
          -0.129325,
          51.504486
        ]
      },
      "properties": {
        "timestamp": "2025-08-14T19:48:36Z"
      }
    },
    {
      "type": "Feature",
      "geometry": {
        "type": "Point",
        "coordinates": [
          -0.129311,
          51.504454
        ]
      },
      "properties": {
        "timestamp": "2025-08-14T19:48:37Z"
      }
    },
    {
      "type": "Feature",
      "geometry": {
        "type": "Point",
        "coordinates": [
          -0.129298,
          51.504422
        ]
      },
      "properties": {
        "timestamp": "2025-08-14T19:48:38Z"
      }
    },
    {
      "type": "Feature",
      "geometry": {
        "type": "Point",
        "coordinates": [
          -0.129289,
          51.504391
        ]
      },
      "properties": {
        "timestamp": "2025-08-14T19:48:39Z"
      }
    },
    {
      "type": "Feature",
      "geometry": {
        "type": "Point",
        "coordinates": [
          -0.129283,
          51.504361
        ]
      },
      "properties": {
        "timestamp": "2025-08-14T19:48:40Z"
      }
    },
    {
      "type": "Feature",
      "geometry": {
        "type": "Point",
        "coordinates": [
          -0.12928,
          51.504331
        ]
      },
      "properties": {
        "timestamp": "2025-08-14T19:48:41Z"
      }
    },
    {
      "type": "Feature",
      "geometry": {
        "type": "Point",
        "coordinates": [
          -0.12928,
          51.5043
        ]
      },
      "properties": {
        "timestamp": "2025-08-14T19:48:42Z"
      }
    },
    {
      "type": "Feature",
      "geometry": {
        "type": "Point",
        "coordinates": [
          -0.129281,
          51.50427
        ]
      },
      "properties": {
        "timestamp": "2025-08-14T19:48:43Z"
      }
    },
    {
      "type": "Feature",
      "geometry": {
        "type": "Point",
        "coordinates": [
          -0.129281,
          51.50424
        ]
      },
      "properties": {
        "timestamp": "2025-08-14T19:48:44Z"
      }
    },
    {
      "type": "Feature",
      "geometry": {
        "type": "Point",
        "coordinates": [
          -0.129276,
          51.504211
        ]
      },
      "properties": {
        "timestamp": "2025-08-14T19:48:45Z"
      }
    },
    {
      "type": "Feature",
      "geometry": {
        "type": "Point",
        "coordinates": [
          -0.129266,
          51.504182
        ]
      },
      "properties": {
        "timestamp": "2025-08-14T19:48:46Z"
      }
    },
    {
      "type": "Feature",
      "geometry": {
        "type": "Point",
        "coordinates": [
          -0.129251,
          51.50415
        ]
      },
      "properties": {
        "timestamp": "2025-08-14T19:48:47Z"
      }
    },
    {
      "type": "Feature",
      "geometry": {
        "type": "Point",
        "coordinates": [
          -0.129234,
          51.504118
        ]
      },
      "properties": {
        "timestamp": "2025-08-14T19:48:48Z"
      }
    },
    {
      "type": "Feature",
      "geometry": {
        "type": "Point",
        "coordinates": [
          -0.129217,
          51.504085
        ]
      },
      "properties": {
        "timestamp": "2025-08-14T19:48:49Z"
      }
    },
    {
      "type": "Feature",
      "geometry": {
        "type": "Point",
        "coordinates": [
          -0.129201,
          51.504052
        ]
      },
      "properties": {
        "timestamp": "2025-08-14T19:48:50Z"
      }
    },
    {
      "type": "Feature",
      "geometry": {
        "type": "Point",
        "coordinates": [
          -0.129187,
          51.504021
        ]
      },
      "properties": {
        "timestamp": "2025-08-14T19:48:51Z"
      }
    },
    {
      "type": "Feature",
      "geometry": {
        "type": "Point",
        "coordinates": [
          -0.129174,
          51.50399
        ]
      },
      "properties": {
        "timestamp": "2025-08-14T19:48:52Z"
      }
    },
    {
      "type": "Feature",
      "geometry": {
        "type": "Point",
        "coordinates": [
          -0.129163,
          51.503959
        ]
      },
      "properties": {
        "timestamp": "2025-08-14T19:48:53Z"
      }
    },
    {
      "type": "Feature",
      "geometry": {
        "type": "Point",
        "coordinates": [
          -0.129154,
          51.503929
        ]
      },
      "properties": {
        "timestamp": "2025-08-14T19:48:54Z"
      }
    },
    {
      "type": "Feature",
      "geometry": {
        "type": "Point",
        "coordinates": [
          -0.129147,
          51.503899
        ]
      },
      "properties": {
        "timestamp": "2025-08-14T19:48:55Z"
      }
    },
    {
      "type": "Feature",
      "geometry": {
        "type": "Point",
        "coordinates": [
          -0.129141,
          51.503869
        ]
      },
      "properties": {
        "timestamp": "2025-08-14T19:48:56Z"
      }
    },
    {
      "type": "Feature",
      "geometry": {
        "type": "Point",
        "coordinates": [
          -0.129136,
          51.50384
        ]
      },
      "properties": {
        "timestamp": "2025-08-14T19:48:57Z"
      }
    },
    {
      "type": "Feature",
      "geometry": {
        "type": "Point",
        "coordinates": [
          -0.129132,
          51.503811
        ]
      },
      "properties": {
        "timestamp": "2025-08-14T19:48:58Z"
      }
    },
    {
      "type": "Feature",
      "geometry": {
        "type": "Point",
        "coordinates": [
          -0.129129,
          51.503781
        ]
      },
      "properties": {
        "timestamp": "2025-08-14T19:48:59Z"
      }
    },
    {
      "type": "Feature",
      "geometry": {
        "type": "Point",
        "coordinates": [
          -0.129128,
          51.503751
        ]
      },
      "properties": {
        "timestamp": "2025-08-14T19:49:00Z"
      }
    },
    {
      "type": "Feature",
      "geometry": {
        "type": "Point",
        "coordinates": [
          -0.129128,
          51.503721
        ]
      },
      "properties": {
        "timestamp": "2025-08-14T19:49:01Z"
      }
    },
    {
      "type": "Feature",
      "geometry": {
        "type": "Point",
        "coordinates": [
          -0.129131,
          51.503691
        ]
      },
      "properties": {
        "timestamp": "2025-08-14T19:49:02Z"
      }
    },
    {
      "type": "Feature",
      "geometry": {
        "type": "Point",
        "coordinates": [
          -0.129136,
          51.503661
        ]
      },
      "properties": {
        "timestamp": "2025-08-14T19:49:03Z"
      }
    },
    {
      "type": "Feature",
      "geometry": {
        "type": "Point",
        "coordinates": [
          -0.129143,
          51.503631
        ]
      },
      "properties": {
        "timestamp": "2025-08-14T19:49:04Z"
      }
    },
    {
      "type": "Feature",
      "geometry": {
        "type": "Point",
        "coordinates": [
          -0.129151,
          51.503602
        ]
      },
      "properties": {
        "timestamp": "2025-08-14T19:49:05Z"
      }
    },
    {
      "type": "Feature",
      "geometry": {
        "type": "Point",
        "coordinates": [
          -0.12916,
          51.503573
        ]
      },
      "properties": {
        "timestamp": "2025-08-14T19:49:06Z"
      }
    },
    {
      "type": "Feature",
      "geometry": {
        "type": "Point",
        "coordinates": [
          -0.129171,
          51.503545
        ]
      },
      "properties": {
        "timestamp": "2025-08-14T19:49:07Z"
      }
    },
    {
      "type": "Feature",
      "geometry": {
        "type": "Point",
        "coordinates": [
          -0.129183,
          51.503518
        ]
      },
      "properties": {
        "timestamp": "2025-08-14T19:49:08Z"
      }
    },
    {
      "type": "Feature",
      "geometry": {
        "type": "Point",
        "coordinates": [
          -0.129196,
          51.503491
        ]
      },
      "properties": {
        "timestamp": "2025-08-14T19:49:09Z"
      }
    },
    {
      "type": "Feature",
      "geometry": {
        "type": "Point",
        "coordinates": [
          -0.129211,
          51.503464
        ]
      },
      "properties": {
        "timestamp": "2025-08-14T19:49:10Z"
      }
    },
    {
      "type": "Feature",
      "geometry": {
        "type": "Point",
        "coordinates": [
          -0.129226,
          51.503437
        ]
      },
      "properties": {
        "timestamp": "2025-08-14T19:49:11Z"
      }
    },
    {
      "type": "Feature",
      "geometry": {
        "type": "Point",
        "coordinates": [
          -0.129241,
          51.503411
        ]
      },
      "properties": {
        "timestamp": "2025-08-14T19:49:12Z"
      }
    },
    {
      "type": "Feature",
      "geometry": {
        "type": "Point",
        "coordinates": [
          -0.129257,
          51.503384
        ]
      },
      "properties": {
        "timestamp": "2025-08-14T19:49:13Z"
      }
    },
    {
      "type": "Feature",
      "geometry": {
        "type": "Point",
        "coordinates": [
          -0.129276,
          51.503358
        ]
      },
      "properties": {
        "timestamp": "2025-08-14T19:49:14Z"
      }
    },
    {
      "type": "Feature",
      "geometry": {
        "type": "Point",
        "coordinates": [
          -0.129295,
          51.503332
        ]
      },
      "properties": {
        "timestamp": "2025-08-14T19:49:15Z"
      }
    },
    {
      "type": "Feature",
      "geometry": {
        "type": "Point",
        "coordinates": [
          -0.129316,
          51.503306
        ]
      },
      "properties": {
        "timestamp": "2025-08-14T19:49:16Z"
      }
    },
    {
      "type": "Feature",
      "geometry": {
        "type": "Point",
        "coordinates": [
          -0.129337,
          51.50328
        ]
      },
      "properties": {
        "timestamp": "2025-08-14T19:49:17Z"
      }
    },
    {
      "type": "Feature",
      "geometry": {
        "type": "Point",
        "coordinates": [
          -0.129358,
          51.503255
        ]
      },
      "properties": {
        "timestamp": "2025-08-14T19:49:18Z"
      }
    },
    {
      "type": "Feature",
      "geometry": {
        "type": "Point",
        "coordinates": [
          -0.12938,
          51.503229
        ]
      },
      "properties": {
        "timestamp": "2025-08-14T19:49:19Z"
      }
    },
    {
      "type": "Feature",
      "geometry": {
        "type": "Point",
        "coordinates": [
          -0.129402,
          51.503204
        ]
      },
      "properties": {
        "timestamp": "2025-08-14T19:49:20Z"
      }
    },
    {
      "type": "Feature",
      "geometry": {
        "type": "Point",
        "coordinates": [
          -0.129424,
          51.503179
        ]
      },
      "properties": {
        "timestamp": "2025-08-14T19:49:21Z"
      }
    },
    {
      "type": "Feature",
      "geometry": {
        "type": "Point",
        "coordinates": [
          -0.129446,
          51.503155
        ]
      },
      "properties": {
        "timestamp": "2025-08-14T19:49:22Z"
      }
    },
    {
      "type": "Feature",
      "geometry": {
        "type": "Point",
        "coordinates": [
          -0.129467,
          51.503131
        ]
      },
      "properties": {
        "timestamp": "2025-08-14T19:49:23Z"
      }
    },
    {
      "type": "Feature",
      "geometry": {
        "type": "Point",
        "coordinates": [
          -0.129488,
          51.503107
        ]
      },
      "properties": {
        "timestamp": "2025-08-14T19:49:24Z"
      }
    },
    {
      "type": "Feature",
      "geometry": {
        "type": "Point",
        "coordinates": [
          -0.129509,
          51.503083
        ]
      },
      "properties": {
        "timestamp": "2025-08-14T19:49:25Z"
      }
    },
    {
      "type": "Feature",
      "geometry": {
        "type": "Point",
        "coordinates": [
          -0.129531,
          51.503059
        ]
      },
      "properties": {
        "timestamp": "2025-08-14T19:49:26Z"
      }
    },
    {
      "type": "Feature",
      "geometry": {
        "type": "Point",
        "coordinates": [
          -0.129554,
          51.503033
        ]
      },
      "properties": {
        "timestamp": "2025-08-14T19:49:27Z"
      }
    },
    {
      "type": "Feature",
      "geometry": {
        "type": "Point",
        "coordinates": [
          -0.129577,
          51.503008
        ]
      },
      "properties": {
        "timestamp": "2025-08-14T19:49:28Z"
      }
    },
    {
      "type": "Feature",
      "geometry": {
        "type": "Point",
        "coordinates": [
          -0.129599,
          51.502984
        ]
      },
      "properties": {
        "timestamp": "2025-08-14T19:49:29Z"
      }
    },
    {
      "type": "Feature",
      "geometry": {
        "type": "Point",
        "coordinates": [
          -0.12962,
          51.502959
        ]
      },
      "properties": {
        "timestamp": "2025-08-14T19:49:30Z"
      }
    },
    {
      "type": "Feature",
      "geometry": {
        "type": "Point",
        "coordinates": [
          -0.129638,
          51.502934
        ]
      },
      "properties": {
        "timestamp": "2025-08-14T19:49:31Z"
      }
    },
    {
      "type": "Feature",
      "geometry": {
        "type": "Point",
        "coordinates": [
          -0.129655,
          51.502908
        ]
      },
      "properties": {
        "timestamp": "2025-08-14T19:49:32Z"
      }
    },
    {
      "type": "Feature",
      "geometry": {
        "type": "Point",
        "coordinates": [
          -0.129668,
          51.502882
        ]
      },
      "properties": {
        "timestamp": "2025-08-14T19:49:33Z"
      }
    },
    {
      "type": "Feature",
      "geometry": {
        "type": "Point",
        "coordinates": [
          -0.129678,
          51.502854
        ]
      },
      "properties": {
        "timestamp": "2025-08-14T19:49:34Z"
      }
    },
    {
      "type": "Feature",
      "geometry": {
        "type": "Point",
        "coordinates": [
          -0.129688,
          51.502826
        ]
      },
      "properties": {
        "timestamp": "2025-08-14T19:49:35Z"
      }
    },
    {
      "type": "Feature",
      "geometry": {
        "type": "Point",
        "coordinates": [
          -0.129698,
          51.502798
        ]
      },
      "properties": {
        "timestamp": "2025-08-14T19:49:36Z"
      }
    },
    {
      "type": "Feature",
      "geometry": {
        "type": "Point",
        "coordinates": [
          -0.129719,
          51.502739
        ]
      },
      "properties": {
        "timestamp": "2025-08-14T19:49:37Z"
      }
    },
    {
      "type": "Feature",
      "geometry": {
        "type": "Point",
        "coordinates": [
          -0.129709,
          51.502769
        ]
      },
      "properties": {
        "timestamp": "2025-08-14T19:49:37Z"
      }
    },
    {
      "type": "Feature",
      "geometry": {
        "type": "Point",
        "coordinates": [
          -0.129728,
          51.50271
        ]
      },
      "properties": {
        "timestamp": "2025-08-14T19:49:38Z"
      }
    },
    {
      "type": "Feature",
      "geometry": {
        "type": "Point",
        "coordinates": [
          -0.129736,
          51.502681
        ]
      },
      "properties": {
        "timestamp": "2025-08-14T19:49:39Z"
      }
    },
    {
      "type": "Feature",
      "geometry": {
        "type": "Point",
        "coordinates": [
          -0.129746,
          51.502652
        ]
      },
      "properties": {
        "timestamp": "2025-08-14T19:49:40Z"
      }
    },
    {
      "type": "Feature",
      "geometry": {
        "type": "Point",
        "coordinates": [
          -0.129756,
          51.502623
        ]
      },
      "properties": {
        "timestamp": "2025-08-14T19:49:41Z"
      }
    },
    {
      "type": "Feature",
      "geometry": {
        "type": "Point",
        "coordinates": [
          -0.129767,
          51.502593
        ]
      },
      "properties": {
        "timestamp": "2025-08-14T19:49:42Z"
      }
    },
    {
      "type": "Feature",
      "geometry": {
        "type": "Point",
        "coordinates": [
          -0.129779,
          51.502563
        ]
      },
      "properties": {
        "timestamp": "2025-08-14T19:49:43Z"
      }
    },
    {
      "type": "Feature",
      "geometry": {
        "type": "Point",
        "coordinates": [
          -0.129789,
          51.502533
        ]
      },
      "properties": {
        "timestamp": "2025-08-14T19:49:44Z"
      }
    },
    {
      "type": "Feature",
      "geometry": {
        "type": "Point",
        "coordinates": [
          -0.129797,
          51.502502
        ]
      },
      "properties": {
        "timestamp": "2025-08-14T19:49:45Z"
      }
    },
    {
      "type": "Feature",
      "geometry": {
        "type": "Point",
        "coordinates": [
          -0.129802,
          51.50247
        ]
      },
      "properties": {
        "timestamp": "2025-08-14T19:49:46Z"
      }
    },
    {
      "type": "Feature",
      "geometry": {
        "type": "Point",
        "coordinates": [
          -0.129804,
          51.502439
        ]
      },
      "properties": {
        "timestamp": "2025-08-14T19:49:47Z"
      }
    },
    {
      "type": "Feature",
      "geometry": {
        "type": "Point",
        "coordinates": [
          -0.129805,
          51.502408
        ]
      },
      "properties": {
        "timestamp": "2025-08-14T19:49:48Z"
      }
    },
    {
      "type": "Feature",
      "geometry": {
        "type": "Point",
        "coordinates": [
          -0.129805,
          51.502377
        ]
      },
      "properties": {
        "timestamp": "2025-08-14T19:49:49Z"
      }
    },
    {
      "type": "Feature",
      "geometry": {
        "type": "Point",
        "coordinates": [
          -0.129806,
          51.502347
        ]
      },
      "properties": {
        "timestamp": "2025-08-14T19:49:50Z"
      }
    },
    {
      "type": "Feature",
      "geometry": {
        "type": "Point",
        "coordinates": [
          -0.129806,
          51.502317
        ]
      },
      "properties": {
        "timestamp": "2025-08-14T19:49:51Z"
      }
    },
    {
      "type": "Feature",
      "geometry": {
        "type": "Point",
        "coordinates": [
          -0.129807,
          51.502286
        ]
      },
      "properties": {
        "timestamp": "2025-08-14T19:49:52Z"
      }
    },
    {
      "type": "Feature",
      "geometry": {
        "type": "Point",
        "coordinates": [
          -0.129807,
          51.502256
        ]
      },
      "properties": {
        "timestamp": "2025-08-14T19:49:53Z"
      }
    },
    {
      "type": "Feature",
      "geometry": {
        "type": "Point",
        "coordinates": [
          -0.129809,
          51.502226
        ]
      },
      "properties": {
        "timestamp": "2025-08-14T19:49:54Z"
      }
    },
    {
      "type": "Feature",
      "geometry": {
        "type": "Point",
        "coordinates": [
          -0.129813,
          51.502198
        ]
      },
      "properties": {
        "timestamp": "2025-08-14T19:49:55Z"
      }
    },
    {
      "type": "Feature",
      "geometry": {
        "type": "Point",
        "coordinates": [
          -0.129818,
          51.502169
        ]
      },
      "properties": {
        "timestamp": "2025-08-14T19:49:56Z"
      }
    },
    {
      "type": "Feature",
      "geometry": {
        "type": "Point",
        "coordinates": [
          -0.129824,
          51.50214
        ]
      },
      "properties": {
        "timestamp": "2025-08-14T19:49:57Z"
      }
    },
    {
      "type": "Feature",
      "geometry": {
        "type": "Point",
        "coordinates": [
          -0.129831,
          51.502111
        ]
      },
      "properties": {
        "timestamp": "2025-08-14T19:49:58Z"
      }
    },
    {
      "type": "Feature",
      "geometry": {
        "type": "Point",
        "coordinates": [
          -0.129838,
          51.502082
        ]
      },
      "properties": {
        "timestamp": "2025-08-14T19:49:59Z"
      }
    },
    {
      "type": "Feature",
      "geometry": {
        "type": "Point",
        "coordinates": [
          -0.129845,
          51.502053
        ]
      },
      "properties": {
        "timestamp": "2025-08-14T19:50:00Z"
      }
    },
    {
      "type": "Feature",
      "geometry": {
        "type": "Point",
        "coordinates": [
          -0.129852,
          51.502025
        ]
      },
      "properties": {
        "timestamp": "2025-08-14T19:50:01Z"
      }
    },
    {
      "type": "Feature",
      "geometry": {
        "type": "Point",
        "coordinates": [
          -0.129858,
          51.501997
        ]
      },
      "properties": {
        "timestamp": "2025-08-14T19:50:02Z"
      }
    },
    {
      "type": "Feature",
      "geometry": {
        "type": "Point",
        "coordinates": [
          -0.129865,
          51.501969
        ]
      },
      "properties": {
        "timestamp": "2025-08-14T19:50:03Z"
      }
    },
    {
      "type": "Feature",
      "geometry": {
        "type": "Point",
        "coordinates": [
          -0.129872,
          51.501941
        ]
      },
      "properties": {
        "timestamp": "2025-08-14T19:50:04Z"
      }
    },
    {
      "type": "Feature",
      "geometry": {
        "type": "Point",
        "coordinates": [
          -0.129879,
          51.501914
        ]
      },
      "properties": {
        "timestamp": "2025-08-14T19:50:05Z"
      }
    },
    {
      "type": "Feature",
      "geometry": {
        "type": "Point",
        "coordinates": [
          -0.129885,
          51.501886
        ]
      },
      "properties": {
        "timestamp": "2025-08-14T19:50:06Z"
      }
    },
    {
      "type": "Feature",
      "geometry": {
        "type": "Point",
        "coordinates": [
          -0.129891,
          51.501858
        ]
      },
      "properties": {
        "timestamp": "2025-08-14T19:50:07Z"
      }
    },
    {
      "type": "Feature",
      "geometry": {
        "type": "Point",
        "coordinates": [
          -0.129896,
          51.50183
        ]
      },
      "properties": {
        "timestamp": "2025-08-14T19:50:08Z"
      }
    },
    {
      "type": "Feature",
      "geometry": {
        "type": "Point",
        "coordinates": [
          -0.129901,
          51.501803
        ]
      },
      "properties": {
        "timestamp": "2025-08-14T19:50:09Z"
      }
    },
    {
      "type": "Feature",
      "geometry": {
        "type": "Point",
        "coordinates": [
          -0.129905,
          51.501776
        ]
      },
      "properties": {
        "timestamp": "2025-08-14T19:50:10Z"
      }
    },
    {
      "type": "Feature",
      "geometry": {
        "type": "Point",
        "coordinates": [
          -0.129909,
          51.501749
        ]
      },
      "properties": {
        "timestamp": "2025-08-14T19:50:11Z"
      }
    },
    {
      "type": "Feature",
      "geometry": {
        "type": "Point",
        "coordinates": [
          -0.129913,
          51.501721
        ]
      },
      "properties": {
        "timestamp": "2025-08-14T19:50:12Z"
      }
    },
    {
      "type": "Feature",
      "geometry": {
        "type": "Point",
        "coordinates": [
          -0.129917,
          51.501693
        ]
      },
      "properties": {
        "timestamp": "2025-08-14T19:50:13Z"
      }
    },
    {
      "type": "Feature",
      "geometry": {
        "type": "Point",
        "coordinates": [
          -0.12992,
          51.501665
        ]
      },
      "properties": {
        "timestamp": "2025-08-14T19:50:14Z"
      }
    },
    {
      "type": "Feature",
      "geometry": {
        "type": "Point",
        "coordinates": [
          -0.129922,
          51.501637
        ]
      },
      "properties": {
        "timestamp": "2025-08-14T19:50:15Z"
      }
    },
    {
      "type": "Feature",
      "geometry": {
        "type": "Point",
        "coordinates": [
          -0.129926,
          51.50161
        ]
      },
      "properties": {
        "timestamp": "2025-08-14T19:50:16Z"
      }
    },
    {
      "type": "Feature",
      "geometry": {
        "type": "Point",
        "coordinates": [
          -0.12993,
          51.501584
        ]
      },
      "properties": {
        "timestamp": "2025-08-14T19:50:17Z"
      }
    },
    {
      "type": "Feature",
      "geometry": {
        "type": "Point",
        "coordinates": [
          -0.129935,
          51.501557
        ]
      },
      "properties": {
        "timestamp": "2025-08-14T19:50:18Z"
      }
    },
    {
      "type": "Feature",
      "geometry": {
        "type": "Point",
        "coordinates": [
          -0.129941,
          51.50153
        ]
      },
      "properties": {
        "timestamp": "2025-08-14T19:50:19Z"
      }
    },
    {
      "type": "Feature",
      "geometry": {
        "type": "Point",
        "coordinates": [
          -0.129949,
          51.501501
        ]
      },
      "properties": {
        "timestamp": "2025-08-14T19:50:20Z"
      }
    },
    {
      "type": "Feature",
      "geometry": {
        "type": "Point",
        "coordinates": [
          -0.129958,
          51.501473
        ]
      },
      "properties": {
        "timestamp": "2025-08-14T19:50:21Z"
      }
    },
    {
      "type": "Feature",
      "geometry": {
        "type": "Point",
        "coordinates": [
          -0.129972,
          51.501446
        ]
      },
      "properties": {
        "timestamp": "2025-08-14T19:50:22Z"
      }
    },
    {
      "type": "Feature",
      "geometry": {
        "type": "Point",
        "coordinates": [
          -0.12999,
          51.501421
        ]
      },
      "properties": {
        "timestamp": "2025-08-14T19:50:23Z"
      }
    },
    {
      "type": "Feature",
      "geometry": {
        "type": "Point",
        "coordinates": [
          -0.130016,
          51.501401
        ]
      },
      "properties": {
        "timestamp": "2025-08-14T19:50:24Z"
      }
    },
    {
      "type": "Feature",
      "geometry": {
        "type": "Point",
        "coordinates": [
          -0.130048,
          51.501385
        ]
      },
      "properties": {
        "timestamp": "2025-08-14T19:50:25Z"
      }
    },
    {
      "type": "Feature",
      "geometry": {
        "type": "Point",
        "coordinates": [
          -0.130085,
          51.501375
        ]
      },
      "properties": {
        "timestamp": "2025-08-14T19:50:26Z"
      }
    },
    {
      "type": "Feature",
      "geometry": {
        "type": "Point",
        "coordinates": [
          -0.130124,
          51.501368
        ]
      },
      "properties": {
        "timestamp": "2025-08-14T19:50:27Z"
      }
    },
    {
      "type": "Feature",
      "geometry": {
        "type": "Point",
        "coordinates": [
          -0.130165,
          51.501364
        ]
      },
      "properties": {
        "timestamp": "2025-08-14T19:50:28Z"
      }
    },
    {
      "type": "Feature",
      "geometry": {
        "type": "Point",
        "coordinates": [
          -0.130209,
          51.501361
        ]
      },
      "properties": {
        "timestamp": "2025-08-14T19:50:29Z"
      }
    },
    {
      "type": "Feature",
      "geometry": {
        "type": "Point",
        "coordinates": [
          -0.130255,
          51.501358
        ]
      },
      "properties": {
        "timestamp": "2025-08-14T19:50:30Z"
      }
    },
    {
      "type": "Feature",
      "geometry": {
        "type": "Point",
        "coordinates": [
          -0.130303,
          51.501356
        ]
      },
      "properties": {
        "timestamp": "2025-08-14T19:50:31Z"
      }
    },
    {
      "type": "Feature",
      "geometry": {
        "type": "Point",
        "coordinates": [
          -0.130354,
          51.501355
        ]
      },
      "properties": {
        "timestamp": "2025-08-14T19:50:32Z"
      }
    },
    {
      "type": "Feature",
      "geometry": {
        "type": "Point",
        "coordinates": [
          -0.130405,
          51.501354
        ]
      },
      "properties": {
        "timestamp": "2025-08-14T19:50:33Z"
      }
    },
    {
      "type": "Feature",
      "geometry": {
        "type": "Point",
        "coordinates": [
          -0.130456,
          51.501353
        ]
      },
      "properties": {
        "timestamp": "2025-08-14T19:50:34Z"
      }
    },
    {
      "type": "Feature",
      "geometry": {
        "type": "Point",
        "coordinates": [
          -0.130507,
          51.501353
        ]
      },
      "properties": {
        "timestamp": "2025-08-14T19:50:36Z"
      }
    },
    {
      "type": "Feature",
      "geometry": {
        "type": "Point",
        "coordinates": [
          -0.130558,
          51.501353
        ]
      },
      "properties": {
        "timestamp": "2025-08-14T19:50:37Z"
      }
    },
    {
      "type": "Feature",
      "geometry": {
        "type": "Point",
        "coordinates": [
          -0.130607,
          51.501354
        ]
      },
      "properties": {
        "timestamp": "2025-08-14T19:50:38Z"
      }
    },
    {
      "type": "Feature",
      "geometry": {
        "type": "Point",
        "coordinates": [
          -0.130654,
          51.501356
        ]
      },
      "properties": {
        "timestamp": "2025-08-14T19:50:39Z"
      }
    },
    {
      "type": "Feature",
      "geometry": {
        "type": "Point",
        "coordinates": [
          -0.130698,
          51.501359
        ]
      },
      "properties": {
        "timestamp": "2025-08-14T19:50:40Z"
      }
    },
    {
      "type": "Feature",
      "geometry": {
        "type": "Point",
        "coordinates": [
          -0.130742,
          51.501362
        ]
      },
      "properties": {
        "timestamp": "2025-08-14T19:50:41Z"
      }
    },
    {
      "type": "Feature",
      "geometry": {
        "type": "Point",
        "coordinates": [
          -0.130785,
          51.501364
        ]
      },
      "properties": {
        "timestamp": "2025-08-14T19:50:42Z"
      }
    },
    {
      "type": "Feature",
      "geometry": {
        "type": "Point",
        "coordinates": [
          -0.130828,
          51.501363
        ]
      },
      "properties": {
        "timestamp": "2025-08-14T19:50:43Z"
      }
    },
    {
      "type": "Feature",
      "geometry": {
        "type": "Point",
        "coordinates": [
          -0.130871,
          51.501362
        ]
      },
      "properties": {
        "timestamp": "2025-08-14T19:50:44Z"
      }
    },
    {
      "type": "Feature",
      "geometry": {
        "type": "Point",
        "coordinates": [
          -0.130913,
          51.501361
        ]
      },
      "properties": {
        "timestamp": "2025-08-14T19:50:45Z"
      }
    },
    {
      "type": "Feature",
      "geometry": {
        "type": "Point",
        "coordinates": [
          -0.130958,
          51.501361
        ]
      },
      "properties": {
        "timestamp": "2025-08-14T19:50:46Z"
      }
    },
    {
      "type": "Feature",
      "geometry": {
        "type": "Point",
        "coordinates": [
          -0.131004,
          51.501358
        ]
      },
      "properties": {
        "timestamp": "2025-08-14T19:50:47Z"
      }
    },
    {
      "type": "Feature",
      "geometry": {
        "type": "Point",
        "coordinates": [
          -0.131051,
          51.501354
        ]
      },
      "properties": {
        "timestamp": "2025-08-14T19:50:48Z"
      }
    },
    {
      "type": "Feature",
      "geometry": {
        "type": "Point",
        "coordinates": [
          -0.131097,
          51.501349
        ]
      },
      "properties": {
        "timestamp": "2025-08-14T19:50:49Z"
      }
    },
    {
      "type": "Feature",
      "geometry": {
        "type": "Point",
        "coordinates": [
          -0.131143,
          51.501343
        ]
      },
      "properties": {
        "timestamp": "2025-08-14T19:50:50Z"
      }
    },
    {
      "type": "Feature",
      "geometry": {
        "type": "Point",
        "coordinates": [
          -0.131187,
          51.501338
        ]
      },
      "properties": {
        "timestamp": "2025-08-14T19:50:51Z"
      }
    },
    {
      "type": "Feature",
      "geometry": {
        "type": "Point",
        "coordinates": [
          -0.131231,
          51.501332
        ]
      },
      "properties": {
        "timestamp": "2025-08-14T19:50:52Z"
      }
    },
    {
      "type": "Feature",
      "geometry": {
        "type": "Point",
        "coordinates": [
          -0.131275,
          51.501326
        ]
      },
      "properties": {
        "timestamp": "2025-08-14T19:50:53Z"
      }
    },
    {
      "type": "Feature",
      "geometry": {
        "type": "Point",
        "coordinates": [
          -0.131319,
          51.501321
        ]
      },
      "properties": {
        "timestamp": "2025-08-14T19:50:54Z"
      }
    },
    {
      "type": "Feature",
      "geometry": {
        "type": "Point",
        "coordinates": [
          -0.131363,
          51.501315
        ]
      },
      "properties": {
        "timestamp": "2025-08-14T19:50:55Z"
      }
    },
    {
      "type": "Feature",
      "geometry": {
        "type": "Point",
        "coordinates": [
          -0.131407,
          51.501309
        ]
      },
      "properties": {
        "timestamp": "2025-08-14T19:50:56Z"
      }
    },
    {
      "type": "Feature",
      "geometry": {
        "type": "Point",
        "coordinates": [
          -0.13145,
          51.501304
        ]
      },
      "properties": {
        "timestamp": "2025-08-14T19:50:57Z"
      }
    },
    {
      "type": "Feature",
      "geometry": {
        "type": "Point",
        "coordinates": [
          -0.131495,
          51.501298
        ]
      },
      "properties": {
        "timestamp": "2025-08-14T19:50:58Z"
      }
    },
    {
      "type": "Feature",
      "geometry": {
        "type": "Point",
        "coordinates": [
          -0.13154,
          51.501292
        ]
      },
      "properties": {
        "timestamp": "2025-08-14T19:50:59Z"
      }
    },
    {
      "type": "Feature",
      "geometry": {
        "type": "Point",
        "coordinates": [
          -0.131585,
          51.501287
        ]
      },
      "properties": {
        "timestamp": "2025-08-14T19:51:00Z"
      }
    },
    {
      "type": "Feature",
      "geometry": {
        "type": "Point",
        "coordinates": [
          -0.13163,
          51.501282
        ]
      },
      "properties": {
        "timestamp": "2025-08-14T19:51:01Z"
      }
    },
    {
      "type": "Feature",
      "geometry": {
        "type": "Point",
        "coordinates": [
          -0.131674,
          51.501276
        ]
      },
      "properties": {
        "timestamp": "2025-08-14T19:51:02Z"
      }
    },
    {
      "type": "Feature",
      "geometry": {
        "type": "Point",
        "coordinates": [
          -0.131718,
          51.501271
        ]
      },
      "properties": {
        "timestamp": "2025-08-14T19:51:03Z"
      }
    },
    {
      "type": "Feature",
      "geometry": {
        "type": "Point",
        "coordinates": [
          -0.131763,
          51.501266
        ]
      },
      "properties": {
        "timestamp": "2025-08-14T19:51:04Z"
      }
    },
    {
      "type": "Feature",
      "geometry": {
        "type": "Point",
        "coordinates": [
          -0.131808,
          51.501261
        ]
      },
      "properties": {
        "timestamp": "2025-08-14T19:51:05Z"
      }
    },
    {
      "type": "Feature",
      "geometry": {
        "type": "Point",
        "coordinates": [
          -0.131854,
          51.501256
        ]
      },
      "properties": {
        "timestamp": "2025-08-14T19:51:06Z"
      }
    },
    {
      "type": "Feature",
      "geometry": {
        "type": "Point",
        "coordinates": [
          -0.131901,
          51.501251
        ]
      },
      "properties": {
        "timestamp": "2025-08-14T19:51:07Z"
      }
    },
    {
      "type": "Feature",
      "geometry": {
        "type": "Point",
        "coordinates": [
          -0.131948,
          51.501247
        ]
      },
      "properties": {
        "timestamp": "2025-08-14T19:51:08Z"
      }
    },
    {
      "type": "Feature",
      "geometry": {
        "type": "Point",
        "coordinates": [
          -0.131994,
          51.501243
        ]
      },
      "properties": {
        "timestamp": "2025-08-14T19:51:09Z"
      }
    },
    {
      "type": "Feature",
      "geometry": {
        "type": "Point",
        "coordinates": [
          -0.132039,
          51.501239
        ]
      },
      "properties": {
        "timestamp": "2025-08-14T19:51:10Z"
      }
    },
    {
      "type": "Feature",
      "geometry": {
        "type": "Point",
        "coordinates": [
          -0.132084,
          51.501235
        ]
      },
      "properties": {
        "timestamp": "2025-08-14T19:51:11Z"
      }
    },
    {
      "type": "Feature",
      "geometry": {
        "type": "Point",
        "coordinates": [
          -0.132128,
          51.501232
        ]
      },
      "properties": {
        "timestamp": "2025-08-14T19:51:12Z"
      }
    },
    {
      "type": "Feature",
      "geometry": {
        "type": "Point",
        "coordinates": [
          -0.132172,
          51.501228
        ]
      },
      "properties": {
        "timestamp": "2025-08-14T19:51:13Z"
      }
    },
    {
      "type": "Feature",
      "geometry": {
        "type": "Point",
        "coordinates": [
          -0.132217,
          51.501223
        ]
      },
      "properties": {
        "timestamp": "2025-08-14T19:51:14Z"
      }
    },
    {
      "type": "Feature",
      "geometry": {
        "type": "Point",
        "coordinates": [
          -0.132262,
          51.501219
        ]
      },
      "properties": {
        "timestamp": "2025-08-14T19:51:15Z"
      }
    },
    {
      "type": "Feature",
      "geometry": {
        "type": "Point",
        "coordinates": [
          -0.132307,
          51.501214
        ]
      },
      "properties": {
        "timestamp": "2025-08-14T19:51:16Z"
      }
    },
    {
      "type": "Feature",
      "geometry": {
        "type": "Point",
        "coordinates": [
          -0.132352,
          51.501208
        ]
      },
      "properties": {
        "timestamp": "2025-08-14T19:51:17Z"
      }
    },
    {
      "type": "Feature",
      "geometry": {
        "type": "Point",
        "coordinates": [
          -0.132396,
          51.501203
        ]
      },
      "properties": {
        "timestamp": "2025-08-14T19:51:18Z"
      }
    },
    {
      "type": "Feature",
      "geometry": {
        "type": "Point",
        "coordinates": [
          -0.132441,
          51.501197
        ]
      },
      "properties": {
        "timestamp": "2025-08-14T19:51:19Z"
      }
    },
    {
      "type": "Feature",
      "geometry": {
        "type": "Point",
        "coordinates": [
          -0.132486,
          51.501191
        ]
      },
      "properties": {
        "timestamp": "2025-08-14T19:51:20Z"
      }
    },
    {
      "type": "Feature",
      "geometry": {
        "type": "Point",
        "coordinates": [
          -0.132531,
          51.501185
        ]
      },
      "properties": {
        "timestamp": "2025-08-14T19:51:21Z"
      }
    },
    {
      "type": "Feature",
      "geometry": {
        "type": "Point",
        "coordinates": [
          -0.132578,
          51.50118
        ]
      },
      "properties": {
        "timestamp": "2025-08-14T19:51:22Z"
      }
    },
    {
      "type": "Feature",
      "geometry": {
        "type": "Point",
        "coordinates": [
          -0.132626,
          51.501175
        ]
      },
      "properties": {
        "timestamp": "2025-08-14T19:51:23Z"
      }
    },
    {
      "type": "Feature",
      "geometry": {
        "type": "Point",
        "coordinates": [
          -0.132674,
          51.50117
        ]
      },
      "properties": {
        "timestamp": "2025-08-14T19:51:24Z"
      }
    },
    {
      "type": "Feature",
      "geometry": {
        "type": "Point",
        "coordinates": [
          -0.132721,
          51.501166
        ]
      },
      "properties": {
        "timestamp": "2025-08-14T19:51:25Z"
      }
    },
    {
      "type": "Feature",
      "geometry": {
        "type": "Point",
        "coordinates": [
          -0.132767,
          51.501161
        ]
      },
      "properties": {
        "timestamp": "2025-08-14T19:51:26Z"
      }
    },
    {
      "type": "Feature",
      "geometry": {
        "type": "Point",
        "coordinates": [
          -0.132813,
          51.501157
        ]
      },
      "properties": {
        "timestamp": "2025-08-14T19:51:27Z"
      }
    },
    {
      "type": "Feature",
      "geometry": {
        "type": "Point",
        "coordinates": [
          -0.132857,
          51.501154
        ]
      },
      "properties": {
        "timestamp": "2025-08-14T19:51:28Z"
      }
    },
    {
      "type": "Feature",
      "geometry": {
        "type": "Point",
        "coordinates": [
          -0.132897,
          51.501153
        ]
      },
      "properties": {
        "timestamp": "2025-08-14T19:51:29Z"
      }
    },
    {
      "type": "Feature",
      "geometry": {
        "type": "Point",
        "coordinates": [
          -0.132936,
          51.501152
        ]
      },
      "properties": {
        "timestamp": "2025-08-14T19:51:30Z"
      }
    },
    {
      "type": "Feature",
      "geometry": {
        "type": "Point",
        "coordinates": [
          -0.132974,
          51.501149
        ]
      },
      "properties": {
        "timestamp": "2025-08-14T19:51:31Z"
      }
    },
    {
      "type": "Feature",
      "geometry": {
        "type": "Point",
        "coordinates": [
          -0.133013,
          51.501144
        ]
      },
      "properties": {
        "timestamp": "2025-08-14T19:51:32Z"
      }
    },
    {
      "type": "Feature",
      "geometry": {
        "type": "Point",
        "coordinates": [
          -0.133053,
          51.501139
        ]
      },
      "properties": {
        "timestamp": "2025-08-14T19:51:33Z"
      }
    },
    {
      "type": "Feature",
      "geometry": {
        "type": "Point",
        "coordinates": [
          -0.133094,
          51.501133
        ]
      },
      "properties": {
        "timestamp": "2025-08-14T19:51:34Z"
      }
    },
    {
      "type": "Feature",
      "geometry": {
        "type": "Point",
        "coordinates": [
          -0.133136,
          51.501128
        ]
      },
      "properties": {
        "timestamp": "2025-08-14T19:51:35Z"
      }
    },
    {
      "type": "Feature",
      "geometry": {
        "type": "Point",
        "coordinates": [
          -0.133181,
          51.501124
        ]
      },
      "properties": {
        "timestamp": "2025-08-14T19:51:35Z"
      }
    },
    {
      "type": "Feature",
      "geometry": {
        "type": "Point",
        "coordinates": [
          -0.133227,
          51.501121
        ]
      },
      "properties": {
        "timestamp": "2025-08-14T19:51:36Z"
      }
    },
    {
      "type": "Feature",
      "geometry": {
        "type": "Point",
        "coordinates": [
          -0.133274,
          51.501119
        ]
      },
      "properties": {
        "timestamp": "2025-08-14T19:51:37Z"
      }
    },
    {
      "type": "Feature",
      "geometry": {
        "type": "Point",
        "coordinates": [
          -0.13332,
          51.501118
        ]
      },
      "properties": {
        "timestamp": "2025-08-14T19:51:38Z"
      }
    },
    {
      "type": "Feature",
      "geometry": {
        "type": "Point",
        "coordinates": [
          -0.133365,
          51.501117
        ]
      },
      "properties": {
        "timestamp": "2025-08-14T19:51:39Z"
      }
    },
    {
      "type": "Feature",
      "geometry": {
        "type": "Point",
        "coordinates": [
          -0.13341,
          51.501114
        ]
      },
      "properties": {
        "timestamp": "2025-08-14T19:51:40Z"
      }
    },
    {
      "type": "Feature",
      "geometry": {
        "type": "Point",
        "coordinates": [
          -0.133454,
          51.501109
        ]
      },
      "properties": {
        "timestamp": "2025-08-14T19:51:41Z"
      }
    },
    {
      "type": "Feature",
      "geometry": {
        "type": "Point",
        "coordinates": [
          -0.133498,
          51.501102
        ]
      },
      "properties": {
        "timestamp": "2025-08-14T19:51:42Z"
      }
    },
    {
      "type": "Feature",
      "geometry": {
        "type": "Point",
        "coordinates": [
          -0.133543,
          51.501094
        ]
      },
      "properties": {
        "timestamp": "2025-08-14T19:51:43Z"
      }
    },
    {
      "type": "Feature",
      "geometry": {
        "type": "Point",
        "coordinates": [
          -0.133587,
          51.501084
        ]
      },
      "properties": {
        "timestamp": "2025-08-14T19:51:44Z"
      }
    },
    {
      "type": "Feature",
      "geometry": {
        "type": "Point",
        "coordinates": [
          -0.133633,
          51.501074
        ]
      },
      "properties": {
        "timestamp": "2025-08-14T19:51:45Z"
      }
    },
    {
      "type": "Feature",
      "geometry": {
        "type": "Point",
        "coordinates": [
          -0.133681,
          51.501065
        ]
      },
      "properties": {
        "timestamp": "2025-08-14T19:51:46Z"
      }
    },
    {
      "type": "Feature",
      "geometry": {
        "type": "Point",
        "coordinates": [
          -0.133731,
          51.501056
        ]
      },
      "properties": {
        "timestamp": "2025-08-14T19:51:47Z"
      }
    },
    {
      "type": "Feature",
      "geometry": {
        "type": "Point",
        "coordinates": [
          -0.133782,
          51.501049
        ]
      },
      "properties": {
        "timestamp": "2025-08-14T19:51:48Z"
      }
    },
    {
      "type": "Feature",
      "geometry": {
        "type": "Point",
        "coordinates": [
          -0.133831,
          51.501043
        ]
      },
      "properties": {
        "timestamp": "2025-08-14T19:51:49Z"
      }
    },
    {
      "type": "Feature",
      "geometry": {
        "type": "Point",
        "coordinates": [
          -0.133877,
          51.501038
        ]
      },
      "properties": {
        "timestamp": "2025-08-14T19:51:50Z"
      }
    },
    {
      "type": "Feature",
      "geometry": {
        "type": "Point",
        "coordinates": [
          -0.13392,
          51.501034
        ]
      },
      "properties": {
        "timestamp": "2025-08-14T19:51:51Z"
      }
    },
    {
      "type": "Feature",
      "geometry": {
        "type": "Point",
        "coordinates": [
          -0.133964,
          51.50103
        ]
      },
      "properties": {
        "timestamp": "2025-08-14T19:51:52Z"
      }
    },
    {
      "type": "Feature",
      "geometry": {
        "type": "Point",
        "coordinates": [
          -0.134009,
          51.501025
        ]
      },
      "properties": {
        "timestamp": "2025-08-14T19:51:53Z"
      }
    },
    {
      "type": "Feature",
      "geometry": {
        "type": "Point",
        "coordinates": [
          -0.134054,
          51.501021
        ]
      },
      "properties": {
        "timestamp": "2025-08-14T19:51:54Z"
      }
    },
    {
      "type": "Feature",
      "geometry": {
        "type": "Point",
        "coordinates": [
          -0.134099,
          51.501017
        ]
      },
      "properties": {
        "timestamp": "2025-08-14T19:51:55Z"
      }
    },
    {
      "type": "Feature",
      "geometry": {
        "type": "Point",
        "coordinates": [
          -0.134143,
          51.501013
        ]
      },
      "properties": {
        "timestamp": "2025-08-14T19:51:56Z"
      }
    },
    {
      "type": "Feature",
      "geometry": {
        "type": "Point",
        "coordinates": [
          -0.134186,
          51.501009
        ]
      },
      "properties": {
        "timestamp": "2025-08-14T19:51:57Z"
      }
    },
    {
      "type": "Feature",
      "geometry": {
        "type": "Point",
        "coordinates": [
          -0.13423,
          51.501004
        ]
      },
      "properties": {
        "timestamp": "2025-08-14T19:51:58Z"
      }
    },
    {
      "type": "Feature",
      "geometry": {
        "type": "Point",
        "coordinates": [
          -0.134276,
          51.500999
        ]
      },
      "properties": {
        "timestamp": "2025-08-14T19:51:59Z"
      }
    },
    {
      "type": "Feature",
      "geometry": {
        "type": "Point",
        "coordinates": [
          -0.134324,
          51.500993
        ]
      },
      "properties": {
        "timestamp": "2025-08-14T19:52:00Z"
      }
    },
    {
      "type": "Feature",
      "geometry": {
        "type": "Point",
        "coordinates": [
          -0.134373,
          51.500987
        ]
      },
      "properties": {
        "timestamp": "2025-08-14T19:52:01Z"
      }
    },
    {
      "type": "Feature",
      "geometry": {
        "type": "Point",
        "coordinates": [
          -0.134424,
          51.50098
        ]
      },
      "properties": {
        "timestamp": "2025-08-14T19:52:02Z"
      }
    },
    {
      "type": "Feature",
      "geometry": {
        "type": "Point",
        "coordinates": [
          -0.134477,
          51.500974
        ]
      },
      "properties": {
        "timestamp": "2025-08-14T19:52:03Z"
      }
    },
    {
      "type": "Feature",
      "geometry": {
        "type": "Point",
        "coordinates": [
          -0.134529,
          51.500968
        ]
      },
      "properties": {
        "timestamp": "2025-08-14T19:52:04Z"
      }
    },
    {
      "type": "Feature",
      "geometry": {
        "type": "Point",
        "coordinates": [
          -0.13458,
          51.500962
        ]
      },
      "properties": {
        "timestamp": "2025-08-14T19:52:05Z"
      }
    },
    {
      "type": "Feature",
      "geometry": {
        "type": "Point",
        "coordinates": [
          -0.134629,
          51.500957
        ]
      },
      "properties": {
        "timestamp": "2025-08-14T19:52:06Z"
      }
    },
    {
      "type": "Feature",
      "geometry": {
        "type": "Point",
        "coordinates": [
          -0.134678,
          51.500952
        ]
      },
      "properties": {
        "timestamp": "2025-08-14T19:52:07Z"
      }
    },
    {
      "type": "Feature",
      "geometry": {
        "type": "Point",
        "coordinates": [
          -0.134724,
          51.500948
        ]
      },
      "properties": {
        "timestamp": "2025-08-14T19:52:08Z"
      }
    },
    {
      "type": "Feature",
      "geometry": {
        "type": "Point",
        "coordinates": [
          -0.134768,
          51.500944
        ]
      },
      "properties": {
        "timestamp": "2025-08-14T19:52:09Z"
      }
    },
    {
      "type": "Feature",
      "geometry": {
        "type": "Point",
        "coordinates": [
          -0.134811,
          51.500939
        ]
      },
      "properties": {
        "timestamp": "2025-08-14T19:52:10Z"
      }
    },
    {
      "type": "Feature",
      "geometry": {
        "type": "Point",
        "coordinates": [
          -0.134854,
          51.500935
        ]
      },
      "properties": {
        "timestamp": "2025-08-14T19:52:11Z"
      }
    },
    {
      "type": "Feature",
      "geometry": {
        "type": "Point",
        "coordinates": [
          -0.134897,
          51.500929
        ]
      },
      "properties": {
        "timestamp": "2025-08-14T19:52:12Z"
      }
    },
    {
      "type": "Feature",
      "geometry": {
        "type": "Point",
        "coordinates": [
          -0.13494,
          51.500923
        ]
      },
      "properties": {
        "timestamp": "2025-08-14T19:52:13Z"
      }
    },
    {
      "type": "Feature",
      "geometry": {
        "type": "Point",
        "coordinates": [
          -0.134984,
          51.500918
        ]
      },
      "properties": {
        "timestamp": "2025-08-14T19:52:14Z"
      }
    },
    {
      "type": "Feature",
      "geometry": {
        "type": "Point",
        "coordinates": [
          -0.135029,
          51.500912
        ]
      },
      "properties": {
        "timestamp": "2025-08-14T19:52:15Z"
      }
    },
    {
      "type": "Feature",
      "geometry": {
        "type": "Point",
        "coordinates": [
          -0.135073,
          51.500907
        ]
      },
      "properties": {
        "timestamp": "2025-08-14T19:52:16Z"
      }
    },
    {
      "type": "Feature",
      "geometry": {
        "type": "Point",
        "coordinates": [
          -0.135116,
          51.500902
        ]
      },
      "properties": {
        "timestamp": "2025-08-14T19:52:17Z"
      }
    },
    {
      "type": "Feature",
      "geometry": {
        "type": "Point",
        "coordinates": [
          -0.135159,
          51.500898
        ]
      },
      "properties": {
        "timestamp": "2025-08-14T19:52:18Z"
      }
    },
    {
      "type": "Feature",
      "geometry": {
        "type": "Point",
        "coordinates": [
          -0.135203,
          51.500894
        ]
      },
      "properties": {
        "timestamp": "2025-08-14T19:52:19Z"
      }
    },
    {
      "type": "Feature",
      "geometry": {
        "type": "Point",
        "coordinates": [
          -0.135248,
          51.50089
        ]
      },
      "properties": {
        "timestamp": "2025-08-14T19:52:20Z"
      }
    },
    {
      "type": "Feature",
      "geometry": {
        "type": "Point",
        "coordinates": [
          -0.135292,
          51.500886
        ]
      },
      "properties": {
        "timestamp": "2025-08-14T19:52:21Z"
      }
    },
    {
      "type": "Feature",
      "geometry": {
        "type": "Point",
        "coordinates": [
          -0.135337,
          51.500881
        ]
      },
      "properties": {
        "timestamp": "2025-08-14T19:52:22Z"
      }
    },
    {
      "type": "Feature",
      "geometry": {
        "type": "Point",
        "coordinates": [
          -0.135381,
          51.500877
        ]
      },
      "properties": {
        "timestamp": "2025-08-14T19:52:23Z"
      }
    },
    {
      "type": "Feature",
      "geometry": {
        "type": "Point",
        "coordinates": [
          -0.135427,
          51.500874
        ]
      },
      "properties": {
        "timestamp": "2025-08-14T19:52:24Z"
      }
    },
    {
      "type": "Feature",
      "geometry": {
        "type": "Point",
        "coordinates": [
          -0.135472,
          51.50087
        ]
      },
      "properties": {
        "timestamp": "2025-08-14T19:52:25Z"
      }
    },
    {
      "type": "Feature",
      "geometry": {
        "type": "Point",
        "coordinates": [
          -0.135516,
          51.500866
        ]
      },
      "properties": {
        "timestamp": "2025-08-14T19:52:26Z"
      }
    },
    {
      "type": "Feature",
      "geometry": {
        "type": "Point",
        "coordinates": [
          -0.135559,
          51.50086
        ]
      },
      "properties": {
        "timestamp": "2025-08-14T19:52:27Z"
      }
    },
    {
      "type": "Feature",
      "geometry": {
        "type": "Point",
        "coordinates": [
          -0.135599,
          51.500856
        ]
      },
      "properties": {
        "timestamp": "2025-08-14T19:52:28Z"
      }
    },
    {
      "type": "Feature",
      "geometry": {
        "type": "Point",
        "coordinates": [
          -0.135639,
          51.500852
        ]
      },
      "properties": {
        "timestamp": "2025-08-14T19:52:29Z"
      }
    },
    {
      "type": "Feature",
      "geometry": {
        "type": "Point",
        "coordinates": [
          -0.13568,
          51.500848
        ]
      },
      "properties": {
        "timestamp": "2025-08-14T19:52:30Z"
      }
    },
    {
      "type": "Feature",
      "geometry": {
        "type": "Point",
        "coordinates": [
          -0.135722,
          51.500843
        ]
      },
      "properties": {
        "timestamp": "2025-08-14T19:52:31Z"
      }
    },
    {
      "type": "Feature",
      "geometry": {
        "type": "Point",
        "coordinates": [
          -0.135765,
          51.500837
        ]
      },
      "properties": {
        "timestamp": "2025-08-14T19:52:32Z"
      }
    },
    {
      "type": "Feature",
      "geometry": {
        "type": "Point",
        "coordinates": [
          -0.135809,
          51.500831
        ]
      },
      "properties": {
        "timestamp": "2025-08-14T19:52:33Z"
      }
    },
    {
      "type": "Feature",
      "geometry": {
        "type": "Point",
        "coordinates": [
          -0.135852,
          51.500825
        ]
      },
      "properties": {
        "timestamp": "2025-08-14T19:52:34Z"
      }
    },
    {
      "type": "Feature",
      "geometry": {
        "type": "Point",
        "coordinates": [
          -0.135895,
          51.50082
        ]
      },
      "properties": {
        "timestamp": "2025-08-14T19:52:35Z"
      }
    },
    {
      "type": "Feature",
      "geometry": {
        "type": "Point",
        "coordinates": [
          -0.135939,
          51.500813
        ]
      },
      "properties": {
        "timestamp": "2025-08-14T19:52:36Z"
      }
    },
    {
      "type": "Feature",
      "geometry": {
        "type": "Point",
        "coordinates": [
          -0.135983,
          51.500807
        ]
      },
      "properties": {
        "timestamp": "2025-08-14T19:52:37Z"
      }
    },
    {
      "type": "Feature",
      "geometry": {
        "type": "Point",
        "coordinates": [
          -0.136027,
          51.500801
        ]
      },
      "properties": {
        "timestamp": "2025-08-14T19:52:38Z"
      }
    },
    {
      "type": "Feature",
      "geometry": {
        "type": "Point",
        "coordinates": [
          -0.136071,
          51.500795
        ]
      },
      "properties": {
        "timestamp": "2025-08-14T19:52:39Z"
      }
    },
    {
      "type": "Feature",
      "geometry": {
        "type": "Point",
        "coordinates": [
          -0.136117,
          51.50079
        ]
      },
      "properties": {
        "timestamp": "2025-08-14T19:52:40Z"
      }
    },
    {
      "type": "Feature",
      "geometry": {
        "type": "Point",
        "coordinates": [
          -0.136165,
          51.500786
        ]
      },
      "properties": {
        "timestamp": "2025-08-14T19:52:42Z"
      }
    },
    {
      "type": "Feature",
      "geometry": {
        "type": "Point",
        "coordinates": [
          -0.136213,
          51.500783
        ]
      },
      "properties": {
        "timestamp": "2025-08-14T19:52:43Z"
      }
    },
    {
      "type": "Feature",
      "geometry": {
        "type": "Point",
        "coordinates": [
          -0.13626,
          51.500779
        ]
      },
      "properties": {
        "timestamp": "2025-08-14T19:52:44Z"
      }
    },
    {
      "type": "Feature",
      "geometry": {
        "type": "Point",
        "coordinates": [
          -0.136306,
          51.500776
        ]
      },
      "properties": {
        "timestamp": "2025-08-14T19:52:45Z"
      }
    },
    {
      "type": "Feature",
      "geometry": {
        "type": "Point",
        "coordinates": [
          -0.136353,
          51.500772
        ]
      },
      "properties": {
        "timestamp": "2025-08-14T19:52:46Z"
      }
    },
    {
      "type": "Feature",
      "geometry": {
        "type": "Point",
        "coordinates": [
          -0.1364,
          51.500767
        ]
      },
      "properties": {
        "timestamp": "2025-08-14T19:52:47Z"
      }
    },
    {
      "type": "Feature",
      "geometry": {
        "type": "Point",
        "coordinates": [
          -0.136448,
          51.500763
        ]
      },
      "properties": {
        "timestamp": "2025-08-14T19:52:48Z"
      }
    },
    {
      "type": "Feature",
      "geometry": {
        "type": "Point",
        "coordinates": [
          -0.136495,
          51.500758
        ]
      },
      "properties": {
        "timestamp": "2025-08-14T19:52:49Z"
      }
    },
    {
      "type": "Feature",
      "geometry": {
        "type": "Point",
        "coordinates": [
          -0.136541,
          51.500753
        ]
      },
      "properties": {
        "timestamp": "2025-08-14T19:52:50Z"
      }
    },
    {
      "type": "Feature",
      "geometry": {
        "type": "Point",
        "coordinates": [
          -0.136586,
          51.500748
        ]
      },
      "properties": {
        "timestamp": "2025-08-14T19:52:51Z"
      }
    },
    {
      "type": "Feature",
      "geometry": {
        "type": "Point",
        "coordinates": [
          -0.136631,
          51.500744
        ]
      },
      "properties": {
        "timestamp": "2025-08-14T19:52:52Z"
      }
    },
    {
      "type": "Feature",
      "geometry": {
        "type": "Point",
        "coordinates": [
          -0.136676,
          51.500741
        ]
      },
      "properties": {
        "timestamp": "2025-08-14T19:52:53Z"
      }
    },
    {
      "type": "Feature",
      "geometry": {
        "type": "Point",
        "coordinates": [
          -0.136722,
          51.500737
        ]
      },
      "properties": {
        "timestamp": "2025-08-14T19:52:54Z"
      }
    },
    {
      "type": "Feature",
      "geometry": {
        "type": "Point",
        "coordinates": [
          -0.136767,
          51.500734
        ]
      },
      "properties": {
        "timestamp": "2025-08-14T19:52:55Z"
      }
    },
    {
      "type": "Feature",
      "geometry": {
        "type": "Point",
        "coordinates": [
          -0.136812,
          51.500729
        ]
      },
      "properties": {
        "timestamp": "2025-08-14T19:52:56Z"
      }
    },
    {
      "type": "Feature",
      "geometry": {
        "type": "Point",
        "coordinates": [
          -0.136856,
          51.500723
        ]
      },
      "properties": {
        "timestamp": "2025-08-14T19:52:57Z"
      }
    },
    {
      "type": "Feature",
      "geometry": {
        "type": "Point",
        "coordinates": [
          -0.1369,
          51.500718
        ]
      },
      "properties": {
        "timestamp": "2025-08-14T19:52:58Z"
      }
    },
    {
      "type": "Feature",
      "geometry": {
        "type": "Point",
        "coordinates": [
          -0.136943,
          51.500713
        ]
      },
      "properties": {
        "timestamp": "2025-08-14T19:52:59Z"
      }
    },
    {
      "type": "Feature",
      "geometry": {
        "type": "Point",
        "coordinates": [
          -0.136987,
          51.500709
        ]
      },
      "properties": {
        "timestamp": "2025-08-14T19:53:00Z"
      }
    },
    {
      "type": "Feature",
      "geometry": {
        "type": "Point",
        "coordinates": [
          -0.137031,
          51.500704
        ]
      },
      "properties": {
        "timestamp": "2025-08-14T19:53:01Z"
      }
    },
    {
      "type": "Feature",
      "geometry": {
        "type": "Point",
        "coordinates": [
          -0.137073,
          51.5007
        ]
      },
      "properties": {
        "timestamp": "2025-08-14T19:53:02Z"
      }
    },
    {
      "type": "Feature",
      "geometry": {
        "type": "Point",
        "coordinates": [
          -0.137116,
          51.500696
        ]
      },
      "properties": {
        "timestamp": "2025-08-14T19:53:03Z"
      }
    },
    {
      "type": "Feature",
      "geometry": {
        "type": "Point",
        "coordinates": [
          -0.137158,
          51.500693
        ]
      },
      "properties": {
        "timestamp": "2025-08-14T19:53:04Z"
      }
    },
    {
      "type": "Feature",
      "geometry": {
        "type": "Point",
        "coordinates": [
          -0.137202,
          51.50069
        ]
      },
      "properties": {
        "timestamp": "2025-08-14T19:53:05Z"
      }
    },
    {
      "type": "Feature",
      "geometry": {
        "type": "Point",
        "coordinates": [
          -0.137246,
          51.500686
        ]
      },
      "properties": {
        "timestamp": "2025-08-14T19:53:06Z"
      }
    },
    {
      "type": "Feature",
      "geometry": {
        "type": "Point",
        "coordinates": [
          -0.137289,
          51.500683
        ]
      },
      "properties": {
        "timestamp": "2025-08-14T19:53:07Z"
      }
    },
    {
      "type": "Feature",
      "geometry": {
        "type": "Point",
        "coordinates": [
          -0.137334,
          51.500679
        ]
      },
      "properties": {
        "timestamp": "2025-08-14T19:53:08Z"
      }
    },
    {
      "type": "Feature",
      "geometry": {
        "type": "Point",
        "coordinates": [
          -0.137378,
          51.500674
        ]
      },
      "properties": {
        "timestamp": "2025-08-14T19:53:09Z"
      }
    },
    {
      "type": "Feature",
      "geometry": {
        "type": "Point",
        "coordinates": [
          -0.137423,
          51.500668
        ]
      },
      "properties": {
        "timestamp": "2025-08-14T19:53:10Z"
      }
    },
    {
      "type": "Feature",
      "geometry": {
        "type": "Point",
        "coordinates": [
          -0.137468,
          51.500663
        ]
      },
      "properties": {
        "timestamp": "2025-08-14T19:53:11Z"
      }
    },
    {
      "type": "Feature",
      "geometry": {
        "type": "Point",
        "coordinates": [
          -0.137512,
          51.500657
        ]
      },
      "properties": {
        "timestamp": "2025-08-14T19:53:12Z"
      }
    },
    {
      "type": "Feature",
      "geometry": {
        "type": "Point",
        "coordinates": [
          -0.137557,
          51.500652
        ]
      },
      "properties": {
        "timestamp": "2025-08-14T19:53:13Z"
      }
    },
    {
      "type": "Feature",
      "geometry": {
        "type": "Point",
        "coordinates": [
          -0.137602,
          51.500648
        ]
      },
      "properties": {
        "timestamp": "2025-08-14T19:53:14Z"
      }
    },
    {
      "type": "Feature",
      "geometry": {
        "type": "Point",
        "coordinates": [
          -0.137647,
          51.500643
        ]
      },
      "properties": {
        "timestamp": "2025-08-14T19:53:15Z"
      }
    },
    {
      "type": "Feature",
      "geometry": {
        "type": "Point",
        "coordinates": [
          -0.137693,
          51.500639
        ]
      },
      "properties": {
        "timestamp": "2025-08-14T19:53:16Z"
      }
    },
    {
      "type": "Feature",
      "geometry": {
        "type": "Point",
        "coordinates": [
          -0.137737,
          51.500634
        ]
      },
      "properties": {
        "timestamp": "2025-08-14T19:53:17Z"
      }
    },
    {
      "type": "Feature",
      "geometry": {
        "type": "Point",
        "coordinates": [
          -0.137781,
          51.500629
        ]
      },
      "properties": {
        "timestamp": "2025-08-14T19:53:18Z"
      }
    },
    {
      "type": "Feature",
      "geometry": {
        "type": "Point",
        "coordinates": [
          -0.137826,
          51.500624
        ]
      },
      "properties": {
        "timestamp": "2025-08-14T19:53:19Z"
      }
    },
    {
      "type": "Feature",
      "geometry": {
        "type": "Point",
        "coordinates": [
          -0.137871,
          51.500619
        ]
      },
      "properties": {
        "timestamp": "2025-08-14T19:53:20Z"
      }
    },
    {
      "type": "Feature",
      "geometry": {
        "type": "Point",
        "coordinates": [
          -0.137917,
          51.500615
        ]
      },
      "properties": {
        "timestamp": "2025-08-14T19:53:21Z"
      }
    },
    {
      "type": "Feature",
      "geometry": {
        "type": "Point",
        "coordinates": [
          -0.137961,
          51.500612
        ]
      },
      "properties": {
        "timestamp": "2025-08-14T19:53:22Z"
      }
    },
    {
      "type": "Feature",
      "geometry": {
        "type": "Point",
        "coordinates": [
          -0.138004,
          51.500607
        ]
      },
      "properties": {
        "timestamp": "2025-08-14T19:53:23Z"
      }
    },
    {
      "type": "Feature",
      "geometry": {
        "type": "Point",
        "coordinates": [
          -0.138046,
          51.500602
        ]
      },
      "properties": {
        "timestamp": "2025-08-14T19:53:24Z"
      }
    },
    {
      "type": "Feature",
      "geometry": {
        "type": "Point",
        "coordinates": [
          -0.138089,
          51.500597
        ]
      },
      "properties": {
        "timestamp": "2025-08-14T19:53:25Z"
      }
    },
    {
      "type": "Feature",
      "geometry": {
        "type": "Point",
        "coordinates": [
          -0.138133,
          51.500592
        ]
      },
      "properties": {
        "timestamp": "2025-08-14T19:53:26Z"
      }
    },
    {
      "type": "Feature",
      "geometry": {
        "type": "Point",
        "coordinates": [
          -0.138178,
          51.500588
        ]
      },
      "properties": {
        "timestamp": "2025-08-14T19:53:27Z"
      }
    },
    {
      "type": "Feature",
      "geometry": {
        "type": "Point",
        "coordinates": [
          -0.138222,
          51.500585
        ]
      },
      "properties": {
        "timestamp": "2025-08-14T19:53:28Z"
      }
    },
    {
      "type": "Feature",
      "geometry": {
        "type": "Point",
        "coordinates": [
          -0.138266,
          51.500582
        ]
      },
      "properties": {
        "timestamp": "2025-08-14T19:53:29Z"
      }
    },
    {
      "type": "Feature",
      "geometry": {
        "type": "Point",
        "coordinates": [
          -0.138309,
          51.500579
        ]
      },
      "properties": {
        "timestamp": "2025-08-14T19:53:30Z"
      }
    },
    {
      "type": "Feature",
      "geometry": {
        "type": "Point",
        "coordinates": [
          -0.138353,
          51.500577
        ]
      },
      "properties": {
        "timestamp": "2025-08-14T19:53:31Z"
      }
    },
    {
      "type": "Feature",
      "geometry": {
        "type": "Point",
        "coordinates": [
          -0.138395,
          51.500575
        ]
      },
      "properties": {
        "timestamp": "2025-08-14T19:53:32Z"
      }
    },
    {
      "type": "Feature",
      "geometry": {
        "type": "Point",
        "coordinates": [
          -0.138439,
          51.500573
        ]
      },
      "properties": {
        "timestamp": "2025-08-14T19:53:33Z"
      }
    },
    {
      "type": "Feature",
      "geometry": {
        "type": "Point",
        "coordinates": [
          -0.138484,
          51.50057
        ]
      },
      "properties": {
        "timestamp": "2025-08-14T19:53:34Z"
      }
    },
    {
      "type": "Feature",
      "geometry": {
        "type": "Point",
        "coordinates": [
          -0.13853,
          51.500566
        ]
      },
      "properties": {
        "timestamp": "2025-08-14T19:53:35Z"
      }
    },
    {
      "type": "Feature",
      "geometry": {
        "type": "Point",
        "coordinates": [
          -0.138576,
          51.500562
        ]
      },
      "properties": {
        "timestamp": "2025-08-14T19:53:36Z"
      }
    },
    {
      "type": "Feature",
      "geometry": {
        "type": "Point",
        "coordinates": [
          -0.138623,
          51.500556
        ]
      },
      "properties": {
        "timestamp": "2025-08-14T19:53:37Z"
      }
    },
    {
      "type": "Feature",
      "geometry": {
        "type": "Point",
        "coordinates": [
          -0.13867,
          51.500549
        ]
      },
      "properties": {
        "timestamp": "2025-08-14T19:53:38Z"
      }
    },
    {
      "type": "Feature",
      "geometry": {
        "type": "Point",
        "coordinates": [
          -0.138717,
          51.500541
        ]
      },
      "properties": {
        "timestamp": "2025-08-14T19:53:39Z"
      }
    },
    {
      "type": "Feature",
      "geometry": {
        "type": "Point",
        "coordinates": [
          -0.138763,
          51.500534
        ]
      },
      "properties": {
        "timestamp": "2025-08-14T19:53:40Z"
      }
    },
    {
      "type": "Feature",
      "geometry": {
        "type": "Point",
        "coordinates": [
          -0.13881,
          51.500528
        ]
      },
      "properties": {
        "timestamp": "2025-08-14T19:53:41Z"
      }
    },
    {
      "type": "Feature",
      "geometry": {
        "type": "Point",
        "coordinates": [
          -0.138902,
          51.500529
        ]
      },
      "properties": {
        "timestamp": "2025-08-14T19:53:42Z"
      }
    },
    {
      "type": "Feature",
      "geometry": {
        "type": "Point",
        "coordinates": [
          -0.138857,
          51.500526
        ]
      },
      "properties": {
        "timestamp": "2025-08-14T19:53:42Z"
      }
    },
    {
      "type": "Feature",
      "geometry": {
        "type": "Point",
        "coordinates": [
          -0.138945,
          51.500535
        ]
      },
      "properties": {
        "timestamp": "2025-08-14T19:53:43Z"
      }
    },
    {
      "type": "Feature",
      "geometry": {
        "type": "Point",
        "coordinates": [
          -0.138985,
          51.500545
        ]
      },
      "properties": {
        "timestamp": "2025-08-14T19:53:44Z"
      }
    },
    {
      "type": "Feature",
      "geometry": {
        "type": "Point",
        "coordinates": [
          -0.139024,
          51.50056
        ]
      },
      "properties": {
        "timestamp": "2025-08-14T19:53:45Z"
      }
    },
    {
      "type": "Feature",
      "geometry": {
        "type": "Point",
        "coordinates": [
          -0.139062,
          51.500578
        ]
      },
      "properties": {
        "timestamp": "2025-08-14T19:53:46Z"
      }
    },
    {
      "type": "Feature",
      "geometry": {
        "type": "Point",
        "coordinates": [
          -0.139096,
          51.5006
        ]
      },
      "properties": {
        "timestamp": "2025-08-14T19:53:47Z"
      }
    },
    {
      "type": "Feature",
      "geometry": {
        "type": "Point",
        "coordinates": [
          -0.139125,
          51.500624
        ]
      },
      "properties": {
        "timestamp": "2025-08-14T19:53:48Z"
      }
    },
    {
      "type": "Feature",
      "geometry": {
        "type": "Point",
        "coordinates": [
          -0.139148,
          51.50065
        ]
      },
      "properties": {
        "timestamp": "2025-08-14T19:53:49Z"
      }
    },
    {
      "type": "Feature",
      "geometry": {
        "type": "Point",
        "coordinates": [
          -0.139169,
          51.500676
        ]
      },
      "properties": {
        "timestamp": "2025-08-14T19:53:50Z"
      }
    },
    {
      "type": "Feature",
      "geometry": {
        "type": "Point",
        "coordinates": [
          -0.139189,
          51.500702
        ]
      },
      "properties": {
        "timestamp": "2025-08-14T19:53:51Z"
      }
    },
    {
      "type": "Feature",
      "geometry": {
        "type": "Point",
        "coordinates": [
          -0.139207,
          51.500728
        ]
      },
      "properties": {
        "timestamp": "2025-08-14T19:53:52Z"
      }
    },
    {
      "type": "Feature",
      "geometry": {
        "type": "Point",
        "coordinates": [
          -0.139226,
          51.500752
        ]
      },
      "properties": {
        "timestamp": "2025-08-14T19:53:53Z"
      }
    },
    {
      "type": "Feature",
      "geometry": {
        "type": "Point",
        "coordinates": [
          -0.139248,
          51.500775
        ]
      },
      "properties": {
        "timestamp": "2025-08-14T19:53:54Z"
      }
    },
    {
      "type": "Feature",
      "geometry": {
        "type": "Point",
        "coordinates": [
          -0.13927,
          51.500797
        ]
      },
      "properties": {
        "timestamp": "2025-08-14T19:53:55Z"
      }
    },
    {
      "type": "Feature",
      "geometry": {
        "type": "Point",
        "coordinates": [
          -0.139293,
          51.50082
        ]
      },
      "properties": {
        "timestamp": "2025-08-14T19:53:56Z"
      }
    },
    {
      "type": "Feature",
      "geometry": {
        "type": "Point",
        "coordinates": [
          -0.139319,
          51.500842
        ]
      },
      "properties": {
        "timestamp": "2025-08-14T19:53:57Z"
      }
    },
    {
      "type": "Feature",
      "geometry": {
        "type": "Point",
        "coordinates": [
          -0.139344,
          51.500866
        ]
      },
      "properties": {
        "timestamp": "2025-08-14T19:53:58Z"
      }
    },
    {
      "type": "Feature",
      "geometry": {
        "type": "Point",
        "coordinates": [
          -0.139368,
          51.500889
        ]
      },
      "properties": {
        "timestamp": "2025-08-14T19:53:59Z"
      }
    },
    {
      "type": "Feature",
      "geometry": {
        "type": "Point",
        "coordinates": [
          -0.139392,
          51.500912
        ]
      },
      "properties": {
        "timestamp": "2025-08-14T19:54:00Z"
      }
    },
    {
      "type": "Feature",
      "geometry": {
        "type": "Point",
        "coordinates": [
          -0.139417,
          51.500934
        ]
      },
      "properties": {
        "timestamp": "2025-08-14T19:54:01Z"
      }
    },
    {
      "type": "Feature",
      "geometry": {
        "type": "Point",
        "coordinates": [
          -0.139438,
          51.500956
        ]
      },
      "properties": {
        "timestamp": "2025-08-14T19:54:02Z"
      }
    },
    {
      "type": "Feature",
      "geometry": {
        "type": "Point",
        "coordinates": [
          -0.139457,
          51.500978
        ]
      },
      "properties": {
        "timestamp": "2025-08-14T19:54:03Z"
      }
    },
    {
      "type": "Feature",
      "geometry": {
        "type": "Point",
        "coordinates": [
          -0.139474,
          51.501
        ]
      },
      "properties": {
        "timestamp": "2025-08-14T19:54:04Z"
      }
    },
    {
      "type": "Feature",
      "geometry": {
        "type": "Point",
        "coordinates": [
          -0.139492,
          51.501023
        ]
      },
      "properties": {
        "timestamp": "2025-08-14T19:54:05Z"
      }
    },
    {
      "type": "Feature",
      "geometry": {
        "type": "Point",
        "coordinates": [
          -0.139512,
          51.501046
        ]
      },
      "properties": {
        "timestamp": "2025-08-14T19:54:06Z"
      }
    },
    {
      "type": "Feature",
      "geometry": {
        "type": "Point",
        "coordinates": [
          -0.139535,
          51.501071
        ]
      },
      "properties": {
        "timestamp": "2025-08-14T19:54:07Z"
      }
    },
    {
      "type": "Feature",
      "geometry": {
        "type": "Point",
        "coordinates": [
          -0.139557,
          51.501096
        ]
      },
      "properties": {
        "timestamp": "2025-08-14T19:54:08Z"
      }
    },
    {
      "type": "Feature",
      "geometry": {
        "type": "Point",
        "coordinates": [
          -0.13958,
          51.50112
        ]
      },
      "properties": {
        "timestamp": "2025-08-14T19:54:09Z"
      }
    },
    {
      "type": "Feature",
      "geometry": {
        "type": "Point",
        "coordinates": [
          -0.139604,
          51.501144
        ]
      },
      "properties": {
        "timestamp": "2025-08-14T19:54:10Z"
      }
    },
    {
      "type": "Feature",
      "geometry": {
        "type": "Point",
        "coordinates": [
          -0.13963,
          51.501167
        ]
      },
      "properties": {
        "timestamp": "2025-08-14T19:54:11Z"
      }
    },
    {
      "type": "Feature",
      "geometry": {
        "type": "Point",
        "coordinates": [
          -0.139659,
          51.501189
        ]
      },
      "properties": {
        "timestamp": "2025-08-14T19:54:12Z"
      }
    },
    {
      "type": "Feature",
      "geometry": {
        "type": "Point",
        "coordinates": [
          -0.13969,
          51.50121
        ]
      },
      "properties": {
        "timestamp": "2025-08-14T19:54:13Z"
      }
    },
    {
      "type": "Feature",
      "geometry": {
        "type": "Point",
        "coordinates": [
          -0.13972,
          51.501231
        ]
      },
      "properties": {
        "timestamp": "2025-08-14T19:54:14Z"
      }
    },
    {
      "type": "Feature",
      "geometry": {
        "type": "Point",
        "coordinates": [
          -0.139749,
          51.501252
        ]
      },
      "properties": {
        "timestamp": "2025-08-14T19:54:15Z"
      }
    },
    {
      "type": "Feature",
      "geometry": {
        "type": "Point",
        "coordinates": [
          -0.139778,
          51.501274
        ]
      },
      "properties": {
        "timestamp": "2025-08-14T19:54:16Z"
      }
    },
    {
      "type": "Feature",
      "geometry": {
        "type": "Point",
        "coordinates": [
          -0.139808,
          51.501296
        ]
      },
      "properties": {
        "timestamp": "2025-08-14T19:54:17Z"
      }
    },
    {
      "type": "Feature",
      "geometry": {
        "type": "Point",
        "coordinates": [
          -0.139836,
          51.50132
        ]
      },
      "properties": {
        "timestamp": "2025-08-14T19:54:18Z"
      }
    },
    {
      "type": "Feature",
      "geometry": {
        "type": "Point",
        "coordinates": [
          -0.139863,
          51.501343
        ]
      },
      "properties": {
        "timestamp": "2025-08-14T19:54:19Z"
      }
    },
    {
      "type": "Feature",
      "geometry": {
        "type": "Point",
        "coordinates": [
          -0.139888,
          51.501367
        ]
      },
      "properties": {
        "timestamp": "2025-08-14T19:54:20Z"
      }
    },
    {
      "type": "Feature",
      "geometry": {
        "type": "Point",
        "coordinates": [
          -0.139912,
          51.50139
        ]
      },
      "properties": {
        "timestamp": "2025-08-14T19:54:21Z"
      }
    },
    {
      "type": "Feature",
      "geometry": {
        "type": "Point",
        "coordinates": [
          -0.139934,
          51.501414
        ]
      },
      "properties": {
        "timestamp": "2025-08-14T19:54:22Z"
      }
    },
    {
      "type": "Feature",
      "geometry": {
        "type": "Point",
        "coordinates": [
          -0.139953,
          51.501439
        ]
      },
      "properties": {
        "timestamp": "2025-08-14T19:54:23Z"
      }
    },
    {
      "type": "Feature",
      "geometry": {
        "type": "Point",
        "coordinates": [
          -0.139967,
          51.501467
        ]
      },
      "properties": {
        "timestamp": "2025-08-14T19:54:24Z"
      }
    },
    {
      "type": "Feature",
      "geometry": {
        "type": "Point",
        "coordinates": [
          -0.139976,
          51.501495
        ]
      },
      "properties": {
        "timestamp": "2025-08-14T19:54:25Z"
      }
    },
    {
      "type": "Feature",
      "geometry": {
        "type": "Point",
        "coordinates": [
          -0.139977,
          51.501525
        ]
      },
      "properties": {
        "timestamp": "2025-08-14T19:54:26Z"
      }
    },
    {
      "type": "Feature",
      "geometry": {
        "type": "Point",
        "coordinates": [
          -0.139972,
          51.501555
        ]
      },
      "properties": {
        "timestamp": "2025-08-14T19:54:27Z"
      }
    },
    {
      "type": "Feature",
      "geometry": {
        "type": "Point",
        "coordinates": [
          -0.139961,
          51.501583
        ]
      },
      "properties": {
        "timestamp": "2025-08-14T19:54:28Z"
      }
    },
    {
      "type": "Feature",
      "geometry": {
        "type": "Point",
        "coordinates": [
          -0.139946,
          51.50161
        ]
      },
      "properties": {
        "timestamp": "2025-08-14T19:54:29Z"
      }
    },
    {
      "type": "Feature",
      "geometry": {
        "type": "Point",
        "coordinates": [
          -0.139928,
          51.501637
        ]
      },
      "properties": {
        "timestamp": "2025-08-14T19:54:30Z"
      }
    },
    {
      "type": "Feature",
      "geometry": {
        "type": "Point",
        "coordinates": [
          -0.139909,
          51.501663
        ]
      },
      "properties": {
        "timestamp": "2025-08-14T19:54:31Z"
      }
    },
    {
      "type": "Feature",
      "geometry": {
        "type": "Point",
        "coordinates": [
          -0.139891,
          51.50169
        ]
      },
      "properties": {
        "timestamp": "2025-08-14T19:54:32Z"
      }
    },
    {
      "type": "Feature",
      "geometry": {
        "type": "Point",
        "coordinates": [
          -0.139873,
          51.501716
        ]
      },
      "properties": {
        "timestamp": "2025-08-14T19:54:33Z"
      }
    },
    {
      "type": "Feature",
      "geometry": {
        "type": "Point",
        "coordinates": [
          -0.139858,
          51.501743
        ]
      },
      "properties": {
        "timestamp": "2025-08-14T19:54:34Z"
      }
    },
    {
      "type": "Feature",
      "geometry": {
        "type": "Point",
        "coordinates": [
          -0.139847,
          51.501769
        ]
      },
      "properties": {
        "timestamp": "2025-08-14T19:54:35Z"
      }
    },
    {
      "type": "Feature",
      "geometry": {
        "type": "Point",
        "coordinates": [
          -0.139838,
          51.501796
        ]
      },
      "properties": {
        "timestamp": "2025-08-14T19:54:36Z"
      }
    },
    {
      "type": "Feature",
      "geometry": {
        "type": "Point",
        "coordinates": [
          -0.139833,
          51.501823
        ]
      },
      "properties": {
        "timestamp": "2025-08-14T19:54:37Z"
      }
    },
    {
      "type": "Feature",
      "geometry": {
        "type": "Point",
        "coordinates": [
          -0.139832,
          51.501851
        ]
      },
      "properties": {
        "timestamp": "2025-08-14T19:54:38Z"
      }
    },
    {
      "type": "Feature",
      "geometry": {
        "type": "Point",
        "coordinates": [
          -0.139832,
          51.501879
        ]
      },
      "properties": {
        "timestamp": "2025-08-14T19:54:39Z"
      }
    },
    {
      "type": "Feature",
      "geometry": {
        "type": "Point",
        "coordinates": [
          -0.139833,
          51.501907
        ]
      },
      "properties": {
        "timestamp": "2025-08-14T19:54:40Z"
      }
    },
    {
      "type": "Feature",
      "geometry": {
        "type": "Point",
        "coordinates": [
          -0.139833,
          51.501934
        ]
      },
      "properties": {
        "timestamp": "2025-08-14T19:54:41Z"
      }
    },
    {
      "type": "Feature",
      "geometry": {
        "type": "Point",
        "coordinates": [
          -0.139829,
          51.50196
        ]
      },
      "properties": {
        "timestamp": "2025-08-14T19:54:42Z"
      }
    },
    {
      "type": "Feature",
      "geometry": {
        "type": "Point",
        "coordinates": [
          -0.139821,
          51.501986
        ]
      },
      "properties": {
        "timestamp": "2025-08-14T19:54:43Z"
      }
    },
    {
      "type": "Feature",
      "geometry": {
        "type": "Point",
        "coordinates": [
          -0.139808,
          51.502011
        ]
      },
      "properties": {
        "timestamp": "2025-08-14T19:54:44Z"
      }
    },
    {
      "type": "Feature",
      "geometry": {
        "type": "Point",
        "coordinates": [
          -0.139789,
          51.502034
        ]
      },
      "properties": {
        "timestamp": "2025-08-14T19:54:45Z"
      }
    },
    {
      "type": "Feature",
      "geometry": {
        "type": "Point",
        "coordinates": [
          -0.139767,
          51.502054
        ]
      },
      "properties": {
        "timestamp": "2025-08-14T19:54:46Z"
      }
    },
    {
      "type": "Feature",
      "geometry": {
        "type": "Point",
        "coordinates": [
          -0.139744,
          51.50207
        ]
      },
      "properties": {
        "timestamp": "2025-08-14T19:54:48Z"
      }
    },
    {
      "type": "Feature",
      "geometry": {
        "type": "Point",
        "coordinates": [
          -0.13972,
          51.502082
        ]
      },
      "properties": {
        "timestamp": "2025-08-14T19:54:49Z"
      }
    },
    {
      "type": "Feature",
      "geometry": {
        "type": "Point",
        "coordinates": [
          -0.139699,
          51.50209
        ]
      },
      "properties": {
        "timestamp": "2025-08-14T19:54:50Z"
      }
    },
    {
      "type": "Feature",
      "geometry": {
        "type": "Point",
        "coordinates": [
          -0.139678,
          51.502095
        ]
      },
      "properties": {
        "timestamp": "2025-08-14T19:54:51Z"
      }
    },
    {
      "type": "Feature",
      "geometry": {
        "type": "Point",
        "coordinates": [
          -0.139657,
          51.5021
        ]
      },
      "properties": {
        "timestamp": "2025-08-14T19:54:52Z"
      }
    },
    {
      "type": "Feature",
      "geometry": {
        "type": "Point",
        "coordinates": [
          -0.139635,
          51.502107
        ]
      },
      "properties": {
        "timestamp": "2025-08-14T19:54:53Z"
      }
    },
    {
      "type": "Feature",
      "geometry": {
        "type": "Point",
        "coordinates": [
          -0.139612,
          51.502118
        ]
      },
      "properties": {
        "timestamp": "2025-08-14T19:54:54Z"
      }
    },
    {
      "type": "Feature",
      "geometry": {
        "type": "Point",
        "coordinates": [
          -0.139587,
          51.50213
        ]
      },
      "properties": {
        "timestamp": "2025-08-14T19:54:55Z"
      }
    },
    {
      "type": "Feature",
      "geometry": {
        "type": "Point",
        "coordinates": [
          -0.139561,
          51.502143
        ]
      },
      "properties": {
        "timestamp": "2025-08-14T19:54:56Z"
      }
    },
    {
      "type": "Feature",
      "geometry": {
        "type": "Point",
        "coordinates": [
          -0.139539,
          51.502155
        ]
      },
      "properties": {
        "timestamp": "2025-08-14T19:54:57Z"
      }
    },
    {
      "type": "Feature",
      "geometry": {
        "type": "Point",
        "coordinates": [
          -0.139524,
          51.502165
        ]
      },
      "properties": {
        "timestamp": "2025-08-14T19:54:58Z"
      }
    },
    {
      "type": "Feature",
      "geometry": {
        "type": "Point",
        "coordinates": [
          -0.139516,
          51.502178
        ]
      },
      "properties": {
        "timestamp": "2025-08-14T19:54:59Z"
      }
    },
    {
      "type": "Feature",
      "geometry": {
        "type": "Point",
        "coordinates": [
          -0.139518,
          51.502195
        ]
      },
      "properties": {
        "timestamp": "2025-08-14T19:55:00Z"
      }
    },
    {
      "type": "Feature",
      "geometry": {
        "type": "Point",
        "coordinates": [
          -0.139529,
          51.502215
        ]
      },
      "properties": {
        "timestamp": "2025-08-14T19:55:01Z"
      }
    },
    {
      "type": "Feature",
      "geometry": {
        "type": "Point",
        "coordinates": [
          -0.139543,
          51.502235
        ]
      },
      "properties": {
        "timestamp": "2025-08-14T19:55:02Z"
      }
    },
    {
      "type": "Feature",
      "geometry": {
        "type": "Point",
        "coordinates": [
          -0.139558,
          51.502253
        ]
      },
      "properties": {
        "timestamp": "2025-08-14T19:55:03Z"
      }
    },
    {
      "type": "Feature",
      "geometry": {
        "type": "Point",
        "coordinates": [
          -0.139572,
          51.502272
        ]
      },
      "properties": {
        "timestamp": "2025-08-14T19:55:04Z"
      }
    },
    {
      "type": "Feature",
      "geometry": {
        "type": "Point",
        "coordinates": [
          -0.139586,
          51.50229
        ]
      },
      "properties": {
        "timestamp": "2025-08-14T19:55:05Z"
      }
    },
    {
      "type": "Feature",
      "geometry": {
        "type": "Point",
        "coordinates": [
          -0.139601,
          51.502308
        ]
      },
      "properties": {
        "timestamp": "2025-08-14T19:55:06Z"
      }
    },
    {
      "type": "Feature",
      "geometry": {
        "type": "Point",
        "coordinates": [
          -0.139619,
          51.502329
        ]
      },
      "properties": {
        "timestamp": "2025-08-14T19:55:07Z"
      }
    },
    {
      "type": "Feature",
      "geometry": {
        "type": "Point",
        "coordinates": [
          -0.139639,
          51.502354
        ]
      },
      "properties": {
        "timestamp": "2025-08-14T19:55:08Z"
      }
    },
    {
      "type": "Feature",
      "geometry": {
        "type": "Point",
        "coordinates": [
          -0.139661,
          51.502379
        ]
      },
      "properties": {
        "timestamp": "2025-08-14T19:55:09Z"
      }
    },
    {
      "type": "Feature",
      "geometry": {
        "type": "Point",
        "coordinates": [
          -0.139678,
          51.5024
        ]
      },
      "properties": {
        "timestamp": "2025-08-14T19:55:10Z"
      }
    },
    {
      "type": "Feature",
      "geometry": {
        "type": "Point",
        "coordinates": [
          -0.139692,
          51.502414
        ]
      },
      "properties": {
        "timestamp": "2025-08-14T19:55:11Z"
      }
    },
    {
      "type": "Feature",
      "geometry": {
        "type": "Point",
        "coordinates": [
          -0.1397,
          51.502423
        ]
      },
      "properties": {
        "timestamp": "2025-08-14T19:55:12Z"
      }
    },
    {
      "type": "Feature",
      "geometry": {
        "type": "Point",
        "coordinates": [
          -0.139705,
          51.502426
        ]
      },
      "properties": {
        "timestamp": "2025-08-14T19:55:13Z"
      }
    },
    {
      "type": "Feature",
      "geometry": {
        "type": "Point",
        "coordinates": [
          -0.139709,
          51.502428
        ]
      },
      "properties": {
        "timestamp": "2025-08-14T19:55:14Z"
      }
    },
    {
      "type": "Feature",
      "geometry": {
        "type": "Point",
        "coordinates": [
          -0.139712,
          51.502429
        ]
      },
      "properties": {
        "timestamp": "2025-08-14T19:55:15Z"
      }
    },
    {
      "type": "Feature",
      "geometry": {
        "type": "Point",
        "coordinates": [
          -0.139715,
          51.50243
        ]
      },
      "properties": {
        "timestamp": "2025-08-14T19:55:16Z"
      }
    },
    {
      "type": "Feature",
      "geometry": {
        "type": "Point",
        "coordinates": [
          -0.139717,
          51.50243
        ]
      },
      "properties": {
        "timestamp": "2025-08-14T19:55:17Z"
      }
    },
    {
      "type": "Feature",
      "geometry": {
        "type": "Point",
        "coordinates": [
          -0.139719,
          51.502431
        ]
      },
      "properties": {
        "timestamp": "2025-08-14T19:55:18Z"
      }
    },
    {
      "type": "Feature",
      "geometry": {
        "type": "Point",
        "coordinates": [
          -0.13972,
          51.502432
        ]
      },
      "properties": {
        "timestamp": "2025-08-14T19:55:19Z"
      }
    },
    {
      "type": "Feature",
      "geometry": {
        "type": "Point",
        "coordinates": [
          -0.13972,
          51.502434
        ]
      },
      "properties": {
        "timestamp": "2025-08-14T19:55:20Z"
      }
    },
    {
      "type": "Feature",
      "geometry": {
        "type": "Point",
        "coordinates": [
          -0.13972,
          51.502435
        ]
      },
      "properties": {
        "timestamp": "2025-08-14T19:55:21Z"
      }
    },
    {
      "type": "Feature",
      "geometry": {
        "type": "Point",
        "coordinates": [
          -0.13972,
          51.502437
        ]
      },
      "properties": {
        "timestamp": "2025-08-14T19:55:22Z"
      }
    },
    {
      "type": "Feature",
      "geometry": {
        "type": "Point",
        "coordinates": [
          -0.13972,
          51.502439
        ]
      },
      "properties": {
        "timestamp": "2025-08-14T19:55:23Z"
      }
    },
    {
      "type": "Feature",
      "geometry": {
        "type": "Point",
        "coordinates": [
          -0.139719,
          51.502441
        ]
      },
      "properties": {
        "timestamp": "2025-08-14T19:55:24Z"
      }
    },
    {
      "type": "Feature",
      "geometry": {
        "type": "Point",
        "coordinates": [
          -0.139719,
          51.502442
        ]
      },
      "properties": {
        "timestamp": "2025-08-14T19:55:25Z"
      }
    },
    {
      "type": "Feature",
      "geometry": {
        "type": "Point",
        "coordinates": [
          -0.139718,
          51.502443
        ]
      },
      "properties": {
        "timestamp": "2025-08-14T19:55:26Z"
      }
    },
    {
      "type": "Feature",
      "geometry": {
        "type": "Point",
        "coordinates": [
          -0.139718,
          51.502443
        ]
      },
      "properties": {
        "timestamp": "2025-08-14T19:55:27Z"
      }
    },
    {
      "type": "Feature",
      "geometry": {
        "type": "Point",
        "coordinates": [
          -0.139717,
          51.502442
        ]
      },
      "properties": {
        "timestamp": "2025-08-14T19:55:28Z"
      }
    },
    {
      "type": "Feature",
      "geometry": {
        "type": "Point",
        "coordinates": [
          -0.139716,
          51.502442
        ]
      },
      "properties": {
        "timestamp": "2025-08-14T19:55:29Z"
      }
    },
    {
      "type": "Feature",
      "geometry": {
        "type": "Point",
        "coordinates": [
          -0.139716,
          51.502442
        ]
      },
      "properties": {
        "timestamp": "2025-08-14T19:55:30Z"
      }
    },
    {
      "type": "Feature",
      "geometry": {
        "type": "Point",
        "coordinates": [
          -0.139716,
          51.502442
        ]
      },
      "properties": {
        "timestamp": "2025-08-14T19:55:31Z"
      }
    },
    {
      "type": "Feature",
      "geometry": {
        "type": "Point",
        "coordinates": [
          -0.139716,
          51.502442
        ]
      },
      "properties": {
        "timestamp": "2025-08-14T19:55:32Z"
      }
    },
    {
      "type": "Feature",
      "geometry": {
        "type": "Point",
        "coordinates": [
          -0.139717,
          51.502443
        ]
      },
      "properties": {
        "timestamp": "2025-08-14T19:55:33Z"
      }
    },
    {
      "type": "Feature",
      "geometry": {
        "type": "Point",
        "coordinates": [
          -0.139717,
          51.502443
        ]
      },
      "properties": {
        "timestamp": "2025-08-14T19:55:34Z"
      }
    },
    {
      "type": "Feature",
      "geometry": {
        "type": "Point",
        "coordinates": [
          -0.139718,
          51.502443
        ]
      },
      "properties": {
        "timestamp": "2025-08-14T19:55:35Z"
      }
    },
    {
      "type": "Feature",
      "geometry": {
        "type": "Point",
        "coordinates": [
          -0.139718,
          51.502443
        ]
      },
      "properties": {
        "timestamp": "2025-08-14T19:55:36Z"
      }
    },
    {
      "type": "Feature",
      "geometry": {
        "type": "Point",
        "coordinates": [
          -0.139718,
          51.502444
        ]
      },
      "properties": {
        "timestamp": "2025-08-14T19:55:37Z"
      }
    },
    {
      "type": "Feature",
      "geometry": {
        "type": "Point",
        "coordinates": [
          -0.139718,
          51.502445
        ]
      },
      "properties": {
        "timestamp": "2025-08-14T19:55:38Z"
      }
    },
    {
      "type": "Feature",
      "geometry": {
        "type": "Point",
        "coordinates": [
          -0.139718,
          51.502445
        ]
      },
      "properties": {
        "timestamp": "2025-08-14T19:55:39Z"
      }
    },
    {
      "type": "Feature",
      "geometry": {
        "type": "Point",
        "coordinates": [
          -0.139718,
          51.502446
        ]
      },
      "properties": {
        "timestamp": "2025-08-14T19:55:40Z"
      }
    },
    {
      "type": "Feature",
      "geometry": {
        "type": "Point",
        "coordinates": [
          -0.139718,
          51.502446
        ]
      },
      "properties": {
        "timestamp": "2025-08-14T19:55:41Z"
      }
    },
    {
      "type": "Feature",
      "geometry": {
        "type": "Point",
        "coordinates": [
          -0.139718,
          51.502447
        ]
      },
      "properties": {
        "timestamp": "2025-08-14T19:55:42Z"
      }
    },
    {
      "type": "Feature",
      "geometry": {
        "type": "Point",
        "coordinates": [
          -0.139718,
          51.502448
        ]
      },
      "properties": {
        "timestamp": "2025-08-14T19:55:43Z"
      }
    },
    {
      "type": "Feature",
      "geometry": {
        "type": "Point",
        "coordinates": [
          -0.139717,
          51.502449
        ]
      },
      "properties": {
        "timestamp": "2025-08-14T19:55:44Z"
      }
    },
    {
      "type": "Feature",
      "geometry": {
        "type": "Point",
        "coordinates": [
          -0.139717,
          51.502449
        ]
      },
      "properties": {
        "timestamp": "2025-08-14T19:55:45Z"
      }
    },
    {
      "type": "Feature",
      "geometry": {
        "type": "Point",
        "coordinates": [
          -0.139717,
          51.50245
        ]
      },
      "properties": {
        "timestamp": "2025-08-14T19:55:46Z"
      }
    },
    {
      "type": "Feature",
      "geometry": {
        "type": "Point",
        "coordinates": [
          -0.139717,
          51.50245
        ]
      },
      "properties": {
        "timestamp": "2025-08-14T19:55:47Z"
      }
    },
    {
      "type": "Feature",
      "geometry": {
        "type": "Point",
        "coordinates": [
          -0.139716,
          51.50245
        ]
      },
      "properties": {
        "timestamp": "2025-08-14T19:55:48Z"
      }
    },
    {
      "type": "Feature",
      "geometry": {
        "type": "Point",
        "coordinates": [
          -0.139716,
          51.50245
        ]
      },
      "properties": {
        "timestamp": "2025-08-14T19:55:49Z"
      }
    },
    {
      "type": "Feature",
      "geometry": {
        "type": "Point",
        "coordinates": [
          -0.139715,
          51.502451
        ]
      },
      "properties": {
        "timestamp": "2025-08-14T19:55:50Z"
      }
    },
    {
      "type": "Feature",
      "geometry": {
        "type": "Point",
        "coordinates": [
          -0.139716,
          51.50245
        ]
      },
      "properties": {
        "timestamp": "2025-08-14T19:55:50Z"
      }
    },
    {
      "type": "Feature",
      "geometry": {
        "type": "Point",
        "coordinates": [
          -0.139715,
          51.502451
        ]
      },
      "properties": {
        "timestamp": "2025-08-14T19:55:51Z"
      }
    },
    {
      "type": "Feature",
      "geometry": {
        "type": "Point",
        "coordinates": [
          -0.139714,
          51.502451
        ]
      },
      "properties": {
        "timestamp": "2025-08-14T19:55:52Z"
      }
    },
    {
      "type": "Feature",
      "geometry": {
        "type": "Point",
        "coordinates": [
          -0.139713,
          51.502451
        ]
      },
      "properties": {
        "timestamp": "2025-08-14T19:55:53Z"
      }
    },
    {
      "type": "Feature",
      "geometry": {
        "type": "Point",
        "coordinates": [
          -0.139712,
          51.50245
        ]
      },
      "properties": {
        "timestamp": "2025-08-14T19:55:54Z"
      }
    },
    {
      "type": "Feature",
      "geometry": {
        "type": "Point",
        "coordinates": [
          -0.139711,
          51.50245
        ]
      },
      "properties": {
        "timestamp": "2025-08-14T19:55:55Z"
      }
    },
    {
      "type": "Feature",
      "geometry": {
        "type": "Point",
        "coordinates": [
          -0.139711,
          51.50245
        ]
      },
      "properties": {
        "timestamp": "2025-08-14T19:55:56Z"
      }
    },
    {
      "type": "Feature",
      "geometry": {
        "type": "Point",
        "coordinates": [
          -0.139711,
          51.50245
        ]
      },
      "properties": {
        "timestamp": "2025-08-14T19:55:57Z"
      }
    },
    {
      "type": "Feature",
      "geometry": {
        "type": "Point",
        "coordinates": [
          -0.139711,
          51.50245
        ]
      },
      "properties": {
        "timestamp": "2025-08-14T19:55:58Z"
      }
    },
    {
      "type": "Feature",
      "geometry": {
        "type": "Point",
        "coordinates": [
          -0.139712,
          51.50245
        ]
      },
      "properties": {
        "timestamp": "2025-08-14T19:55:59Z"
      }
    },
    {
      "type": "Feature",
      "geometry": {
        "type": "Point",
        "coordinates": [
          -0.139713,
          51.50245
        ]
      },
      "properties": {
        "timestamp": "2025-08-14T19:56:00Z"
      }
    },
    {
      "type": "Feature",
      "geometry": {
        "type": "Point",
        "coordinates": [
          -0.139714,
          51.502449
        ]
      },
      "properties": {
        "timestamp": "2025-08-14T19:56:01Z"
      }
    },
    {
      "type": "Feature",
      "geometry": {
        "type": "Point",
        "coordinates": [
          -0.139714,
          51.502448
        ]
      },
      "properties": {
        "timestamp": "2025-08-14T19:56:02Z"
      }
    },
    {
      "type": "Feature",
      "geometry": {
        "type": "Point",
        "coordinates": [
          -0.139715,
          51.502447
        ]
      },
      "properties": {
        "timestamp": "2025-08-14T19:56:03Z"
      }
    },
    {
      "type": "Feature",
      "geometry": {
        "type": "Point",
        "coordinates": [
          -0.139714,
          51.502446
        ]
      },
      "properties": {
        "timestamp": "2025-08-14T19:56:04Z"
      }
    },
    {
      "type": "Feature",
      "geometry": {
        "type": "Point",
        "coordinates": [
          -0.139713,
          51.502444
        ]
      },
      "properties": {
        "timestamp": "2025-08-14T19:56:05Z"
      }
    },
    {
      "type": "Feature",
      "geometry": {
        "type": "Point",
        "coordinates": [
          -0.139711,
          51.502443
        ]
      },
      "properties": {
        "timestamp": "2025-08-14T19:56:06Z"
      }
    },
    {
      "type": "Feature",
      "geometry": {
        "type": "Point",
        "coordinates": [
          -0.13971,
          51.502442
        ]
      },
      "properties": {
        "timestamp": "2025-08-14T19:56:07Z"
      }
    },
    {
      "type": "Feature",
      "geometry": {
        "type": "Point",
        "coordinates": [
          -0.13971,
          51.502442
        ]
      },
      "properties": {
        "timestamp": "2025-08-14T19:56:08Z"
      }
    },
    {
      "type": "Feature",
      "geometry": {
        "type": "Point",
        "coordinates": [
          -0.139713,
          51.502445
        ]
      },
      "properties": {
        "timestamp": "2025-08-14T19:56:09Z"
      }
    },
    {
      "type": "Feature",
      "geometry": {
        "type": "Point",
        "coordinates": [
          -0.139717,
          51.502448
        ]
      },
      "properties": {
        "timestamp": "2025-08-14T19:56:10Z"
      }
    },
    {
      "type": "Feature",
      "geometry": {
        "type": "Point",
        "coordinates": [
          -0.139722,
          51.502452
        ]
      },
      "properties": {
        "timestamp": "2025-08-14T19:56:11Z"
      }
    },
    {
      "type": "Feature",
      "geometry": {
        "type": "Point",
        "coordinates": [
          -0.139726,
          51.502458
        ]
      },
      "properties": {
        "timestamp": "2025-08-14T19:56:12Z"
      }
    },
    {
      "type": "Feature",
      "geometry": {
        "type": "Point",
        "coordinates": [
          -0.13973,
          51.502464
        ]
      },
      "properties": {
        "timestamp": "2025-08-14T19:56:13Z"
      }
    },
    {
      "type": "Feature",
      "geometry": {
        "type": "Point",
        "coordinates": [
          -0.139733,
          51.502469
        ]
      },
      "properties": {
        "timestamp": "2025-08-14T19:56:14Z"
      }
    },
    {
      "type": "Feature",
      "geometry": {
        "type": "Point",
        "coordinates": [
          -0.139735,
          51.502473
        ]
      },
      "properties": {
        "timestamp": "2025-08-14T19:56:15Z"
      }
    },
    {
      "type": "Feature",
      "geometry": {
        "type": "Point",
        "coordinates": [
          -0.139737,
          51.502475
        ]
      },
      "properties": {
        "timestamp": "2025-08-14T19:56:16Z"
      }
    },
    {
      "type": "Feature",
      "geometry": {
        "type": "Point",
        "coordinates": [
          -0.139739,
          51.502476
        ]
      },
      "properties": {
        "timestamp": "2025-08-14T19:56:17Z"
      }
    },
    {
      "type": "Feature",
      "geometry": {
        "type": "Point",
        "coordinates": [
          -0.13974,
          51.502477
        ]
      },
      "properties": {
        "timestamp": "2025-08-14T19:56:18Z"
      }
    },
    {
      "type": "Feature",
      "geometry": {
        "type": "Point",
        "coordinates": [
          -0.139739,
          51.502477
        ]
      },
      "properties": {
        "timestamp": "2025-08-14T19:56:19Z"
      }
    },
    {
      "type": "Feature",
      "geometry": {
        "type": "Point",
        "coordinates": [
          -0.139738,
          51.502477
        ]
      },
      "properties": {
        "timestamp": "2025-08-14T19:56:20Z"
      }
    },
    {
      "type": "Feature",
      "geometry": {
        "type": "Point",
        "coordinates": [
          -0.139736,
          51.502477
        ]
      },
      "properties": {
        "timestamp": "2025-08-14T19:56:21Z"
      }
    },
    {
      "type": "Feature",
      "geometry": {
        "type": "Point",
        "coordinates": [
          -0.139735,
          51.502477
        ]
      },
      "properties": {
        "timestamp": "2025-08-14T19:56:22Z"
      }
    },
    {
      "type": "Feature",
      "geometry": {
        "type": "Point",
        "coordinates": [
          -0.139734,
          51.502476
        ]
      },
      "properties": {
        "timestamp": "2025-08-14T19:56:23Z"
      }
    },
    {
      "type": "Feature",
      "geometry": {
        "type": "Point",
        "coordinates": [
          -0.139733,
          51.502476
        ]
      },
      "properties": {
        "timestamp": "2025-08-14T19:56:24Z"
      }
    },
    {
      "type": "Feature",
      "geometry": {
        "type": "Point",
        "coordinates": [
          -0.139732,
          51.502476
        ]
      },
      "properties": {
        "timestamp": "2025-08-14T19:56:25Z"
      }
    },
    {
      "type": "Feature",
      "geometry": {
        "type": "Point",
        "coordinates": [
          -0.139731,
          51.502476
        ]
      },
      "properties": {
        "timestamp": "2025-08-14T19:56:26Z"
      }
    },
    {
      "type": "Feature",
      "geometry": {
        "type": "Point",
        "coordinates": [
          -0.13973,
          51.502476
        ]
      },
      "properties": {
        "timestamp": "2025-08-14T19:56:27Z"
      }
    },
    {
      "type": "Feature",
      "geometry": {
        "type": "Point",
        "coordinates": [
          -0.139729,
          51.502475
        ]
      },
      "properties": {
        "timestamp": "2025-08-14T19:56:28Z"
      }
    },
    {
      "type": "Feature",
      "geometry": {
        "type": "Point",
        "coordinates": [
          -0.139728,
          51.502475
        ]
      },
      "properties": {
        "timestamp": "2025-08-14T19:56:29Z"
      }
    },
    {
      "type": "Feature",
      "geometry": {
        "type": "Point",
        "coordinates": [
          -0.139726,
          51.502474
        ]
      },
      "properties": {
        "timestamp": "2025-08-14T19:56:30Z"
      }
    },
    {
      "type": "Feature",
      "geometry": {
        "type": "Point",
        "coordinates": [
          -0.139724,
          51.502473
        ]
      },
      "properties": {
        "timestamp": "2025-08-14T19:56:31Z"
      }
    },
    {
      "type": "Feature",
      "geometry": {
        "type": "Point",
        "coordinates": [
          -0.139722,
          51.502471
        ]
      },
      "properties": {
        "timestamp": "2025-08-14T19:56:32Z"
      }
    },
    {
      "type": "Feature",
      "geometry": {
        "type": "Point",
        "coordinates": [
          -0.139719,
          51.50247
        ]
      },
      "properties": {
        "timestamp": "2025-08-14T19:56:33Z"
      }
    },
    {
      "type": "Feature",
      "geometry": {
        "type": "Point",
        "coordinates": [
          -0.139717,
          51.502468
        ]
      },
      "properties": {
        "timestamp": "2025-08-14T19:56:34Z"
      }
    },
    {
      "type": "Feature",
      "geometry": {
        "type": "Point",
        "coordinates": [
          -0.139715,
          51.502466
        ]
      },
      "properties": {
        "timestamp": "2025-08-14T19:56:35Z"
      }
    },
    {
      "type": "Feature",
      "geometry": {
        "type": "Point",
        "coordinates": [
          -0.139713,
          51.502465
        ]
      },
      "properties": {
        "timestamp": "2025-08-14T19:56:36Z"
      }
    },
    {
      "type": "Feature",
      "geometry": {
        "type": "Point",
        "coordinates": [
          -0.139712,
          51.502464
        ]
      },
      "properties": {
        "timestamp": "2025-08-14T19:56:37Z"
      }
    },
    {
      "type": "Feature",
      "geometry": {
        "type": "Point",
        "coordinates": [
          -0.139713,
          51.502463
        ]
      },
      "properties": {
        "timestamp": "2025-08-14T19:56:38Z"
      }
    },
    {
      "type": "Feature",
      "geometry": {
        "type": "Point",
        "coordinates": [
          -0.139713,
          51.502463
        ]
      },
      "properties": {
        "timestamp": "2025-08-14T19:56:39Z"
      }
    },
    {
      "type": "Feature",
      "geometry": {
        "type": "Point",
        "coordinates": [
          -0.139715,
          51.502464
        ]
      },
      "properties": {
        "timestamp": "2025-08-14T19:56:40Z"
      }
    },
    {
      "type": "Feature",
      "geometry": {
        "type": "Point",
        "coordinates": [
          -0.139717,
          51.502464
        ]
      },
      "properties": {
        "timestamp": "2025-08-14T19:56:41Z"
      }
    },
    {
      "type": "Feature",
      "geometry": {
        "type": "Point",
        "coordinates": [
          -0.139719,
          51.502464
        ]
      },
      "properties": {
        "timestamp": "2025-08-14T19:56:42Z"
      }
    },
    {
      "type": "Feature",
      "geometry": {
        "type": "Point",
        "coordinates": [
          -0.13972,
          51.502462
        ]
      },
      "properties": {
        "timestamp": "2025-08-14T19:56:43Z"
      }
    },
    {
      "type": "Feature",
      "geometry": {
        "type": "Point",
        "coordinates": [
          -0.139721,
          51.502461
        ]
      },
      "properties": {
        "timestamp": "2025-08-14T19:56:44Z"
      }
    },
    {
      "type": "Feature",
      "geometry": {
        "type": "Point",
        "coordinates": [
          -0.139721,
          51.502461
        ]
      },
      "properties": {
        "timestamp": "2025-08-14T19:56:45Z"
      }
    },
    {
      "type": "Feature",
      "geometry": {
        "type": "Point",
        "coordinates": [
          -0.13972,
          51.50246
        ]
      },
      "properties": {
        "timestamp": "2025-08-14T19:56:46Z"
      }
    },
    {
      "type": "Feature",
      "geometry": {
        "type": "Point",
        "coordinates": [
          -0.13972,
          51.50246
        ]
      },
      "properties": {
        "timestamp": "2025-08-14T19:56:47Z"
      }
    },
    {
      "type": "Feature",
      "geometry": {
        "type": "Point",
        "coordinates": [
          -0.13972,
          51.50246
        ]
      },
      "properties": {
        "timestamp": "2025-08-14T19:56:48Z"
      }
    },
    {
      "type": "Feature",
      "geometry": {
        "type": "Point",
        "coordinates": [
          -0.13972,
          51.50246
        ]
      },
      "properties": {
        "timestamp": "2025-08-14T19:56:49Z"
      }
    },
    {
      "type": "Feature",
      "geometry": {
        "type": "Point",
        "coordinates": [
          -0.13972,
          51.50246
        ]
      },
      "properties": {
        "timestamp": "2025-08-14T19:56:50Z"
      }
    },
    {
      "type": "Feature",
      "geometry": {
        "type": "Point",
        "coordinates": [
          -0.13972,
          51.50246
        ]
      },
      "properties": {
        "timestamp": "2025-08-14T19:56:51Z"
      }
    },
    {
      "type": "Feature",
      "geometry": {
        "type": "Point",
        "coordinates": [
          -0.13972,
          51.50246
        ]
      },
      "properties": {
        "timestamp": "2025-08-14T19:56:52Z"
      }
    },
    {
      "type": "Feature",
      "geometry": {
        "type": "Point",
        "coordinates": [
          -0.139721,
          51.50246
        ]
      },
      "properties": {
        "timestamp": "2025-08-14T19:56:54Z"
      }
    },
    {
      "type": "Feature",
      "geometry": {
        "type": "Point",
        "coordinates": [
          -0.139721,
          51.50246
        ]
      },
      "properties": {
        "timestamp": "2025-08-14T19:56:55Z"
      }
    },
    {
      "type": "Feature",
      "geometry": {
        "type": "Point",
        "coordinates": [
          -0.139721,
          51.50246
        ]
      },
      "properties": {
        "timestamp": "2025-08-14T19:56:56Z"
      }
    },
    {
      "type": "Feature",
      "geometry": {
        "type": "Point",
        "coordinates": [
          -0.139722,
          51.50246
        ]
      },
      "properties": {
        "timestamp": "2025-08-14T19:56:57Z"
      }
    },
    {
      "type": "Feature",
      "geometry": {
        "type": "Point",
        "coordinates": [
          -0.139722,
          51.50246
        ]
      },
      "properties": {
        "timestamp": "2025-08-14T19:56:58Z"
      }
    },
    {
      "type": "Feature",
      "geometry": {
        "type": "Point",
        "coordinates": [
          -0.139723,
          51.502459
        ]
      },
      "properties": {
        "timestamp": "2025-08-14T19:56:59Z"
      }
    },
    {
      "type": "Feature",
      "geometry": {
        "type": "Point",
        "coordinates": [
          -0.139724,
          51.502458
        ]
      },
      "properties": {
        "timestamp": "2025-08-14T19:57:00Z"
      }
    },
    {
      "type": "Feature",
      "geometry": {
        "type": "Point",
        "coordinates": [
          -0.139724,
          51.502458
        ]
      },
      "properties": {
        "timestamp": "2025-08-14T19:57:01Z"
      }
    },
    {
      "type": "Feature",
      "geometry": {
        "type": "Point",
        "coordinates": [
          -0.139724,
          51.502458
        ]
      },
      "properties": {
        "timestamp": "2025-08-14T19:57:02Z"
      }
    },
    {
      "type": "Feature",
      "geometry": {
        "type": "Point",
        "coordinates": [
          -0.139724,
          51.502459
        ]
      },
      "properties": {
        "timestamp": "2025-08-14T19:57:03Z"
      }
    },
    {
      "type": "Feature",
      "geometry": {
        "type": "Point",
        "coordinates": [
          -0.139724,
          51.502459
        ]
      },
      "properties": {
        "timestamp": "2025-08-14T19:57:04Z"
      }
    },
    {
      "type": "Feature",
      "geometry": {
        "type": "Point",
        "coordinates": [
          -0.139724,
          51.502459
        ]
      },
      "properties": {
        "timestamp": "2025-08-14T19:57:05Z"
      }
    },
    {
      "type": "Feature",
      "geometry": {
        "type": "Point",
        "coordinates": [
          -0.139724,
          51.502459
        ]
      },
      "properties": {
        "timestamp": "2025-08-14T19:57:06Z"
      }
    },
    {
      "type": "Feature",
      "geometry": {
        "type": "Point",
        "coordinates": [
          -0.139725,
          51.50246
        ]
      },
      "properties": {
        "timestamp": "2025-08-14T19:57:07Z"
      }
    },
    {
      "type": "Feature",
      "geometry": {
        "type": "Point",
        "coordinates": [
          -0.139725,
          51.50246
        ]
      },
      "properties": {
        "timestamp": "2025-08-14T19:57:08Z"
      }
    },
    {
      "type": "Feature",
      "geometry": {
        "type": "Point",
        "coordinates": [
          -0.139725,
          51.502461
        ]
      },
      "properties": {
        "timestamp": "2025-08-14T19:57:09Z"
      }
    },
    {
      "type": "Feature",
      "geometry": {
        "type": "Point",
        "coordinates": [
          -0.139726,
          51.502461
        ]
      },
      "properties": {
        "timestamp": "2025-08-14T19:57:10Z"
      }
    },
    {
      "type": "Feature",
      "geometry": {
        "type": "Point",
        "coordinates": [
          -0.139726,
          51.502462
        ]
      },
      "properties": {
        "timestamp": "2025-08-14T19:57:11Z"
      }
    },
    {
      "type": "Feature",
      "geometry": {
        "type": "Point",
        "coordinates": [
          -0.139726,
          51.502462
        ]
      },
      "properties": {
        "timestamp": "2025-08-14T19:57:12Z"
      }
    },
    {
      "type": "Feature",
      "geometry": {
        "type": "Point",
        "coordinates": [
          -0.139727,
          51.502463
        ]
      },
      "properties": {
        "timestamp": "2025-08-14T19:57:13Z"
      }
    },
    {
      "type": "Feature",
      "geometry": {
        "type": "Point",
        "coordinates": [
          -0.139727,
          51.502464
        ]
      },
      "properties": {
        "timestamp": "2025-08-14T19:57:14Z"
      }
    },
    {
      "type": "Feature",
      "geometry": {
        "type": "Point",
        "coordinates": [
          -0.139728,
          51.502465
        ]
      },
      "properties": {
        "timestamp": "2025-08-14T19:57:15Z"
      }
    },
    {
      "type": "Feature",
      "geometry": {
        "type": "Point",
        "coordinates": [
          -0.139728,
          51.502466
        ]
      },
      "properties": {
        "timestamp": "2025-08-14T19:57:16Z"
      }
    },
    {
      "type": "Feature",
      "geometry": {
        "type": "Point",
        "coordinates": [
          -0.139729,
          51.502466
        ]
      },
      "properties": {
        "timestamp": "2025-08-14T19:57:17Z"
      }
    },
    {
      "type": "Feature",
      "geometry": {
        "type": "Point",
        "coordinates": [
          -0.13973,
          51.502467
        ]
      },
      "properties": {
        "timestamp": "2025-08-14T19:57:18Z"
      }
    },
    {
      "type": "Feature",
      "geometry": {
        "type": "Point",
        "coordinates": [
          -0.13973,
          51.502467
        ]
      },
      "properties": {
        "timestamp": "2025-08-14T19:57:19Z"
      }
    },
    {
      "type": "Feature",
      "geometry": {
        "type": "Point",
        "coordinates": [
          -0.13973,
          51.502466
        ]
      },
      "properties": {
        "timestamp": "2025-08-14T19:57:20Z"
      }
    },
    {
      "type": "Feature",
      "geometry": {
        "type": "Point",
        "coordinates": [
          -0.13973,
          51.502466
        ]
      },
      "properties": {
        "timestamp": "2025-08-14T19:57:21Z"
      }
    },
    {
      "type": "Feature",
      "geometry": {
        "type": "Point",
        "coordinates": [
          -0.13973,
          51.502465
        ]
      },
      "properties": {
        "timestamp": "2025-08-14T19:57:22Z"
      }
    },
    {
      "type": "Feature",
      "geometry": {
        "type": "Point",
        "coordinates": [
          -0.13973,
          51.502463
        ]
      },
      "properties": {
        "timestamp": "2025-08-14T19:57:23Z"
      }
    },
    {
      "type": "Feature",
      "geometry": {
        "type": "Point",
        "coordinates": [
          -0.139729,
          51.502462
        ]
      },
      "properties": {
        "timestamp": "2025-08-14T19:57:24Z"
      }
    },
    {
      "type": "Feature",
      "geometry": {
        "type": "Point",
        "coordinates": [
          -0.139728,
          51.502462
        ]
      },
      "properties": {
        "timestamp": "2025-08-14T19:57:25Z"
      }
    },
    {
      "type": "Feature",
      "geometry": {
        "type": "Point",
        "coordinates": [
          -0.139727,
          51.502461
        ]
      },
      "properties": {
        "timestamp": "2025-08-14T19:57:26Z"
      }
    },
    {
      "type": "Feature",
      "geometry": {
        "type": "Point",
        "coordinates": [
          -0.139725,
          51.502461
        ]
      },
      "properties": {
        "timestamp": "2025-08-14T19:57:27Z"
      }
    },
    {
      "type": "Feature",
      "geometry": {
        "type": "Point",
        "coordinates": [
          -0.139723,
          51.502461
        ]
      },
      "properties": {
        "timestamp": "2025-08-14T19:57:28Z"
      }
    },
    {
      "type": "Feature",
      "geometry": {
        "type": "Point",
        "coordinates": [
          -0.139724,
          51.502461
        ]
      },
      "properties": {
        "timestamp": "2025-08-14T19:57:29Z"
      }
    },
    {
      "type": "Feature",
      "geometry": {
        "type": "Point",
        "coordinates": [
          -0.139724,
          51.502462
        ]
      },
      "properties": {
        "timestamp": "2025-08-14T19:57:30Z"
      }
    },
    {
      "type": "Feature",
      "geometry": {
        "type": "Point",
        "coordinates": [
          -0.139724,
          51.502463
        ]
      },
      "properties": {
        "timestamp": "2025-08-14T19:57:30Z"
      }
    },
    {
      "type": "Feature",
      "geometry": {
        "type": "Point",
        "coordinates": [
          -0.139724,
          51.502463
        ]
      },
      "properties": {
        "timestamp": "2025-08-14T19:57:31Z"
      }
    },
    {
      "type": "Feature",
      "geometry": {
        "type": "Point",
        "coordinates": [
          -0.139723,
          51.502463
        ]
      },
      "properties": {
        "timestamp": "2025-08-14T19:57:32Z"
      }
    },
    {
      "type": "Feature",
      "geometry": {
        "type": "Point",
        "coordinates": [
          -0.139722,
          51.502463
        ]
      },
      "properties": {
        "timestamp": "2025-08-14T19:57:33Z"
      }
    },
    {
      "type": "Feature",
      "geometry": {
        "type": "Point",
        "coordinates": [
          -0.139721,
          51.502463
        ]
      },
      "properties": {
        "timestamp": "2025-08-14T19:57:34Z"
      }
    },
    {
      "type": "Feature",
      "geometry": {
        "type": "Point",
        "coordinates": [
          -0.139721,
          51.502463
        ]
      },
      "properties": {
        "timestamp": "2025-08-14T19:57:35Z"
      }
    },
    {
      "type": "Feature",
      "geometry": {
        "type": "Point",
        "coordinates": [
          -0.139721,
          51.502463
        ]
      },
      "properties": {
        "timestamp": "2025-08-14T19:57:36Z"
      }
    },
    {
      "type": "Feature",
      "geometry": {
        "type": "Point",
        "coordinates": [
          -0.139722,
          51.502463
        ]
      },
      "properties": {
        "timestamp": "2025-08-14T19:57:37Z"
      }
    },
    {
      "type": "Feature",
      "geometry": {
        "type": "Point",
        "coordinates": [
          -0.139722,
          51.502463
        ]
      },
      "properties": {
        "timestamp": "2025-08-14T19:57:38Z"
      }
    },
    {
      "type": "Feature",
      "geometry": {
        "type": "Point",
        "coordinates": [
          -0.139723,
          51.502463
        ]
      },
      "properties": {
        "timestamp": "2025-08-14T19:57:39Z"
      }
    },
    {
      "type": "Feature",
      "geometry": {
        "type": "Point",
        "coordinates": [
          -0.139723,
          51.502462
        ]
      },
      "properties": {
        "timestamp": "2025-08-14T19:57:40Z"
      }
    },
    {
      "type": "Feature",
      "geometry": {
        "type": "Point",
        "coordinates": [
          -0.139723,
          51.502462
        ]
      },
      "properties": {
        "timestamp": "2025-08-14T19:57:41Z"
      }
    },
    {
      "type": "Feature",
      "geometry": {
        "type": "Point",
        "coordinates": [
          -0.139722,
          51.502462
        ]
      },
      "properties": {
        "timestamp": "2025-08-14T19:57:42Z"
      }
    },
    {
      "type": "Feature",
      "geometry": {
        "type": "Point",
        "coordinates": [
          -0.139721,
          51.502461
        ]
      },
      "properties": {
        "timestamp": "2025-08-14T19:57:43Z"
      }
    },
    {
      "type": "Feature",
      "geometry": {
        "type": "Point",
        "coordinates": [
          -0.139719,
          51.50246
        ]
      },
      "properties": {
        "timestamp": "2025-08-14T19:57:44Z"
      }
    },
    {
      "type": "Feature",
      "geometry": {
        "type": "Point",
        "coordinates": [
          -0.139716,
          51.502459
        ]
      },
      "properties": {
        "timestamp": "2025-08-14T19:57:45Z"
      }
    },
    {
      "type": "Feature",
      "geometry": {
        "type": "Point",
        "coordinates": [
          -0.139715,
          51.502459
        ]
      },
      "properties": {
        "timestamp": "2025-08-14T19:57:46Z"
      }
    },
    {
      "type": "Feature",
      "geometry": {
        "type": "Point",
        "coordinates": [
          -0.139716,
          51.502459
        ]
      },
      "properties": {
        "timestamp": "2025-08-14T19:57:47Z"
      }
    },
    {
      "type": "Feature",
      "geometry": {
        "type": "Point",
        "coordinates": [
          -0.139716,
          51.502459
        ]
      },
      "properties": {
        "timestamp": "2025-08-14T19:57:48Z"
      }
    },
    {
      "type": "Feature",
      "geometry": {
        "type": "Point",
        "coordinates": [
          -0.139717,
          51.502459
        ]
      },
      "properties": {
        "timestamp": "2025-08-14T19:57:49Z"
      }
    },
    {
      "type": "Feature",
      "geometry": {
        "type": "Point",
        "coordinates": [
          -0.139718,
          51.502459
        ]
      },
      "properties": {
        "timestamp": "2025-08-14T19:57:50Z"
      }
    },
    {
      "type": "Feature",
      "geometry": {
        "type": "Point",
        "coordinates": [
          -0.139719,
          51.502458
        ]
      },
      "properties": {
        "timestamp": "2025-08-14T19:57:51Z"
      }
    },
    {
      "type": "Feature",
      "geometry": {
        "type": "Point",
        "coordinates": [
          -0.139719,
          51.502457
        ]
      },
      "properties": {
        "timestamp": "2025-08-14T19:57:52Z"
      }
    },
    {
      "type": "Feature",
      "geometry": {
        "type": "Point",
        "coordinates": [
          -0.139718,
          51.502456
        ]
      },
      "properties": {
        "timestamp": "2025-08-14T19:57:53Z"
      }
    },
    {
      "type": "Feature",
      "geometry": {
        "type": "Point",
        "coordinates": [
          -0.139716,
          51.502455
        ]
      },
      "properties": {
        "timestamp": "2025-08-14T19:57:54Z"
      }
    },
    {
      "type": "Feature",
      "geometry": {
        "type": "Point",
        "coordinates": [
          -0.139716,
          51.502454
        ]
      },
      "properties": {
        "timestamp": "2025-08-14T19:57:55Z"
      }
    },
    {
      "type": "Feature",
      "geometry": {
        "type": "Point",
        "coordinates": [
          -0.139715,
          51.502453
        ]
      },
      "properties": {
        "timestamp": "2025-08-14T19:57:56Z"
      }
    },
    {
      "type": "Feature",
      "geometry": {
        "type": "Point",
        "coordinates": [
          -0.139716,
          51.502453
        ]
      },
      "properties": {
        "timestamp": "2025-08-14T19:57:57Z"
      }
    },
    {
      "type": "Feature",
      "geometry": {
        "type": "Point",
        "coordinates": [
          -0.139716,
          51.502453
        ]
      },
      "properties": {
        "timestamp": "2025-08-14T19:57:58Z"
      }
    },
    {
      "type": "Feature",
      "geometry": {
        "type": "Point",
        "coordinates": [
          -0.139718,
          51.502454
        ]
      },
      "properties": {
        "timestamp": "2025-08-14T19:57:59Z"
      }
    },
    {
      "type": "Feature",
      "geometry": {
        "type": "Point",
        "coordinates": [
          -0.139721,
          51.502455
        ]
      },
      "properties": {
        "timestamp": "2025-08-14T19:58:00Z"
      }
    },
    {
      "type": "Feature",
      "geometry": {
        "type": "Point",
        "coordinates": [
          -0.139724,
          51.502456
        ]
      },
      "properties": {
        "timestamp": "2025-08-14T19:58:01Z"
      }
    },
    {
      "type": "Feature",
      "geometry": {
        "type": "Point",
        "coordinates": [
          -0.139728,
          51.502458
        ]
      },
      "properties": {
        "timestamp": "2025-08-14T19:58:02Z"
      }
    },
    {
      "type": "Feature",
      "geometry": {
        "type": "Point",
        "coordinates": [
          -0.139733,
          51.50246
        ]
      },
      "properties": {
        "timestamp": "2025-08-14T19:58:03Z"
      }
    },
    {
      "type": "Feature",
      "geometry": {
        "type": "Point",
        "coordinates": [
          -0.139738,
          51.502462
        ]
      },
      "properties": {
        "timestamp": "2025-08-14T19:58:04Z"
      }
    },
    {
      "type": "Feature",
      "geometry": {
        "type": "Point",
        "coordinates": [
          -0.139743,
          51.502465
        ]
      },
      "properties": {
        "timestamp": "2025-08-14T19:58:05Z"
      }
    },
    {
      "type": "Feature",
      "geometry": {
        "type": "Point",
        "coordinates": [
          -0.139747,
          51.502467
        ]
      },
      "properties": {
        "timestamp": "2025-08-14T19:58:06Z"
      }
    },
    {
      "type": "Feature",
      "geometry": {
        "type": "Point",
        "coordinates": [
          -0.139749,
          51.502468
        ]
      },
      "properties": {
        "timestamp": "2025-08-14T19:58:07Z"
      }
    },
    {
      "type": "Feature",
      "geometry": {
        "type": "Point",
        "coordinates": [
          -0.139749,
          51.502469
        ]
      },
      "properties": {
        "timestamp": "2025-08-14T19:58:08Z"
      }
    },
    {
      "type": "Feature",
      "geometry": {
        "type": "Point",
        "coordinates": [
          -0.139749,
          51.50247
        ]
      },
      "properties": {
        "timestamp": "2025-08-14T19:58:09Z"
      }
    },
    {
      "type": "Feature",
      "geometry": {
        "type": "Point",
        "coordinates": [
          -0.139749,
          51.50247
        ]
      },
      "properties": {
        "timestamp": "2025-08-14T19:58:10Z"
      }
    },
    {
      "type": "Feature",
      "geometry": {
        "type": "Point",
        "coordinates": [
          -0.139749,
          51.50247
        ]
      },
      "properties": {
        "timestamp": "2025-08-14T19:58:11Z"
      }
    },
    {
      "type": "Feature",
      "geometry": {
        "type": "Point",
        "coordinates": [
          -0.139749,
          51.50247
        ]
      },
      "properties": {
        "timestamp": "2025-08-14T19:58:12Z"
      }
    },
    {
      "type": "Feature",
      "geometry": {
        "type": "Point",
        "coordinates": [
          -0.139749,
          51.502471
        ]
      },
      "properties": {
        "timestamp": "2025-08-14T19:58:13Z"
      }
    },
    {
      "type": "Feature",
      "geometry": {
        "type": "Point",
        "coordinates": [
          -0.139749,
          51.502471
        ]
      },
      "properties": {
        "timestamp": "2025-08-14T19:58:14Z"
      }
    },
    {
      "type": "Feature",
      "geometry": {
        "type": "Point",
        "coordinates": [
          -0.139748,
          51.502471
        ]
      },
      "properties": {
        "timestamp": "2025-08-14T19:58:15Z"
      }
    },
    {
      "type": "Feature",
      "geometry": {
        "type": "Point",
        "coordinates": [
          -0.139748,
          51.502471
        ]
      },
      "properties": {
        "timestamp": "2025-08-14T19:58:16Z"
      }
    },
    {
      "type": "Feature",
      "geometry": {
        "type": "Point",
        "coordinates": [
          -0.139747,
          51.502471
        ]
      },
      "properties": {
        "timestamp": "2025-08-14T19:58:17Z"
      }
    },
    {
      "type": "Feature",
      "geometry": {
        "type": "Point",
        "coordinates": [
          -0.139747,
          51.502471
        ]
      },
      "properties": {
        "timestamp": "2025-08-14T19:58:18Z"
      }
    },
    {
      "type": "Feature",
      "geometry": {
        "type": "Point",
        "coordinates": [
          -0.139746,
          51.50247
        ]
      },
      "properties": {
        "timestamp": "2025-08-14T19:58:19Z"
      }
    },
    {
      "type": "Feature",
      "geometry": {
        "type": "Point",
        "coordinates": [
          -0.139746,
          51.50247
        ]
      },
      "properties": {
        "timestamp": "2025-08-14T19:58:20Z"
      }
    },
    {
      "type": "Feature",
      "geometry": {
        "type": "Point",
        "coordinates": [
          -0.139745,
          51.502469
        ]
      },
      "properties": {
        "timestamp": "2025-08-14T19:58:21Z"
      }
    },
    {
      "type": "Feature",
      "geometry": {
        "type": "Point",
        "coordinates": [
          -0.139743,
          51.502468
        ]
      },
      "properties": {
        "timestamp": "2025-08-14T19:58:22Z"
      }
    },
    {
      "type": "Feature",
      "geometry": {
        "type": "Point",
        "coordinates": [
          -0.139741,
          51.502467
        ]
      },
      "properties": {
        "timestamp": "2025-08-14T19:58:23Z"
      }
    },
    {
      "type": "Feature",
      "geometry": {
        "type": "Point",
        "coordinates": [
          -0.139739,
          51.502467
        ]
      },
      "properties": {
        "timestamp": "2025-08-14T19:58:24Z"
      }
    },
    {
      "type": "Feature",
      "geometry": {
        "type": "Point",
        "coordinates": [
          -0.139735,
          51.502466
        ]
      },
      "properties": {
        "timestamp": "2025-08-14T19:58:25Z"
      }
    },
    {
      "type": "Feature",
      "geometry": {
        "type": "Point",
        "coordinates": [
          -0.139732,
          51.502465
        ]
      },
      "properties": {
        "timestamp": "2025-08-14T19:58:26Z"
      }
    },
    {
      "type": "Feature",
      "geometry": {
        "type": "Point",
        "coordinates": [
          -0.139727,
          51.502464
        ]
      },
      "properties": {
        "timestamp": "2025-08-14T19:58:27Z"
      }
    },
    {
      "type": "Feature",
      "geometry": {
        "type": "Point",
        "coordinates": [
          -0.139722,
          51.502463
        ]
      },
      "properties": {
        "timestamp": "2025-08-14T19:58:28Z"
      }
    },
    {
      "type": "Feature",
      "geometry": {
        "type": "Point",
        "coordinates": [
          -0.139716,
          51.502461
        ]
      },
      "properties": {
        "timestamp": "2025-08-14T19:58:29Z"
      }
    },
    {
      "type": "Feature",
      "geometry": {
        "type": "Point",
        "coordinates": [
          -0.139711,
          51.502458
        ]
      },
      "properties": {
        "timestamp": "2025-08-14T19:58:30Z"
      }
    },
    {
      "type": "Feature",
      "geometry": {
        "type": "Point",
        "coordinates": [
          -0.139707,
          51.502455
        ]
      },
      "properties": {
        "timestamp": "2025-08-14T19:58:31Z"
      }
    },
    {
      "type": "Feature",
      "geometry": {
        "type": "Point",
        "coordinates": [
          -0.139704,
          51.502453
        ]
      },
      "properties": {
        "timestamp": "2025-08-14T19:58:32Z"
      }
    },
    {
      "type": "Feature",
      "geometry": {
        "type": "Point",
        "coordinates": [
          -0.139701,
          51.502451
        ]
      },
      "properties": {
        "timestamp": "2025-08-14T19:58:33Z"
      }
    },
    {
      "type": "Feature",
      "geometry": {
        "type": "Point",
        "coordinates": [
          -0.139696,
          51.502449
        ]
      },
      "properties": {
        "timestamp": "2025-08-14T19:58:34Z"
      }
    },
    {
      "type": "Feature",
      "geometry": {
        "type": "Point",
        "coordinates": [
          -0.139691,
          51.502447
        ]
      },
      "properties": {
        "timestamp": "2025-08-14T19:58:35Z"
      }
    },
    {
      "type": "Feature",
      "geometry": {
        "type": "Point",
        "coordinates": [
          -0.139685,
          51.502444
        ]
      },
      "properties": {
        "timestamp": "2025-08-14T19:58:36Z"
      }
    },
    {
      "type": "Feature",
      "geometry": {
        "type": "Point",
        "coordinates": [
          -0.139679,
          51.50244
        ]
      },
      "properties": {
        "timestamp": "2025-08-14T19:58:37Z"
      }
    },
    {
      "type": "Feature",
      "geometry": {
        "type": "Point",
        "coordinates": [
          -0.139673,
          51.502435
        ]
      },
      "properties": {
        "timestamp": "2025-08-14T19:58:38Z"
      }
    },
    {
      "type": "Feature",
      "geometry": {
        "type": "Point",
        "coordinates": [
          -0.139668,
          51.502429
        ]
      },
      "properties": {
        "timestamp": "2025-08-14T19:58:39Z"
      }
    },
    {
      "type": "Feature",
      "geometry": {
        "type": "Point",
        "coordinates": [
          -0.139663,
          51.502422
        ]
      },
      "properties": {
        "timestamp": "2025-08-14T19:58:40Z"
      }
    },
    {
      "type": "Feature",
      "geometry": {
        "type": "Point",
        "coordinates": [
          -0.139658,
          51.502415
        ]
      },
      "properties": {
        "timestamp": "2025-08-14T19:58:41Z"
      }
    },
    {
      "type": "Feature",
      "geometry": {
        "type": "Point",
        "coordinates": [
          -0.139656,
          51.502409
        ]
      },
      "properties": {
        "timestamp": "2025-08-14T19:58:42Z"
      }
    },
    {
      "type": "Feature",
      "geometry": {
        "type": "Point",
        "coordinates": [
          -0.139656,
          51.502406
        ]
      },
      "properties": {
        "timestamp": "2025-08-14T19:58:43Z"
      }
    },
    {
      "type": "Feature",
      "geometry": {
        "type": "Point",
        "coordinates": [
          -0.139658,
          51.502406
        ]
      },
      "properties": {
        "timestamp": "2025-08-14T19:58:44Z"
      }
    },
    {
      "type": "Feature",
      "geometry": {
        "type": "Point",
        "coordinates": [
          -0.13966,
          51.502408
        ]
      },
      "properties": {
        "timestamp": "2025-08-14T19:58:45Z"
      }
    },
    {
      "type": "Feature",
      "geometry": {
        "type": "Point",
        "coordinates": [
          -0.139662,
          51.502409
        ]
      },
      "properties": {
        "timestamp": "2025-08-14T19:58:46Z"
      }
    },
    {
      "type": "Feature",
      "geometry": {
        "type": "Point",
        "coordinates": [
          -0.139663,
          51.502411
        ]
      },
      "properties": {
        "timestamp": "2025-08-14T19:58:47Z"
      }
    },
    {
      "type": "Feature",
      "geometry": {
        "type": "Point",
        "coordinates": [
          -0.139664,
          51.502412
        ]
      },
      "properties": {
        "timestamp": "2025-08-14T19:58:48Z"
      }
    },
    {
      "type": "Feature",
      "geometry": {
        "type": "Point",
        "coordinates": [
          -0.139665,
          51.502413
        ]
      },
      "properties": {
        "timestamp": "2025-08-14T19:58:49Z"
      }
    },
    {
      "type": "Feature",
      "geometry": {
        "type": "Point",
        "coordinates": [
          -0.139665,
          51.502413
        ]
      },
      "properties": {
        "timestamp": "2025-08-14T19:58:50Z"
      }
    },
    {
      "type": "Feature",
      "geometry": {
        "type": "Point",
        "coordinates": [
          -0.139664,
          51.502412
        ]
      },
      "properties": {
        "timestamp": "2025-08-14T19:58:51Z"
      }
    },
    {
      "type": "Feature",
      "geometry": {
        "type": "Point",
        "coordinates": [
          -0.139661,
          51.502409
        ]
      },
      "properties": {
        "timestamp": "2025-08-14T19:58:52Z"
      }
    },
    {
      "type": "Feature",
      "geometry": {
        "type": "Point",
        "coordinates": [
          -0.139654,
          51.502405
        ]
      },
      "properties": {
        "timestamp": "2025-08-14T19:58:53Z"
      }
    },
    {
      "type": "Feature",
      "geometry": {
        "type": "Point",
        "coordinates": [
          -0.139644,
          51.502399
        ]
      },
      "properties": {
        "timestamp": "2025-08-14T19:58:54Z"
      }
    },
    {
      "type": "Feature",
      "geometry": {
        "type": "Point",
        "coordinates": [
          -0.139632,
          51.502392
        ]
      },
      "properties": {
        "timestamp": "2025-08-14T19:58:55Z"
      }
    },
    {
      "type": "Feature",
      "geometry": {
        "type": "Point",
        "coordinates": [
          -0.139623,
          51.502385
        ]
      },
      "properties": {
        "timestamp": "2025-08-14T19:58:56Z"
      }
    },
    {
      "type": "Feature",
      "geometry": {
        "type": "Point",
        "coordinates": [
          -0.139617,
          51.502381
        ]
      },
      "properties": {
        "timestamp": "2025-08-14T19:58:57Z"
      }
    },
    {
      "type": "Feature",
      "geometry": {
        "type": "Point",
        "coordinates": [
          -0.139614,
          51.502379
        ]
      },
      "properties": {
        "timestamp": "2025-08-14T19:58:58Z"
      }
    },
    {
      "type": "Feature",
      "geometry": {
        "type": "Point",
        "coordinates": [
          -0.139613,
          51.502376
        ]
      },
      "properties": {
        "timestamp": "2025-08-14T19:58:59Z"
      }
    },
    {
      "type": "Feature",
      "geometry": {
        "type": "Point",
        "coordinates": [
          -0.139611,
          51.502374
        ]
      },
      "properties": {
        "timestamp": "2025-08-14T19:59:00Z"
      }
    },
    {
      "type": "Feature",
      "geometry": {
        "type": "Point",
        "coordinates": [
          -0.139607,
          51.502371
        ]
      },
      "properties": {
        "timestamp": "2025-08-14T19:59:01Z"
      }
    },
    {
      "type": "Feature",
      "geometry": {
        "type": "Point",
        "coordinates": [
          -0.139603,
          51.502368
        ]
      },
      "properties": {
        "timestamp": "2025-08-14T19:59:02Z"
      }
    },
    {
      "type": "Feature",
      "geometry": {
        "type": "Point",
        "coordinates": [
          -0.139596,
          51.502364
        ]
      },
      "properties": {
        "timestamp": "2025-08-14T19:59:03Z"
      }
    },
    {
      "type": "Feature",
      "geometry": {
        "type": "Point",
        "coordinates": [
          -0.139587,
          51.502358
        ]
      },
      "properties": {
        "timestamp": "2025-08-14T19:59:04Z"
      }
    },
    {
      "type": "Feature",
      "geometry": {
        "type": "Point",
        "coordinates": [
          -0.139576,
          51.50235
        ]
      },
      "properties": {
        "timestamp": "2025-08-14T19:59:05Z"
      }
    },
    {
      "type": "Feature",
      "geometry": {
        "type": "Point",
        "coordinates": [
          -0.139559,
          51.502339
        ]
      },
      "properties": {
        "timestamp": "2025-08-14T19:59:06Z"
      }
    },
    {
      "type": "Feature",
      "geometry": {
        "type": "Point",
        "coordinates": [
          -0.139539,
          51.502325
        ]
      },
      "properties": {
        "timestamp": "2025-08-14T19:59:07Z"
      }
    },
    {
      "type": "Feature",
      "geometry": {
        "type": "Point",
        "coordinates": [
          -0.139516,
          51.502307
        ]
      },
      "properties": {
        "timestamp": "2025-08-14T19:59:08Z"
      }
    },
    {
      "type": "Feature",
      "geometry": {
        "type": "Point",
        "coordinates": [
          -0.139492,
          51.502287
        ]
      },
      "properties": {
        "timestamp": "2025-08-14T19:59:09Z"
      }
    },
    {
      "type": "Feature",
      "geometry": {
        "type": "Point",
        "coordinates": [
          -0.139469,
          51.502263
        ]
      },
      "properties": {
        "timestamp": "2025-08-14T19:59:10Z"
      }
    },
    {
      "type": "Feature",
      "geometry": {
        "type": "Point",
        "coordinates": [
          -0.139449,
          51.502235
        ]
      },
      "properties": {
        "timestamp": "2025-08-14T19:59:11Z"
      }
    },
    {
      "type": "Feature",
      "geometry": {
        "type": "Point",
        "coordinates": [
          -0.139428,
          51.502204
        ]
      },
      "properties": {
        "timestamp": "2025-08-14T19:59:12Z"
      }
    },
    {
      "type": "Feature",
      "geometry": {
        "type": "Point",
        "coordinates": [
          -0.139406,
          51.502173
        ]
      },
      "properties": {
        "timestamp": "2025-08-14T19:59:13Z"
      }
    },
    {
      "type": "Feature",
      "geometry": {
        "type": "Point",
        "coordinates": [
          -0.139384,
          51.502142
        ]
      },
      "properties": {
        "timestamp": "2025-08-14T19:59:14Z"
      }
    },
    {
      "type": "Feature",
      "geometry": {
        "type": "Point",
        "coordinates": [
          -0.139363,
          51.502111
        ]
      },
      "properties": {
        "timestamp": "2025-08-14T19:59:15Z"
      }
    },
    {
      "type": "Feature",
      "geometry": {
        "type": "Point",
        "coordinates": [
          -0.139343,
          51.502079
        ]
      },
      "properties": {
        "timestamp": "2025-08-14T19:59:16Z"
      }
    },
    {
      "type": "Feature",
      "geometry": {
        "type": "Point",
        "coordinates": [
          -0.139327,
          51.502046
        ]
      },
      "properties": {
        "timestamp": "2025-08-14T19:59:17Z"
      }
    },
    {
      "type": "Feature",
      "geometry": {
        "type": "Point",
        "coordinates": [
          -0.139313,
          51.502011
        ]
      },
      "properties": {
        "timestamp": "2025-08-14T19:59:18Z"
      }
    },
    {
      "type": "Feature",
      "geometry": {
        "type": "Point",
        "coordinates": [
          -0.139301,
          51.501974
        ]
      },
      "properties": {
        "timestamp": "2025-08-14T19:59:19Z"
      }
    },
    {
      "type": "Feature",
      "geometry": {
        "type": "Point",
        "coordinates": [
          -0.139291,
          51.501937
        ]
      },
      "properties": {
        "timestamp": "2025-08-14T19:59:20Z"
      }
    },
    {
      "type": "Feature",
      "geometry": {
        "type": "Point",
        "coordinates": [
          -0.139284,
          51.501904
        ]
      },
      "properties": {
        "timestamp": "2025-08-14T19:59:21Z"
      }
    },
    {
      "type": "Feature",
      "geometry": {
        "type": "Point",
        "coordinates": [
          -0.139281,
          51.501876
        ]
      },
      "properties": {
        "timestamp": "2025-08-14T19:59:22Z"
      }
    },
    {
      "type": "Feature",
      "geometry": {
        "type": "Point",
        "coordinates": [
          -0.139281,
          51.501849
        ]
      },
      "properties": {
        "timestamp": "2025-08-14T19:59:23Z"
      }
    },
    {
      "type": "Feature",
      "geometry": {
        "type": "Point",
        "coordinates": [
          -0.139283,
          51.501822
        ]
      },
      "properties": {
        "timestamp": "2025-08-14T19:59:24Z"
      }
    },
    {
      "type": "Feature",
      "geometry": {
        "type": "Point",
        "coordinates": [
          -0.139287,
          51.501793
        ]
      },
      "properties": {
        "timestamp": "2025-08-14T19:59:25Z"
      }
    },
    {
      "type": "Feature",
      "geometry": {
        "type": "Point",
        "coordinates": [
          -0.139294,
          51.501762
        ]
      },
      "properties": {
        "timestamp": "2025-08-14T19:59:26Z"
      }
    },
    {
      "type": "Feature",
      "geometry": {
        "type": "Point",
        "coordinates": [
          -0.139304,
          51.501732
        ]
      },
      "properties": {
        "timestamp": "2025-08-14T19:59:27Z"
      }
    },
    {
      "type": "Feature",
      "geometry": {
        "type": "Point",
        "coordinates": [
          -0.139314,
          51.501706
        ]
      },
      "properties": {
        "timestamp": "2025-08-14T19:59:28Z"
      }
    },
    {
      "type": "Feature",
      "geometry": {
        "type": "Point",
        "coordinates": [
          -0.139325,
          51.501682
        ]
      },
      "properties": {
        "timestamp": "2025-08-14T19:59:29Z"
      }
    },
    {
      "type": "Feature",
      "geometry": {
        "type": "Point",
        "coordinates": [
          -0.139338,
          51.501657
        ]
      },
      "properties": {
        "timestamp": "2025-08-14T19:59:30Z"
      }
    },
    {
      "type": "Feature",
      "geometry": {
        "type": "Point",
        "coordinates": [
          -0.139351,
          51.501634
        ]
      },
      "properties": {
        "timestamp": "2025-08-14T19:59:31Z"
      }
    },
    {
      "type": "Feature",
      "geometry": {
        "type": "Point",
        "coordinates": [
          -0.139371,
          51.501603
        ]
      },
      "properties": {
        "timestamp": "2025-08-14T19:59:32Z"
      }
    },
    {
      "type": "Feature",
      "geometry": {
        "type": "Point",
        "coordinates": [
          -0.139398,
          51.501565
        ]
      },
      "properties": {
        "timestamp": "2025-08-14T19:59:33Z"
      }
    },
    {
      "type": "Feature",
      "geometry": {
        "type": "Point",
        "coordinates": [
          -0.139422,
          51.501533
        ]
      },
      "properties": {
        "timestamp": "2025-08-14T19:59:34Z"
      }
    },
    {
      "type": "Feature",
      "geometry": {
        "type": "Point",
        "coordinates": [
          -0.139444,
          51.501509
        ]
      },
      "properties": {
        "timestamp": "2025-08-14T19:59:35Z"
      }
    },
    {
      "type": "Feature",
      "geometry": {
        "type": "Point",
        "coordinates": [
          -0.139466,
          51.501485
        ]
      },
      "properties": {
        "timestamp": "2025-08-14T19:59:36Z"
      }
    },
    {
      "type": "Feature",
      "geometry": {
        "type": "Point",
        "coordinates": [
          -0.139494,
          51.501458
        ]
      },
      "properties": {
        "timestamp": "2025-08-14T19:59:37Z"
      }
    },
    {
      "type": "Feature",
      "geometry": {
        "type": "Point",
        "coordinates": [
          -0.13953,
          51.501423
        ]
      },
      "properties": {
        "timestamp": "2025-08-14T19:59:38Z"
      }
    },
    {
      "type": "Feature",
      "geometry": {
        "type": "Point",
        "coordinates": [
          -0.139567,
          51.50139
        ]
      },
      "properties": {
        "timestamp": "2025-08-14T19:59:39Z"
      }
    },
    {
      "type": "Feature",
      "geometry": {
        "type": "Point",
        "coordinates": [
          -0.139602,
          51.501361
        ]
      },
      "properties": {
        "timestamp": "2025-08-14T19:59:40Z"
      }
    },
    {
      "type": "Feature",
      "geometry": {
        "type": "Point",
        "coordinates": [
          -0.139635,
          51.501335
        ]
      },
      "properties": {
        "timestamp": "2025-08-14T19:59:41Z"
      }
    },
    {
      "type": "Feature",
      "geometry": {
        "type": "Point",
        "coordinates": [
          -0.139661,
          51.501313
        ]
      },
      "properties": {
        "timestamp": "2025-08-14T19:59:42Z"
      }
    },
    {
      "type": "Feature",
      "geometry": {
        "type": "Point",
        "coordinates": [
          -0.139679,
          51.501293
        ]
      },
      "properties": {
        "timestamp": "2025-08-14T19:59:43Z"
      }
    },
    {
      "type": "Feature",
      "geometry": {
        "type": "Point",
        "coordinates": [
          -0.139692,
          51.501277
        ]
      },
      "properties": {
        "timestamp": "2025-08-14T19:59:44Z"
      }
    },
    {
      "type": "Feature",
      "geometry": {
        "type": "Point",
        "coordinates": [
          -0.139707,
          51.501263
        ]
      },
      "properties": {
        "timestamp": "2025-08-14T19:59:45Z"
      }
    },
    {
      "type": "Feature",
      "geometry": {
        "type": "Point",
        "coordinates": [
          -0.139726,
          51.50125
        ]
      },
      "properties": {
        "timestamp": "2025-08-14T19:59:46Z"
      }
    },
    {
      "type": "Feature",
      "geometry": {
        "type": "Point",
        "coordinates": [
          -0.139743,
          51.501237
        ]
      },
      "properties": {
        "timestamp": "2025-08-14T19:59:47Z"
      }
    },
    {
      "type": "Feature",
      "geometry": {
        "type": "Point",
        "coordinates": [
          -0.13975,
          51.501225
        ]
      },
      "properties": {
        "timestamp": "2025-08-14T19:59:48Z"
      }
    },
    {
      "type": "Feature",
      "geometry": {
        "type": "Point",
        "coordinates": [
          -0.139744,
          51.501214
        ]
      },
      "properties": {
        "timestamp": "2025-08-14T19:59:49Z"
      }
    },
    {
      "type": "Feature",
      "geometry": {
        "type": "Point",
        "coordinates": [
          -0.139725,
          51.501201
        ]
      },
      "properties": {
        "timestamp": "2025-08-14T19:59:50Z"
      }
    },
    {
      "type": "Feature",
      "geometry": {
        "type": "Point",
        "coordinates": [
          -0.139694,
          51.501183
        ]
      },
      "properties": {
        "timestamp": "2025-08-14T19:59:51Z"
      }
    },
    {
      "type": "Feature",
      "geometry": {
        "type": "Point",
        "coordinates": [
          -0.139654,
          51.501156
        ]
      },
      "properties": {
        "timestamp": "2025-08-14T19:59:52Z"
      }
    },
    {
      "type": "Feature",
      "geometry": {
        "type": "Point",
        "coordinates": [
          -0.139609,
          51.501126
        ]
      },
      "properties": {
        "timestamp": "2025-08-14T19:59:53Z"
      }
    },
    {
      "type": "Feature",
      "geometry": {
        "type": "Point",
        "coordinates": [
          -0.139564,
          51.501094
        ]
      },
      "properties": {
        "timestamp": "2025-08-14T19:59:54Z"
      }
    },
    {
      "type": "Feature",
      "geometry": {
        "type": "Point",
        "coordinates": [
          -0.139524,
          51.501061
        ]
      },
      "properties": {
        "timestamp": "2025-08-14T19:59:55Z"
      }
    },
    {
      "type": "Feature",
      "geometry": {
        "type": "Point",
        "coordinates": [
          -0.139489,
          51.501028
        ]
      },
      "properties": {
        "timestamp": "2025-08-14T19:59:56Z"
      }
    },
    {
      "type": "Feature",
      "geometry": {
        "type": "Point",
        "coordinates": [
          -0.139461,
          51.500999
        ]
      },
      "properties": {
        "timestamp": "2025-08-14T19:59:57Z"
      }
    },
    {
      "type": "Feature",
      "geometry": {
        "type": "Point",
        "coordinates": [
          -0.139438,
          51.500975
        ]
      },
      "properties": {
        "timestamp": "2025-08-14T19:59:58Z"
      }
    },
    {
      "type": "Feature",
      "geometry": {
        "type": "Point",
        "coordinates": [
          -0.139415,
          51.500951
        ]
      },
      "properties": {
        "timestamp": "2025-08-14T19:59:59Z"
      }
    },
    {
      "type": "Feature",
      "geometry": {
        "type": "Point",
        "coordinates": [
          -0.13939,
          51.500927
        ]
      },
      "properties": {
        "timestamp": "2025-08-14T20:00:00Z"
      }
    },
    {
      "type": "Feature",
      "geometry": {
        "type": "Point",
        "coordinates": [
          -0.139364,
          51.500899
        ]
      },
      "properties": {
        "timestamp": "2025-08-14T20:00:01Z"
      }
    },
    {
      "type": "Feature",
      "geometry": {
        "type": "Point",
        "coordinates": [
          -0.139337,
          51.500872
        ]
      },
      "properties": {
        "timestamp": "2025-08-14T20:00:02Z"
      }
    },
    {
      "type": "Feature",
      "geometry": {
        "type": "Point",
        "coordinates": [
          -0.139311,
          51.500845
        ]
      },
      "properties": {
        "timestamp": "2025-08-14T20:00:03Z"
      }
    },
    {
      "type": "Feature",
      "geometry": {
        "type": "Point",
        "coordinates": [
          -0.139285,
          51.500819
        ]
      },
      "properties": {
        "timestamp": "2025-08-14T20:00:04Z"
      }
    },
    {
      "type": "Feature",
      "geometry": {
        "type": "Point",
        "coordinates": [
          -0.139259,
          51.500793
        ]
      },
      "properties": {
        "timestamp": "2025-08-14T20:00:05Z"
      }
    },
    {
      "type": "Feature",
      "geometry": {
        "type": "Point",
        "coordinates": [
          -0.139231,
          51.500768
        ]
      },
      "properties": {
        "timestamp": "2025-08-14T20:00:06Z"
      }
    },
    {
      "type": "Feature",
      "geometry": {
        "type": "Point",
        "coordinates": [
          -0.139203,
          51.500744
        ]
      },
      "properties": {
        "timestamp": "2025-08-14T20:00:07Z"
      }
    },
    {
      "type": "Feature",
      "geometry": {
        "type": "Point",
        "coordinates": [
          -0.139175,
          51.500721
        ]
      },
      "properties": {
        "timestamp": "2025-08-14T20:00:08Z"
      }
    },
    {
      "type": "Feature",
      "geometry": {
        "type": "Point",
        "coordinates": [
          -0.139145,
          51.500699
        ]
      },
      "properties": {
        "timestamp": "2025-08-14T20:00:09Z"
      }
    },
    {
      "type": "Feature",
      "geometry": {
        "type": "Point",
        "coordinates": [
          -0.139116,
          51.500679
        ]
      },
      "properties": {
        "timestamp": "2025-08-14T20:00:10Z"
      }
    },
    {
      "type": "Feature",
      "geometry": {
        "type": "Point",
        "coordinates": [
          -0.139085,
          51.500662
        ]
      },
      "properties": {
        "timestamp": "2025-08-14T20:00:11Z"
      }
    },
    {
      "type": "Feature",
      "geometry": {
        "type": "Point",
        "coordinates": [
          -0.139047,
          51.500645
        ]
      },
      "properties": {
        "timestamp": "2025-08-14T20:00:12Z"
      }
    },
    {
      "type": "Feature",
      "geometry": {
        "type": "Point",
        "coordinates": [
          -0.138995,
          51.500626
        ]
      },
      "properties": {
        "timestamp": "2025-08-14T20:00:13Z"
      }
    },
    {
      "type": "Feature",
      "geometry": {
        "type": "Point",
        "coordinates": [
          -0.138931,
          51.500608
        ]
      },
      "properties": {
        "timestamp": "2025-08-14T20:00:14Z"
      }
    },
    {
      "type": "Feature",
      "geometry": {
        "type": "Point",
        "coordinates": [
          -0.138867,
          51.500594
        ]
      },
      "properties": {
        "timestamp": "2025-08-14T20:00:15Z"
      }
    },
    {
      "type": "Feature",
      "geometry": {
        "type": "Point",
        "coordinates": [
          -0.138808,
          51.500584
        ]
      },
      "properties": {
        "timestamp": "2025-08-14T20:00:16Z"
      }
    },
    {
      "type": "Feature",
      "geometry": {
        "type": "Point",
        "coordinates": [
          -0.138755,
          51.500576
        ]
      },
      "properties": {
        "timestamp": "2025-08-14T20:00:17Z"
      }
    },
    {
      "type": "Feature",
      "geometry": {
        "type": "Point",
        "coordinates": [
          -0.138712,
          51.500567
        ]
      },
      "properties": {
        "timestamp": "2025-08-14T20:00:18Z"
      }
    },
    {
      "type": "Feature",
      "geometry": {
        "type": "Point",
        "coordinates": [
          -0.13868,
          51.500557
        ]
      },
      "properties": {
        "timestamp": "2025-08-14T20:00:19Z"
      }
    },
    {
      "type": "Feature",
      "geometry": {
        "type": "Point",
        "coordinates": [
          -0.138659,
          51.500546
        ]
      },
      "properties": {
        "timestamp": "2025-08-14T20:00:20Z"
      }
    },
    {
      "type": "Feature",
      "geometry": {
        "type": "Point",
        "coordinates": [
          -0.138646,
          51.500535
        ]
      },
      "properties": {
        "timestamp": "2025-08-14T20:00:21Z"
      }
    },
    {
      "type": "Feature",
      "geometry": {
        "type": "Point",
        "coordinates": [
          -0.138636,
          51.500525
        ]
      },
      "properties": {
        "timestamp": "2025-08-14T20:00:22Z"
      }
    },
    {
      "type": "Feature",
      "geometry": {
        "type": "Point",
        "coordinates": [
          -0.138629,
          51.500514
        ]
      },
      "properties": {
        "timestamp": "2025-08-14T20:00:23Z"
      }
    },
    {
      "type": "Feature",
      "geometry": {
        "type": "Point",
        "coordinates": [
          -0.138622,
          51.500501
        ]
      },
      "properties": {
        "timestamp": "2025-08-14T20:00:24Z"
      }
    },
    {
      "type": "Feature",
      "geometry": {
        "type": "Point",
        "coordinates": [
          -0.138616,
          51.500484
        ]
      },
      "properties": {
        "timestamp": "2025-08-14T20:00:25Z"
      }
    },
    {
      "type": "Feature",
      "geometry": {
        "type": "Point",
        "coordinates": [
          -0.138613,
          51.500461
        ]
      },
      "properties": {
        "timestamp": "2025-08-14T20:00:26Z"
      }
    },
    {
      "type": "Feature",
      "geometry": {
        "type": "Point",
        "coordinates": [
          -0.138619,
          51.500432
        ]
      },
      "properties": {
        "timestamp": "2025-08-14T20:00:27Z"
      }
    },
    {
      "type": "Feature",
      "geometry": {
        "type": "Point",
        "coordinates": [
          -0.138636,
          51.500401
        ]
      },
      "properties": {
        "timestamp": "2025-08-14T20:00:28Z"
      }
    },
    {
      "type": "Feature",
      "geometry": {
        "type": "Point",
        "coordinates": [
          -0.138667,
          51.500376
        ]
      },
      "properties": {
        "timestamp": "2025-08-14T20:00:29Z"
      }
    },
    {
      "type": "Feature",
      "geometry": {
        "type": "Point",
        "coordinates": [
          -0.138708,
          51.500359
        ]
      },
      "properties": {
        "timestamp": "2025-08-14T20:00:30Z"
      }
    },
    {
      "type": "Feature",
      "geometry": {
        "type": "Point",
        "coordinates": [
          -0.138757,
          51.500349
        ]
      },
      "properties": {
        "timestamp": "2025-08-14T20:00:31Z"
      }
    },
    {
      "type": "Feature",
      "geometry": {
        "type": "Point",
        "coordinates": [
          -0.13881,
          51.500344
        ]
      },
      "properties": {
        "timestamp": "2025-08-14T20:00:32Z"
      }
    },
    {
      "type": "Feature",
      "geometry": {
        "type": "Point",
        "coordinates": [
          -0.138865,
          51.50034
        ]
      },
      "properties": {
        "timestamp": "2025-08-14T20:00:33Z"
      }
    },
    {
      "type": "Feature",
      "geometry": {
        "type": "Point",
        "coordinates": [
          -0.138919,
          51.500338
        ]
      },
      "properties": {
        "timestamp": "2025-08-14T20:00:34Z"
      }
    },
    {
      "type": "Feature",
      "geometry": {
        "type": "Point",
        "coordinates": [
          -0.138972,
          51.500337
        ]
      },
      "properties": {
        "timestamp": "2025-08-14T20:00:35Z"
      }
    },
    {
      "type": "Feature",
      "geometry": {
        "type": "Point",
        "coordinates": [
          -0.139022,
          51.500335
        ]
      },
      "properties": {
        "timestamp": "2025-08-14T20:00:36Z"
      }
    },
    {
      "type": "Feature",
      "geometry": {
        "type": "Point",
        "coordinates": [
          -0.139071,
          51.500333
        ]
      },
      "properties": {
        "timestamp": "2025-08-14T20:00:37Z"
      }
    },
    {
      "type": "Feature",
      "geometry": {
        "type": "Point",
        "coordinates": [
          -0.13912,
          51.500329
        ]
      },
      "properties": {
        "timestamp": "2025-08-14T20:00:38Z"
      }
    },
    {
      "type": "Feature",
      "geometry": {
        "type": "Point",
        "coordinates": [
          -0.139169,
          51.500325
        ]
      },
      "properties": {
        "timestamp": "2025-08-14T20:00:39Z"
      }
    },
    {
      "type": "Feature",
      "geometry": {
        "type": "Point",
        "coordinates": [
          -0.13922,
          51.50032
        ]
      },
      "properties": {
        "timestamp": "2025-08-14T20:00:40Z"
      }
    },
    {
      "type": "Feature",
      "geometry": {
        "type": "Point",
        "coordinates": [
          -0.139272,
          51.500313
        ]
      },
      "properties": {
        "timestamp": "2025-08-14T20:00:41Z"
      }
    },
    {
      "type": "Feature",
      "geometry": {
        "type": "Point",
        "coordinates": [
          -0.139326,
          51.500307
        ]
      },
      "properties": {
        "timestamp": "2025-08-14T20:00:42Z"
      }
    },
    {
      "type": "Feature",
      "geometry": {
        "type": "Point",
        "coordinates": [
          -0.139377,
          51.500299
        ]
      },
      "properties": {
        "timestamp": "2025-08-14T20:00:43Z"
      }
    },
    {
      "type": "Feature",
      "geometry": {
        "type": "Point",
        "coordinates": [
          -0.139427,
          51.500292
        ]
      },
      "properties": {
        "timestamp": "2025-08-14T20:00:44Z"
      }
    },
    {
      "type": "Feature",
      "geometry": {
        "type": "Point",
        "coordinates": [
          -0.139476,
          51.500284
        ]
      },
      "properties": {
        "timestamp": "2025-08-14T20:00:45Z"
      }
    },
    {
      "type": "Feature",
      "geometry": {
        "type": "Point",
        "coordinates": [
          -0.139525,
          51.500277
        ]
      },
      "properties": {
        "timestamp": "2025-08-14T20:00:46Z"
      }
    },
    {
      "type": "Feature",
      "geometry": {
        "type": "Point",
        "coordinates": [
          -0.139578,
          51.500269
        ]
      },
      "properties": {
        "timestamp": "2025-08-14T20:00:47Z"
      }
    },
    {
      "type": "Feature",
      "geometry": {
        "type": "Point",
        "coordinates": [
          -0.139632,
          51.500262
        ]
      },
      "properties": {
        "timestamp": "2025-08-14T20:00:48Z"
      }
    },
    {
      "type": "Feature",
      "geometry": {
        "type": "Point",
        "coordinates": [
          -0.139686,
          51.500254
        ]
      },
      "properties": {
        "timestamp": "2025-08-14T20:00:49Z"
      }
    },
    {
      "type": "Feature",
      "geometry": {
        "type": "Point",
        "coordinates": [
          -0.139737,
          51.500248
        ]
      },
      "properties": {
        "timestamp": "2025-08-14T20:00:50Z"
      }
    },
    {
      "type": "Feature",
      "geometry": {
        "type": "Point",
        "coordinates": [
          -0.139779,
          51.500243
        ]
      },
      "properties": {
        "timestamp": "2025-08-14T20:00:51Z"
      }
    },
    {
      "type": "Feature",
      "geometry": {
        "type": "Point",
        "coordinates": [
          -0.139815,
          51.500239
        ]
      },
      "properties": {
        "timestamp": "2025-08-14T20:00:52Z"
      }
    },
    {
      "type": "Feature",
      "geometry": {
        "type": "Point",
        "coordinates": [
          -0.139851,
          51.500236
        ]
      },
      "properties": {
        "timestamp": "2025-08-14T20:00:53Z"
      }
    },
    {
      "type": "Feature",
      "geometry": {
        "type": "Point",
        "coordinates": [
          -0.139889,
          51.500233
        ]
      },
      "properties": {
        "timestamp": "2025-08-14T20:00:54Z"
      }
    },
    {
      "type": "Feature",
      "geometry": {
        "type": "Point",
        "coordinates": [
          -0.13993,
          51.500229
        ]
      },
      "properties": {
        "timestamp": "2025-08-14T20:00:55Z"
      }
    },
    {
      "type": "Feature",
      "geometry": {
        "type": "Point",
        "coordinates": [
          -0.139972,
          51.500226
        ]
      },
      "properties": {
        "timestamp": "2025-08-14T20:00:56Z"
      }
    },
    {
      "type": "Feature",
      "geometry": {
        "type": "Point",
        "coordinates": [
          -0.140016,
          51.500224
        ]
      },
      "properties": {
        "timestamp": "2025-08-14T20:00:57Z"
      }
    },
    {
      "type": "Feature",
      "geometry": {
        "type": "Point",
        "coordinates": [
          -0.140062,
          51.500222
        ]
      },
      "properties": {
        "timestamp": "2025-08-14T20:00:58Z"
      }
    },
    {
      "type": "Feature",
      "geometry": {
        "type": "Point",
        "coordinates": [
          -0.140108,
          51.500219
        ]
      },
      "properties": {
        "timestamp": "2025-08-14T20:00:59Z"
      }
    },
    {
      "type": "Feature",
      "geometry": {
        "type": "Point",
        "coordinates": [
          -0.140154,
          51.500215
        ]
      },
      "properties": {
        "timestamp": "2025-08-14T20:01:00Z"
      }
    },
    {
      "type": "Feature",
      "geometry": {
        "type": "Point",
        "coordinates": [
          -0.1402,
          51.50021
        ]
      },
      "properties": {
        "timestamp": "2025-08-14T20:01:01Z"
      }
    },
    {
      "type": "Feature",
      "geometry": {
        "type": "Point",
        "coordinates": [
          -0.140245,
          51.500206
        ]
      },
      "properties": {
        "timestamp": "2025-08-14T20:01:02Z"
      }
    },
    {
      "type": "Feature",
      "geometry": {
        "type": "Point",
        "coordinates": [
          -0.140287,
          51.500202
        ]
      },
      "properties": {
        "timestamp": "2025-08-14T20:01:03Z"
      }
    },
    {
      "type": "Feature",
      "geometry": {
        "type": "Point",
        "coordinates": [
          -0.140328,
          51.500198
        ]
      },
      "properties": {
        "timestamp": "2025-08-14T20:01:04Z"
      }
    },
    {
      "type": "Feature",
      "geometry": {
        "type": "Point",
        "coordinates": [
          -0.14037,
          51.500193
        ]
      },
      "properties": {
        "timestamp": "2025-08-14T20:01:05Z"
      }
    },
    {
      "type": "Feature",
      "geometry": {
        "type": "Point",
        "coordinates": [
          -0.140418,
          51.500187
        ]
      },
      "properties": {
        "timestamp": "2025-08-14T20:01:06Z"
      }
    },
    {
      "type": "Feature",
      "geometry": {
        "type": "Point",
        "coordinates": [
          -0.14047,
          51.500178
        ]
      },
      "properties": {
        "timestamp": "2025-08-14T20:01:07Z"
      }
    },
    {
      "type": "Feature",
      "geometry": {
        "type": "Point",
        "coordinates": [
          -0.140517,
          51.500168
        ]
      },
      "properties": {
        "timestamp": "2025-08-14T20:01:08Z"
      }
    },
    {
      "type": "Feature",
      "geometry": {
        "type": "Point",
        "coordinates": [
          -0.140556,
          51.500156
        ]
      },
      "properties": {
        "timestamp": "2025-08-14T20:01:09Z"
      }
    },
    {
      "type": "Feature",
      "geometry": {
        "type": "Point",
        "coordinates": [
          -0.140583,
          51.500146
        ]
      },
      "properties": {
        "timestamp": "2025-08-14T20:01:10Z"
      }
    },
    {
      "type": "Feature",
      "geometry": {
        "type": "Point",
        "coordinates": [
          -0.140599,
          51.500139
        ]
      },
      "properties": {
        "timestamp": "2025-08-14T20:01:11Z"
      }
    },
    {
      "type": "Feature",
      "geometry": {
        "type": "Point",
        "coordinates": [
          -0.140608,
          51.500134
        ]
      },
      "properties": {
        "timestamp": "2025-08-14T20:01:12Z"
      }
    },
    {
      "type": "Feature",
      "geometry": {
        "type": "Point",
        "coordinates": [
          -0.140616,
          51.500131
        ]
      },
      "properties": {
        "timestamp": "2025-08-14T20:01:13Z"
      }
    },
    {
      "type": "Feature",
      "geometry": {
        "type": "Point",
        "coordinates": [
          -0.140623,
          51.500128
        ]
      },
      "properties": {
        "timestamp": "2025-08-14T20:01:14Z"
      }
    },
    {
      "type": "Feature",
      "geometry": {
        "type": "Point",
        "coordinates": [
          -0.140629,
          51.500126
        ]
      },
      "properties": {
        "timestamp": "2025-08-14T20:01:15Z"
      }
    },
    {
      "type": "Feature",
      "geometry": {
        "type": "Point",
        "coordinates": [
          -0.140634,
          51.500125
        ]
      },
      "properties": {
        "timestamp": "2025-08-14T20:01:16Z"
      }
    },
    {
      "type": "Feature",
      "geometry": {
        "type": "Point",
        "coordinates": [
          -0.140637,
          51.500124
        ]
      },
      "properties": {
        "timestamp": "2025-08-14T20:01:17Z"
      }
    },
    {
      "type": "Feature",
      "geometry": {
        "type": "Point",
        "coordinates": [
          -0.140639,
          51.500124
        ]
      },
      "properties": {
        "timestamp": "2025-08-14T20:01:18Z"
      }
    },
    {
      "type": "Feature",
      "geometry": {
        "type": "Point",
        "coordinates": [
          -0.14064,
          51.500124
        ]
      },
      "properties": {
        "timestamp": "2025-08-14T20:01:19Z"
      }
    },
    {
      "type": "Feature",
      "geometry": {
        "type": "Point",
        "coordinates": [
          -0.140639,
          51.500125
        ]
      },
      "properties": {
        "timestamp": "2025-08-14T20:01:20Z"
      }
    },
    {
      "type": "Feature",
      "geometry": {
        "type": "Point",
        "coordinates": [
          -0.140636,
          51.500127
        ]
      },
      "properties": {
        "timestamp": "2025-08-14T20:01:21Z"
      }
    },
    {
      "type": "Feature",
      "geometry": {
        "type": "Point",
        "coordinates": [
          -0.140632,
          51.500131
        ]
      },
      "properties": {
        "timestamp": "2025-08-14T20:01:22Z"
      }
    }
  ]
}