{
  "type": "FeatureCollection",
  "features": [
    {
      "type": "Feature",
      "geometry": {
        "type": "Point",
        "coordinates": [
          -73.9997524,
          40.7470991
        ]
      },
      "properties": {
        "timestamp": "2012-03-11T15:05:00Z"
      }
    },
    {
      "type": "Feature",
      "geometry": {
        "type": "Point",
        "coordinates": [
          -74.0002007,
          40.7467734
        ]
      },
      "properties": {
        "timestamp": "2012-03-11T15:05:09Z"
      }
    },
    {
      "type": "Feature",
      "geometry": {
        "type": "Point",
        "coordinates": [
          -74.0003584,
          40.7467116
        ]
      },
      "properties": {
        "timestamp": "2012-03-11T15:05:13Z"
      }
    },
    {
      "type": "Feature",
      "geometry": {
        "type": "Point",
        "coordinates": [
          -74.0003584,
          40.7467116
        ]
      },
      "properties": {
        "timestamp": "2012-03-11T15:05:15Z"
      }
    },
    {
      "type": "Feature",
      "geometry": {
        "type": "Point",
        "coordinates": [
          -74.0004744,
          40.7466548
        ]
      },
      "properties": {
        "timestamp": "2012-03-11T15:05:17Z"
      }
    },
    {
      "type": "Feature",
      "geometry": {
        "type": "Point",
        "coordinates": [
          -74.0004744,
          40.7466548
        ]
      },
      "properties": {
        "timestamp": "2012-03-11T15:05:19Z"
      }
    },
    {
      "type": "Feature",
      "geometry": {
        "type": "Point",
        "coordinates": [
          -74.0004744,
          40.7466548
        ]
      },
      "properties": {
        "timestamp": "2012-03-11T15:05:21Z"
      }
    },
    {
      "type": "Feature",
      "geometry": {
        "type": "Point",
        "coordinates": [
          -74.0004744,
          40.7466548
        ]
      },
      "properties": {
        "timestamp": "2012-03-11T15:05:23Z"
      }
    },
    {
      "type": "Feature",
      "geometry": {
        "type": "Point",
        "coordinates": [
          -74.0004744,
          40.7466548
        ]
      },
      "properties": {
        "timestamp": "2012-03-11T15:05:25Z"
      }
    },
    {
      "type": "Feature",
      "geometry": {
        "type": "Point",
        "coordinates": [
          -74.0004744,
          40.7466548
        ]
      },
      "properties": {
        "timestamp": "2012-03-11T15:05:27Z"
      }
    },
    {
      "type": "Feature",
      "geometry": {
        "type": "Point",
        "coordinates": [
          -74.0004744,
          40.7466548
        ]
      },
      "properties": {
        "timestamp": "2012-03-11T15:05:29Z"
      }
    },
    {
      "type": "Feature",
      "geometry": {
        "type": "Point",
        "coordinates": [
          -74.0004787,
          40.7466593
        ]
      },
      "properties": {
        "timestamp": "2012-03-11T15:05:31Z"
      }
    },
    {
      "type": "Feature",
      "geometry": {
        "type": "Point",
        "coordinates": [
          -74.0004839,
          40.7466703
        ]
      },
      "properties": {
        "timestamp": "2012-03-11T15:05:33Z"
      }
    },
    {
      "type": "Feature",
      "geometry": {
        "type": "Point",
        "coordinates": [
          -74.0005155,
          40.7466868
        ]
      },
      "properties": {
        "timestamp": "2012-03-11T15:05:35Z"
      }
    },
    {
      "type": "Feature",
      "geometry": {
        "type": "Point",
        "coordinates": [
          -74.0005445,
          40.7467077
        ]
      },
      "properties": {
        "timestamp": "2012-03-11T15:05:37Z"
      }
    },
    {
      "type": "Feature",
      "geometry": {
        "type": "Point",
        "coordinates": [
          -74.0005665,
          40.7467364
        ]
      },
      "properties": {
        "timestamp": "2012-03-11T15:05:39Z"
      }
    },
    {
      "type": "Feature",
      "geometry": {
        "type": "Point",
        "coordinates": [
          -74.0005854,
          40.7467688
        ]
      },
      "properties": {
        "timestamp": "2012-03-11T15:05:41Z"
      }
    },
    {
      "type": "Feature",
      "geometry": {
        "type": "Point",
        "coordinates": [
          -74.0006053,
          40.7467923
        ]
      },
      "properties": {
        "timestamp": "2012-03-11T15:05:43Z"
      }
    },
    {
      "type": "Feature",
      "geometry": {
        "type": "Point",
        "coordinates": [
          -74.0006243,
          40.7468117
        ]
      },
      "properties": {
        "timestamp": "2012-03-11T15:05:45Z"
      }
    },
    {
      "type": "Feature",
      "geometry": {
        "type": "Point",
        "coordinates": [
          -74.000642,
          40.746828
        ]
      },
      "properties": {
        "timestamp": "2012-03-11T15:05:47Z"
      }
    },
    {
      "type": "Feature",
      "geometry": {
        "type": "Point",
        "coordinates": [
          -74.0006608,
          40.7468411
        ]
      },
      "properties": {
        "timestamp": "2012-03-11T15:05:49Z"
      }
    },
    {
      "type": "Feature",
      "geometry": {
        "type": "Point",
        "coordinates": [
          -74.0006854,
          40.7468503
        ]
      },
      "properties": {
        "timestamp": "2012-03-11T15:05:51Z"
      }
    },
    {
      "type": "Feature",
      "geometry": {
        "type": "Point",
        "coordinates": [
          -74.0007147,
          40.7468565
        ]
      },
      "properties": {
        "timestamp": "2012-03-11T15:05:53Z"
      }
    },
    {
      "type": "Feature",
      "geometry": {
        "type": "Point",
        "coordinates": [
          -74.0007411,
          40.7468627
        ]
      },
      "properties": {
        "timestamp": "2012-03-11T15:05:55Z"
      }
    },
    {
      "type": "Feature",
      "geometry": {
        "type": "Point",
        "coordinates": [
          -74.0007736,
          40.7468591
        ]
      },
      "properties": {
        "timestamp": "2012-03-11T15:05:57Z"
      }
    },
    {
      "type": "Feature",
      "geometry": {
        "type": "Point",
        "coordinates": [
          -74.0008053,
          40.7468552
        ]
      },
      "properties": {
        "timestamp": "2012-03-11T15:05:59Z"
      }
    },
    {
      "type": "Feature",
      "geometry": {
        "type": "Point",
        "coordinates": [
          -74.000834,
          40.7468519
        ]
      },
      "properties": {
        "timestamp": "2012-03-11T15:06:01Z"
      }
    },
    {
      "type": "Feature",
      "geometry": {
        "type": "Point",
        "coordinates": [
          -74.0008592,
          40.7468487
        ]
      },
      "properties": {
        "timestamp": "2012-03-11T15:06:03Z"
      }
    },
    {
      "type": "Feature",
      "geometry": {
        "type": "Point",
        "coordinates": [
          -74.0008812,
          40.7468459
        ]
      },
      "properties": {
        "timestamp": "2012-03-11T15:06:05Z"
      }
    },
    {
      "type": "Feature",
      "geometry": {
        "type": "Point",
        "coordinates": [
          -74.0009087,
          40.746844
        ]
      },
      "properties": {
        "timestamp": "2012-03-11T15:06:07Z"
      }
    },
    {
      "type": "Feature",
      "geometry": {
        "type": "Point",
        "coordinates": [
          -74.0009393,
          40.7468437
        ]
      },
      "properties": {
        "timestamp": "2012-03-11T15:06:09Z"
      }
    },
    {
      "type": "Feature",
      "geometry": {
        "type": "Point",
        "coordinates": [
          -74.0009679,
          40.7468441
        ]
      },
      "properties": {
        "timestamp": "2012-03-11T15:06:11Z"
      }
    },
    {
      "type": "Feature",
      "geometry": {
        "type": "Point",
        "coordinates": [
          -74.000988,
          40.7468211
        ]
      },
      "properties": {
        "timestamp": "2012-03-11T15:06:13Z"
      }
    },
    {
      "type": "Feature",
      "geometry": {
        "type": "Point",
        "coordinates": [
          -74.0010043,
          40.7467935
        ]
      },
      "properties": {
        "timestamp": "2012-03-11T15:06:15Z"
      }
    },
    {
      "type": "Feature",
      "geometry": {
        "type": "Point",
        "coordinates": [
          -74.0010279,
          40.7467808
        ]
      },
      "properties": {
        "timestamp": "2012-03-11T15:06:17Z"
      }
    },
    {
      "type": "Feature",
      "geometry": {
        "type": "Point",
        "coordinates": [
          -74.0010309,
          40.7468043
        ]
      },
      "properties": {
        "timestamp": "2012-03-11T15:06:19Z"
      }
    },
    {
      "type": "Feature",
      "geometry": {
        "type": "Point",
        "coordinates": [
          -74.0010588,
          40.74681
        ]
      },
      "properties": {
        "timestamp": "2012-03-11T15:06:21Z"
      }
    },
    {
      "type": "Feature",
      "geometry": {
        "type": "Point",
        "coordinates": [
          -74.0010896,
          40.7468124
        ]
      },
      "properties": {
        "timestamp": "2012-03-11T15:06:23Z"
      }
    },
    {
      "type": "Feature",
      "geometry": {
        "type": "Point",
        "coordinates": [
          -74.0011156,
          40.7468143
        ]
      },
      "properties": {
        "timestamp": "2012-03-11T15:06:25Z"
      }
    },
    {
      "type": "Feature",
      "geometry": {
        "type": "Point",
        "coordinates": [
          -74.0011506,
          40.7468011
        ]
      },
      "properties": {
        "timestamp": "2012-03-11T15:06:27Z"
      }
    },
    {
      "type": "Feature",
      "geometry": {
        "type": "Point",
        "coordinates": [
          -74.0011866,
          40.7467804
        ]
      },
      "properties": {
        "timestamp": "2012-03-11T15:06:29Z"
      }
    },
    {
      "type": "Feature",
      "geometry": {
        "type": "Point",
        "coordinates": [
          -74.0012227,
          40.7467591
        ]
      },
      "properties": {
        "timestamp": "2012-03-11T15:06:31Z"
      }
    },
    {
      "type": "Feature",
      "geometry": {
        "type": "Point",
        "coordinates": [
          -74.0012599,
          40.7467377
        ]
      },
      "properties": {
        "timestamp": "2012-03-11T15:06:33Z"
      }
    },
    {
      "type": "Feature",
      "geometry": {
        "type": "Point",
        "coordinates": [
          -74.0012948,
          40.7467185
        ]
      },
      "properties": {
        "timestamp": "2012-03-11T15:06:35Z"
      }
    },
    {
      "type": "Feature",
      "geometry": {
        "type": "Point",
        "coordinates": [
          -74.0013258,
          40.7467017
        ]
      },
      "properties": {
        "timestamp": "2012-03-11T15:06:37Z"
      }
    },
    {
      "type": "Feature",
      "geometry": {
        "type": "Point",
        "coordinates": [
          -74.0013602,
          40.7466869
        ]
      },
      "properties": {
        "timestamp": "2012-03-11T15:06:39Z"
      }
    },
    {
      "type": "Feature",
      "geometry": {
        "type": "Point",
        "coordinates": [
          -74.0013974,
          40.7466739
        ]
      },
      "properties": {
        "timestamp": "2012-03-11T15:06:41Z"
      }
    },
    {
      "type": "Feature",
      "geometry": {
        "type": "Point",
        "coordinates": [
          -74.0014222,
          40.7466654
        ]
      },
      "properties": {
        "timestamp": "2012-03-11T15:06:43Z"
      }
    },
    {
      "type": "Feature",
      "geometry": {
        "type": "Point",
        "coordinates": [
          -74.0014416,
          40.7466578
        ]
      },
      "properties": {
        "timestamp": "2012-03-11T15:06:45Z"
      }
    },
    {
      "type": "Feature",
      "geometry": {
        "type": "Point",
        "coordinates": [
          -74.0014597,
          40.7466582
        ]
      },
      "properties": {
        "timestamp": "2012-03-11T15:06:47Z"
      }
    },
    {
      "type": "Feature",
      "geometry": {
        "type": "Point",
        "coordinates": [
          -74.0014748,
          40.7466622
        ]
      },
      "properties": {
        "timestamp": "2012-03-11T15:06:49Z"
      }
    },
    {
      "type": "Feature",
      "geometry": {
        "type": "Point",
        "coordinates": [
          -74.0014969,
          40.7466664
        ]
      },
      "properties": {
        "timestamp": "2012-03-11T15:06:51Z"
      }
    },
    {
      "type": "Feature",
      "geometry": {
        "type": "Point",
        "coordinates": [
          -74.0015212,
          40.746669
        ]
      },
      "properties": {
        "timestamp": "2012-03-11T15:06:53Z"
      }
    },
    {
      "type": "Feature",
      "geometry": {
        "type": "Point",
        "coordinates": [
          -74.001545,
          40.7466757
        ]
      },
      "properties": {
        "timestamp": "2012-03-11T15:06:55Z"
      }
    },
    {
      "type": "Feature",
      "geometry": {
        "type": "Point",
        "coordinates": [
          -74.0015806,
          40.7466709
        ]
      },
      "properties": {
        "timestamp": "2012-03-11T15:06:57Z"
      }
    },
    {
      "type": "Feature",
      "geometry": {
        "type": "Point",
        "coordinates": [
          -74.0016131,
          40.7466608
        ]
      },
      "properties": {
        "timestamp": "2012-03-11T15:06:59Z"
      }
    },
    {
      "type": "Feature",
      "geometry": {
        "type": "Point",
        "coordinates": [
          -74.0016404,
          40.7466474
        ]
      },
      "properties": {
        "timestamp": "2012-03-11T15:07:01Z"
      }
    },
    {
      "type": "Feature",
      "geometry": {
        "type": "Point",
        "coordinates": [
          -74.0016798,
          40.7466485
        ]
      },
      "properties": {
        "timestamp": "2012-03-11T15:07:03Z"
      }
    },
    {
      "type": "Feature",
      "geometry": {
        "type": "Point",
        "coordinates": [
          -74.0017142,
          40.7466531
        ]
      },
      "properties": {
        "timestamp": "2012-03-11T15:07:05Z"
      }
    },
    {
      "type": "Feature",
      "geometry": {
        "type": "Point",
        "coordinates": [
          -74.001737,
          40.7466536
        ]
      },
      "properties": {
        "timestamp": "2012-03-11T15:07:07Z"
      }
    },
    {
      "type": "Feature",
      "geometry": {
        "type": "Point",
        "coordinates": [
          -74.0017873,
          40.7466753
        ]
      },
      "properties": {
        "timestamp": "2012-03-11T15:07:09Z"
      }
    },
    {
      "type": "Feature",
      "geometry": {
        "type": "Point",
        "coordinates": [
          -74.0018245,
          40.7466885
        ]
      },
      "properties": {
        "timestamp": "2012-03-11T15:07:11Z"
      }
    },
    {
      "type": "Feature",
      "geometry": {
        "type": "Point",
        "coordinates": [
          -74.0018516,
          40.7466985
        ]
      },
      "properties": {
        "timestamp": "2012-03-11T15:07:13Z"
      }
    },
    {
      "type": "Feature",
      "geometry": {
        "type": "Point",
        "coordinates": [
          -74.0018843,
          40.7467119
        ]
      },
      "properties": {
        "timestamp": "2012-03-11T15:07:15Z"
      }
    },
    {
      "type": "Feature",
      "geometry": {
        "type": "Point",
        "coordinates": [
          -74.0019148,
          40.7467252
        ]
      },
      "properties": {
        "timestamp": "2012-03-11T15:07:17Z"
      }
    },
    {
      "type": "Feature",
      "geometry": {
        "type": "Point",
        "coordinates": [
          -74.0019469,
          40.7467407
        ]
      },
      "properties": {
        "timestamp": "2012-03-11T15:07:19Z"
      }
    },
    {
      "type": "Feature",
      "geometry": {
        "type": "Point",
        "coordinates": [
          -74.001977,
          40.7467601
        ]
      },
      "properties": {
        "timestamp": "2012-03-11T15:07:21Z"
      }
    },
    {
      "type": "Feature",
      "geometry": {
        "type": "Point",
        "coordinates": [
          -74.0020022,
          40.7467813
        ]
      },
      "properties": {
        "timestamp": "2012-03-11T15:07:23Z"
      }
    },
    {
      "type": "Feature",
      "geometry": {
        "type": "Point",
        "coordinates": [
          -74.002053,
          40.7468298
        ]
      },
      "properties": {
        "timestamp": "2012-03-11T15:07:25Z"
      }
    },
    {
      "type": "Feature",
      "geometry": {
        "type": "Point",
        "coordinates": [
          -74.0020888,
          40.7468677
        ]
      },
      "properties": {
        "timestamp": "2012-03-11T15:07:27Z"
      }
    },
    {
      "type": "Feature",
      "geometry": {
        "type": "Point",
        "coordinates": [
          -74.0021139,
          40.7469095
        ]
      },
      "properties": {
        "timestamp": "2012-03-11T15:07:29Z"
      }
    },
    {
      "type": "Feature",
      "geometry": {
        "type": "Point",
        "coordinates": [
          -74.0021409,
          40.7469326
        ]
      },
      "properties": {
        "timestamp": "2012-03-11T15:07:31Z"
      }
    },
    {
      "type": "Feature",
      "geometry": {
        "type": "Point",
        "coordinates": [
          -74.0021598,
          40.7469574
        ]
      },
      "properties": {
        "timestamp": "2012-03-11T15:07:33Z"
      }
    },
    {
      "type": "Feature",
      "geometry": {
        "type": "Point",
        "coordinates": [
          -74.0021875,
          40.7469739
        ]
      },
      "properties": {
        "timestamp": "2012-03-11T15:07:35Z"
      }
    },
    {
      "type": "Feature",
      "geometry": {
        "type": "Point",
        "coordinates": [
          -74.0022161,
          40.7470122
        ]
      },
      "properties": {
        "timestamp": "2012-03-11T15:07:37Z"
      }
    },
    {
      "type": "Feature",
      "geometry": {
        "type": "Point",
        "coordinates": [
          -74.0022404,
          40.7470287
        ]
      },
      "properties": {
        "timestamp": "2012-03-11T15:07:39Z"
      }
    },
    {
      "type": "Feature",
      "geometry": {
        "type": "Point",
        "coordinates": [
          -74.0022513,
          40.747047
        ]
      },
      "properties": {
        "timestamp": "2012-03-11T15:07:41Z"
      }
    },
    {
      "type": "Feature",
      "geometry": {
        "type": "Point",
        "coordinates": [
          -74.002256,
          40.7470606
        ]
      },
      "properties": {
        "timestamp": "2012-03-11T15:07:43Z"
      }
    },
    {
      "type": "Feature",
      "geometry": {
        "type": "Point",
        "coordinates": [
          -74.0022648,
          40.7471031
        ]
      },
      "properties": {
        "timestamp": "2012-03-11T15:07:45Z"
      }
    },
    {
      "type": "Feature",
      "geometry": {
        "type": "Point",
        "coordinates": [
          -74.0022681,
          40.7471226
        ]
      },
      "properties": {
        "timestamp": "2012-03-11T15:07:47Z"
      }
    },
    {
      "type": "Feature",
      "geometry": {
        "type": "Point",
        "coordinates": [
          -74.0022945,
          40.7471076
        ]
      },
      "properties": {
        "timestamp": "2012-03-11T15:07:49Z"
      }
    },
    {
      "type": "Feature",
      "geometry": {
        "type": "Point",
        "coordinates": [
          -74.0023093,
          40.747111
        ]
      },
      "properties": {
        "timestamp": "2012-03-11T15:07:51Z"
      }
    },
    {
      "type": "Feature",
      "geometry": {
        "type": "Point",
        "coordinates": [
          -74.002355,
          40.747131
        ]
      },
      "properties": {
        "timestamp": "2012-03-11T15:07:53Z"
      }
    },
    {
      "type": "Feature",
      "geometry": {
        "type": "Point",
        "coordinates": [
          -74.0023849,
          40.7471384
        ]
      },
      "properties": {
        "timestamp": "2012-03-11T15:07:55Z"
      }
    },
    {
      "type": "Feature",
      "geometry": {
        "type": "Point",
        "coordinates": [
          -74.0024076,
          40.7471454
        ]
      },
      "properties": {
        "timestamp": "2012-03-11T15:07:57Z"
      }
    },
    {
      "type": "Feature",
      "geometry": {
        "type": "Point",
        "coordinates": [
          -74.0024198,
          40.7471516
        ]
      },
      "properties": {
        "timestamp": "2012-03-11T15:07:59Z"
      }
    },
    {
      "type": "Feature",
      "geometry": {
        "type": "Point",
        "coordinates": [
          -74.0024622,
          40.7471832
        ]
      },
      "properties": {
        "timestamp": "2012-03-11T15:08:01Z"
      }
    },
    {
      "type": "Feature",
      "geometry": {
        "type": "Point",
        "coordinates": [
          -74.0024786,
          40.7472169
        ]
      },
      "properties": {
        "timestamp": "2012-03-11T15:08:03Z"
      }
    },
    {
      "type": "Feature",
      "geometry": {
        "type": "Point",
        "coordinates": [
          -74.0024905,
          40.7472402
        ]
      },
      "properties": {
        "timestamp": "2012-03-11T15:08:05Z"
      }
    },
    {
      "type": "Feature",
      "geometry": {
        "type": "Point",
        "coordinates": [
          -74.002481,
          40.7472468
        ]
      },
      "properties": {
        "timestamp": "2012-03-11T15:08:07Z"
      }
    },
    {
      "type": "Feature",
      "geometry": {
        "type": "Point",
        "coordinates": [
          -74.0024881,
          40.7472249
        ]
      },
      "properties": {
        "timestamp": "2012-03-11T15:08:09Z"
      }
    },
    {
      "type": "Feature",
      "geometry": {
        "type": "Point",
        "coordinates": [
          -74.0025083,
          40.7472168
        ]
      },
      "properties": {
        "timestamp": "2012-03-11T15:08:11Z"
      }
    },
    {
      "type": "Feature",
      "geometry": {
        "type": "Point",
        "coordinates": [
          -74.0025205,
          40.7472101
        ]
      },
      "properties": {
        "timestamp": "2012-03-11T15:08:13Z"
      }
    },
    {
      "type": "Feature",
      "geometry": {
        "type": "Point",
        "coordinates": [
          -74.0025525,
          40.7472076
        ]
      },
      "properties": {
        "timestamp": "2012-03-11T15:08:15Z"
      }
    },
    {
      "type": "Feature",
      "geometry": {
        "type": "Point",
        "coordinates": [
          -74.0025762,
          40.7472317
        ]
      },
      "properties": {
        "timestamp": "2012-03-11T15:08:17Z"
      }
    },
    {
      "type": "Feature",
      "geometry": {
        "type": "Point",
        "coordinates": [
          -74.0025945,
          40.7472537
        ]
      },
      "properties": {
        "timestamp": "2012-03-11T15:08:19Z"
      }
    },
    {
      "type": "Feature",
      "geometry": {
        "type": "Point",
        "coordinates": [
          -74.002642,
          40.7472809
        ]
      },
      "properties": {
        "timestamp": "2012-03-11T15:08:21Z"
      }
    },
    {
      "type": "Feature",
      "geometry": {
        "type": "Point",
        "coordinates": [
          -74.0026765,
          40.7472984
        ]
      },
      "properties": {
        "timestamp": "2012-03-11T15:08:23Z"
      }
    },
    {
      "type": "Feature",
      "geometry": {
        "type": "Point",
        "coordinates": [
          -74.0026995,
          40.7473137
        ]
      },
      "properties": {
        "timestamp": "2012-03-11T15:08:25Z"
      }
    },
    {
      "type": "Feature",
      "geometry": {
        "type": "Point",
        "coordinates": [
          -74.0027461,
          40.7473421
        ]
      },
      "properties": {
        "timestamp": "2012-03-11T15:08:27Z"
      }
    },
    {
      "type": "Feature",
      "geometry": {
        "type": "Point",
        "coordinates": [
          -74.0027806,
          40.7473594
        ]
      },
      "properties": {
        "timestamp": "2012-03-11T15:08:29Z"
      }
    },
    {
      "type": "Feature",
      "geometry": {
        "type": "Point",
        "coordinates": [
          -74.0028049,
          40.7473704
        ]
      },
      "properties": {
        "timestamp": "2012-03-11T15:08:31Z"
      }
    },
    {
      "type": "Feature",
      "geometry": {
        "type": "Point",
        "coordinates": [
          -74.0028231,
          40.7473787
        ]
      },
      "properties": {
        "timestamp": "2012-03-11T15:08:33Z"
      }
    },
    {
      "type": "Feature",
      "geometry": {
        "type": "Point",
        "coordinates": [
          -74.002845,
          40.7473849
        ]
      },
      "properties": {
        "timestamp": "2012-03-11T15:08:35Z"
      }
    },
    {
      "type": "Feature",
      "geometry": {
        "type": "Point",
        "coordinates": [
          -74.0028647,
          40.7473743
        ]
      },
      "properties": {
        "timestamp": "2012-03-11T15:08:37Z"
      }
    },
    {
      "type": "Feature",
      "geometry": {
        "type": "Point",
        "coordinates": [
          -74.0028866,
          40.74738
        ]
      },
      "properties": {
        "timestamp": "2012-03-11T15:08:39Z"
      }
    },
    {
      "type": "Feature",
      "geometry": {
        "type": "Point",
        "coordinates": [
          -74.0028739,
          40.7474036
        ]
      },
      "properties": {
        "timestamp": "2012-03-11T15:08:41Z"
      }
    },
    {
      "type": "Feature",
      "geometry": {
        "type": "Point",
        "coordinates": [
          -74.0028601,
          40.7474261
        ]
      },
      "properties": {
        "timestamp": "2012-03-11T15:08:43Z"
      }
    },
    {
      "type": "Feature",
      "geometry": {
        "type": "Point",
        "coordinates": [
          -74.0028492,
          40.7474497
        ]
      },
      "properties": {
        "timestamp": "2012-03-11T15:08:45Z"
      }
    },
    {
      "type": "Feature",
      "geometry": {
        "type": "Point",
        "coordinates": [
          -74.0028429,
          40.7474777
        ]
      },
      "properties": {
        "timestamp": "2012-03-11T15:08:47Z"
      }
    },
    {
      "type": "Feature",
      "geometry": {
        "type": "Point",
        "coordinates": [
          -74.0028711,
          40.7474905
        ]
      },
      "properties": {
        "timestamp": "2012-03-11T15:08:49Z"
      }
    },
    {
      "type": "Feature",
      "geometry": {
        "type": "Point",
        "coordinates": [
          -74.0029013,
          40.747499
        ]
      },
      "properties": {
        "timestamp": "2012-03-11T15:08:51Z"
      }
    },
    {
      "type": "Feature",
      "geometry": {
        "type": "Point",
        "coordinates": [
          -74.002938,
          40.747508
        ]
      },
      "properties": {
        "timestamp": "2012-03-11T15:08:53Z"
      }
    },
    {
      "type": "Feature",
      "geometry": {
        "type": "Point",
        "coordinates": [
          -74.0029699,
          40.747521
        ]
      },
      "properties": {
        "timestamp": "2012-03-11T15:08:55Z"
      }
    },
    {
      "type": "Feature",
      "geometry": {
        "type": "Point",
        "coordinates": [
          -74.0029982,
          40.7475334
        ]
      },
      "properties": {
        "timestamp": "2012-03-11T15:08:57Z"
      }
    },
    {
      "type": "Feature",
      "geometry": {
        "type": "Point",
        "coordinates": [
          -74.0030517,
          40.7475601
        ]
      },
      "properties": {
        "timestamp": "2012-03-11T15:08:59Z"
      }
    },
    {
      "type": "Feature",
      "geometry": {
        "type": "Point",
        "coordinates": [
          -74.0030925,
          40.7475738
        ]
      },
      "properties": {
        "timestamp": "2012-03-11T15:09:01Z"
      }
    },
    {
      "type": "Feature",
      "geometry": {
        "type": "Point",
        "coordinates": [
          -74.0031153,
          40.7475848
        ]
      },
      "properties": {
        "timestamp": "2012-03-11T15:09:03Z"
      }
    },
    {
      "type": "Feature",
      "geometry": {
        "type": "Point",
        "coordinates": [
          -74.00316,
          40.7475828
        ]
      },
      "properties": {
        "timestamp": "2012-03-11T15:09:05Z"
      }
    },
    {
      "type": "Feature",
      "geometry": {
        "type": "Point",
        "coordinates": [
          -74.0031906,
          40.7475974
        ]
      },
      "properties": {
        "timestamp": "2012-03-11T15:09:07Z"
      }
    },
    {
      "type": "Feature",
      "geometry": {
        "type": "Point",
        "coordinates": [
          -74.0032167,
          40.7476144
        ]
      },
      "properties": {
        "timestamp": "2012-03-11T15:09:09Z"
      }
    },
    {
      "type": "Feature",
      "geometry": {
        "type": "Point",
        "coordinates": [
          -74.0032247,
          40.7476255
        ]
      },
      "properties": {
        "timestamp": "2012-03-11T15:09:11Z"
      }
    },
    {
      "type": "Feature",
      "geometry": {
        "type": "Point",
        "coordinates": [
          -74.0032307,
          40.7476421
        ]
      },
      "properties": {
        "timestamp": "2012-03-11T15:09:13Z"
      }
    },
    {
      "type": "Feature",
      "geometry": {
        "type": "Point",
        "coordinates": [
          -74.0032582,
          40.747671
        ]
      },
      "properties": {
        "timestamp": "2012-03-11T15:09:15Z"
      }
    },
    {
      "type": "Feature",
      "geometry": {
        "type": "Point",
        "coordinates": [
          -74.0032819,
          40.7476923
        ]
      },
      "properties": {
        "timestamp": "2012-03-11T15:09:17Z"
      }
    },
    {
      "type": "Feature",
      "geometry": {
        "type": "Point",
        "coordinates": [
          -74.0033119,
          40.747721
        ]
      },
      "properties": {
        "timestamp": "2012-03-11T15:09:19Z"
      }
    },
    {
      "type": "Feature",
      "geometry": {
        "type": "Point",
        "coordinates": [
          -74.0033306,
          40.747738
        ]
      },
      "properties": {
        "timestamp": "2012-03-11T15:09:21Z"
      }
    },
    {
      "type": "Feature",
      "geometry": {
        "type": "Point",
        "coordinates": [
          -74.003358,
          40.7477455
        ]
      },
      "properties": {
        "timestamp": "2012-03-11T15:09:23Z"
      }
    },
    {
      "type": "Feature",
      "geometry": {
        "type": "Point",
        "coordinates": [
          -74.003392,
          40.7477515
        ]
      },
      "properties": {
        "timestamp": "2012-03-11T15:09:25Z"
      }
    },
    {
      "type": "Feature",
      "geometry": {
        "type": "Point",
        "coordinates": [
          -74.0034231,
          40.7477414
        ]
      },
      "properties": {
        "timestamp": "2012-03-11T15:09:27Z"
      }
    },
    {
      "type": "Feature",
      "geometry": {
        "type": "Point",
        "coordinates": [
          -74.0034459,
          40.7477208
        ]
      },
      "properties": {
        "timestamp": "2012-03-11T15:09:29Z"
      }
    },
    {
      "type": "Feature",
      "geometry": {
        "type": "Point",
        "coordinates": [
          -74.0034623,
          40.7477047
        ]
      },
      "properties": {
        "timestamp": "2012-03-11T15:09:31Z"
      }
    },
    {
      "type": "Feature",
      "geometry": {
        "type": "Point",
        "coordinates": [
          -74.0034566,
          40.747725
        ]
      },
      "properties": {
        "timestamp": "2012-03-11T15:09:33Z"
      }
    },
    {
      "type": "Feature",
      "geometry": {
        "type": "Point",
        "coordinates": [
          -74.0034554,
          40.7477427
        ]
      },
      "properties": {
        "timestamp": "2012-03-11T15:09:35Z"
      }
    },
    {
      "type": "Feature",
      "geometry": {
        "type": "Point",
        "coordinates": [
          -74.0034624,
          40.7477507
        ]
      },
      "properties": {
        "timestamp": "2012-03-11T15:09:37Z"
      }
    },
    {
      "type": "Feature",
      "geometry": {
        "type": "Point",
        "coordinates": [
          -74.0035076,
          40.7477419
        ]
      },
      "properties": {
        "timestamp": "2012-03-11T15:09:39Z"
      }
    },
    {
      "type": "Feature",
      "geometry": {
        "type": "Point",
        "coordinates": [
          -74.0035479,
          40.7477375
        ]
      },
      "properties": {
        "timestamp": "2012-03-11T15:09:41Z"
      }
    },
    {
      "type": "Feature",
      "geometry": {
        "type": "Point",
        "coordinates": [
          -74.0035989,
          40.7477348
        ]
      },
      "properties": {
        "timestamp": "2012-03-11T15:09:43Z"
      }
    },
    {
      "type": "Feature",
      "geometry": {
        "type": "Point",
        "coordinates": [
          -74.0036334,
          40.7477546
        ]
      },
      "properties": {
        "timestamp": "2012-03-11T15:09:45Z"
      }
    },
    {
      "type": "Feature",
      "geometry": {
        "type": "Point",
        "coordinates": [
          -74.0036447,
          40.7477781
        ]
      },
      "properties": {
        "timestamp": "2012-03-11T15:09:47Z"
      }
    },
    {
      "type": "Feature",
      "geometry": {
        "type": "Point",
        "coordinates": [
          -74.003665,
          40.7478083
        ]
      },
      "properties": {
        "timestamp": "2012-03-11T15:09:49Z"
      }
    },
    {
      "type": "Feature",
      "geometry": {
        "type": "Point",
        "coordinates": [
          -74.0036789,
          40.747836
        ]
      },
      "properties": {
        "timestamp": "2012-03-11T15:09:51Z"
      }
    },
    {
      "type": "Feature",
      "geometry": {
        "type": "Point",
        "coordinates": [
          -74.0037023,
          40.7478643
        ]
      },
      "properties": {
        "timestamp": "2012-03-11T15:09:53Z"
      }
    },
    {
      "type": "Feature",
      "geometry": {
        "type": "Point",
        "coordinates": [
          -74.0037367,
          40.747843
        ]
      },
      "properties": {
        "timestamp": "2012-03-11T15:09:56Z"
      }
    },
    {
      "type": "Feature",
      "geometry": {
        "type": "Point",
        "coordinates": [
          -74.0037642,
          40.7478377
        ]
      },
      "properties": {
        "timestamp": "2012-03-11T15:09:58Z"
      }
    },
    {
      "type": "Feature",
      "geometry": {
        "type": "Point",
        "coordinates": [
          -74.0038633,
          40.7478801
        ]
      },
      "properties": {
        "timestamp": "2012-03-11T15:10:00Z"
      }
    },
    {
      "type": "Feature",
      "geometry": {
        "type": "Point",
        "coordinates": [
          -74.0039457,
          40.7479023
        ]
      },
      "properties": {
        "timestamp": "2012-03-11T15:10:02Z"
      }
    },
    {
      "type": "Feature",
      "geometry": {
        "type": "Point",
        "coordinates": [
          -74.0040022,
          40.7479056
        ]
      },
      "properties": {
        "timestamp": "2012-03-11T15:10:04Z"
      }
    },
    {
      "type": "Feature",
      "geometry": {
        "type": "Point",
        "coordinates": [
          -74.0041962,
          40.7478789
        ]
      },
      "properties": {
        "timestamp": "2012-03-11T15:10:06Z"
      }
    },
    {
      "type": "Feature",
      "geometry": {
        "type": "Point",
        "coordinates": [
          -74.0042357,
          40.7478753
        ]
      },
      "properties": {
        "timestamp": "2012-03-11T15:10:08Z"
      }
    },
    {
      "type": "Feature",
      "geometry": {
        "type": "Point",
        "coordinates": [
          -74.0042984,
          40.7478563
        ]
      },
      "properties": {
        "timestamp": "2012-03-11T15:10:10Z"
      }
    },
    {
      "type": "Feature",
      "geometry": {
        "type": "Point",
        "coordinates": [
          -74.0043142,
          40.7478553
        ]
      },
      "properties": {
        "timestamp": "2012-03-11T15:10:12Z"
      }
    },
    {
      "type": "Feature",
      "geometry": {
        "type": "Point",
        "coordinates": [
          -74.0043142,
          40.7478553
        ]
      },
      "properties": {
        "timestamp": "2012-03-11T15:10:14Z"
      }
    },
    {
      "type": "Feature",
      "geometry": {
        "type": "Point",
        "coordinates": [
          -74.0043142,
          40.7478553
        ]
      },
      "properties": {
        "timestamp": "2012-03-11T15:10:16Z"
      }
    },
    {
      "type": "Feature",
      "geometry": {
        "type": "Point",
        "coordinates": [
          -74.0043142,
          40.7478553
        ]
      },
      "properties": {
        "timestamp": "2012-03-11T15:10:18Z"
      }
    },
    {
      "type": "Feature",
      "geometry": {
        "type": "Point",
        "coordinates": [
          -74.0043142,
          40.7478553
        ]
      },
      "properties": {
        "timestamp": "2012-03-11T15:10:20Z"
      }
    },
    {
      "type": "Feature",
      "geometry": {
        "type": "Point",
        "coordinates": [
          -74.0043142,
          40.7478553
        ]
      },
      "properties": {
        "timestamp": "2012-03-11T15:10:22Z"
      }
    },
    {
      "type": "Feature",
      "geometry": {
        "type": "Point",
        "coordinates": [
          -74.0043244,
          40.7478555
        ]
      },
      "properties": {
        "timestamp": "2012-03-11T15:10:24Z"
      }
    },
    {
      "type": "Feature",
      "geometry": {
        "type": "Point",
        "coordinates": [
          -74.0043334,
          40.7478474
        ]
      },
      "properties": {
        "timestamp": "2012-03-11T15:10:26Z"
      }
    },
    {
      "type": "Feature",
      "geometry": {
        "type": "Point",
        "coordinates": [
          -74.0043177,
          40.7478462
        ]
      },
      "properties": {
        "timestamp": "2012-03-11T15:10:28Z"
      }
    },
    {
      "type": "Feature",
      "geometry": {
        "type": "Point",
        "coordinates": [
          -74.0043618,
          40.7477666
        ]
      },
      "properties": {
        "timestamp": "2012-03-11T15:10:30Z"
      }
    },
    {
      "type": "Feature",
      "geometry": {
        "type": "Point",
        "coordinates": [
          -74.0043871,
          40.7477474
        ]
      },
      "properties": {
        "timestamp": "2012-03-11T15:10:32Z"
      }
    },
    {
      "type": "Feature",
      "geometry": {
        "type": "Point",
        "coordinates": [
          -74.0044097,
          40.747741
        ]
      },
      "properties": {
        "timestamp": "2012-03-11T15:10:34Z"
      }
    },
    {
      "type": "Feature",
      "geometry": {
        "type": "Point",
        "coordinates": [
          -74.0044195,
          40.7477468
        ]
      },
      "properties": {
        "timestamp": "2012-03-11T15:10:36Z"
      }
    },
    {
      "type": "Feature",
      "geometry": {
        "type": "Point",
        "coordinates": [
          -74.004426,
          40.7477181
        ]
      },
      "properties": {
        "timestamp": "2012-03-11T15:10:38Z"
      }
    },
    {
      "type": "Feature",
      "geometry": {
        "type": "Point",
        "coordinates": [
          -74.0044289,
          40.7477057
        ]
      },
      "properties": {
        "timestamp": "2012-03-11T15:10:40Z"
      }
    },
    {
      "type": "Feature",
      "geometry": {
        "type": "Point",
        "coordinates": [
          -74.0044305,
          40.747715
        ]
      },
      "properties": {
        "timestamp": "2012-03-11T15:10:42Z"
      }
    },
    {
      "type": "Feature",
      "geometry": {
        "type": "Point",
        "coordinates": [
          -74.0044353,
          40.7477304
        ]
      },
      "properties": {
        "timestamp": "2012-03-11T15:10:44Z"
      }
    },
    {
      "type": "Feature",
      "geometry": {
        "type": "Point",
        "coordinates": [
          -74.004438,
          40.7477422
        ]
      },
      "properties": {
        "timestamp": "2012-03-11T15:10:46Z"
      }
    },
    {
      "type": "Feature",
      "geometry": {
        "type": "Point",
        "coordinates": [
          -74.0044457,
          40.7477625
        ]
      },
      "properties": {
        "timestamp": "2012-03-11T15:10:48Z"
      }
    },
    {
      "type": "Feature",
      "geometry": {
        "type": "Point",
        "coordinates": [
          -74.0044588,
          40.7477809
        ]
      },
      "properties": {
        "timestamp": "2012-03-11T15:10:50Z"
      }
    },
    {
      "type": "Feature",
      "geometry": {
        "type": "Point",
        "coordinates": [
          -74.0044755,
          40.7477902
        ]
      },
      "properties": {
        "timestamp": "2012-03-11T15:10:52Z"
      }
    },
    {
      "type": "Feature",
      "geometry": {
        "type": "Point",
        "coordinates": [
          -74.0044905,
          40.7477593
        ]
      },
      "properties": {
        "timestamp": "2012-03-11T15:10:54Z"
      }
    },
    {
      "type": "Feature",
      "geometry": {
        "type": "Point",
        "coordinates": [
          -74.0045081,
          40.7477356
        ]
      },
      "properties": {
        "timestamp": "2012-03-11T15:10:56Z"
      }
    },
    {
      "type": "Feature",
      "geometry": {
        "type": "Point",
        "coordinates": [
          -74.0045328,
          40.7477163
        ]
      },
      "properties": {
        "timestamp": "2012-03-11T15:10:58Z"
      }
    },
    {
      "type": "Feature",
      "geometry": {
        "type": "Point",
        "coordinates": [
          -74.0045601,
          40.7477011
        ]
      },
      "properties": {
        "timestamp": "2012-03-11T15:11:00Z"
      }
    },
    {
      "type": "Feature",
      "geometry": {
        "type": "Point",
        "coordinates": [
          -74.0045911,
          40.7476885
        ]
      },
      "properties": {
        "timestamp": "2012-03-11T15:11:02Z"
      }
    },
    {
      "type": "Feature",
      "geometry": {
        "type": "Point",
        "coordinates": [
          -74.0046117,
          40.7476714
        ]
      },
      "properties": {
        "timestamp": "2012-03-11T15:11:04Z"
      }
    },
    {
      "type": "Feature",
      "geometry": {
        "type": "Point",
        "coordinates": [
          -74.0046297,
          40.7476562
        ]
      },
      "properties": {
        "timestamp": "2012-03-11T15:11:06Z"
      }
    },
    {
      "type": "Feature",
      "geometry": {
        "type": "Point",
        "coordinates": [
          -74.0046524,
          40.7476467
        ]
      },
      "properties": {
        "timestamp": "2012-03-11T15:11:08Z"
      }
    },
    {
      "type": "Feature",
      "geometry": {
        "type": "Point",
        "coordinates": [
          -74.0046815,
          40.74767
        ]
      },
      "properties": {
        "timestamp": "2012-03-11T15:11:10Z"
      }
    },
    {
      "type": "Feature",
      "geometry": {
        "type": "Point",
        "coordinates": [
          -74.0047058,
          40.7476926
        ]
      },
      "properties": {
        "timestamp": "2012-03-11T15:11:12Z"
      }
    },
    {
      "type": "Feature",
      "geometry": {
        "type": "Point",
        "coordinates": [
          -74.0047222,
          40.7476942
        ]
      },
      "properties": {
        "timestamp": "2012-03-11T15:11:14Z"
      }
    },
    {
      "type": "Feature",
      "geometry": {
        "type": "Point",
        "coordinates": [
          -74.0047369,
          40.7477073
        ]
      },
      "properties": {
        "timestamp": "2012-03-11T15:11:16Z"
      }
    },
    {
      "type": "Feature",
      "geometry": {
        "type": "Point",
        "coordinates": [
          -74.0047461,
          40.7477322
        ]
      },
      "properties": {
        "timestamp": "2012-03-11T15:11:18Z"
      }
    },
    {
      "type": "Feature",
      "geometry": {
        "type": "Point",
        "coordinates": [
          -74.0047534,
          40.7477673
        ]
      },
      "properties": {
        "timestamp": "2012-03-11T15:11:20Z"
      }
    },
    {
      "type": "Feature",
      "geometry": {
        "type": "Point",
        "coordinates": [
          -74.0047623,
          40.7478022
        ]
      },
      "properties": {
        "timestamp": "2012-03-11T15:11:22Z"
      }
    },
    {
      "type": "Feature",
      "geometry": {
        "type": "Point",
        "coordinates": [
          -74.0047711,
          40.7478361
        ]
      },
      "properties": {
        "timestamp": "2012-03-11T15:11:24Z"
      }
    },
    {
      "type": "Feature",
      "geometry": {
        "type": "Point",
        "coordinates": [
          -74.0047536,
          40.7479503
        ]
      },
      "properties": {
        "timestamp": "2012-03-11T15:11:26Z"
      }
    },
    {
      "type": "Feature",
      "geometry": {
        "type": "Point",
        "coordinates": [
          -74.0047652,
          40.7479769
        ]
      },
      "properties": {
        "timestamp": "2012-03-11T15:11:28Z"
      }
    },
    {
      "type": "Feature",
      "geometry": {
        "type": "Point",
        "coordinates": [
          -74.004858,
          40.7481894
        ]
      },
      "properties": {
        "timestamp": "2012-03-11T15:11:44Z"
      }
    },
    {
      "type": "Feature",
      "geometry": {
        "type": "Point",
        "coordinates": [
          -74.0049379,
          40.7479113
        ]
      },
      "properties": {
        "timestamp": "2012-03-11T15:12:24Z"
      }
    },
    {
      "type": "Feature",
      "geometry": {
        "type": "Point",
        "coordinates": [
          -74.0049379,
          40.7479113
        ]
      },
      "properties": {
        "timestamp": "2012-03-11T15:12:26Z"
      }
    },
    {
      "type": "Feature",
      "geometry": {
        "type": "Point",
        "coordinates": [
          -74.0048248,
          40.7478653
        ]
      },
      "properties": {
        "timestamp": "2012-03-11T15:12:28Z"
      }
    },
    {
      "type": "Feature",
      "geometry": {
        "type": "Point",
        "coordinates": [
          -74.0048248,
          40.7478653
        ]
      },
      "properties": {
        "timestamp": "2012-03-11T15:12:30Z"
      }
    },
    {
      "type": "Feature",
      "geometry": {
        "type": "Point",
        "coordinates": [
          -74.0048248,
          40.7478653
        ]
      },
      "properties": {
        "timestamp": "2012-03-11T15:12:32Z"
      }
    },
    {
      "type": "Feature",
      "geometry": {
        "type": "Point",
        "coordinates": [
          -74.0048248,
          40.7478653
        ]
      },
      "properties": {
        "timestamp": "2012-03-11T15:12:34Z"
      }
    },
    {
      "type": "Feature",
      "geometry": {
        "type": "Point",
        "coordinates": [
          -74.0048248,
          40.7478653
        ]
      },
      "properties": {
        "timestamp": "2012-03-11T15:12:36Z"
      }
    },
    {
      "type": "Feature",
      "geometry": {
        "type": "Point",
        "coordinates": [
          -74.0048248,
          40.7478653
        ]
      },
      "properties": {
        "timestamp": "2012-03-11T15:12:38Z"
      }
    },
    {
      "type": "Feature",
      "geometry": {
        "type": "Point",
        "coordinates": [
          -74.0048248,
          40.7478653
        ]
      },
      "properties": {
        "timestamp": "2012-03-11T15:12:40Z"
      }
    },
    {
      "type": "Feature",
      "geometry": {
        "type": "Point",
        "coordinates": [
          -74.0048248,
          40.7478653
        ]
      },
      "properties": {
        "timestamp": "2012-03-11T15:12:42Z"
      }
    },
    {
      "type": "Feature",
      "geometry": {
        "type": "Point",
        "coordinates": [
          -74.0048248,
          40.7478653
        ]
      },
      "properties": {
        "timestamp": "2012-03-11T15:12:44Z"
      }
    },
    {
      "type": "Feature",
      "geometry": {
        "type": "Point",
        "coordinates": [
          -74.0048248,
          40.7478653
        ]
      },
      "properties": {
        "timestamp": "2012-03-11T15:12:46Z"
      }
    },
    {
      "type": "Feature",
      "geometry": {
        "type": "Point",
        "coordinates": [
          -74.0048248,
          40.7478653
        ]
      },
      "properties": {
        "timestamp": "2012-03-11T15:12:48Z"
      }
    },
    {
      "type": "Feature",
      "geometry": {
        "type": "Point",
        "coordinates": [
          -74.0048233,
          40.747861
        ]
      },
      "properties": {
        "timestamp": "2012-03-11T15:12:50Z"
      }
    },
    {
      "type": "Feature",
      "geometry": {
        "type": "Point",
        "coordinates": [
          -74.0048205,
          40.7478528
        ]
      },
      "properties": {
        "timestamp": "2012-03-11T15:12:52Z"
      }
    },
    {
      "type": "Feature",
      "geometry": {
        "type": "Point",
        "coordinates": [
          -74.0048146,
          40.7478432
        ]
      },
      "properties": {
        "timestamp": "2012-03-11T15:12:54Z"
      }
    },
    {
      "type": "Feature",
      "geometry": {
        "type": "Point",
        "coordinates": [
          -74.004812,
          40.7478665
        ]
      },
      "properties": {
        "timestamp": "2012-03-11T15:12:56Z"
      }
    },
    {
      "type": "Feature",
      "geometry": {
        "type": "Point",
        "coordinates": [
          -74.0048109,
          40.7478898
        ]
      },
      "properties": {
        "timestamp": "2012-03-11T15:12:58Z"
      }
    },
    {
      "type": "Feature",
      "geometry": {
        "type": "Point",
        "coordinates": [
          -74.0048095,
          40.7478999
        ]
      },
      "properties": {
        "timestamp": "2012-03-11T15:13:00Z"
      }
    },
    {
      "type": "Feature",
      "geometry": {
        "type": "Point",
        "coordinates": [
          -74.0048016,
          40.7479225
        ]
      },
      "properties": {
        "timestamp": "2012-03-11T15:13:02Z"
      }
    },
    {
      "type": "Feature",
      "geometry": {
        "type": "Point",
        "coordinates": [
          -74.0047925,
          40.7479466
        ]
      },
      "properties": {
        "timestamp": "2012-03-11T15:13:04Z"
      }
    },
    {
      "type": "Feature",
      "geometry": {
        "type": "Point",
        "coordinates": [
          -74.0047864,
          40.7479964
        ]
      },
      "properties": {
        "timestamp": "2012-03-11T15:13:06Z"
      }
    },
    {
      "type": "Feature",
      "geometry": {
        "type": "Point",
        "coordinates": [
          -74.0047835,
          40.7480183
        ]
      },
      "properties": {
        "timestamp": "2012-03-11T15:13:08Z"
      }
    },
    {
      "type": "Feature",
      "geometry": {
        "type": "Point",
        "coordinates": [
          -74.0047786,
          40.748008
        ]
      },
      "properties": {
        "timestamp": "2012-03-11T15:13:10Z"
      }
    },
    {
      "type": "Feature",
      "geometry": {
        "type": "Point",
        "coordinates": [
          -74.0047752,
          40.7480031
        ]
      },
      "properties": {
        "timestamp": "2012-03-11T15:13:12Z"
      }
    },
    {
      "type": "Feature",
      "geometry": {
        "type": "Point",
        "coordinates": [
          -74.0047706,
          40.7479921
        ]
      },
      "properties": {
        "timestamp": "2012-03-11T15:13:14Z"
      }
    },
    {
      "type": "Feature",
      "geometry": {
        "type": "Point",
        "coordinates": [
          -74.0047653,
          40.7479866
        ]
      },
      "properties": {
        "timestamp": "2012-03-11T15:13:16Z"
      }
    },
    {
      "type": "Feature",
      "geometry": {
        "type": "Point",
        "coordinates": [
          -74.004747,
          40.7480026
        ]
      },
      "properties": {
        "timestamp": "2012-03-11T15:13:18Z"
      }
    },
    {
      "type": "Feature",
      "geometry": {
        "type": "Point",
        "coordinates": [
          -74.0047389,
          40.7479835
        ]
      },
      "properties": {
        "timestamp": "2012-03-11T15:13:20Z"
      }
    },
    {
      "type": "Feature",
      "geometry": {
        "type": "Point",
        "coordinates": [
          -74.0047301,
          40.7479706
        ]
      },
      "properties": {
        "timestamp": "2012-03-11T15:13:22Z"
      }
    },
    {
      "type": "Feature",
      "geometry": {
        "type": "Point",
        "coordinates": [
          -74.0047215,
          40.7479597
        ]
      },
      "properties": {
        "timestamp": "2012-03-11T15:13:24Z"
      }
    },
    {
      "type": "Feature",
      "geometry": {
        "type": "Point",
        "coordinates": [
          -74.0047117,
          40.747983
        ]
      },
      "properties": {
        "timestamp": "2012-03-11T15:13:26Z"
      }
    },
    {
      "type": "Feature",
      "geometry": {
        "type": "Point",
        "coordinates": [
          -74.004702,
          40.7479743
        ]
      },
      "properties": {
        "timestamp": "2012-03-11T15:13:28Z"
      }
    },
    {
      "type": "Feature",
      "geometry": {
        "type": "Point",
        "coordinates": [
          -74.0046916,
          40.7479703
        ]
      },
      "properties": {
        "timestamp": "2012-03-11T15:13:30Z"
      }
    },
    {
      "type": "Feature",
      "geometry": {
        "type": "Point",
        "coordinates": [
          -74.0046827,
          40.7479702
        ]
      },
      "properties": {
        "timestamp": "2012-03-11T15:13:32Z"
      }
    },
    {
      "type": "Feature",
      "geometry": {
        "type": "Point",
        "coordinates": [
          -74.0046694,
          40.7480687
        ]
      },
      "properties": {
        "timestamp": "2012-03-11T15:13:34Z"
      }
    },
    {
      "type": "Feature",
      "geometry": {
        "type": "Point",
        "coordinates": [
          -74.0046623,
          40.7481061
        ]
      },
      "properties": {
        "timestamp": "2012-03-11T15:13:36Z"
      }
    },
    {
      "type": "Feature",
      "geometry": {
        "type": "Point",
        "coordinates": [
          -74.0046406,
          40.7481547
        ]
      },
      "properties": {
        "timestamp": "2012-03-11T15:13:38Z"
      }
    },
    {
      "type": "Feature",
      "geometry": {
        "type": "Point",
        "coordinates": [
          -74.0046337,
          40.7481401
        ]
      },
      "properties": {
        "timestamp": "2012-03-11T15:13:40Z"
      }
    },
    {
      "type": "Feature",
      "geometry": {
        "type": "Point",
        "coordinates": [
          -74.0046213,
          40.748183
        ]
      },
      "properties": {
        "timestamp": "2012-03-11T15:13:42Z"
      }
    },
    {
      "type": "Feature",
      "geometry": {
        "type": "Point",
        "coordinates": [
          -74.0046128,
          40.7482022
        ]
      },
      "properties": {
        "timestamp": "2012-03-11T15:13:44Z"
      }
    },
    {
      "type": "Feature",
      "geometry": {
        "type": "Point",
        "coordinates": [
          -74.0046069,
          40.748214
        ]
      },
      "properties": {
        "timestamp": "2012-03-11T15:13:46Z"
      }
    },
    {
      "type": "Feature",
      "geometry": {
        "type": "Point",
        "coordinates": [
          -74.0046037,
          40.7482245
        ]
      },
      "properties": {
        "timestamp": "2012-03-11T15:13:48Z"
      }
    },
    {
      "type": "Feature",
      "geometry": {
        "type": "Point",
        "coordinates": [
          -74.0046021,
          40.7482336
        ]
      },
      "properties": {
        "timestamp": "2012-03-11T15:13:50Z"
      }
    },
    {
      "type": "Feature",
      "geometry": {
        "type": "Point",
        "coordinates": [
          -74.0045972,
          40.7482202
        ]
      },
      "properties": {
        "timestamp": "2012-03-11T15:13:52Z"
      }
    },
    {
      "type": "Feature",
      "geometry": {
        "type": "Point",
        "coordinates": [
          -74.0045931,
          40.7482099
        ]
      },
      "properties": {
        "timestamp": "2012-03-11T15:13:54Z"
      }
    },
    {
      "type": "Feature",
      "geometry": {
        "type": "Point",
        "coordinates": [
          -74.0045888,
          40.7481994
        ]
      },
      "properties": {
        "timestamp": "2012-03-11T15:13:56Z"
      }
    },
    {
      "type": "Feature",
      "geometry": {
        "type": "Point",
        "coordinates": [
          -74.004563,
          40.7482567
        ]
      },
      "properties": {
        "timestamp": "2012-03-11T15:13:58Z"
      }
    },
    {
      "type": "Feature",
      "geometry": {
        "type": "Point",
        "coordinates": [
          -74.0045517,
          40.7482596
        ]
      },
      "properties": {
        "timestamp": "2012-03-11T15:14:00Z"
      }
    },
    {
      "type": "Feature",
      "geometry": {
        "type": "Point",
        "coordinates": [
          -74.0045441,
          40.7482469
        ]
      },
      "properties": {
        "timestamp": "2012-03-11T15:14:02Z"
      }
    },
    {
      "type": "Feature",
      "geometry": {
        "type": "Point",
        "coordinates": [
          -74.0045369,
          40.748235
        ]
      },
      "properties": {
        "timestamp": "2012-03-11T15:14:04Z"
      }
    },
    {
      "type": "Feature",
      "geometry": {
        "type": "Point",
        "coordinates": [
          -74.0045303,
          40.7482254
        ]
      },
      "properties": {
        "timestamp": "2012-03-11T15:14:06Z"
      }
    },
    {
      "type": "Feature",
      "geometry": {
        "type": "Point",
        "coordinates": [
          -74.0045278,
          40.7482584
        ]
      },
      "properties": {
        "timestamp": "2012-03-11T15:14:08Z"
      }
    },
    {
      "type": "Feature",
      "geometry": {
        "type": "Point",
        "coordinates": [
          -74.0045218,
          40.7482691
        ]
      },
      "properties": {
        "timestamp": "2012-03-11T15:14:10Z"
      }
    },
    {
      "type": "Feature",
      "geometry": {
        "type": "Point",
        "coordinates": [
          -74.004512,
          40.7482618
        ]
      },
      "properties": {
        "timestamp": "2012-03-11T15:14:12Z"
      }
    },
    {
      "type": "Feature",
      "geometry": {
        "type": "Point",
        "coordinates": [
          -74.0044883,
          40.7483264
        ]
      },
      "properties": {
        "timestamp": "2012-03-11T15:14:14Z"
      }
    },
    {
      "type": "Feature",
      "geometry": {
        "type": "Point",
        "coordinates": [
          -74.004476,
          40.7483545
        ]
      },
      "properties": {
        "timestamp": "2012-03-11T15:14:16Z"
      }
    },
    {
      "type": "Feature",
      "geometry": {
        "type": "Point",
        "coordinates": [
          -74.0044684,
          40.7483529
        ]
      },
      "properties": {
        "timestamp": "2012-03-11T15:14:18Z"
      }
    },
    {
      "type": "Feature",
      "geometry": {
        "type": "Point",
        "coordinates": [
          -74.0044624,
          40.7483614
        ]
      },
      "properties": {
        "timestamp": "2012-03-11T15:14:20Z"
      }
    },
    {
      "type": "Feature",
      "geometry": {
        "type": "Point",
        "coordinates": [
          -74.0044585,
          40.7483754
        ]
      },
      "properties": {
        "timestamp": "2012-03-11T15:14:22Z"
      }
    },
    {
      "type": "Feature",
      "geometry": {
        "type": "Point",
        "coordinates": [
          -74.0044556,
          40.7483837
        ]
      },
      "properties": {
        "timestamp": "2012-03-11T15:14:24Z"
      }
    },
    {
      "type": "Feature",
      "geometry": {
        "type": "Point",
        "coordinates": [
          -74.0044373,
          40.7484024
        ]
      },
      "properties": {
        "timestamp": "2012-03-11T15:14:26Z"
      }
    },
    {
      "type": "Feature",
      "geometry": {
        "type": "Point",
        "coordinates": [
          -74.0044165,
          40.748422
        ]
      },
      "properties": {
        "timestamp": "2012-03-11T15:14:28Z"
      }
    },
    {
      "type": "Feature",
      "geometry": {
        "type": "Point",
        "coordinates": [
          -74.0044012,
          40.748438
        ]
      },
      "properties": {
        "timestamp": "2012-03-11T15:14:30Z"
      }
    },
    {
      "type": "Feature",
      "geometry": {
        "type": "Point",
        "coordinates": [
          -74.0043905,
          40.7484496
        ]
      },
      "properties": {
        "timestamp": "2012-03-11T15:14:32Z"
      }
    },
    {
      "type": "Feature",
      "geometry": {
        "type": "Point",
        "coordinates": [
          -74.0043831,
          40.7484571
        ]
      },
      "properties": {
        "timestamp": "2012-03-11T15:14:34Z"
      }
    },
    {
      "type": "Feature",
      "geometry": {
        "type": "Point",
        "coordinates": [
          -74.0043774,
          40.7484419
        ]
      },
      "properties": {
        "timestamp": "2012-03-11T15:14:36Z"
      }
    },
    {
      "type": "Feature",
      "geometry": {
        "type": "Point",
        "coordinates": [
          -74.0043731,
          40.748433
        ]
      },
      "properties": {
        "timestamp": "2012-03-11T15:14:38Z"
      }
    },
    {
      "type": "Feature",
      "geometry": {
        "type": "Point",
        "coordinates": [
          -74.0043692,
          40.7484259
        ]
      },
      "properties": {
        "timestamp": "2012-03-11T15:14:40Z"
      }
    },
    {
      "type": "Feature",
      "geometry": {
        "type": "Point",
        "coordinates": [
          -74.0043609,
          40.7484201
        ]
      },
      "properties": {
        "timestamp": "2012-03-11T15:14:42Z"
      }
    },
    {
      "type": "Feature",
      "geometry": {
        "type": "Point",
        "coordinates": [
          -74.0043491,
          40.7484152
        ]
      },
      "properties": {
        "timestamp": "2012-03-11T15:14:44Z"
      }
    },
    {
      "type": "Feature",
      "geometry": {
        "type": "Point",
        "coordinates": [
          -74.0043378,
          40.748412
        ]
      },
      "properties": {
        "timestamp": "2012-03-11T15:14:46Z"
      }
    },
    {
      "type": "Feature",
      "geometry": {
        "type": "Point",
        "coordinates": [
          -74.0043051,
          40.748476
        ]
      },
      "properties": {
        "timestamp": "2012-03-11T15:14:48Z"
      }
    },
    {
      "type": "Feature",
      "geometry": {
        "type": "Point",
        "coordinates": [
          -74.0042943,
          40.7484818
        ]
      },
      "properties": {
        "timestamp": "2012-03-11T15:14:50Z"
      }
    },
    {
      "type": "Feature",
      "geometry": {
        "type": "Point",
        "coordinates": [
          -74.0042875,
          40.7484712
        ]
      },
      "properties": {
        "timestamp": "2012-03-11T15:14:52Z"
      }
    },
    {
      "type": "Feature",
      "geometry": {
        "type": "Point",
        "coordinates": [
          -74.0042794,
          40.7484805
        ]
      },
      "properties": {
        "timestamp": "2012-03-11T15:14:54Z"
      }
    },
    {
      "type": "Feature",
      "geometry": {
        "type": "Point",
        "coordinates": [
          -74.004273,
          40.748469
        ]
      },
      "properties": {
        "timestamp": "2012-03-11T15:14:56Z"
      }
    },
    {
      "type": "Feature",
      "geometry": {
        "type": "Point",
        "coordinates": [
          -74.0042476,
          40.7485057
        ]
      },
      "properties": {
        "timestamp": "2012-03-11T15:14:58Z"
      }
    },
    {
      "type": "Feature",
      "geometry": {
        "type": "Point",
        "coordinates": [
          -74.0042393,
          40.7484913
        ]
      },
      "properties": {
        "timestamp": "2012-03-11T15:15:00Z"
      }
    },
    {
      "type": "Feature",
      "geometry": {
        "type": "Point",
        "coordinates": [
          -74.0042219,
          40.7485219
        ]
      },
      "properties": {
        "timestamp": "2012-03-11T15:15:02Z"
      }
    },
    {
      "type": "Feature",
      "geometry": {
        "type": "Point",
        "coordinates": [
          -74.0042081,
          40.7485532
        ]
      },
      "properties": {
        "timestamp": "2012-03-11T15:15:04Z"
      }
    },
    {
      "type": "Feature",
      "geometry": {
        "type": "Point",
        "coordinates": [
          -74.0041995,
          40.7485687
        ]
      },
      "properties": {
        "timestamp": "2012-03-11T15:15:06Z"
      }
    },
    {
      "type": "Feature",
      "geometry": {
        "type": "Point",
        "coordinates": [
          -74.0041935,
          40.7485643
        ]
      },
      "properties": {
        "timestamp": "2012-03-11T15:15:08Z"
      }
    },
    {
      "type": "Feature",
      "geometry": {
        "type": "Point",
        "coordinates": [
          -74.0041902,
          40.7485785
        ]
      },
      "properties": {
        "timestamp": "2012-03-11T15:15:10Z"
      }
    },
    {
      "type": "Feature",
      "geometry": {
        "type": "Point",
        "coordinates": [
          -74.0041628,
          40.7486087
        ]
      },
      "properties": {
        "timestamp": "2012-03-11T15:15:12Z"
      }
    },
    {
      "type": "Feature",
      "geometry": {
        "type": "Point",
        "coordinates": [
          -74.0041451,
          40.7486267
        ]
      },
      "properties": {
        "timestamp": "2012-03-11T15:15:14Z"
      }
    },
    {
      "type": "Feature",
      "geometry": {
        "type": "Point",
        "coordinates": [
          -74.0041328,
          40.748639
        ]
      },
      "properties": {
        "timestamp": "2012-03-11T15:15:16Z"
      }
    },
    {
      "type": "Feature",
      "geometry": {
        "type": "Point",
        "coordinates": [
          -74.0041105,
          40.7486616
        ]
      },
      "properties": {
        "timestamp": "2012-03-11T15:15:18Z"
      }
    },
    {
      "type": "Feature",
      "geometry": {
        "type": "Point",
        "coordinates": [
          -74.004088,
          40.7486848
        ]
      },
      "properties": {
        "timestamp": "2012-03-11T15:15:20Z"
      }
    },
    {
      "type": "Feature",
      "geometry": {
        "type": "Point",
        "coordinates": [
          -74.0040722,
          40.7487015
        ]
      },
      "properties": {
        "timestamp": "2012-03-11T15:15:22Z"
      }
    },
    {
      "type": "Feature",
      "geometry": {
        "type": "Point",
        "coordinates": [
          -74.0040607,
          40.7487137
        ]
      },
      "properties": {
        "timestamp": "2012-03-11T15:15:24Z"
      }
    },
    {
      "type": "Feature",
      "geometry": {
        "type": "Point",
        "coordinates": [
          -74.0040607,
          40.7487137
        ]
      },
      "properties": {
        "timestamp": "2012-03-11T15:15:26Z"
      }
    },
    {
      "type": "Feature",
      "geometry": {
        "type": "Point",
        "coordinates": [
          -74.0040563,
          40.7487199
        ]
      },
      "properties": {
        "timestamp": "2012-03-11T15:15:28Z"
      }
    },
    {
      "type": "Feature",
      "geometry": {
        "type": "Point",
        "coordinates": [
          -74.0040499,
          40.7487286
        ]
      },
      "properties": {
        "timestamp": "2012-03-11T15:15:30Z"
      }
    },
    {
      "type": "Feature",
      "geometry": {
        "type": "Point",
        "coordinates": [
          -74.0040452,
          40.7487348
        ]
      },
      "properties": {
        "timestamp": "2012-03-11T15:15:32Z"
      }
    },
    {
      "type": "Feature",
      "geometry": {
        "type": "Point",
        "coordinates": [
          -74.0040436,
          40.7487378
        ]
      },
      "properties": {
        "timestamp": "2012-03-11T15:15:34Z"
      }
    },
    {
      "type": "Feature",
      "geometry": {
        "type": "Point",
        "coordinates": [
          -74.0040436,
          40.7487378
        ]
      },
      "properties": {
        "timestamp": "2012-03-11T15:15:36Z"
      }
    },
    {
      "type": "Feature",
      "geometry": {
        "type": "Point",
        "coordinates": [
          -74.0040436,
          40.7487378
        ]
      },
      "properties": {
        "timestamp": "2012-03-11T15:15:38Z"
      }
    },
    {
      "type": "Feature",
      "geometry": {
        "type": "Point",
        "coordinates": [
          -74.0040436,
          40.7487378
        ]
      },
      "properties": {
        "timestamp": "2012-03-11T15:15:40Z"
      }
    },
    {
      "type": "Feature",
      "geometry": {
        "type": "Point",
        "coordinates": [
          -74.0040247,
          40.7487724
        ]
      },
      "properties": {
        "timestamp": "2012-03-11T15:15:42Z"
      }
    },
    {
      "type": "Feature",
      "geometry": {
        "type": "Point",
        "coordinates": [
          -74.0040107,
          40.7487917
        ]
      },
      "properties": {
        "timestamp": "2012-03-11T15:15:44Z"
      }
    },
    {
      "type": "Feature",
      "geometry": {
        "type": "Point",
        "coordinates": [
          -74.0040054,
          40.7487991
        ]
      },
      "properties": {
        "timestamp": "2012-03-11T15:15:46Z"
      }
    },
    {
      "type": "Feature",
      "geometry": {
        "type": "Point",
        "coordinates": [
          -74.0040054,
          40.7487991
        ]
      },
      "properties": {
        "timestamp": "2012-03-11T15:15:48Z"
      }
    },
    {
      "type": "Feature",
      "geometry": {
        "type": "Point",
        "coordinates": [
          -74.0039971,
          40.7488109
        ]
      },
      "properties": {
        "timestamp": "2012-03-11T15:15:50Z"
      }
    },
    {
      "type": "Feature",
      "geometry": {
        "type": "Point",
        "coordinates": [
          -74.0039902,
          40.7488171
        ]
      },
      "properties": {
        "timestamp": "2012-03-11T15:15:52Z"
      }
    },
    {
      "type": "Feature",
      "geometry": {
        "type": "Point",
        "coordinates": [
          -74.0039853,
          40.7488213
        ]
      },
      "properties": {
        "timestamp": "2012-03-11T15:15:54Z"
      }
    },
    {
      "type": "Feature",
      "geometry": {
        "type": "Point",
        "coordinates": [
          -74.0039819,
          40.7488247
        ]
      },
      "properties": {
        "timestamp": "2012-03-11T15:15:56Z"
      }
    },
    {
      "type": "Feature",
      "geometry": {
        "type": "Point",
        "coordinates": [
          -74.0039791,
          40.7488263
        ]
      },
      "properties": {
        "timestamp": "2012-03-11T15:15:58Z"
      }
    },
    {
      "type": "Feature",
      "geometry": {
        "type": "Point",
        "coordinates": [
          -74.0039771,
          40.7488272
        ]
      },
      "properties": {
        "timestamp": "2012-03-11T15:16:00Z"
      }
    },
    {
      "type": "Feature",
      "geometry": {
        "type": "Point",
        "coordinates": [
          -74.0039755,
          40.7488276
        ]
      },
      "properties": {
        "timestamp": "2012-03-11T15:16:02Z"
      }
    },
    {
      "type": "Feature",
      "geometry": {
        "type": "Point",
        "coordinates": [
          -74.0039748,
          40.7488293
        ]
      },
      "properties": {
        "timestamp": "2012-03-11T15:16:04Z"
      }
    },
    {
      "type": "Feature",
      "geometry": {
        "type": "Point",
        "coordinates": [
          -74.0039606,
          40.748844
        ]
      },
      "properties": {
        "timestamp": "2012-03-11T15:16:06Z"
      }
    },
    {
      "type": "Feature",
      "geometry": {
        "type": "Point",
        "coordinates": [
          -74.0039431,
          40.7488625
        ]
      },
      "properties": {
        "timestamp": "2012-03-11T15:16:08Z"
      }
    },
    {
      "type": "Feature",
      "geometry": {
        "type": "Point",
        "coordinates": [
          -74.0039305,
          40.7488754
        ]
      },
      "properties": {
        "timestamp": "2012-03-11T15:16:10Z"
      }
    },
    {
      "type": "Feature",
      "geometry": {
        "type": "Point",
        "coordinates": [
          -74.0038993,
          40.7489127
        ]
      },
      "properties": {
        "timestamp": "2012-03-11T15:16:12Z"
      }
    },
    {
      "type": "Feature",
      "geometry": {
        "type": "Point",
        "coordinates": [
          -74.0038848,
          40.7489148
        ]
      },
      "properties": {
        "timestamp": "2012-03-11T15:16:14Z"
      }
    },
    {
      "type": "Feature",
      "geometry": {
        "type": "Point",
        "coordinates": [
          -74.003871,
          40.7489236
        ]
      },
      "properties": {
        "timestamp": "2012-03-11T15:16:16Z"
      }
    },
    {
      "type": "Feature",
      "geometry": {
        "type": "Point",
        "coordinates": [
          -74.0038625,
          40.7489113
        ]
      },
      "properties": {
        "timestamp": "2012-03-11T15:16:18Z"
      }
    },
    {
      "type": "Feature",
      "geometry": {
        "type": "Point",
        "coordinates": [
          -74.0038506,
          40.7489523
        ]
      },
      "properties": {
        "timestamp": "2012-03-11T15:16:20Z"
      }
    },
    {
      "type": "Feature",
      "geometry": {
        "type": "Point",
        "coordinates": [
          -74.0038272,
          40.7489859
        ]
      },
      "properties": {
        "timestamp": "2012-03-11T15:16:22Z"
      }
    },
    {
      "type": "Feature",
      "geometry": {
        "type": "Point",
        "coordinates": [
          -74.0038035,
          40.7490132
        ]
      },
      "properties": {
        "timestamp": "2012-03-11T15:16:24Z"
      }
    },
    {
      "type": "Feature",
      "geometry": {
        "type": "Point",
        "coordinates": [
          -74.0037871,
          40.7490315
        ]
      },
      "properties": {
        "timestamp": "2012-03-11T15:16:26Z"
      }
    },
    {
      "type": "Feature",
      "geometry": {
        "type": "Point",
        "coordinates": [
          -74.0037718,
          40.7490742
        ]
      },
      "properties": {
        "timestamp": "2012-03-11T15:16:28Z"
      }
    },
    {
      "type": "Feature",
      "geometry": {
        "type": "Point",
        "coordinates": [
          -74.0037694,
          40.7490706
        ]
      },
      "properties": {
        "timestamp": "2012-03-11T15:16:30Z"
      }
    },
    {
      "type": "Feature",
      "geometry": {
        "type": "Point",
        "coordinates": [
          -74.0037679,
          40.7490724
        ]
      },
      "properties": {
        "timestamp": "2012-03-11T15:16:32Z"
      }
    },
    {
      "type": "Feature",
      "geometry": {
        "type": "Point",
        "coordinates": [
          -74.0037679,
          40.7490724
        ]
      },
      "properties": {
        "timestamp": "2012-03-11T15:16:34Z"
      }
    },
    {
      "type": "Feature",
      "geometry": {
        "type": "Point",
        "coordinates": [
          -74.0037679,
          40.7490724
        ]
      },
      "properties": {
        "timestamp": "2012-03-11T15:16:36Z"
      }
    },
    {
      "type": "Feature",
      "geometry": {
        "type": "Point",
        "coordinates": [
          -74.0037679,
          40.7490724
        ]
      },
      "properties": {
        "timestamp": "2012-03-11T15:16:38Z"
      }
    },
    {
      "type": "Feature",
      "geometry": {
        "type": "Point",
        "coordinates": [
          -74.0037679,
          40.7490724
        ]
      },
      "properties": {
        "timestamp": "2012-03-11T15:16:40Z"
      }
    },
    {
      "type": "Feature",
      "geometry": {
        "type": "Point",
        "coordinates": [
          -74.0037679,
          40.7490724
        ]
      },
      "properties": {
        "timestamp": "2012-03-11T15:16:42Z"
      }
    },
    {
      "type": "Feature",
      "geometry": {
        "type": "Point",
        "coordinates": [
          -74.0037679,
          40.7490724
        ]
      },
      "properties": {
        "timestamp": "2012-03-11T15:16:44Z"
      }
    },
    {
      "type": "Feature",
      "geometry": {
        "type": "Point",
        "coordinates": [
          -74.0037679,
          40.7490724
        ]
      },
      "properties": {
        "timestamp": "2012-03-11T15:16:46Z"
      }
    },
    {
      "type": "Feature",
      "geometry": {
        "type": "Point",
        "coordinates": [
          -74.0037679,
          40.7490724
        ]
      },
      "properties": {
        "timestamp": "2012-03-11T15:16:48Z"
      }
    },
    {
      "type": "Feature",
      "geometry": {
        "type": "Point",
        "coordinates": [
          -74.0037679,
          40.7490724
        ]
      },
      "properties": {
        "timestamp": "2012-03-11T15:16:50Z"
      }
    },
    {
      "type": "Feature",
      "geometry": {
        "type": "Point",
        "coordinates": [
          -74.0037679,
          40.7490724
        ]
      },
      "properties": {
        "timestamp": "2012-03-11T15:16:52Z"
      }
    },
    {
      "type": "Feature",
      "geometry": {
        "type": "Point",
        "coordinates": [
          -74.0037612,
          40.7491058
        ]
      },
      "properties": {
        "timestamp": "2012-03-11T15:16:54Z"
      }
    },
    {
      "type": "Feature",
      "geometry": {
        "type": "Point",
        "coordinates": [
          -74.0037542,
          40.7491237
        ]
      },
      "properties": {
        "timestamp": "2012-03-11T15:16:56Z"
      }
    },
    {
      "type": "Feature",
      "geometry": {
        "type": "Point",
        "coordinates": [
          -74.003749,
          40.7491369
        ]
      },
      "properties": {
        "timestamp": "2012-03-11T15:16:58Z"
      }
    },
    {
      "type": "Feature",
      "geometry": {
        "type": "Point",
        "coordinates": [
          -74.0037453,
          40.749146
        ]
      },
      "properties": {
        "timestamp": "2012-03-11T15:17:00Z"
      }
    },
    {
      "type": "Feature",
      "geometry": {
        "type": "Point",
        "coordinates": [
          -74.0037291,
          40.7491672
        ]
      },
      "properties": {
        "timestamp": "2012-03-11T15:17:02Z"
      }
    },
    {
      "type": "Feature",
      "geometry": {
        "type": "Point",
        "coordinates": [
          -74.0037034,
          40.7491945
        ]
      },
      "properties": {
        "timestamp": "2012-03-11T15:17:04Z"
      }
    },
    {
      "type": "Feature",
      "geometry": {
        "type": "Point",
        "coordinates": [
          -74.0036813,
          40.7492145
        ]
      },
      "properties": {
        "timestamp": "2012-03-11T15:17:06Z"
      }
    },
    {
      "type": "Feature",
      "geometry": {
        "type": "Point",
        "coordinates": [
          -74.0036486,
          40.7492735
        ]
      },
      "properties": {
        "timestamp": "2012-03-11T15:17:08Z"
      }
    },
    {
      "type": "Feature",
      "geometry": {
        "type": "Point",
        "coordinates": [
          -74.0036316,
          40.7493123
        ]
      },
      "properties": {
        "timestamp": "2012-03-11T15:17:10Z"
      }
    },
    {
      "type": "Feature",
      "geometry": {
        "type": "Point",
        "coordinates": [
          -74.003631,
          40.7493457
        ]
      },
      "properties": {
        "timestamp": "2012-03-11T15:17:12Z"
      }
    },
    {
      "type": "Feature",
      "geometry": {
        "type": "Point",
        "coordinates": [
          -74.0036309,
          40.7493683
        ]
      },
      "properties": {
        "timestamp": "2012-03-11T15:17:14Z"
      }
    },
    {
      "type": "Feature",
      "geometry": {
        "type": "Point",
        "coordinates": [
          -74.0036332,
          40.749388
        ]
      },
      "properties": {
        "timestamp": "2012-03-11T15:17:16Z"
      }
    },
    {
      "type": "Feature",
      "geometry": {
        "type": "Point",
        "coordinates": [
          -74.0036377,
          40.7494107
        ]
      },
      "properties": {
        "timestamp": "2012-03-11T15:17:18Z"
      }
    },
    {
      "type": "Feature",
      "geometry": {
        "type": "Point",
        "coordinates": [
          -74.0036357,
          40.7494265
        ]
      },
      "properties": {
        "timestamp": "2012-03-11T15:17:20Z"
      }
    },
    {
      "type": "Feature",
      "geometry": {
        "type": "Point",
        "coordinates": [
          -74.0036118,
          40.7494408
        ]
      },
      "properties": {
        "timestamp": "2012-03-11T15:17:22Z"
      }
    },
    {
      "type": "Feature",
      "geometry": {
        "type": "Point",
        "coordinates": [
          -74.0036044,
          40.7494448
        ]
      },
      "properties": {
        "timestamp": "2012-03-11T15:17:24Z"
      }
    },
    {
      "type": "Feature",
      "geometry": {
        "type": "Point",
        "coordinates": [
          -74.0035988,
          40.7494585
        ]
      },
      "properties": {
        "timestamp": "2012-03-11T15:17:26Z"
      }
    },
    {
      "type": "Feature",
      "geometry": {
        "type": "Point",
        "coordinates": [
          -74.0035925,
          40.7494762
        ]
      },
      "properties": {
        "timestamp": "2012-03-11T15:17:28Z"
      }
    },
    {
      "type": "Feature",
      "geometry": {
        "type": "Point",
        "coordinates": [
          -74.0035924,
          40.7494879
        ]
      },
      "properties": {
        "timestamp": "2012-03-11T15:17:30Z"
      }
    },
    {
      "type": "Feature",
      "geometry": {
        "type": "Point",
        "coordinates": [
          -74.0035891,
          40.7495051
        ]
      },
      "properties": {
        "timestamp": "2012-03-11T15:17:32Z"
      }
    },
    {
      "type": "Feature",
      "geometry": {
        "type": "Point",
        "coordinates": [
          -74.0035719,
          40.7495265
        ]
      },
      "properties": {
        "timestamp": "2012-03-11T15:17:34Z"
      }
    },
    {
      "type": "Feature",
      "geometry": {
        "type": "Point",
        "coordinates": [
          -74.0035554,
          40.7495405
        ]
      },
      "properties": {
        "timestamp": "2012-03-11T15:17:36Z"
      }
    },
    {
      "type": "Feature",
      "geometry": {
        "type": "Point",
        "coordinates": [
          -74.0035333,
          40.74956
        ]
      },
      "properties": {
        "timestamp": "2012-03-11T15:17:38Z"
      }
    },
    {
      "type": "Feature",
      "geometry": {
        "type": "Point",
        "coordinates": [
          -74.0034899,
          40.7495597
        ]
      },
      "properties": {
        "timestamp": "2012-03-11T15:17:40Z"
      }
    },
    {
      "type": "Feature",
      "geometry": {
        "type": "Point",
        "coordinates": [
          -74.0034562,
          40.7495648
        ]
      },
      "properties": {
        "timestamp": "2012-03-11T15:17:42Z"
      }
    },
    {
      "type": "Feature",
      "geometry": {
        "type": "Point",
        "coordinates": [
          -74.0034249,
          40.7495675
        ]
      },
      "properties": {
        "timestamp": "2012-03-11T15:17:44Z"
      }
    },
    {
      "type": "Feature",
      "geometry": {
        "type": "Point",
        "coordinates": [
          -74.0033916,
          40.749577
        ]
      },
      "properties": {
        "timestamp": "2012-03-11T15:17:46Z"
      }
    },
    {
      "type": "Feature",
      "geometry": {
        "type": "Point",
        "coordinates": [
          -74.0033619,
          40.7495951
        ]
      },
      "properties": {
        "timestamp": "2012-03-11T15:17:48Z"
      }
    },
    {
      "type": "Feature",
      "geometry": {
        "type": "Point",
        "coordinates": [
          -74.003332,
          40.7496128
        ]
      },
      "properties": {
        "timestamp": "2012-03-11T15:17:50Z"
      }
    },
    {
      "type": "Feature",
      "geometry": {
        "type": "Point",
        "coordinates": [
          -74.00331,
          40.7496226
        ]
      },
      "properties": {
        "timestamp": "2012-03-11T15:17:52Z"
      }
    },
    {
      "type": "Feature",
      "geometry": {
        "type": "Point",
        "coordinates": [
          -74.0033008,
          40.7496119
        ]
      },
      "properties": {
        "timestamp": "2012-03-11T15:17:54Z"
      }
    },
    {
      "type": "Feature",
      "geometry": {
        "type": "Point",
        "coordinates": [
          -74.0032888,
          40.7496027
        ]
      },
      "properties": {
        "timestamp": "2012-03-11T15:17:56Z"
      }
    },
    {
      "type": "Feature",
      "geometry": {
        "type": "Point",
        "coordinates": [
          -74.0032701,
          40.7496062
        ]
      },
      "properties": {
        "timestamp": "2012-03-11T15:17:58Z"
      }
    },
    {
      "type": "Feature",
      "geometry": {
        "type": "Point",
        "coordinates": [
          -74.0032576,
          40.74962
        ]
      },
      "properties": {
        "timestamp": "2012-03-11T15:18:00Z"
      }
    },
    {
      "type": "Feature",
      "geometry": {
        "type": "Point",
        "coordinates": [
          -74.0032521,
          40.7496375
        ]
      },
      "properties": {
        "timestamp": "2012-03-11T15:18:02Z"
      }
    },
    {
      "type": "Feature",
      "geometry": {
        "type": "Point",
        "coordinates": [
          -74.0032473,
          40.7496544
        ]
      },
      "properties": {
        "timestamp": "2012-03-11T15:18:04Z"
      }
    },
    {
      "type": "Feature",
      "geometry": {
        "type": "Point",
        "coordinates": [
          -74.0032669,
          40.7496692
        ]
      },
      "properties": {
        "timestamp": "2012-03-11T15:18:06Z"
      }
    },
    {
      "type": "Feature",
      "geometry": {
        "type": "Point",
        "coordinates": [
          -74.0032832,
          40.7496853
        ]
      },
      "properties": {
        "timestamp": "2012-03-11T15:18:08Z"
      }
    },
    {
      "type": "Feature",
      "geometry": {
        "type": "Point",
        "coordinates": [
          -74.0032541,
          40.7496951
        ]
      },
      "properties": {
        "timestamp": "2012-03-11T15:18:10Z"
      }
    },
    {
      "type": "Feature",
      "geometry": {
        "type": "Point",
        "coordinates": [
          -74.0032295,
          40.7497048
        ]
      },
      "properties": {
        "timestamp": "2012-03-11T15:18:12Z"
      }
    },
    {
      "type": "Feature",
      "geometry": {
        "type": "Point",
        "coordinates": [
          -74.0032099,
          40.7497029
        ]
      },
      "properties": {
        "timestamp": "2012-03-11T15:18:14Z"
      }
    },
    {
      "type": "Feature",
      "geometry": {
        "type": "Point",
        "coordinates": [
          -74.0032011,
          40.7496949
        ]
      },
      "properties": {
        "timestamp": "2012-03-11T15:18:16Z"
      }
    },
    {
      "type": "Feature",
      "geometry": {
        "type": "Point",
        "coordinates": [
          -74.0032587,
          40.7496874
        ]
      },
      "properties": {
        "timestamp": "2012-03-11T15:18:18Z"
      }
    },
    {
      "type": "Feature",
      "geometry": {
        "type": "Point",
        "coordinates": [
          -74.0032726,
          40.749681
        ]
      },
      "properties": {
        "timestamp": "2012-03-11T15:18:20Z"
      }
    },
    {
      "type": "Feature",
      "geometry": {
        "type": "Point",
        "coordinates": [
          -74.0032688,
          40.7496734
        ]
      },
      "properties": {
        "timestamp": "2012-03-11T15:18:22Z"
      }
    },
    {
      "type": "Feature",
      "geometry": {
        "type": "Point",
        "coordinates": [
          -74.0033081,
          40.7496618
        ]
      },
      "properties": {
        "timestamp": "2012-03-11T15:18:24Z"
      }
    },
    {
      "type": "Feature",
      "geometry": {
        "type": "Point",
        "coordinates": [
          -74.0033361,
          40.7496542
        ]
      },
      "properties": {
        "timestamp": "2012-03-11T15:18:26Z"
      }
    },
    {
      "type": "Feature",
      "geometry": {
        "type": "Point",
        "coordinates": [
          -74.0033361,
          40.7496542
        ]
      },
      "properties": {
        "timestamp": "2012-03-11T15:18:28Z"
      }
    },
    {
      "type": "Feature",
      "geometry": {
        "type": "Point",
        "coordinates": [
          -74.0033361,
          40.7496542
        ]
      },
      "properties": {
        "timestamp": "2012-03-11T15:18:30Z"
      }
    },
    {
      "type": "Feature",
      "geometry": {
        "type": "Point",
        "coordinates": [
          -74.0033361,
          40.7496542
        ]
      },
      "properties": {
        "timestamp": "2012-03-11T15:18:32Z"
      }
    },
    {
      "type": "Feature",
      "geometry": {
        "type": "Point",
        "coordinates": [
          -74.0033405,
          40.7496487
        ]
      },
      "properties": {
        "timestamp": "2012-03-11T15:18:34Z"
      }
    },
    {
      "type": "Feature",
      "geometry": {
        "type": "Point",
        "coordinates": [
          -74.0033405,
          40.7496487
        ]
      },
      "properties": {
        "timestamp": "2012-03-11T15:18:36Z"
      }
    },
    {
      "type": "Feature",
      "geometry": {
        "type": "Point",
        "coordinates": [
          -74.0033405,
          40.7496487
        ]
      },
      "properties": {
        "timestamp": "2012-03-11T15:18:38Z"
      }
    },
    {
      "type": "Feature",
      "geometry": {
        "type": "Point",
        "coordinates": [
          -74.0033405,
          40.7496487
        ]
      },
      "properties": {
        "timestamp": "2012-03-11T15:18:40Z"
      }
    },
    {
      "type": "Feature",
      "geometry": {
        "type": "Point",
        "coordinates": [
          -74.0033405,
          40.7496487
        ]
      },
      "properties": {
        "timestamp": "2012-03-11T15:18:42Z"
      }
    },
    {
      "type": "Feature",
      "geometry": {
        "type": "Point",
        "coordinates": [
          -74.0033405,
          40.7496487
        ]
      },
      "properties": {
        "timestamp": "2012-03-11T15:18:44Z"
      }
    },
    {
      "type": "Feature",
      "geometry": {
        "type": "Point",
        "coordinates": [
          -74.0033392,
          40.749647
        ]
      },
      "properties": {
        "timestamp": "2012-03-11T15:18:46Z"
      }
    },
    {
      "type": "Feature",
      "geometry": {
        "type": "Point",
        "coordinates": [
          -74.0033399,
          40.7496451
        ]
      },
      "properties": {
        "timestamp": "2012-03-11T15:18:48Z"
      }
    },
    {
      "type": "Feature",
      "geometry": {
        "type": "Point",
        "coordinates": [
          -74.0033434,
          40.7496442
        ]
      },
      "properties": {
        "timestamp": "2012-03-11T15:18:50Z"
      }
    },
    {
      "type": "Feature",
      "geometry": {
        "type": "Point",
        "coordinates": [
          -74.0033434,
          40.7496442
        ]
      },
      "properties": {
        "timestamp": "2012-03-11T15:18:52Z"
      }
    },
    {
      "type": "Feature",
      "geometry": {
        "type": "Point",
        "coordinates": [
          -74.0033434,
          40.7496442
        ]
      },
      "properties": {
        "timestamp": "2012-03-11T15:18:54Z"
      }
    },
    {
      "type": "Feature",
      "geometry": {
        "type": "Point",
        "coordinates": [
          -74.0033434,
          40.7496442
        ]
      },
      "properties": {
        "timestamp": "2012-03-11T15:18:56Z"
      }
    },
    {
      "type": "Feature",
      "geometry": {
        "type": "Point",
        "coordinates": [
          -74.0033505,
          40.7496487
        ]
      },
      "properties": {
        "timestamp": "2012-03-11T15:18:58Z"
      }
    },
    {
      "type": "Feature",
      "geometry": {
        "type": "Point",
        "coordinates": [
          -74.0033524,
          40.7496512
        ]
      },
      "properties": {
        "timestamp": "2012-03-11T15:19:00Z"
      }
    },
    {
      "type": "Feature",
      "geometry": {
        "type": "Point",
        "coordinates": [
          -74.0033335,
          40.7496564
        ]
      },
      "properties": {
        "timestamp": "2012-03-11T15:19:02Z"
      }
    },
    {
      "type": "Feature",
      "geometry": {
        "type": "Point",
        "coordinates": [
          -74.0033274,
          40.7496864
        ]
      },
      "properties": {
        "timestamp": "2012-03-11T15:19:04Z"
      }
    },
    {
      "type": "Feature",
      "geometry": {
        "type": "Point",
        "coordinates": [
          -74.00332,
          40.7497112
        ]
      },
      "properties": {
        "timestamp": "2012-03-11T15:19:06Z"
      }
    },
    {
      "type": "Feature",
      "geometry": {
        "type": "Point",
        "coordinates": [
          -74.003316,
          40.7497306
        ]
      },
      "properties": {
        "timestamp": "2012-03-11T15:19:08Z"
      }
    },
    {
      "type": "Feature",
      "geometry": {
        "type": "Point",
        "coordinates": [
          -74.0033092,
          40.74973
        ]
      },
      "properties": {
        "timestamp": "2012-03-11T15:19:10Z"
      }
    },
    {
      "type": "Feature",
      "geometry": {
        "type": "Point",
        "coordinates": [
          -74.0032934,
          40.7497266
        ]
      },
      "properties": {
        "timestamp": "2012-03-11T15:19:12Z"
      }
    },
    {
      "type": "Feature",
      "geometry": {
        "type": "Point",
        "coordinates": [
          -74.0032986,
          40.7497285
        ]
      },
      "properties": {
        "timestamp": "2012-03-11T15:19:14Z"
      }
    },
    {
      "type": "Feature",
      "geometry": {
        "type": "Point",
        "coordinates": [
          -74.0032986,
          40.7497285
        ]
      },
      "properties": {
        "timestamp": "2012-03-11T15:19:16Z"
      }
    },
    {
      "type": "Feature",
      "geometry": {
        "type": "Point",
        "coordinates": [
          -74.0033026,
          40.7497317
        ]
      },
      "properties": {
        "timestamp": "2012-03-11T15:19:18Z"
      }
    },
    {
      "type": "Feature",
      "geometry": {
        "type": "Point",
        "coordinates": [
          -74.0033195,
          40.7497501
        ]
      },
      "properties": {
        "timestamp": "2012-03-11T15:19:20Z"
      }
    },
    {
      "type": "Feature",
      "geometry": {
        "type": "Point",
        "coordinates": [
          -74.0033281,
          40.7497863
        ]
      },
      "properties": {
        "timestamp": "2012-03-11T15:19:22Z"
      }
    },
    {
      "type": "Feature",
      "geometry": {
        "type": "Point",
        "coordinates": [
          -74.0033298,
          40.7498216
        ]
      },
      "properties": {
        "timestamp": "2012-03-11T15:19:24Z"
      }
    },
    {
      "type": "Feature",
      "geometry": {
        "type": "Point",
        "coordinates": [
          -74.0033225,
          40.749852
        ]
      },
      "properties": {
        "timestamp": "2012-03-11T15:19:26Z"
      }
    },
    {
      "type": "Feature",
      "geometry": {
        "type": "Point",
        "coordinates": [
          -74.0033095,
          40.7498764
        ]
      },
      "properties": {
        "timestamp": "2012-03-11T15:19:28Z"
      }
    },
    {
      "type": "Feature",
      "geometry": {
        "type": "Point",
        "coordinates": [
          -74.0032918,
          40.7498909
        ]
      },
      "properties": {
        "timestamp": "2012-03-11T15:19:30Z"
      }
    },
    {
      "type": "Feature",
      "geometry": {
        "type": "Point",
        "coordinates": [
          -74.0032724,
          40.7498828
        ]
      },
      "properties": {
        "timestamp": "2012-03-11T15:19:32Z"
      }
    },
    {
      "type": "Feature",
      "geometry": {
        "type": "Point",
        "coordinates": [
          -74.0032569,
          40.7498671
        ]
      },
      "properties": {
        "timestamp": "2012-03-11T15:19:34Z"
      }
    },
    {
      "type": "Feature",
      "geometry": {
        "type": "Point",
        "coordinates": [
          -74.003243,
          40.7498566
        ]
      },
      "properties": {
        "timestamp": "2012-03-11T15:19:36Z"
      }
    },
    {
      "type": "Feature",
      "geometry": {
        "type": "Point",
        "coordinates": [
          -74.0032333,
          40.7498491
        ]
      },
      "properties": {
        "timestamp": "2012-03-11T15:19:38Z"
      }
    },
    {
      "type": "Feature",
      "geometry": {
        "type": "Point",
        "coordinates": [
          -74.0032333,
          40.7498491
        ]
      },
      "properties": {
        "timestamp": "2012-03-11T15:19:40Z"
      }
    },
    {
      "type": "Feature",
      "geometry": {
        "type": "Point",
        "coordinates": [
          -74.0032333,
          40.7498491
        ]
      },
      "properties": {
        "timestamp": "2012-03-11T15:19:42Z"
      }
    },
    {
      "type": "Feature",
      "geometry": {
        "type": "Point",
        "coordinates": [
          -74.0032333,
          40.7498491
        ]
      },
      "properties": {
        "timestamp": "2012-03-11T15:19:44Z"
      }
    },
    {
      "type": "Feature",
      "geometry": {
        "type": "Point",
        "coordinates": [
          -74.0032333,
          40.7498491
        ]
      },
      "properties": {
        "timestamp": "2012-03-11T15:19:46Z"
      }
    },
    {
      "type": "Feature",
      "geometry": {
        "type": "Point",
        "coordinates": [
          -74.0032333,
          40.7498491
        ]
      },
      "properties": {
        "timestamp": "2012-03-11T15:19:48Z"
      }
    },
    {
      "type": "Feature",
      "geometry": {
        "type": "Point",
        "coordinates": [
          -74.0032333,
          40.7498491
        ]
      },
      "properties": {
        "timestamp": "2012-03-11T15:19:50Z"
      }
    },
    {
      "type": "Feature",
      "geometry": {
        "type": "Point",
        "coordinates": [
          -74.0032367,
          40.7498493
        ]
      },
      "properties": {
        "timestamp": "2012-03-11T15:19:52Z"
      }
    },
    {
      "type": "Feature",
      "geometry": {
        "type": "Point",
        "coordinates": [
          -74.0032681,
          40.7498657
        ]
      },
      "properties": {
        "timestamp": "2012-03-11T15:19:54Z"
      }
    },
    {
      "type": "Feature",
      "geometry": {
        "type": "Point",
        "coordinates": [
          -74.0032857,
          40.7498906
        ]
      },
      "properties": {
        "timestamp": "2012-03-11T15:19:56Z"
      }
    },
    {
      "type": "Feature",
      "geometry": {
        "type": "Point",
        "coordinates": [
          -74.0032838,
          40.7499139
        ]
      },
      "properties": {
        "timestamp": "2012-03-11T15:19:58Z"
      }
    },
    {
      "type": "Feature",
      "geometry": {
        "type": "Point",
        "coordinates": [
          -74.0032737,
          40.7499344
        ]
      },
      "properties": {
        "timestamp": "2012-03-11T15:20:00Z"
      }
    },
    {
      "type": "Feature",
      "geometry": {
        "type": "Point",
        "coordinates": [
          -74.0032613,
          40.7499542
        ]
      },
      "properties": {
        "timestamp": "2012-03-11T15:20:02Z"
      }
    },
    {
      "type": "Feature",
      "geometry": {
        "type": "Point",
        "coordinates": [
          -74.0032615,
          40.7499684
        ]
      },
      "properties": {
        "timestamp": "2012-03-11T15:20:04Z"
      }
    },
    {
      "type": "Feature",
      "geometry": {
        "type": "Point",
        "coordinates": [
          -74.0032819,
          40.7499767
        ]
      },
      "properties": {
        "timestamp": "2012-03-11T15:20:06Z"
      }
    },
    {
      "type": "Feature",
      "geometry": {
        "type": "Point",
        "coordinates": [
          -74.0032812,
          40.74998
        ]
      },
      "properties": {
        "timestamp": "2012-03-11T15:20:08Z"
      }
    },
    {
      "type": "Feature",
      "geometry": {
        "type": "Point",
        "coordinates": [
          -74.0032766,
          40.7499925
        ]
      },
      "properties": {
        "timestamp": "2012-03-11T15:20:10Z"
      }
    },
    {
      "type": "Feature",
      "geometry": {
        "type": "Point",
        "coordinates": [
          -74.0032731,
          40.7500069
        ]
      },
      "properties": {
        "timestamp": "2012-03-11T15:20:12Z"
      }
    },
    {
      "type": "Feature",
      "geometry": {
        "type": "Point",
        "coordinates": [
          -74.0032735,
          40.7500161
        ]
      },
      "properties": {
        "timestamp": "2012-03-11T15:20:14Z"
      }
    },
    {
      "type": "Feature",
      "geometry": {
        "type": "Point",
        "coordinates": [
          -74.0032738,
          40.750022
        ]
      },
      "properties": {
        "timestamp": "2012-03-11T15:20:16Z"
      }
    },
    {
      "type": "Feature",
      "geometry": {
        "type": "Point",
        "coordinates": [
          -74.0032738,
          40.750022
        ]
      },
      "properties": {
        "timestamp": "2012-03-11T15:20:18Z"
      }
    },
    {
      "type": "Feature",
      "geometry": {
        "type": "Point",
        "coordinates": [
          -74.0032801,
          40.7500164
        ]
      },
      "properties": {
        "timestamp": "2012-03-11T15:20:20Z"
      }
    },
    {
      "type": "Feature",
      "geometry": {
        "type": "Point",
        "coordinates": [
          -74.0032775,
          40.7500244
        ]
      },
      "properties": {
        "timestamp": "2012-03-11T15:20:22Z"
      }
    },
    {
      "type": "Feature",
      "geometry": {
        "type": "Point",
        "coordinates": [
          -74.0032665,
          40.7500458
        ]
      },
      "properties": {
        "timestamp": "2012-03-11T15:20:24Z"
      }
    },
    {
      "type": "Feature",
      "geometry": {
        "type": "Point",
        "coordinates": [
          -74.0032543,
          40.7500639
        ]
      },
      "properties": {
        "timestamp": "2012-03-11T15:20:26Z"
      }
    },
    {
      "type": "Feature",
      "geometry": {
        "type": "Point",
        "coordinates": [
          -74.0032442,
          40.7500798
        ]
      },
      "properties": {
        "timestamp": "2012-03-11T15:20:28Z"
      }
    },
    {
      "type": "Feature",
      "geometry": {
        "type": "Point",
        "coordinates": [
          -74.0032318,
          40.7500964
        ]
      },
      "properties": {
        "timestamp": "2012-03-11T15:20:30Z"
      }
    },
    {
      "type": "Feature",
      "geometry": {
        "type": "Point",
        "coordinates": [
          -74.003222,
          40.7501135
        ]
      },
      "properties": {
        "timestamp": "2012-03-11T15:20:32Z"
      }
    },
    {
      "type": "Feature",
      "geometry": {
        "type": "Point",
        "coordinates": [
          -74.0032156,
          40.7501301
        ]
      },
      "properties": {
        "timestamp": "2012-03-11T15:20:34Z"
      }
    },
    {
      "type": "Feature",
      "geometry": {
        "type": "Point",
        "coordinates": [
          -74.0032099,
          40.7501421
        ]
      },
      "properties": {
        "timestamp": "2012-03-11T15:20:36Z"
      }
    },
    {
      "type": "Feature",
      "geometry": {
        "type": "Point",
        "coordinates": [
          -74.0032039,
          40.7501454
        ]
      },
      "properties": {
        "timestamp": "2012-03-11T15:20:38Z"
      }
    },
    {
      "type": "Feature",
      "geometry": {
        "type": "Point",
        "coordinates": [
          -74.0031922,
          40.7501552
        ]
      },
      "properties": {
        "timestamp": "2012-03-11T15:20:40Z"
      }
    },
    {
      "type": "Feature",
      "geometry": {
        "type": "Point",
        "coordinates": [
          -74.0031884,
          40.7501616
        ]
      },
      "properties": {
        "timestamp": "2012-03-11T15:20:42Z"
      }
    },
    {
      "type": "Feature",
      "geometry": {
        "type": "Point",
        "coordinates": [
          -74.0031946,
          40.7501662
        ]
      },
      "properties": {
        "timestamp": "2012-03-11T15:20:44Z"
      }
    },
    {
      "type": "Feature",
      "geometry": {
        "type": "Point",
        "coordinates": [
          -74.0031946,
          40.7501662
        ]
      },
      "properties": {
        "timestamp": "2012-03-11T15:20:46Z"
      }
    },
    {
      "type": "Feature",
      "geometry": {
        "type": "Point",
        "coordinates": [
          -74.0031946,
          40.7501662
        ]
      },
      "properties": {
        "timestamp": "2012-03-11T15:20:48Z"
      }
    },
    {
      "type": "Feature",
      "geometry": {
        "type": "Point",
        "coordinates": [
          -74.0031946,
          40.7501662
        ]
      },
      "properties": {
        "timestamp": "2012-03-11T15:20:50Z"
      }
    },
    {
      "type": "Feature",
      "geometry": {
        "type": "Point",
        "coordinates": [
          -74.0031946,
          40.7501662
        ]
      },
      "properties": {
        "timestamp": "2012-03-11T15:20:52Z"
      }
    },
    {
      "type": "Feature",
      "geometry": {
        "type": "Point",
        "coordinates": [
          -74.0031946,
          40.7501662
        ]
      },
      "properties": {
        "timestamp": "2012-03-11T15:20:54Z"
      }
    },
    {
      "type": "Feature",
      "geometry": {
        "type": "Point",
        "coordinates": [
          -74.0031946,
          40.7501662
        ]
      },
      "properties": {
        "timestamp": "2012-03-11T15:20:56Z"
      }
    },
    {
      "type": "Feature",
      "geometry": {
        "type": "Point",
        "coordinates": [
          -74.0031946,
          40.7501662
        ]
      },
      "properties": {
        "timestamp": "2012-03-11T15:20:58Z"
      }
    },
    {
      "type": "Feature",
      "geometry": {
        "type": "Point",
        "coordinates": [
          -74.0031946,
          40.7501662
        ]
      },
      "properties": {
        "timestamp": "2012-03-11T15:21:00Z"
      }
    },
    {
      "type": "Feature",
      "geometry": {
        "type": "Point",
        "coordinates": [
          -74.0031839,
          40.7501789
        ]
      },
      "properties": {
        "timestamp": "2012-03-11T15:21:02Z"
      }
    },
    {
      "type": "Feature",
      "geometry": {
        "type": "Point",
        "coordinates": [
          -74.0031637,
          40.7502014
        ]
      },
      "properties": {
        "timestamp": "2012-03-11T15:21:04Z"
      }
    },
    {
      "type": "Feature",
      "geometry": {
        "type": "Point",
        "coordinates": [
          -74.0031453,
          40.7502279
        ]
      },
      "properties": {
        "timestamp": "2012-03-11T15:21:06Z"
      }
    },
    {
      "type": "Feature",
      "geometry": {
        "type": "Point",
        "coordinates": [
          -74.0031284,
          40.7502499
        ]
      },
      "properties": {
        "timestamp": "2012-03-11T15:21:08Z"
      }
    },
    {
      "type": "Feature",
      "geometry": {
        "type": "Point",
        "coordinates": [
          -74.0031101,
          40.7502679
        ]
      },
      "properties": {
        "timestamp": "2012-03-11T15:21:10Z"
      }
    },
    {
      "type": "Feature",
      "geometry": {
        "type": "Point",
        "coordinates": [
          -74.0030982,
          40.7502836
        ]
      },
      "properties": {
        "timestamp": "2012-03-11T15:21:12Z"
      }
    },
    {
      "type": "Feature",
      "geometry": {
        "type": "Point",
        "coordinates": [
          -74.00309,
          40.750298
        ]
      },
      "properties": {
        "timestamp": "2012-03-11T15:21:14Z"
      }
    },
    {
      "type": "Feature",
      "geometry": {
        "type": "Point",
        "coordinates": [
          -74.0030839,
          40.7503111
        ]
      },
      "properties": {
        "timestamp": "2012-03-11T15:21:16Z"
      }
    },
    {
      "type": "Feature",
      "geometry": {
        "type": "Point",
        "coordinates": [
          -74.0030794,
          40.7503193
        ]
      },
      "properties": {
        "timestamp": "2012-03-11T15:21:18Z"
      }
    },
    {
      "type": "Feature",
      "geometry": {
        "type": "Point",
        "coordinates": [
          -74.0030769,
          40.7503246
        ]
      },
      "properties": {
        "timestamp": "2012-03-11T15:21:20Z"
      }
    },
    {
      "type": "Feature",
      "geometry": {
        "type": "Point",
        "coordinates": [
          -74.0030755,
          40.750328
        ]
      },
      "properties": {
        "timestamp": "2012-03-11T15:21:22Z"
      }
    },
    {
      "type": "Feature",
      "geometry": {
        "type": "Point",
        "coordinates": [
          -74.0030922,
          40.7503179
        ]
      },
      "properties": {
        "timestamp": "2012-03-11T15:21:24Z"
      }
    },
    {
      "type": "Feature",
      "geometry": {
        "type": "Point",
        "coordinates": [
          -74.0030903,
          40.7503201
        ]
      },
      "properties": {
        "timestamp": "2012-03-11T15:21:26Z"
      }
    },
    {
      "type": "Feature",
      "geometry": {
        "type": "Point",
        "coordinates": [
          -74.0030983,
          40.7503144
        ]
      },
      "properties": {
        "timestamp": "2012-03-11T15:21:28Z"
      }
    },
    {
      "type": "Feature",
      "geometry": {
        "type": "Point",
        "coordinates": [
          -74.0030935,
          40.7503184
        ]
      },
      "properties": {
        "timestamp": "2012-03-11T15:21:30Z"
      }
    },
    {
      "type": "Feature",
      "geometry": {
        "type": "Point",
        "coordinates": [
          -74.0030884,
          40.7503227
        ]
      },
      "properties": {
        "timestamp": "2012-03-11T15:21:32Z"
      }
    },
    {
      "type": "Feature",
      "geometry": {
        "type": "Point",
        "coordinates": [
          -74.0030957,
          40.7503169
        ]
      },
      "properties": {
        "timestamp": "2012-03-11T15:21:34Z"
      }
    },
    {
      "type": "Feature",
      "geometry": {
        "type": "Point",
        "coordinates": [
          -74.0030957,
          40.7503169
        ]
      },
      "properties": {
        "timestamp": "2012-03-11T15:21:36Z"
      }
    },
    {
      "type": "Feature",
      "geometry": {
        "type": "Point",
        "coordinates": [
          -74.0030957,
          40.7503169
        ]
      },
      "properties": {
        "timestamp": "2012-03-11T15:21:38Z"
      }
    },
    {
      "type": "Feature",
      "geometry": {
        "type": "Point",
        "coordinates": [
          -74.0030957,
          40.7503169
        ]
      },
      "properties": {
        "timestamp": "2012-03-11T15:21:40Z"
      }
    },
    {
      "type": "Feature",
      "geometry": {
        "type": "Point",
        "coordinates": [
          -74.0030957,
          40.7503169
        ]
      },
      "properties": {
        "timestamp": "2012-03-11T15:21:42Z"
      }
    },
    {
      "type": "Feature",
      "geometry": {
        "type": "Point",
        "coordinates": [
          -74.0030957,
          40.7503169
        ]
      },
      "properties": {
        "timestamp": "2012-03-11T15:21:44Z"
      }
    },
    {
      "type": "Feature",
      "geometry": {
        "type": "Point",
        "coordinates": [
          -74.0030877,
          40.750327
        ]
      },
      "properties": {
        "timestamp": "2012-03-11T15:21:46Z"
      }
    },
    {
      "type": "Feature",
      "geometry": {
        "type": "Point",
        "coordinates": [
          -74.0030633,
          40.7503428
        ]
      },
      "properties": {
        "timestamp": "2012-03-11T15:21:48Z"
      }
    },
    {
      "type": "Feature",
      "geometry": {
        "type": "Point",
        "coordinates": [
          -74.0030459,
          40.7503559
        ]
      },
      "properties": {
        "timestamp": "2012-03-11T15:21:50Z"
      }
    },
    {
      "type": "Feature",
      "geometry": {
        "type": "Point",
        "coordinates": [
          -74.0030335,
          40.7503728
        ]
      },
      "properties": {
        "timestamp": "2012-03-11T15:21:52Z"
      }
    },
    {
      "type": "Feature",
      "geometry": {
        "type": "Point",
        "coordinates": [
          -74.0030213,
          40.7503897
        ]
      },
      "properties": {
        "timestamp": "2012-03-11T15:21:54Z"
      }
    },
    {
      "type": "Feature",
      "geometry": {
        "type": "Point",
        "coordinates": [
          -74.0030092,
          40.7504031
        ]
      },
      "properties": {
        "timestamp": "2012-03-11T15:21:56Z"
      }
    },
    {
      "type": "Feature",
      "geometry": {
        "type": "Point",
        "coordinates": [
          -74.003004,
          40.7504169
        ]
      },
      "properties": {
        "timestamp": "2012-03-11T15:21:58Z"
      }
    },
    {
      "type": "Feature",
      "geometry": {
        "type": "Point",
        "coordinates": [
          -74.0029999,
          40.7504265
        ]
      },
      "properties": {
        "timestamp": "2012-03-11T15:22:00Z"
      }
    },
    {
      "type": "Feature",
      "geometry": {
        "type": "Point",
        "coordinates": [
          -74.0029868,
          40.7504403
        ]
      },
      "properties": {
        "timestamp": "2012-03-11T15:22:02Z"
      }
    },
    {
      "type": "Feature",
      "geometry": {
        "type": "Point",
        "coordinates": [
          -74.0029746,
          40.7504529
        ]
      },
      "properties": {
        "timestamp": "2012-03-11T15:22:04Z"
      }
    },
    {
      "type": "Feature",
      "geometry": {
        "type": "Point",
        "coordinates": [
          -74.0029565,
          40.7504624
        ]
      },
      "properties": {
        "timestamp": "2012-03-11T15:22:06Z"
      }
    },
    {
      "type": "Feature",
      "geometry": {
        "type": "Point",
        "coordinates": [
          -74.0029382,
          40.750471
        ]
      },
      "properties": {
        "timestamp": "2012-03-11T15:22:08Z"
      }
    },
    {
      "type": "Feature",
      "geometry": {
        "type": "Point",
        "coordinates": [
          -74.0029212,
          40.7504786
        ]
      },
      "properties": {
        "timestamp": "2012-03-11T15:22:10Z"
      }
    },
    {
      "type": "Feature",
      "geometry": {
        "type": "Point",
        "coordinates": [
          -74.0029044,
          40.7504902
        ]
      },
      "properties": {
        "timestamp": "2012-03-11T15:22:12Z"
      }
    },
    {
      "type": "Feature",
      "geometry": {
        "type": "Point",
        "coordinates": [
          -74.0028955,
          40.7504947
        ]
      },
      "properties": {
        "timestamp": "2012-03-11T15:22:14Z"
      }
    },
    {
      "type": "Feature",
      "geometry": {
        "type": "Point",
        "coordinates": [
          -74.002889,
          40.750503
        ]
      },
      "properties": {
        "timestamp": "2012-03-11T15:22:16Z"
      }
    },
    {
      "type": "Feature",
      "geometry": {
        "type": "Point",
        "coordinates": [
          -74.0028844,
          40.7505182
        ]
      },
      "properties": {
        "timestamp": "2012-03-11T15:22:18Z"
      }
    },
    {
      "type": "Feature",
      "geometry": {
        "type": "Point",
        "coordinates": [
          -74.0028767,
          40.7505359
        ]
      },
      "properties": {
        "timestamp": "2012-03-11T15:22:20Z"
      }
    },
    {
      "type": "Feature",
      "geometry": {
        "type": "Point",
        "coordinates": [
          -74.0028692,
          40.7505541
        ]
      },
      "properties": {
        "timestamp": "2012-03-11T15:22:22Z"
      }
    },
    {
      "type": "Feature",
      "geometry": {
        "type": "Point",
        "coordinates": [
          -74.0028631,
          40.7505751
        ]
      },
      "properties": {
        "timestamp": "2012-03-11T15:22:24Z"
      }
    },
    {
      "type": "Feature",
      "geometry": {
        "type": "Point",
        "coordinates": [
          -74.0028555,
          40.7505963
        ]
      },
      "properties": {
        "timestamp": "2012-03-11T15:22:26Z"
      }
    },
    {
      "type": "Feature",
      "geometry": {
        "type": "Point",
        "coordinates": [
          -74.0028453,
          40.7506174
        ]
      },
      "properties": {
        "timestamp": "2012-03-11T15:22:28Z"
      }
    },
    {
      "type": "Feature",
      "geometry": {
        "type": "Point",
        "coordinates": [
          -74.0028297,
          40.7506373
        ]
      },
      "properties": {
        "timestamp": "2012-03-11T15:22:30Z"
      }
    },
    {
      "type": "Feature",
      "geometry": {
        "type": "Point",
        "coordinates": [
          -74.0028208,
          40.7506589
        ]
      },
      "properties": {
        "timestamp": "2012-03-11T15:22:32Z"
      }
    },
    {
      "type": "Feature",
      "geometry": {
        "type": "Point",
        "coordinates": [
          -74.0028075,
          40.7506772
        ]
      },
      "properties": {
        "timestamp": "2012-03-11T15:22:34Z"
      }
    },
    {
      "type": "Feature",
      "geometry": {
        "type": "Point",
        "coordinates": [
          -74.0027929,
          40.7506938
        ]
      },
      "properties": {
        "timestamp": "2012-03-11T15:22:36Z"
      }
    },
    {
      "type": "Feature",
      "geometry": {
        "type": "Point",
        "coordinates": [
          -74.0027823,
          40.7507107
        ]
      },
      "properties": {
        "timestamp": "2012-03-11T15:22:38Z"
      }
    },
    {
      "type": "Feature",
      "geometry": {
        "type": "Point",
        "coordinates": [
          -74.0027759,
          40.750715
        ]
      },
      "properties": {
        "timestamp": "2012-03-11T15:22:40Z"
      }
    },
    {
      "type": "Feature",
      "geometry": {
        "type": "Point",
        "coordinates": [
          -74.0027928,
          40.7507114
        ]
      },
      "properties": {
        "timestamp": "2012-03-11T15:22:42Z"
      }
    },
    {
      "type": "Feature",
      "geometry": {
        "type": "Point",
        "coordinates": [
          -74.0028049,
          40.7506874
        ]
      },
      "properties": {
        "timestamp": "2012-03-11T15:22:44Z"
      }
    },
    {
      "type": "Feature",
      "geometry": {
        "type": "Point",
        "coordinates": [
          -74.0028152,
          40.7506577
        ]
      },
      "properties": {
        "timestamp": "2012-03-11T15:22:46Z"
      }
    },
    {
      "type": "Feature",
      "geometry": {
        "type": "Point",
        "coordinates": [
          -74.0028218,
          40.7506454
        ]
      },
      "properties": {
        "timestamp": "2012-03-11T15:22:48Z"
      }
    },
    {
      "type": "Feature",
      "geometry": {
        "type": "Point",
        "coordinates": [
          -74.0028092,
          40.7506513
        ]
      },
      "properties": {
        "timestamp": "2012-03-11T15:22:50Z"
      }
    },
    {
      "type": "Feature",
      "geometry": {
        "type": "Point",
        "coordinates": [
          -74.0027851,
          40.7506672
        ]
      },
      "properties": {
        "timestamp": "2012-03-11T15:22:52Z"
      }
    },
    {
      "type": "Feature",
      "geometry": {
        "type": "Point",
        "coordinates": [
          -74.0027568,
          40.7506798
        ]
      },
      "properties": {
        "timestamp": "2012-03-11T15:22:54Z"
      }
    },
    {
      "type": "Feature",
      "geometry": {
        "type": "Point",
        "coordinates": [
          -74.0027391,
          40.7506891
        ]
      },
      "properties": {
        "timestamp": "2012-03-11T15:22:56Z"
      }
    },
    {
      "type": "Feature",
      "geometry": {
        "type": "Point",
        "coordinates": [
          -74.0027485,
          40.7506964
        ]
      },
      "properties": {
        "timestamp": "2012-03-11T15:22:58Z"
      }
    },
    {
      "type": "Feature",
      "geometry": {
        "type": "Point",
        "coordinates": [
          -74.0027564,
          40.7507034
        ]
      },
      "properties": {
        "timestamp": "2012-03-11T15:23:00Z"
      }
    },
    {
      "type": "Feature",
      "geometry": {
        "type": "Point",
        "coordinates": [
          -74.0027593,
          40.7507056
        ]
      },
      "properties": {
        "timestamp": "2012-03-11T15:23:02Z"
      }
    },
    {
      "type": "Feature",
      "geometry": {
        "type": "Point",
        "coordinates": [
          -74.0027593,
          40.7507056
        ]
      },
      "properties": {
        "timestamp": "2012-03-11T15:23:04Z"
      }
    },
    {
      "type": "Feature",
      "geometry": {
        "type": "Point",
        "coordinates": [
          -74.0027593,
          40.7507056
        ]
      },
      "properties": {
        "timestamp": "2012-03-11T15:23:06Z"
      }
    },
    {
      "type": "Feature",
      "geometry": {
        "type": "Point",
        "coordinates": [
          -74.002767,
          40.7507176
        ]
      },
      "properties": {
        "timestamp": "2012-03-11T15:23:08Z"
      }
    },
    {
      "type": "Feature",
      "geometry": {
        "type": "Point",
        "coordinates": [
          -74.0027772,
          40.7507336
        ]
      },
      "properties": {
        "timestamp": "2012-03-11T15:23:10Z"
      }
    },
    {
      "type": "Feature",
      "geometry": {
        "type": "Point",
        "coordinates": [
          -74.0027679,
          40.7507344
        ]
      },
      "properties": {
        "timestamp": "2012-03-11T15:23:12Z"
      }
    },
    {
      "type": "Feature",
      "geometry": {
        "type": "Point",
        "coordinates": [
          -74.0027767,
          40.7507507
        ]
      },
      "properties": {
        "timestamp": "2012-03-11T15:23:14Z"
      }
    },
    {
      "type": "Feature",
      "geometry": {
        "type": "Point",
        "coordinates": [
          -74.0027815,
          40.7507634
        ]
      },
      "properties": {
        "timestamp": "2012-03-11T15:23:16Z"
      }
    },
    {
      "type": "Feature",
      "geometry": {
        "type": "Point",
        "coordinates": [
          -74.0027446,
          40.7507457
        ]
      },
      "properties": {
        "timestamp": "2012-03-11T15:23:18Z"
      }
    },
    {
      "type": "Feature",
      "geometry": {
        "type": "Point",
        "coordinates": [
          -74.0027266,
          40.750744
        ]
      },
      "properties": {
        "timestamp": "2012-03-11T15:23:20Z"
      }
    },
    {
      "type": "Feature",
      "geometry": {
        "type": "Point",
        "coordinates": [
          -74.002711,
          40.7507487
        ]
      },
      "properties": {
        "timestamp": "2012-03-11T15:23:22Z"
      }
    },
    {
      "type": "Feature",
      "geometry": {
        "type": "Point",
        "coordinates": [
          -74.0026961,
          40.7507566
        ]
      },
      "properties": {
        "timestamp": "2012-03-11T15:23:24Z"
      }
    },
    {
      "type": "Feature",
      "geometry": {
        "type": "Point",
        "coordinates": [
          -74.0026838,
          40.7507673
        ]
      },
      "properties": {
        "timestamp": "2012-03-11T15:23:26Z"
      }
    },
    {
      "type": "Feature",
      "geometry": {
        "type": "Point",
        "coordinates": [
          -74.0026734,
          40.7507788
        ]
      },
      "properties": {
        "timestamp": "2012-03-11T15:23:28Z"
      }
    },
    {
      "type": "Feature",
      "geometry": {
        "type": "Point",
        "coordinates": [
          -74.0026646,
          40.7507908
        ]
      },
      "properties": {
        "timestamp": "2012-03-11T15:23:30Z"
      }
    },
    {
      "type": "Feature",
      "geometry": {
        "type": "Point",
        "coordinates": [
          -74.0026558,
          40.7508051
        ]
      },
      "properties": {
        "timestamp": "2012-03-11T15:23:32Z"
      }
    },
    {
      "type": "Feature",
      "geometry": {
        "type": "Point",
        "coordinates": [
          -74.0026489,
          40.750822
        ]
      },
      "properties": {
        "timestamp": "2012-03-11T15:23:34Z"
      }
    },
    {
      "type": "Feature",
      "geometry": {
        "type": "Point",
        "coordinates": [
          -74.0026413,
          40.7508376
        ]
      },
      "properties": {
        "timestamp": "2012-03-11T15:23:36Z"
      }
    },
    {
      "type": "Feature",
      "geometry": {
        "type": "Point",
        "coordinates": [
          -74.0026338,
          40.7508534
        ]
      },
      "properties": {
        "timestamp": "2012-03-11T15:23:38Z"
      }
    },
    {
      "type": "Feature",
      "geometry": {
        "type": "Point",
        "coordinates": [
          -74.0026327,
          40.7508693
        ]
      },
      "properties": {
        "timestamp": "2012-03-11T15:23:40Z"
      }
    },
    {
      "type": "Feature",
      "geometry": {
        "type": "Point",
        "coordinates": [
          -74.0026267,
          40.750882
        ]
      },
      "properties": {
        "timestamp": "2012-03-11T15:23:42Z"
      }
    },
    {
      "type": "Feature",
      "geometry": {
        "type": "Point",
        "coordinates": [
          -74.0026267,
          40.750882
        ]
      },
      "properties": {
        "timestamp": "2012-03-11T15:23:44Z"
      }
    },
    {
      "type": "Feature",
      "geometry": {
        "type": "Point",
        "coordinates": [
          -74.0026267,
          40.750882
        ]
      },
      "properties": {
        "timestamp": "2012-03-11T15:23:46Z"
      }
    },
    {
      "type": "Feature",
      "geometry": {
        "type": "Point",
        "coordinates": [
          -74.0026267,
          40.750882
        ]
      },
      "properties": {
        "timestamp": "2012-03-11T15:23:48Z"
      }
    },
    {
      "type": "Feature",
      "geometry": {
        "type": "Point",
        "coordinates": [
          -74.0026267,
          40.750882
        ]
      },
      "properties": {
        "timestamp": "2012-03-11T15:23:50Z"
      }
    },
    {
      "type": "Feature",
      "geometry": {
        "type": "Point",
        "coordinates": [
          -74.0026267,
          40.750882
        ]
      },
      "properties": {
        "timestamp": "2012-03-11T15:23:52Z"
      }
    },
    {
      "type": "Feature",
      "geometry": {
        "type": "Point",
        "coordinates": [
          -74.0026267,
          40.750882
        ]
      },
      "properties": {
        "timestamp": "2012-03-11T15:23:54Z"
      }
    },
    {
      "type": "Feature",
      "geometry": {
        "type": "Point",
        "coordinates": [
          -74.0026267,
          40.750882
        ]
      },
      "properties": {
        "timestamp": "2012-03-11T15:23:56Z"
      }
    },
    {
      "type": "Feature",
      "geometry": {
        "type": "Point",
        "coordinates": [
          -74.002605,
          40.7508915
        ]
      },
      "properties": {
        "timestamp": "2012-03-11T15:23:58Z"
      }
    },
    {
      "type": "Feature",
      "geometry": {
        "type": "Point",
        "coordinates": [
          -74.0025812,
          40.7509023
        ]
      },
      "properties": {
        "timestamp": "2012-03-11T15:24:00Z"
      }
    },
    {
      "type": "Feature",
      "geometry": {
        "type": "Point",
        "coordinates": [
          -74.0025419,
          40.7509143
        ]
      },
      "properties": {
        "timestamp": "2012-03-11T15:24:02Z"
      }
    },
    {
      "type": "Feature",
      "geometry": {
        "type": "Point",
        "coordinates": [
          -74.0025265,
          40.7509271
        ]
      },
      "properties": {
        "timestamp": "2012-03-11T15:24:04Z"
      }
    },
    {
      "type": "Feature",
      "geometry": {
        "type": "Point",
        "coordinates": [
          -74.0025136,
          40.7509348
        ]
      },
      "properties": {
        "timestamp": "2012-03-11T15:24:06Z"
      }
    },
    {
      "type": "Feature",
      "geometry": {
        "type": "Point",
        "coordinates": [
          -74.0024936,
          40.7509353
        ]
      },
      "properties": {
        "timestamp": "2012-03-11T15:24:08Z"
      }
    },
    {
      "type": "Feature",
      "geometry": {
        "type": "Point",
        "coordinates": [
          -74.0024867,
          40.7509373
        ]
      },
      "properties": {
        "timestamp": "2012-03-11T15:24:10Z"
      }
    },
    {
      "type": "Feature",
      "geometry": {
        "type": "Point",
        "coordinates": [
          -74.0024849,
          40.7509377
        ]
      },
      "properties": {
        "timestamp": "2012-03-11T15:24:12Z"
      }
    },
    {
      "type": "Feature",
      "geometry": {
        "type": "Point",
        "coordinates": [
          -74.0024849,
          40.7509377
        ]
      },
      "properties": {
        "timestamp": "2012-03-11T15:24:14Z"
      }
    },
    {
      "type": "Feature",
      "geometry": {
        "type": "Point",
        "coordinates": [
          -74.0024849,
          40.7509377
        ]
      },
      "properties": {
        "timestamp": "2012-03-11T15:24:16Z"
      }
    },
    {
      "type": "Feature",
      "geometry": {
        "type": "Point",
        "coordinates": [
          -74.0024849,
          40.7509377
        ]
      },
      "properties": {
        "timestamp": "2012-03-11T15:24:18Z"
      }
    },
    {
      "type": "Feature",
      "geometry": {
        "type": "Point",
        "coordinates": [
          -74.0024849,
          40.7509377
        ]
      },
      "properties": {
        "timestamp": "2012-03-11T15:24:20Z"
      }
    },
    {
      "type": "Feature",
      "geometry": {
        "type": "Point",
        "coordinates": [
          -74.0024849,
          40.7509377
        ]
      },
      "properties": {
        "timestamp": "2012-03-11T15:24:22Z"
      }
    },
    {
      "type": "Feature",
      "geometry": {
        "type": "Point",
        "coordinates": [
          -74.0024849,
          40.7509377
        ]
      },
      "properties": {
        "timestamp": "2012-03-11T15:24:24Z"
      }
    },
    {
      "type": "Feature",
      "geometry": {
        "type": "Point",
        "coordinates": [
          -74.0024797,
          40.7509251
        ]
      },
      "properties": {
        "timestamp": "2012-03-11T15:24:26Z"
      }
    },
    {
      "type": "Feature",
      "geometry": {
        "type": "Point",
        "coordinates": [
          -74.0024817,
          40.7509077
        ]
      },
      "properties": {
        "timestamp": "2012-03-11T15:24:28Z"
      }
    },
    {
      "type": "Feature",
      "geometry": {
        "type": "Point",
        "coordinates": [
          -74.0024964,
          40.7509123
        ]
      },
      "properties": {
        "timestamp": "2012-03-11T15:24:30Z"
      }
    },
    {
      "type": "Feature",
      "geometry": {
        "type": "Point",
        "coordinates": [
          -74.0024964,
          40.7509124
        ]
      },
      "properties": {
        "timestamp": "2012-03-11T15:24:32Z"
      }
    },
    {
      "type": "Feature",
      "geometry": {
        "type": "Point",
        "coordinates": [
          -74.0025023,
          40.7509181
        ]
      },
      "properties": {
        "timestamp": "2012-03-11T15:24:34Z"
      }
    },
    {
      "type": "Feature",
      "geometry": {
        "type": "Point",
        "coordinates": [
          -74.0025091,
          40.750938
        ]
      },
      "properties": {
        "timestamp": "2012-03-11T15:24:36Z"
      }
    },
    {
      "type": "Feature",
      "geometry": {
        "type": "Point",
        "coordinates": [
          -74.0025034,
          40.7509701
        ]
      },
      "properties": {
        "timestamp": "2012-03-11T15:24:38Z"
      }
    },
    {
      "type": "Feature",
      "geometry": {
        "type": "Point",
        "coordinates": [
          -74.0025019,
          40.7509993
        ]
      },
      "properties": {
        "timestamp": "2012-03-11T15:24:40Z"
      }
    },
    {
      "type": "Feature",
      "geometry": {
        "type": "Point",
        "coordinates": [
          -74.0025019,
          40.7509994
        ]
      },
      "properties": {
        "timestamp": "2012-03-11T15:24:42Z"
      }
    },
    {
      "type": "Feature",
      "geometry": {
        "type": "Point",
        "coordinates": [
          -74.0024985,
          40.7510036
        ]
      },
      "properties": {
        "timestamp": "2012-03-11T15:24:44Z"
      }
    },
    {
      "type": "Feature",
      "geometry": {
        "type": "Point",
        "coordinates": [
          -74.0025053,
          40.7510121
        ]
      },
      "properties": {
        "timestamp": "2012-03-11T15:24:46Z"
      }
    },
    {
      "type": "Feature",
      "geometry": {
        "type": "Point",
        "coordinates": [
          -74.0025177,
          40.7510156
        ]
      },
      "properties": {
        "timestamp": "2012-03-11T15:24:48Z"
      }
    },
    {
      "type": "Feature",
      "geometry": {
        "type": "Point",
        "coordinates": [
          -74.0025233,
          40.7510205
        ]
      },
      "properties": {
        "timestamp": "2012-03-11T15:24:50Z"
      }
    },
    {
      "type": "Feature",
      "geometry": {
        "type": "Point",
        "coordinates": [
          -74.0025233,
          40.7510205
        ]
      },
      "properties": {
        "timestamp": "2012-03-11T15:24:52Z"
      }
    },
    {
      "type": "Feature",
      "geometry": {
        "type": "Point",
        "coordinates": [
          -74.0025233,
          40.7510205
        ]
      },
      "properties": {
        "timestamp": "2012-03-11T15:24:54Z"
      }
    },
    {
      "type": "Feature",
      "geometry": {
        "type": "Point",
        "coordinates": [
          -74.0025233,
          40.7510205
        ]
      },
      "properties": {
        "timestamp": "2012-03-11T15:24:56Z"
      }
    },
    {
      "type": "Feature",
      "geometry": {
        "type": "Point",
        "coordinates": [
          -74.0025233,
          40.7510205
        ]
      },
      "properties": {
        "timestamp": "2012-03-11T15:24:58Z"
      }
    },
    {
      "type": "Feature",
      "geometry": {
        "type": "Point",
        "coordinates": [
          -74.0025233,
          40.7510205
        ]
      },
      "properties": {
        "timestamp": "2012-03-11T15:25:00Z"
      }
    },
    {
      "type": "Feature",
      "geometry": {
        "type": "Point",
        "coordinates": [
          -74.0025233,
          40.7510205
        ]
      },
      "properties": {
        "timestamp": "2012-03-11T15:25:02Z"
      }
    },
    {
      "type": "Feature",
      "geometry": {
        "type": "Point",
        "coordinates": [
          -74.0025233,
          40.7510205
        ]
      },
      "properties": {
        "timestamp": "2012-03-11T15:25:04Z"
      }
    },
    {
      "type": "Feature",
      "geometry": {
        "type": "Point",
        "coordinates": [
          -74.0025266,
          40.7510134
        ]
      },
      "properties": {
        "timestamp": "2012-03-11T15:25:06Z"
      }
    },
    {
      "type": "Feature",
      "geometry": {
        "type": "Point",
        "coordinates": [
          -74.0025266,
          40.7510133
        ]
      },
      "properties": {
        "timestamp": "2012-03-11T15:25:08Z"
      }
    },
    {
      "type": "Feature",
      "geometry": {
        "type": "Point",
        "coordinates": [
          -74.0025266,
          40.7510133
        ]
      },
      "properties": {
        "timestamp": "2012-03-11T15:25:10Z"
      }
    },
    {
      "type": "Feature",
      "geometry": {
        "type": "Point",
        "coordinates": [
          -74.0025266,
          40.7510133
        ]
      },
      "properties": {
        "timestamp": "2012-03-11T15:25:12Z"
      }
    },
    {
      "type": "Feature",
      "geometry": {
        "type": "Point",
        "coordinates": [
          -74.0025287,
          40.7510082
        ]
      },
      "properties": {
        "timestamp": "2012-03-11T15:25:14Z"
      }
    },
    {
      "type": "Feature",
      "geometry": {
        "type": "Point",
        "coordinates": [
          -74.0025285,
          40.7509958
        ]
      },
      "properties": {
        "timestamp": "2012-03-11T15:25:16Z"
      }
    },
    {
      "type": "Feature",
      "geometry": {
        "type": "Point",
        "coordinates": [
          -74.0025182,
          40.7509914
        ]
      },
      "properties": {
        "timestamp": "2012-03-11T15:25:18Z"
      }
    },
    {
      "type": "Feature",
      "geometry": {
        "type": "Point",
        "coordinates": [
          -74.0025182,
          40.7509913
        ]
      },
      "properties": {
        "timestamp": "2012-03-11T15:25:20Z"
      }
    },
    {
      "type": "Feature",
      "geometry": {
        "type": "Point",
        "coordinates": [
          -74.0025182,
          40.7509913
        ]
      },
      "properties": {
        "timestamp": "2012-03-11T15:25:22Z"
      }
    },
    {
      "type": "Feature",
      "geometry": {
        "type": "Point",
        "coordinates": [
          -74.0025182,
          40.7509913
        ]
      },
      "properties": {
        "timestamp": "2012-03-11T15:25:24Z"
      }
    },
    {
      "type": "Feature",
      "geometry": {
        "type": "Point",
        "coordinates": [
          -74.0025162,
          40.7509978
        ]
      },
      "properties": {
        "timestamp": "2012-03-11T15:25:26Z"
      }
    },
    {
      "type": "Feature",
      "geometry": {
        "type": "Point",
        "coordinates": [
          -74.0025162,
          40.7509978
        ]
      },
      "properties": {
        "timestamp": "2012-03-11T15:25:28Z"
      }
    },
    {
      "type": "Feature",
      "geometry": {
        "type": "Point",
        "coordinates": [
          -74.0025162,
          40.7509978
        ]
      },
      "properties": {
        "timestamp": "2012-03-11T15:25:30Z"
      }
    },
    {
      "type": "Feature",
      "geometry": {
        "type": "Point",
        "coordinates": [
          -74.0025162,
          40.7509978
        ]
      },
      "properties": {
        "timestamp": "2012-03-11T15:25:32Z"
      }
    },
    {
      "type": "Feature",
      "geometry": {
        "type": "Point",
        "coordinates": [
          -74.0025162,
          40.7509978
        ]
      },
      "properties": {
        "timestamp": "2012-03-11T15:25:34Z"
      }
    },
    {
      "type": "Feature",
      "geometry": {
        "type": "Point",
        "coordinates": [
          -74.0025162,
          40.7509978
        ]
      },
      "properties": {
        "timestamp": "2012-03-11T15:25:36Z"
      }
    },
    {
      "type": "Feature",
      "geometry": {
        "type": "Point",
        "coordinates": [
          -74.0025162,
          40.7509978
        ]
      },
      "properties": {
        "timestamp": "2012-03-11T15:25:38Z"
      }
    },
    {
      "type": "Feature",
      "geometry": {
        "type": "Point",
        "coordinates": [
          -74.0025162,
          40.7509978
        ]
      },
      "properties": {
        "timestamp": "2012-03-11T15:25:40Z"
      }
    },
    {
      "type": "Feature",
      "geometry": {
        "type": "Point",
        "coordinates": [
          -74.0025162,
          40.7509978
        ]
      },
      "properties": {
        "timestamp": "2012-03-11T15:25:42Z"
      }
    },
    {
      "type": "Feature",
      "geometry": {
        "type": "Point",
        "coordinates": [
          -74.0025162,
          40.7509978
        ]
      },
      "properties": {
        "timestamp": "2012-03-11T15:25:44Z"
      }
    },
    {
      "type": "Feature",
      "geometry": {
        "type": "Point",
        "coordinates": [
          -74.0025162,
          40.7509978
        ]
      },
      "properties": {
        "timestamp": "2012-03-11T15:25:46Z"
      }
    },
    {
      "type": "Feature",
      "geometry": {
        "type": "Point",
        "coordinates": [
          -74.0025162,
          40.7509978
        ]
      },
      "properties": {
        "timestamp": "2012-03-11T15:25:48Z"
      }
    },
    {
      "type": "Feature",
      "geometry": {
        "type": "Point",
        "coordinates": [
          -74.0025141,
          40.7510061
        ]
      },
      "properties": {
        "timestamp": "2012-03-11T15:25:50Z"
      }
    },
    {
      "type": "Feature",
      "geometry": {
        "type": "Point",
        "coordinates": [
          -74.0025119,
          40.7510188
        ]
      },
      "properties": {
        "timestamp": "2012-03-11T15:25:52Z"
      }
    },
    {
      "type": "Feature",
      "geometry": {
        "type": "Point",
        "coordinates": [
          -74.0025142,
          40.7510431
        ]
      },
      "properties": {
        "timestamp": "2012-03-11T15:25:54Z"
      }
    },
    {
      "type": "Feature",
      "geometry": {
        "type": "Point",
        "coordinates": [
          -74.0025142,
          40.7510431
        ]
      },
      "properties": {
        "timestamp": "2012-03-11T15:25:56Z"
      }
    },
    {
      "type": "Feature",
      "geometry": {
        "type": "Point",
        "coordinates": [
          -74.0025142,
          40.7510431
        ]
      },
      "properties": {
        "timestamp": "2012-03-11T15:25:58Z"
      }
    },
    {
      "type": "Feature",
      "geometry": {
        "type": "Point",
        "coordinates": [
          -74.0025018,
          40.7510581
        ]
      },
      "properties": {
        "timestamp": "2012-03-11T15:26:00Z"
      }
    },
    {
      "type": "Feature",
      "geometry": {
        "type": "Point",
        "coordinates": [
          -74.0024902,
          40.7510793
        ]
      },
      "properties": {
        "timestamp": "2012-03-11T15:26:02Z"
      }
    },
    {
      "type": "Feature",
      "geometry": {
        "type": "Point",
        "coordinates": [
          -74.0024786,
          40.7510973
        ]
      },
      "properties": {
        "timestamp": "2012-03-11T15:26:04Z"
      }
    },
    {
      "type": "Feature",
      "geometry": {
        "type": "Point",
        "coordinates": [
          -74.0024664,
          40.7511123
        ]
      },
      "properties": {
        "timestamp": "2012-03-11T15:26:06Z"
      }
    },
    {
      "type": "Feature",
      "geometry": {
        "type": "Point",
        "coordinates": [
          -74.0024553,
          40.7511268
        ]
      },
      "properties": {
        "timestamp": "2012-03-11T15:26:08Z"
      }
    },
    {
      "type": "Feature",
      "geometry": {
        "type": "Point",
        "coordinates": [
          -74.0024515,
          40.7511424
        ]
      },
      "properties": {
        "timestamp": "2012-03-11T15:26:10Z"
      }
    },
    {
      "type": "Feature",
      "geometry": {
        "type": "Point",
        "coordinates": [
          -74.0024534,
          40.7511487
        ]
      },
      "properties": {
        "timestamp": "2012-03-11T15:26:12Z"
      }
    },
    {
      "type": "Feature",
      "geometry": {
        "type": "Point",
        "coordinates": [
          -74.0024519,
          40.7511562
        ]
      },
      "properties": {
        "timestamp": "2012-03-11T15:26:14Z"
      }
    },
    {
      "type": "Feature",
      "geometry": {
        "type": "Point",
        "coordinates": [
          -74.0024544,
          40.7511531
        ]
      },
      "properties": {
        "timestamp": "2012-03-11T15:26:16Z"
      }
    },
    {
      "type": "Feature",
      "geometry": {
        "type": "Point",
        "coordinates": [
          -74.0024341,
          40.7511489
        ]
      },
      "properties": {
        "timestamp": "2012-03-11T15:26:18Z"
      }
    },
    {
      "type": "Feature",
      "geometry": {
        "type": "Point",
        "coordinates": [
          -74.0024221,
          40.7511424
        ]
      },
      "properties": {
        "timestamp": "2012-03-11T15:26:20Z"
      }
    },
    {
      "type": "Feature",
      "geometry": {
        "type": "Point",
        "coordinates": [
          -74.0024095,
          40.7511405
        ]
      },
      "properties": {
        "timestamp": "2012-03-11T15:26:22Z"
      }
    },
    {
      "type": "Feature",
      "geometry": {
        "type": "Point",
        "coordinates": [
          -74.0024095,
          40.7511405
        ]
      },
      "properties": {
        "timestamp": "2012-03-11T15:26:24Z"
      }
    },
    {
      "type": "Feature",
      "geometry": {
        "type": "Point",
        "coordinates": [
          -74.0024048,
          40.7511477
        ]
      },
      "properties": {
        "timestamp": "2012-03-11T15:26:26Z"
      }
    },
    {
      "type": "Feature",
      "geometry": {
        "type": "Point",
        "coordinates": [
          -74.0024016,
          40.7511599
        ]
      },
      "properties": {
        "timestamp": "2012-03-11T15:26:28Z"
      }
    },
    {
      "type": "Feature",
      "geometry": {
        "type": "Point",
        "coordinates": [
          -74.0023964,
          40.7511713
        ]
      },
      "properties": {
        "timestamp": "2012-03-11T15:26:30Z"
      }
    },
    {
      "type": "Feature",
      "geometry": {
        "type": "Point",
        "coordinates": [
          -74.0023894,
          40.7511868
        ]
      },
      "properties": {
        "timestamp": "2012-03-11T15:26:32Z"
      }
    },
    {
      "type": "Feature",
      "geometry": {
        "type": "Point",
        "coordinates": [
          -74.0023893,
          40.7511952
        ]
      },
      "properties": {
        "timestamp": "2012-03-11T15:26:34Z"
      }
    },
    {
      "type": "Feature",
      "geometry": {
        "type": "Point",
        "coordinates": [
          -74.0023903,
          40.7512093
        ]
      },
      "properties": {
        "timestamp": "2012-03-11T15:26:36Z"
      }
    },
    {
      "type": "Feature",
      "geometry": {
        "type": "Point",
        "coordinates": [
          -74.002388,
          40.7512226
        ]
      },
      "properties": {
        "timestamp": "2012-03-11T15:26:38Z"
      }
    },
    {
      "type": "Feature",
      "geometry": {
        "type": "Point",
        "coordinates": [
          -74.0023837,
          40.7512344
        ]
      },
      "properties": {
        "timestamp": "2012-03-11T15:26:40Z"
      }
    },
    {
      "type": "Feature",
      "geometry": {
        "type": "Point",
        "coordinates": [
          -74.0023758,
          40.7512467
        ]
      },
      "properties": {
        "timestamp": "2012-03-11T15:26:42Z"
      }
    },
    {
      "type": "Feature",
      "geometry": {
        "type": "Point",
        "coordinates": [
          -74.0023688,
          40.7512621
        ]
      },
      "properties": {
        "timestamp": "2012-03-11T15:26:44Z"
      }
    },
    {
      "type": "Feature",
      "geometry": {
        "type": "Point",
        "coordinates": [
          -74.0023648,
          40.7512778
        ]
      },
      "properties": {
        "timestamp": "2012-03-11T15:26:46Z"
      }
    },
    {
      "type": "Feature",
      "geometry": {
        "type": "Point",
        "coordinates": [
          -74.0023593,
          40.7512921
        ]
      },
      "properties": {
        "timestamp": "2012-03-11T15:26:48Z"
      }
    },
    {
      "type": "Feature",
      "geometry": {
        "type": "Point",
        "coordinates": [
          -74.0023516,
          40.7513043
        ]
      },
      "properties": {
        "timestamp": "2012-03-11T15:26:50Z"
      }
    },
    {
      "type": "Feature",
      "geometry": {
        "type": "Point",
        "coordinates": [
          -74.0023405,
          40.7513094
        ]
      },
      "properties": {
        "timestamp": "2012-03-11T15:26:52Z"
      }
    },
    {
      "type": "Feature",
      "geometry": {
        "type": "Point",
        "coordinates": [
          -74.0023317,
          40.7513215
        ]
      },
      "properties": {
        "timestamp": "2012-03-11T15:26:54Z"
      }
    },
    {
      "type": "Feature",
      "geometry": {
        "type": "Point",
        "coordinates": [
          -74.0023235,
          40.7513349
        ]
      },
      "properties": {
        "timestamp": "2012-03-11T15:26:56Z"
      }
    },
    {
      "type": "Feature",
      "geometry": {
        "type": "Point",
        "coordinates": [
          -74.002312,
          40.7513497
        ]
      },
      "properties": {
        "timestamp": "2012-03-11T15:26:58Z"
      }
    },
    {
      "type": "Feature",
      "geometry": {
        "type": "Point",
        "coordinates": [
          -74.0022934,
          40.7513615
        ]
      },
      "properties": {
        "timestamp": "2012-03-11T15:27:00Z"
      }
    },
    {
      "type": "Feature",
      "geometry": {
        "type": "Point",
        "coordinates": [
          -74.0022817,
          40.7513756
        ]
      },
      "properties": {
        "timestamp": "2012-03-11T15:27:02Z"
      }
    },
    {
      "type": "Feature",
      "geometry": {
        "type": "Point",
        "coordinates": [
          -74.0022709,
          40.7513904
        ]
      },
      "properties": {
        "timestamp": "2012-03-11T15:27:04Z"
      }
    },
    {
      "type": "Feature",
      "geometry": {
        "type": "Point",
        "coordinates": [
          -74.0022616,
          40.7514047
        ]
      },
      "properties": {
        "timestamp": "2012-03-11T15:27:06Z"
      }
    },
    {
      "type": "Feature",
      "geometry": {
        "type": "Point",
        "coordinates": [
          -74.0022513,
          40.7514205
        ]
      },
      "properties": {
        "timestamp": "2012-03-11T15:27:08Z"
      }
    },
    {
      "type": "Feature",
      "geometry": {
        "type": "Point",
        "coordinates": [
          -74.0022399,
          40.7514358
        ]
      },
      "properties": {
        "timestamp": "2012-03-11T15:27:10Z"
      }
    },
    {
      "type": "Feature",
      "geometry": {
        "type": "Point",
        "coordinates": [
          -74.0022273,
          40.7514513
        ]
      },
      "properties": {
        "timestamp": "2012-03-11T15:27:12Z"
      }
    },
    {
      "type": "Feature",
      "geometry": {
        "type": "Point",
        "coordinates": [
          -74.0022186,
          40.7514682
        ]
      },
      "properties": {
        "timestamp": "2012-03-11T15:27:14Z"
      }
    },
    {
      "type": "Feature",
      "geometry": {
        "type": "Point",
        "coordinates": [
          -74.0022077,
          40.7514858
        ]
      },
      "properties": {
        "timestamp": "2012-03-11T15:27:16Z"
      }
    },
    {
      "type": "Feature",
      "geometry": {
        "type": "Point",
        "coordinates": [
          -74.0021959,
          40.7515007
        ]
      },
      "properties": {
        "timestamp": "2012-03-11T15:27:18Z"
      }
    },
    {
      "type": "Feature",
      "geometry": {
        "type": "Point",
        "coordinates": [
          -74.0021844,
          40.7515152
        ]
      },
      "properties": {
        "timestamp": "2012-03-11T15:27:20Z"
      }
    },
    {
      "type": "Feature",
      "geometry": {
        "type": "Point",
        "coordinates": [
          -74.0021766,
          40.7515304
        ]
      },
      "properties": {
        "timestamp": "2012-03-11T15:27:22Z"
      }
    },
    {
      "type": "Feature",
      "geometry": {
        "type": "Point",
        "coordinates": [
          -74.0021722,
          40.7515435
        ]
      },
      "properties": {
        "timestamp": "2012-03-11T15:27:24Z"
      }
    },
    {
      "type": "Feature",
      "geometry": {
        "type": "Point",
        "coordinates": [
          -74.0021681,
          40.7515516
        ]
      },
      "properties": {
        "timestamp": "2012-03-11T15:27:26Z"
      }
    },
    {
      "type": "Feature",
      "geometry": {
        "type": "Point",
        "coordinates": [
          -74.0021619,
          40.7515629
        ]
      },
      "properties": {
        "timestamp": "2012-03-11T15:27:28Z"
      }
    },
    {
      "type": "Feature",
      "geometry": {
        "type": "Point",
        "coordinates": [
          -74.0021547,
          40.751573
        ]
      },
      "properties": {
        "timestamp": "2012-03-11T15:27:30Z"
      }
    },
    {
      "type": "Feature",
      "geometry": {
        "type": "Point",
        "coordinates": [
          -74.0021527,
          40.7515763
        ]
      },
      "properties": {
        "timestamp": "2012-03-11T15:27:32Z"
      }
    },
    {
      "type": "Feature",
      "geometry": {
        "type": "Point",
        "coordinates": [
          -74.0021471,
          40.7515875
        ]
      },
      "properties": {
        "timestamp": "2012-03-11T15:27:34Z"
      }
    },
    {
      "type": "Feature",
      "geometry": {
        "type": "Point",
        "coordinates": [
          -74.0021388,
          40.7516009
        ]
      },
      "properties": {
        "timestamp": "2012-03-11T15:27:36Z"
      }
    },
    {
      "type": "Feature",
      "geometry": {
        "type": "Point",
        "coordinates": [
          -74.0021311,
          40.7516145
        ]
      },
      "properties": {
        "timestamp": "2012-03-11T15:27:38Z"
      }
    },
    {
      "type": "Feature",
      "geometry": {
        "type": "Point",
        "coordinates": [
          -74.0021228,
          40.751628
        ]
      },
      "properties": {
        "timestamp": "2012-03-11T15:27:40Z"
      }
    },
    {
      "type": "Feature",
      "geometry": {
        "type": "Point",
        "coordinates": [
          -74.0021157,
          40.7516391
        ]
      },
      "properties": {
        "timestamp": "2012-03-11T15:27:42Z"
      }
    },
    {
      "type": "Feature",
      "geometry": {
        "type": "Point",
        "coordinates": [
          -74.0021053,
          40.7516574
        ]
      },
      "properties": {
        "timestamp": "2012-03-11T15:27:44Z"
      }
    },
    {
      "type": "Feature",
      "geometry": {
        "type": "Point",
        "coordinates": [
          -74.0020979,
          40.7516749
        ]
      },
      "properties": {
        "timestamp": "2012-03-11T15:27:46Z"
      }
    },
    {
      "type": "Feature",
      "geometry": {
        "type": "Point",
        "coordinates": [
          -74.002095,
          40.7516891
        ]
      },
      "properties": {
        "timestamp": "2012-03-11T15:27:48Z"
      }
    },
    {
      "type": "Feature",
      "geometry": {
        "type": "Point",
        "coordinates": [
          -74.0020871,
          40.7517026
        ]
      },
      "properties": {
        "timestamp": "2012-03-11T15:27:50Z"
      }
    },
    {
      "type": "Feature",
      "geometry": {
        "type": "Point",
        "coordinates": [
          -74.0020784,
          40.7517157
        ]
      },
      "properties": {
        "timestamp": "2012-03-11T15:27:52Z"
      }
    },
    {
      "type": "Feature",
      "geometry": {
        "type": "Point",
        "coordinates": [
          -74.002068,
          40.7517295
        ]
      },
      "properties": {
        "timestamp": "2012-03-11T15:27:54Z"
      }
    },
    {
      "type": "Feature",
      "geometry": {
        "type": "Point",
        "coordinates": [
          -74.0020568,
          40.7517449
        ]
      },
      "properties": {
        "timestamp": "2012-03-11T15:27:56Z"
      }
    },
    {
      "type": "Feature",
      "geometry": {
        "type": "Point",
        "coordinates": [
          -74.0020454,
          40.7517604
        ]
      },
      "properties": {
        "timestamp": "2012-03-11T15:27:58Z"
      }
    },
    {
      "type": "Feature",
      "geometry": {
        "type": "Point",
        "coordinates": [
          -74.0020356,
          40.7517749
        ]
      },
      "properties": {
        "timestamp": "2012-03-11T15:28:00Z"
      }
    },
    {
      "type": "Feature",
      "geometry": {
        "type": "Point",
        "coordinates": [
          -74.0020226,
          40.7517858
        ]
      },
      "properties": {
        "timestamp": "2012-03-11T15:28:02Z"
      }
    },
    {
      "type": "Feature",
      "geometry": {
        "type": "Point",
        "coordinates": [
          -74.0020166,
          40.751799
        ]
      },
      "properties": {
        "timestamp": "2012-03-11T15:28:04Z"
      }
    },
    {
      "type": "Feature",
      "geometry": {
        "type": "Point",
        "coordinates": [
          -74.002009,
          40.7518098
        ]
      },
      "properties": {
        "timestamp": "2012-03-11T15:28:06Z"
      }
    },
    {
      "type": "Feature",
      "geometry": {
        "type": "Point",
        "coordinates": [
          -74.0020022,
          40.7518205
        ]
      },
      "properties": {
        "timestamp": "2012-03-11T15:28:08Z"
      }
    },
    {
      "type": "Feature",
      "geometry": {
        "type": "Point",
        "coordinates": [
          -74.0019931,
          40.7518284
        ]
      },
      "properties": {
        "timestamp": "2012-03-11T15:28:10Z"
      }
    },
    {
      "type": "Feature",
      "geometry": {
        "type": "Point",
        "coordinates": [
          -74.001985,
          40.7518349
        ]
      },
      "properties": {
        "timestamp": "2012-03-11T15:28:12Z"
      }
    },
    {
      "type": "Feature",
      "geometry": {
        "type": "Point",
        "coordinates": [
          -74.0019826,
          40.7518429
        ]
      },
      "properties": {
        "timestamp": "2012-03-11T15:28:14Z"
      }
    },
    {
      "type": "Feature",
      "geometry": {
        "type": "Point",
        "coordinates": [
          -74.0019818,
          40.7518522
        ]
      },
      "properties": {
        "timestamp": "2012-03-11T15:28:16Z"
      }
    },
    {
      "type": "Feature",
      "geometry": {
        "type": "Point",
        "coordinates": [
          -74.001981,
          40.7518585
        ]
      },
      "properties": {
        "timestamp": "2012-03-11T15:28:18Z"
      }
    },
    {
      "type": "Feature",
      "geometry": {
        "type": "Point",
        "coordinates": [
          -74.0019781,
          40.7518694
        ]
      },
      "properties": {
        "timestamp": "2012-03-11T15:28:20Z"
      }
    },
    {
      "type": "Feature",
      "geometry": {
        "type": "Point",
        "coordinates": [
          -74.0019791,
          40.7518718
        ]
      },
      "properties": {
        "timestamp": "2012-03-11T15:28:22Z"
      }
    },
    {
      "type": "Feature",
      "geometry": {
        "type": "Point",
        "coordinates": [
          -74.0019792,
          40.7518742
        ]
      },
      "properties": {
        "timestamp": "2012-03-11T15:28:24Z"
      }
    },
    {
      "type": "Feature",
      "geometry": {
        "type": "Point",
        "coordinates": [
          -74.0019742,
          40.751863
        ]
      },
      "properties": {
        "timestamp": "2012-03-11T15:28:26Z"
      }
    },
    {
      "type": "Feature",
      "geometry": {
        "type": "Point",
        "coordinates": [
          -74.0019742,
          40.751863
        ]
      },
      "properties": {
        "timestamp": "2012-03-11T15:28:28Z"
      }
    },
    {
      "type": "Feature",
      "geometry": {
        "type": "Point",
        "coordinates": [
          -74.0019742,
          40.751863
        ]
      },
      "properties": {
        "timestamp": "2012-03-11T15:28:30Z"
      }
    },
    {
      "type": "Feature",
      "geometry": {
        "type": "Point",
        "coordinates": [
          -74.0019742,
          40.751863
        ]
      },
      "properties": {
        "timestamp": "2012-03-11T15:28:32Z"
      }
    },
    {
      "type": "Feature",
      "geometry": {
        "type": "Point",
        "coordinates": [
          -74.0019742,
          40.751863
        ]
      },
      "properties": {
        "timestamp": "2012-03-11T15:28:34Z"
      }
    },
    {
      "type": "Feature",
      "geometry": {
        "type": "Point",
        "coordinates": [
          -74.0019707,
          40.751868
        ]
      },
      "properties": {
        "timestamp": "2012-03-11T15:28:36Z"
      }
    },
    {
      "type": "Feature",
      "geometry": {
        "type": "Point",
        "coordinates": [
          -74.0019707,
          40.751868
        ]
      },
      "properties": {
        "timestamp": "2012-03-11T15:28:38Z"
      }
    },
    {
      "type": "Feature",
      "geometry": {
        "type": "Point",
        "coordinates": [
          -74.0019707,
          40.751868
        ]
      },
      "properties": {
        "timestamp": "2012-03-11T15:28:40Z"
      }
    },
    {
      "type": "Feature",
      "geometry": {
        "type": "Point",
        "coordinates": [
          -74.0019707,
          40.751868
        ]
      },
      "properties": {
        "timestamp": "2012-03-11T15:28:42Z"
      }
    },
    {
      "type": "Feature",
      "geometry": {
        "type": "Point",
        "coordinates": [
          -74.0019707,
          40.751868
        ]
      },
      "properties": {
        "timestamp": "2012-03-11T15:28:44Z"
      }
    },
    {
      "type": "Feature",
      "geometry": {
        "type": "Point",
        "coordinates": [
          -74.0019707,
          40.751868
        ]
      },
      "properties": {
        "timestamp": "2012-03-11T15:28:46Z"
      }
    },
    {
      "type": "Feature",
      "geometry": {
        "type": "Point",
        "coordinates": [
          -74.0019707,
          40.751868
        ]
      },
      "properties": {
        "timestamp": "2012-03-11T15:28:48Z"
      }
    },
    {
      "type": "Feature",
      "geometry": {
        "type": "Point",
        "coordinates": [
          -74.0019707,
          40.751868
        ]
      },
      "properties": {
        "timestamp": "2012-03-11T15:28:50Z"
      }
    },
    {
      "type": "Feature",
      "geometry": {
        "type": "Point",
        "coordinates": [
          -74.0019707,
          40.751868
        ]
      },
      "properties": {
        "timestamp": "2012-03-11T15:28:52Z"
      }
    },
    {
      "type": "Feature",
      "geometry": {
        "type": "Point",
        "coordinates": [
          -74.0019707,
          40.751868
        ]
      },
      "properties": {
        "timestamp": "2012-03-11T15:28:54Z"
      }
    },
    {
      "type": "Feature",
      "geometry": {
        "type": "Point",
        "coordinates": [
          -74.0019707,
          40.751868
        ]
      },
      "properties": {
        "timestamp": "2012-03-11T15:28:56Z"
      }
    },
    {
      "type": "Feature",
      "geometry": {
        "type": "Point",
        "coordinates": [
          -74.0019707,
          40.751868
        ]
      },
      "properties": {
        "timestamp": "2012-03-11T15:28:58Z"
      }
    },
    {
      "type": "Feature",
      "geometry": {
        "type": "Point",
        "coordinates": [
          -74.0019707,
          40.751868
        ]
      },
      "properties": {
        "timestamp": "2012-03-11T15:29:00Z"
      }
    },
    {
      "type": "Feature",
      "geometry": {
        "type": "Point",
        "coordinates": [
          -74.0019707,
          40.751868
        ]
      },
      "properties": {
        "timestamp": "2012-03-11T15:29:02Z"
      }
    },
    {
      "type": "Feature",
      "geometry": {
        "type": "Point",
        "coordinates": [
          -74.0019707,
          40.751868
        ]
      },
      "properties": {
        "timestamp": "2012-03-11T15:29:04Z"
      }
    },
    {
      "type": "Feature",
      "geometry": {
        "type": "Point",
        "coordinates": [
          -74.0019707,
          40.751868
        ]
      },
      "properties": {
        "timestamp": "2012-03-11T15:29:06Z"
      }
    },
    {
      "type": "Feature",
      "geometry": {
        "type": "Point",
        "coordinates": [
          -74.0019707,
          40.751868
        ]
      },
      "properties": {
        "timestamp": "2012-03-11T15:29:07Z"
      }
    },
    {
      "type": "Feature",
      "geometry": {
        "type": "Point",
        "coordinates": [
          -74.0019707,
          40.751868
        ]
      },
      "properties": {
        "timestamp": "2012-03-11T15:29:09Z"
      }
    },
    {
      "type": "Feature",
      "geometry": {
        "type": "Point",
        "coordinates": [
          -74.0019707,
          40.751868
        ]
      },
      "properties": {
        "timestamp": "2012-03-11T15:29:11Z"
      }
    },
    {
      "type": "Feature",
      "geometry": {
        "type": "Point",
        "coordinates": [
          -74.0019707,
          40.751868
        ]
      },
      "properties": {
        "timestamp": "2012-03-11T15:29:13Z"
      }
    },
    {
      "type": "Feature",
      "geometry": {
        "type": "Point",
        "coordinates": [
          -74.0019707,
          40.751868
        ]
      },
      "properties": {
        "timestamp": "2012-03-11T15:29:15Z"
      }
    },
    {
      "type": "Feature",
      "geometry": {
        "type": "Point",
        "coordinates": [
          -74.0019697,
          40.7518737
        ]
      },
      "properties": {
        "timestamp": "2012-03-11T15:29:17Z"
      }
    },
    {
      "type": "Feature",
      "geometry": {
        "type": "Point",
        "coordinates": [
          -74.0019693,
          40.7518957
        ]
      },
      "properties": {
        "timestamp": "2012-03-11T15:29:19Z"
      }
    },
    {
      "type": "Feature",
      "geometry": {
        "type": "Point",
        "coordinates": [
          -74.001971,
          40.7519211
        ]
      },
      "properties": {
        "timestamp": "2012-03-11T15:29:21Z"
      }
    },
    {
      "type": "Feature",
      "geometry": {
        "type": "Point",
        "coordinates": [
          -74.0019742,
          40.7519442
        ]
      },
      "properties": {
        "timestamp": "2012-03-11T15:29:23Z"
      }
    },
    {
      "type": "Feature",
      "geometry": {
        "type": "Point",
        "coordinates": [
          -74.0019754,
          40.7519664
        ]
      },
      "properties": {
        "timestamp": "2012-03-11T15:29:25Z"
      }
    },
    {
      "type": "Feature",
      "geometry": {
        "type": "Point",
        "coordinates": [
          -74.0019697,
          40.7519898
        ]
      },
      "properties": {
        "timestamp": "2012-03-11T15:29:27Z"
      }
    },
    {
      "type": "Feature",
      "geometry": {
        "type": "Point",
        "coordinates": [
          -74.001959,
          40.7520118
        ]
      },
      "properties": {
        "timestamp": "2012-03-11T15:29:29Z"
      }
    },
    {
      "type": "Feature",
      "geometry": {
        "type": "Point",
        "coordinates": [
          -74.0019546,
          40.7520325
        ]
      },
      "properties": {
        "timestamp": "2012-03-11T15:29:31Z"
      }
    },
    {
      "type": "Feature",
      "geometry": {
        "type": "Point",
        "coordinates": [
          -74.0019567,
          40.7520525
        ]
      },
      "properties": {
        "timestamp": "2012-03-11T15:29:33Z"
      }
    },
    {
      "type": "Feature",
      "geometry": {
        "type": "Point",
        "coordinates": [
          -74.001959,
          40.7520719
        ]
      },
      "properties": {
        "timestamp": "2012-03-11T15:29:35Z"
      }
    },
    {
      "type": "Feature",
      "geometry": {
        "type": "Point",
        "coordinates": [
          -74.0019623,
          40.7520892
        ]
      },
      "properties": {
        "timestamp": "2012-03-11T15:29:37Z"
      }
    },
    {
      "type": "Feature",
      "geometry": {
        "type": "Point",
        "coordinates": [
          -74.0019666,
          40.7521073
        ]
      },
      "properties": {
        "timestamp": "2012-03-11T15:29:39Z"
      }
    },
    {
      "type": "Feature",
      "geometry": {
        "type": "Point",
        "coordinates": [
          -74.0019693,
          40.7521253
        ]
      },
      "properties": {
        "timestamp": "2012-03-11T15:29:41Z"
      }
    },
    {
      "type": "Feature",
      "geometry": {
        "type": "Point",
        "coordinates": [
          -74.0019709,
          40.7521413
        ]
      },
      "properties": {
        "timestamp": "2012-03-11T15:29:43Z"
      }
    },
    {
      "type": "Feature",
      "geometry": {
        "type": "Point",
        "coordinates": [
          -74.0019711,
          40.7521564
        ]
      },
      "properties": {
        "timestamp": "2012-03-11T15:29:45Z"
      }
    },
    {
      "type": "Feature",
      "geometry": {
        "type": "Point",
        "coordinates": [
          -74.0019729,
          40.7521712
        ]
      },
      "properties": {
        "timestamp": "2012-03-11T15:29:47Z"
      }
    },
    {
      "type": "Feature",
      "geometry": {
        "type": "Point",
        "coordinates": [
          -74.0019769,
          40.7521864
        ]
      },
      "properties": {
        "timestamp": "2012-03-11T15:29:49Z"
      }
    },
    {
      "type": "Feature",
      "geometry": {
        "type": "Point",
        "coordinates": [
          -74.0019794,
          40.7522025
        ]
      },
      "properties": {
        "timestamp": "2012-03-11T15:29:51Z"
      }
    },
    {
      "type": "Feature",
      "geometry": {
        "type": "Point",
        "coordinates": [
          -74.0019822,
          40.7522175
        ]
      },
      "properties": {
        "timestamp": "2012-03-11T15:29:53Z"
      }
    },
    {
      "type": "Feature",
      "geometry": {
        "type": "Point",
        "coordinates": [
          -74.0019764,
          40.7522286
        ]
      },
      "properties": {
        "timestamp": "2012-03-11T15:29:55Z"
      }
    },
    {
      "type": "Feature",
      "geometry": {
        "type": "Point",
        "coordinates": [
          -74.0019772,
          40.7522416
        ]
      },
      "properties": {
        "timestamp": "2012-03-11T15:29:57Z"
      }
    },
    {
      "type": "Feature",
      "geometry": {
        "type": "Point",
        "coordinates": [
          -74.0019808,
          40.7522516
        ]
      },
      "properties": {
        "timestamp": "2012-03-11T15:29:59Z"
      }
    },
    {
      "type": "Feature",
      "geometry": {
        "type": "Point",
        "coordinates": [
          -74.0019793,
          40.7522637
        ]
      },
      "properties": {
        "timestamp": "2012-03-11T15:30:01Z"
      }
    },
    {
      "type": "Feature",
      "geometry": {
        "type": "Point",
        "coordinates": [
          -74.0019793,
          40.7522755
        ]
      },
      "properties": {
        "timestamp": "2012-03-11T15:30:03Z"
      }
    },
    {
      "type": "Feature",
      "geometry": {
        "type": "Point",
        "coordinates": [
          -74.0019774,
          40.752288
        ]
      },
      "properties": {
        "timestamp": "2012-03-11T15:30:05Z"
      }
    },
    {
      "type": "Feature",
      "geometry": {
        "type": "Point",
        "coordinates": [
          -74.0019762,
          40.7523006
        ]
      },
      "properties": {
        "timestamp": "2012-03-11T15:30:07Z"
      }
    },
    {
      "type": "Feature",
      "geometry": {
        "type": "Point",
        "coordinates": [
          -74.0019799,
          40.7523122
        ]
      },
      "properties": {
        "timestamp": "2012-03-11T15:30:09Z"
      }
    },
    {
      "type": "Feature",
      "geometry": {
        "type": "Point",
        "coordinates": [
          -74.0019877,
          40.7523238
        ]
      },
      "properties": {
        "timestamp": "2012-03-11T15:30:11Z"
      }
    },
    {
      "type": "Feature",
      "geometry": {
        "type": "Point",
        "coordinates": [
          -74.0019979,
          40.7523372
        ]
      },
      "properties": {
        "timestamp": "2012-03-11T15:30:13Z"
      }
    },
    {
      "type": "Feature",
      "geometry": {
        "type": "Point",
        "coordinates": [
          -74.002008,
          40.7523494
        ]
      },
      "properties": {
        "timestamp": "2012-03-11T15:30:15Z"
      }
    },
    {
      "type": "Feature",
      "geometry": {
        "type": "Point",
        "coordinates": [
          -74.0020199,
          40.7523666
        ]
      },
      "properties": {
        "timestamp": "2012-03-11T15:30:17Z"
      }
    },
    {
      "type": "Feature",
      "geometry": {
        "type": "Point",
        "coordinates": [
          -74.0020303,
          40.7523853
        ]
      },
      "properties": {
        "timestamp": "2012-03-11T15:30:19Z"
      }
    },
    {
      "type": "Feature",
      "geometry": {
        "type": "Point",
        "coordinates": [
          -74.0020372,
          40.7523978
        ]
      },
      "properties": {
        "timestamp": "2012-03-11T15:30:21Z"
      }
    },
    {
      "type": "Feature",
      "geometry": {
        "type": "Point",
        "coordinates": [
          -74.0020494,
          40.7524108
        ]
      },
      "properties": {
        "timestamp": "2012-03-11T15:30:23Z"
      }
    },
    {
      "type": "Feature",
      "geometry": {
        "type": "Point",
        "coordinates": [
          -74.0020608,
          40.7524241
        ]
      },
      "properties": {
        "timestamp": "2012-03-11T15:30:25Z"
      }
    },
    {
      "type": "Feature",
      "geometry": {
        "type": "Point",
        "coordinates": [
          -74.0020707,
          40.7524402
        ]
      },
      "properties": {
        "timestamp": "2012-03-11T15:30:27Z"
      }
    },
    {
      "type": "Feature",
      "geometry": {
        "type": "Point",
        "coordinates": [
          -74.0020798,
          40.7524526
        ]
      },
      "properties": {
        "timestamp": "2012-03-11T15:30:29Z"
      }
    },
    {
      "type": "Feature",
      "geometry": {
        "type": "Point",
        "coordinates": [
          -74.0020867,
          40.7524667
        ]
      },
      "properties": {
        "timestamp": "2012-03-11T15:30:31Z"
      }
    },
    {
      "type": "Feature",
      "geometry": {
        "type": "Point",
        "coordinates": [
          -74.0020934,
          40.7524769
        ]
      },
      "properties": {
        "timestamp": "2012-03-11T15:30:33Z"
      }
    },
    {
      "type": "Feature",
      "geometry": {
        "type": "Point",
        "coordinates": [
          -74.0021012,
          40.7524856
        ]
      },
      "properties": {
        "timestamp": "2012-03-11T15:30:35Z"
      }
    },
    {
      "type": "Feature",
      "geometry": {
        "type": "Point",
        "coordinates": [
          -74.0021117,
          40.7524973
        ]
      },
      "properties": {
        "timestamp": "2012-03-11T15:30:37Z"
      }
    },
    {
      "type": "Feature",
      "geometry": {
        "type": "Point",
        "coordinates": [
          -74.0021246,
          40.7525103
        ]
      },
      "properties": {
        "timestamp": "2012-03-11T15:30:39Z"
      }
    },
    {
      "type": "Feature",
      "geometry": {
        "type": "Point",
        "coordinates": [
          -74.0021322,
          40.7525199
        ]
      },
      "properties": {
        "timestamp": "2012-03-11T15:30:41Z"
      }
    },
    {
      "type": "Feature",
      "geometry": {
        "type": "Point",
        "coordinates": [
          -74.0021396,
          40.7525292
        ]
      },
      "properties": {
        "timestamp": "2012-03-11T15:30:43Z"
      }
    },
    {
      "type": "Feature",
      "geometry": {
        "type": "Point",
        "coordinates": [
          -74.0021463,
          40.7525376
        ]
      },
      "properties": {
        "timestamp": "2012-03-11T15:30:45Z"
      }
    },
    {
      "type": "Feature",
      "geometry": {
        "type": "Point",
        "coordinates": [
          -74.0021463,
          40.7525376
        ]
      },
      "properties": {
        "timestamp": "2012-03-11T15:30:47Z"
      }
    },
    {
      "type": "Feature",
      "geometry": {
        "type": "Point",
        "coordinates": [
          -74.0021463,
          40.7525376
        ]
      },
      "properties": {
        "timestamp": "2012-03-11T15:30:49Z"
      }
    },
    {
      "type": "Feature",
      "geometry": {
        "type": "Point",
        "coordinates": [
          -74.0021463,
          40.7525376
        ]
      },
      "properties": {
        "timestamp": "2012-03-11T15:30:51Z"
      }
    },
    {
      "type": "Feature",
      "geometry": {
        "type": "Point",
        "coordinates": [
          -74.0021526,
          40.7525345
        ]
      },
      "properties": {
        "timestamp": "2012-03-11T15:30:53Z"
      }
    },
    {
      "type": "Feature",
      "geometry": {
        "type": "Point",
        "coordinates": [
          -74.0021758,
          40.7525401
        ]
      },
      "properties": {
        "timestamp": "2012-03-11T15:30:55Z"
      }
    },
    {
      "type": "Feature",
      "geometry": {
        "type": "Point",
        "coordinates": [
          -74.0021908,
          40.7525418
        ]
      },
      "properties": {
        "timestamp": "2012-03-11T15:30:57Z"
      }
    },
    {
      "type": "Feature",
      "geometry": {
        "type": "Point",
        "coordinates": [
          -74.0021928,
          40.7525462
        ]
      },
      "properties": {
        "timestamp": "2012-03-11T15:30:59Z"
      }
    },
    {
      "type": "Feature",
      "geometry": {
        "type": "Point",
        "coordinates": [
          -74.0021811,
          40.7525631
        ]
      },
      "properties": {
        "timestamp": "2012-03-11T15:31:01Z"
      }
    },
    {
      "type": "Feature",
      "geometry": {
        "type": "Point",
        "coordinates": [
          -74.0021633,
          40.7525809
        ]
      },
      "properties": {
        "timestamp": "2012-03-11T15:31:03Z"
      }
    },
    {
      "type": "Feature",
      "geometry": {
        "type": "Point",
        "coordinates": [
          -74.0021425,
          40.752587
        ]
      },
      "properties": {
        "timestamp": "2012-03-11T15:31:05Z"
      }
    },
    {
      "type": "Feature",
      "geometry": {
        "type": "Point",
        "coordinates": [
          -74.0021337,
          40.7526034
        ]
      },
      "properties": {
        "timestamp": "2012-03-11T15:31:07Z"
      }
    },
    {
      "type": "Feature",
      "geometry": {
        "type": "Point",
        "coordinates": [
          -74.0021351,
          40.7526084
        ]
      },
      "properties": {
        "timestamp": "2012-03-11T15:31:09Z"
      }
    },
    {
      "type": "Feature",
      "geometry": {
        "type": "Point",
        "coordinates": [
          -74.0021351,
          40.7526084
        ]
      },
      "properties": {
        "timestamp": "2012-03-11T15:31:11Z"
      }
    },
    {
      "type": "Feature",
      "geometry": {
        "type": "Point",
        "coordinates": [
          -74.0021351,
          40.7526084
        ]
      },
      "properties": {
        "timestamp": "2012-03-11T15:31:13Z"
      }
    },
    {
      "type": "Feature",
      "geometry": {
        "type": "Point",
        "coordinates": [
          -74.0021351,
          40.7526084
        ]
      },
      "properties": {
        "timestamp": "2012-03-11T15:31:15Z"
      }
    },
    {
      "type": "Feature",
      "geometry": {
        "type": "Point",
        "coordinates": [
          -74.0021351,
          40.7526084
        ]
      },
      "properties": {
        "timestamp": "2012-03-11T15:31:17Z"
      }
    },
    {
      "type": "Feature",
      "geometry": {
        "type": "Point",
        "coordinates": [
          -74.0021357,
          40.7526148
        ]
      },
      "properties": {
        "timestamp": "2012-03-11T15:31:19Z"
      }
    },
    {
      "type": "Feature",
      "geometry": {
        "type": "Point",
        "coordinates": [
          -74.0021354,
          40.7526309
        ]
      },
      "properties": {
        "timestamp": "2012-03-11T15:31:21Z"
      }
    },
    {
      "type": "Feature",
      "geometry": {
        "type": "Point",
        "coordinates": [
          -74.0021351,
          40.752643
        ]
      },
      "properties": {
        "timestamp": "2012-03-11T15:31:23Z"
      }
    },
    {
      "type": "Feature",
      "geometry": {
        "type": "Point",
        "coordinates": [
          -74.0021349,
          40.7526514
        ]
      },
      "properties": {
        "timestamp": "2012-03-11T15:31:25Z"
      }
    },
    {
      "type": "Feature",
      "geometry": {
        "type": "Point",
        "coordinates": [
          -74.0021242,
          40.7526505
        ]
      },
      "properties": {
        "timestamp": "2012-03-11T15:31:27Z"
      }
    },
    {
      "type": "Feature",
      "geometry": {
        "type": "Point",
        "coordinates": [
          -74.0021278,
          40.7526546
        ]
      },
      "properties": {
        "timestamp": "2012-03-11T15:31:29Z"
      }
    },
    {
      "type": "Feature",
      "geometry": {
        "type": "Point",
        "coordinates": [
          -74.0021278,
          40.7526546
        ]
      },
      "properties": {
        "timestamp": "2012-03-11T15:31:31Z"
      }
    },
    {
      "type": "Feature",
      "geometry": {
        "type": "Point",
        "coordinates": [
          -74.0021278,
          40.7526546
        ]
      },
      "properties": {
        "timestamp": "2012-03-11T15:31:33Z"
      }
    },
    {
      "type": "Feature",
      "geometry": {
        "type": "Point",
        "coordinates": [
          -74.0021278,
          40.7526546
        ]
      },
      "properties": {
        "timestamp": "2012-03-11T15:31:35Z"
      }
    },
    {
      "type": "Feature",
      "geometry": {
        "type": "Point",
        "coordinates": [
          -74.0021278,
          40.7526546
        ]
      },
      "properties": {
        "timestamp": "2012-03-11T15:31:37Z"
      }
    },
    {
      "type": "Feature",
      "geometry": {
        "type": "Point",
        "coordinates": [
          -74.0021278,
          40.7526546
        ]
      },
      "properties": {
        "timestamp": "2012-03-11T15:31:39Z"
      }
    },
    {
      "type": "Feature",
      "geometry": {
        "type": "Point",
        "coordinates": [
          -74.0021278,
          40.7526546
        ]
      },
      "properties": {
        "timestamp": "2012-03-11T15:31:41Z"
      }
    },
    {
      "type": "Feature",
      "geometry": {
        "type": "Point",
        "coordinates": [
          -74.0021278,
          40.7526546
        ]
      },
      "properties": {
        "timestamp": "2012-03-11T15:31:43Z"
      }
    },
    {
      "type": "Feature",
      "geometry": {
        "type": "Point",
        "coordinates": [
          -74.0021278,
          40.7526546
        ]
      },
      "properties": {
        "timestamp": "2012-03-11T15:31:45Z"
      }
    },
    {
      "type": "Feature",
      "geometry": {
        "type": "Point",
        "coordinates": [
          -74.0021278,
          40.7526546
        ]
      },
      "properties": {
        "timestamp": "2012-03-11T15:31:47Z"
      }
    },
    {
      "type": "Feature",
      "geometry": {
        "type": "Point",
        "coordinates": [
          -74.0021278,
          40.7526546
        ]
      },
      "properties": {
        "timestamp": "2012-03-11T15:31:49Z"
      }
    },
    {
      "type": "Feature",
      "geometry": {
        "type": "Point",
        "coordinates": [
          -74.0021278,
          40.7526546
        ]
      },
      "properties": {
        "timestamp": "2012-03-11T15:31:51Z"
      }
    },
    {
      "type": "Feature",
      "geometry": {
        "type": "Point",
        "coordinates": [
          -74.0021278,
          40.7526546
        ]
      },
      "properties": {
        "timestamp": "2012-03-11T15:31:53Z"
      }
    },
    {
      "type": "Feature",
      "geometry": {
        "type": "Point",
        "coordinates": [
          -74.0021278,
          40.7526546
        ]
      },
      "properties": {
        "timestamp": "2012-03-11T15:31:55Z"
      }
    },
    {
      "type": "Feature",
      "geometry": {
        "type": "Point",
        "coordinates": [
          -74.0021278,
          40.7526546
        ]
      },
      "properties": {
        "timestamp": "2012-03-11T15:31:57Z"
      }
    },
    {
      "type": "Feature",
      "geometry": {
        "type": "Point",
        "coordinates": [
          -74.0021278,
          40.7526546
        ]
      },
      "properties": {
        "timestamp": "2012-03-11T15:31:59Z"
      }
    },
    {
      "type": "Feature",
      "geometry": {
        "type": "Point",
        "coordinates": [
          -74.0021278,
          40.7526546
        ]
      },
      "properties": {
        "timestamp": "2012-03-11T15:32:01Z"
      }
    },
    {
      "type": "Feature",
      "geometry": {
        "type": "Point",
        "coordinates": [
          -74.0021278,
          40.7526546
        ]
      },
      "properties": {
        "timestamp": "2012-03-11T15:32:03Z"
      }
    },
    {
      "type": "Feature",
      "geometry": {
        "type": "Point",
        "coordinates": [
          -74.0021278,
          40.7526546
        ]
      },
      "properties": {
        "timestamp": "2012-03-11T15:32:05Z"
      }
    },
    {
      "type": "Feature",
      "geometry": {
        "type": "Point",
        "coordinates": [
          -74.0021278,
          40.7526546
        ]
      },
      "properties": {
        "timestamp": "2012-03-11T15:32:07Z"
      }
    },
    {
      "type": "Feature",
      "geometry": {
        "type": "Point",
        "coordinates": [
          -74.0021278,
          40.7526546
        ]
      },
      "properties": {
        "timestamp": "2012-03-11T15:32:09Z"
      }
    },
    {
      "type": "Feature",
      "geometry": {
        "type": "Point",
        "coordinates": [
          -74.0021278,
          40.7526546
        ]
      },
      "properties": {
        "timestamp": "2012-03-11T15:32:11Z"
      }
    },
    {
      "type": "Feature",
      "geometry": {
        "type": "Point",
        "coordinates": [
          -74.0021305,
          40.752654
        ]
      },
      "properties": {
        "timestamp": "2012-03-11T15:32:13Z"
      }
    },
    {
      "type": "Feature",
      "geometry": {
        "type": "Point",
        "coordinates": [
          -74.0021382,
          40.7526393
        ]
      },
      "properties": {
        "timestamp": "2012-03-11T15:32:15Z"
      }
    },
    {
      "type": "Feature",
      "geometry": {
        "type": "Point",
        "coordinates": [
          -74.0021345,
          40.7526345
        ]
      },
      "properties": {
        "timestamp": "2012-03-11T15:32:17Z"
      }
    },
    {
      "type": "Feature",
      "geometry": {
        "type": "Point",
        "coordinates": [
          -74.002159,
          40.7526435
        ]
      },
      "properties": {
        "timestamp": "2012-03-11T15:32:19Z"
      }
    },
    {
      "type": "Feature",
      "geometry": {
        "type": "Point",
        "coordinates": [
          -74.0021695,
          40.7526455
        ]
      },
      "properties": {
        "timestamp": "2012-03-11T15:32:21Z"
      }
    },
    {
      "type": "Feature",
      "geometry": {
        "type": "Point",
        "coordinates": [
          -74.0021759,
          40.7526434
        ]
      },
      "properties": {
        "timestamp": "2012-03-11T15:32:23Z"
      }
    },
    {
      "type": "Feature",
      "geometry": {
        "type": "Point",
        "coordinates": [
          -74.002175,
          40.7526363
        ]
      },
      "properties": {
        "timestamp": "2012-03-11T15:32:25Z"
      }
    },
    {
      "type": "Feature",
      "geometry": {
        "type": "Point",
        "coordinates": [
          -74.0021813,
          40.7526384
        ]
      },
      "properties": {
        "timestamp": "2012-03-11T15:32:27Z"
      }
    },
    {
      "type": "Feature",
      "geometry": {
        "type": "Point",
        "coordinates": [
          -74.0021893,
          40.7526275
        ]
      },
      "properties": {
        "timestamp": "2012-03-11T15:32:29Z"
      }
    },
    {
      "type": "Feature",
      "geometry": {
        "type": "Point",
        "coordinates": [
          -74.0021943,
          40.7526117
        ]
      },
      "properties": {
        "timestamp": "2012-03-11T15:32:31Z"
      }
    },
    {
      "type": "Feature",
      "geometry": {
        "type": "Point",
        "coordinates": [
          -74.0021991,
          40.7525937
        ]
      },
      "properties": {
        "timestamp": "2012-03-11T15:32:33Z"
      }
    },
    {
      "type": "Feature",
      "geometry": {
        "type": "Point",
        "coordinates": [
          -74.0022018,
          40.7525769
        ]
      },
      "properties": {
        "timestamp": "2012-03-11T15:32:35Z"
      }
    },
    {
      "type": "Feature",
      "geometry": {
        "type": "Point",
        "coordinates": [
          -74.0022027,
          40.7525705
        ]
      },
      "properties": {
        "timestamp": "2012-03-11T15:32:37Z"
      }
    },
    {
      "type": "Feature",
      "geometry": {
        "type": "Point",
        "coordinates": [
          -74.0022045,
          40.7525684
        ]
      },
      "properties": {
        "timestamp": "2012-03-11T15:32:39Z"
      }
    },
    {
      "type": "Feature",
      "geometry": {
        "type": "Point",
        "coordinates": [
          -74.0022048,
          40.7525707
        ]
      },
      "properties": {
        "timestamp": "2012-03-11T15:32:41Z"
      }
    },
    {
      "type": "Feature",
      "geometry": {
        "type": "Point",
        "coordinates": [
          -74.0021945,
          40.7525685
        ]
      },
      "properties": {
        "timestamp": "2012-03-11T15:32:43Z"
      }
    },
    {
      "type": "Feature",
      "geometry": {
        "type": "Point",
        "coordinates": [
          -74.0021715,
          40.7525608
        ]
      },
      "properties": {
        "timestamp": "2012-03-11T15:32:45Z"
      }
    },
    {
      "type": "Feature",
      "geometry": {
        "type": "Point",
        "coordinates": [
          -74.0021523,
          40.7525472
        ]
      },
      "properties": {
        "timestamp": "2012-03-11T15:32:47Z"
      }
    },
    {
      "type": "Feature",
      "geometry": {
        "type": "Point",
        "coordinates": [
          -74.0021369,
          40.7525301
        ]
      },
      "properties": {
        "timestamp": "2012-03-11T15:32:49Z"
      }
    },
    {
      "type": "Feature",
      "geometry": {
        "type": "Point",
        "coordinates": [
          -74.0021245,
          40.7525107
        ]
      },
      "properties": {
        "timestamp": "2012-03-11T15:32:51Z"
      }
    },
    {
      "type": "Feature",
      "geometry": {
        "type": "Point",
        "coordinates": [
          -74.0021176,
          40.7524913
        ]
      },
      "properties": {
        "timestamp": "2012-03-11T15:32:53Z"
      }
    },
    {
      "type": "Feature",
      "geometry": {
        "type": "Point",
        "coordinates": [
          -74.0021082,
          40.7524718
        ]
      },
      "properties": {
        "timestamp": "2012-03-11T15:32:55Z"
      }
    },
    {
      "type": "Feature",
      "geometry": {
        "type": "Point",
        "coordinates": [
          -74.0020979,
          40.7524568
        ]
      },
      "properties": {
        "timestamp": "2012-03-11T15:32:57Z"
      }
    },
    {
      "type": "Feature",
      "geometry": {
        "type": "Point",
        "coordinates": [
          -74.0020873,
          40.7524418
        ]
      },
      "properties": {
        "timestamp": "2012-03-11T15:32:59Z"
      }
    },
    {
      "type": "Feature",
      "geometry": {
        "type": "Point",
        "coordinates": [
          -74.0020744,
          40.7524287
        ]
      },
      "properties": {
        "timestamp": "2012-03-11T15:33:01Z"
      }
    },
    {
      "type": "Feature",
      "geometry": {
        "type": "Point",
        "coordinates": [
          -74.0020618,
          40.7524142
        ]
      },
      "properties": {
        "timestamp": "2012-03-11T15:33:03Z"
      }
    },
    {
      "type": "Feature",
      "geometry": {
        "type": "Point",
        "coordinates": [
          -74.0020511,
          40.7523996
        ]
      },
      "properties": {
        "timestamp": "2012-03-11T15:33:05Z"
      }
    },
    {
      "type": "Feature",
      "geometry": {
        "type": "Point",
        "coordinates": [
          -74.0020412,
          40.7523859
        ]
      },
      "properties": {
        "timestamp": "2012-03-11T15:33:07Z"
      }
    },
    {
      "type": "Feature",
      "geometry": {
        "type": "Point",
        "coordinates": [
          -74.0020323,
          40.7523698
        ]
      },
      "properties": {
        "timestamp": "2012-03-11T15:33:09Z"
      }
    },
    {
      "type": "Feature",
      "geometry": {
        "type": "Point",
        "coordinates": [
          -74.0020238,
          40.7523584
        ]
      },
      "properties": {
        "timestamp": "2012-03-11T15:33:11Z"
      }
    },
    {
      "type": "Feature",
      "geometry": {
        "type": "Point",
        "coordinates": [
          -74.0020136,
          40.7523456
        ]
      },
      "properties": {
        "timestamp": "2012-03-11T15:33:13Z"
      }
    },
    {
      "type": "Feature",
      "geometry": {
        "type": "Point",
        "coordinates": [
          -74.002003,
          40.7523336
        ]
      },
      "properties": {
        "timestamp": "2012-03-11T15:33:15Z"
      }
    },
    {
      "type": "Feature",
      "geometry": {
        "type": "Point",
        "coordinates": [
          -74.0019981,
          40.752323
        ]
      },
      "properties": {
        "timestamp": "2012-03-11T15:33:17Z"
      }
    },
    {
      "type": "Feature",
      "geometry": {
        "type": "Point",
        "coordinates": [
          -74.001993,
          40.7523013
        ]
      },
      "properties": {
        "timestamp": "2012-03-11T15:33:19Z"
      }
    },
    {
      "type": "Feature",
      "geometry": {
        "type": "Point",
        "coordinates": [
          -74.0019978,
          40.7522878
        ]
      },
      "properties": {
        "timestamp": "2012-03-11T15:33:21Z"
      }
    },
    {
      "type": "Feature",
      "geometry": {
        "type": "Point",
        "coordinates": [
          -74.0020047,
          40.7522782
        ]
      },
      "properties": {
        "timestamp": "2012-03-11T15:33:23Z"
      }
    },
    {
      "type": "Feature",
      "geometry": {
        "type": "Point",
        "coordinates": [
          -74.0020046,
          40.7522691
        ]
      },
      "properties": {
        "timestamp": "2012-03-11T15:33:25Z"
      }
    },
    {
      "type": "Feature",
      "geometry": {
        "type": "Point",
        "coordinates": [
          -74.0019962,
          40.7522653
        ]
      },
      "properties": {
        "timestamp": "2012-03-11T15:33:27Z"
      }
    },
    {
      "type": "Feature",
      "geometry": {
        "type": "Point",
        "coordinates": [
          -74.001987,
          40.7522547
        ]
      },
      "properties": {
        "timestamp": "2012-03-11T15:33:29Z"
      }
    },
    {
      "type": "Feature",
      "geometry": {
        "type": "Point",
        "coordinates": [
          -74.0019794,
          40.7522402
        ]
      },
      "properties": {
        "timestamp": "2012-03-11T15:33:31Z"
      }
    },
    {
      "type": "Feature",
      "geometry": {
        "type": "Point",
        "coordinates": [
          -74.0019729,
          40.7522244
        ]
      },
      "properties": {
        "timestamp": "2012-03-11T15:33:33Z"
      }
    },
    {
      "type": "Feature",
      "geometry": {
        "type": "Point",
        "coordinates": [
          -74.0019691,
          40.7522067
        ]
      },
      "properties": {
        "timestamp": "2012-03-11T15:33:35Z"
      }
    },
    {
      "type": "Feature",
      "geometry": {
        "type": "Point",
        "coordinates": [
          -74.0019644,
          40.752192
        ]
      },
      "properties": {
        "timestamp": "2012-03-11T15:33:37Z"
      }
    },
    {
      "type": "Feature",
      "geometry": {
        "type": "Point",
        "coordinates": [
          -74.0019654,
          40.7521744
        ]
      },
      "properties": {
        "timestamp": "2012-03-11T15:33:39Z"
      }
    },
    {
      "type": "Feature",
      "geometry": {
        "type": "Point",
        "coordinates": [
          -74.0019641,
          40.7521555
        ]
      },
      "properties": {
        "timestamp": "2012-03-11T15:33:41Z"
      }
    },
    {
      "type": "Feature",
      "geometry": {
        "type": "Point",
        "coordinates": [
          -74.0019612,
          40.7521401
        ]
      },
      "properties": {
        "timestamp": "2012-03-11T15:33:43Z"
      }
    },
    {
      "type": "Feature",
      "geometry": {
        "type": "Point",
        "coordinates": [
          -74.0019607,
          40.7521228
        ]
      },
      "properties": {
        "timestamp": "2012-03-11T15:33:45Z"
      }
    },
    {
      "type": "Feature",
      "geometry": {
        "type": "Point",
        "coordinates": [
          -74.0019591,
          40.7521066
        ]
      },
      "properties": {
        "timestamp": "2012-03-11T15:33:47Z"
      }
    },
    {
      "type": "Feature",
      "geometry": {
        "type": "Point",
        "coordinates": [
          -74.0019593,
          40.75209
        ]
      },
      "properties": {
        "timestamp": "2012-03-11T15:33:49Z"
      }
    },
    {
      "type": "Feature",
      "geometry": {
        "type": "Point",
        "coordinates": [
          -74.0019575,
          40.7520728
        ]
      },
      "properties": {
        "timestamp": "2012-03-11T15:33:51Z"
      }
    },
    {
      "type": "Feature",
      "geometry": {
        "type": "Point",
        "coordinates": [
          -74.0019596,
          40.7520566
        ]
      },
      "properties": {
        "timestamp": "2012-03-11T15:33:53Z"
      }
    },
    {
      "type": "Feature",
      "geometry": {
        "type": "Point",
        "coordinates": [
          -74.0019656,
          40.7520436
        ]
      },
      "properties": {
        "timestamp": "2012-03-11T15:33:55Z"
      }
    },
    {
      "type": "Feature",
      "geometry": {
        "type": "Point",
        "coordinates": [
          -74.0019693,
          40.7520257
        ]
      },
      "properties": {
        "timestamp": "2012-03-11T15:33:57Z"
      }
    },
    {
      "type": "Feature",
      "geometry": {
        "type": "Point",
        "coordinates": [
          -74.0019721,
          40.7520068
        ]
      },
      "properties": {
        "timestamp": "2012-03-11T15:33:59Z"
      }
    },
    {
      "type": "Feature",
      "geometry": {
        "type": "Point",
        "coordinates": [
          -74.0019714,
          40.7519874
        ]
      },
      "properties": {
        "timestamp": "2012-03-11T15:34:01Z"
      }
    },
    {
      "type": "Feature",
      "geometry": {
        "type": "Point",
        "coordinates": [
          -74.0019709,
          40.7519678
        ]
      },
      "properties": {
        "timestamp": "2012-03-11T15:34:03Z"
      }
    },
    {
      "type": "Feature",
      "geometry": {
        "type": "Point",
        "coordinates": [
          -74.00197,
          40.7519482
        ]
      },
      "properties": {
        "timestamp": "2012-03-11T15:34:05Z"
      }
    },
    {
      "type": "Feature",
      "geometry": {
        "type": "Point",
        "coordinates": [
          -74.00197,
          40.7519291
        ]
      },
      "properties": {
        "timestamp": "2012-03-11T15:34:07Z"
      }
    },
    {
      "type": "Feature",
      "geometry": {
        "type": "Point",
        "coordinates": [
          -74.0019719,
          40.7519089
        ]
      },
      "properties": {
        "timestamp": "2012-03-11T15:34:09Z"
      }
    },
    {
      "type": "Feature",
      "geometry": {
        "type": "Point",
        "coordinates": [
          -74.0019773,
          40.7518906
        ]
      },
      "properties": {
        "timestamp": "2012-03-11T15:34:11Z"
      }
    },
    {
      "type": "Feature",
      "geometry": {
        "type": "Point",
        "coordinates": [
          -74.0019765,
          40.7518756
        ]
      },
      "properties": {
        "timestamp": "2012-03-11T15:34:13Z"
      }
    },
    {
      "type": "Feature",
      "geometry": {
        "type": "Point",
        "coordinates": [
          -74.0019838,
          40.7518602
        ]
      },
      "properties": {
        "timestamp": "2012-03-11T15:34:15Z"
      }
    },
    {
      "type": "Feature",
      "geometry": {
        "type": "Point",
        "coordinates": [
          -74.0019814,
          40.7518461
        ]
      },
      "properties": {
        "timestamp": "2012-03-11T15:34:17Z"
      }
    },
    {
      "type": "Feature",
      "geometry": {
        "type": "Point",
        "coordinates": [
          -74.0019777,
          40.7518259
        ]
      },
      "properties": {
        "timestamp": "2012-03-11T15:34:19Z"
      }
    },
    {
      "type": "Feature",
      "geometry": {
        "type": "Point",
        "coordinates": [
          -74.0019786,
          40.7518047
        ]
      },
      "properties": {
        "timestamp": "2012-03-11T15:34:21Z"
      }
    },
    {
      "type": "Feature",
      "geometry": {
        "type": "Point",
        "coordinates": [
          -74.0019846,
          40.7517846
        ]
      },
      "properties": {
        "timestamp": "2012-03-11T15:34:23Z"
      }
    },
    {
      "type": "Feature",
      "geometry": {
        "type": "Point",
        "coordinates": [
          -74.0019897,
          40.7517654
        ]
      },
      "properties": {
        "timestamp": "2012-03-11T15:34:25Z"
      }
    },
    {
      "type": "Feature",
      "geometry": {
        "type": "Point",
        "coordinates": [
          -74.0019974,
          40.7517487
        ]
      },
      "properties": {
        "timestamp": "2012-03-11T15:34:27Z"
      }
    },
    {
      "type": "Feature",
      "geometry": {
        "type": "Point",
        "coordinates": [
          -74.0020106,
          40.7517344
        ]
      },
      "properties": {
        "timestamp": "2012-03-11T15:34:29Z"
      }
    },
    {
      "type": "Feature",
      "geometry": {
        "type": "Point",
        "coordinates": [
          -74.0020188,
          40.7517222
        ]
      },
      "properties": {
        "timestamp": "2012-03-11T15:34:31Z"
      }
    },
    {
      "type": "Feature",
      "geometry": {
        "type": "Point",
        "coordinates": [
          -74.002019,
          40.751718
        ]
      },
      "properties": {
        "timestamp": "2012-03-11T15:34:33Z"
      }
    },
    {
      "type": "Feature",
      "geometry": {
        "type": "Point",
        "coordinates": [
          -74.0020252,
          40.75171
        ]
      },
      "properties": {
        "timestamp": "2012-03-11T15:34:35Z"
      }
    },
    {
      "type": "Feature",
      "geometry": {
        "type": "Point",
        "coordinates": [
          -74.0020294,
          40.7517052
        ]
      },
      "properties": {
        "timestamp": "2012-03-11T15:34:37Z"
      }
    },
    {
      "type": "Feature",
      "geometry": {
        "type": "Point",
        "coordinates": [
          -74.0020291,
          40.7517032
        ]
      },
      "properties": {
        "timestamp": "2012-03-11T15:34:39Z"
      }
    },
    {
      "type": "Feature",
      "geometry": {
        "type": "Point",
        "coordinates": [
          -74.0020309,
          40.7516953
        ]
      },
      "properties": {
        "timestamp": "2012-03-11T15:34:41Z"
      }
    },
    {
      "type": "Feature",
      "geometry": {
        "type": "Point",
        "coordinates": [
          -74.002036,
          40.7516834
        ]
      },
      "properties": {
        "timestamp": "2012-03-11T15:34:43Z"
      }
    },
    {
      "type": "Feature",
      "geometry": {
        "type": "Point",
        "coordinates": [
          -74.0020433,
          40.7516731
        ]
      },
      "properties": {
        "timestamp": "2012-03-11T15:34:45Z"
      }
    },
    {
      "type": "Feature",
      "geometry": {
        "type": "Point",
        "coordinates": [
          -74.0020519,
          40.7516598
        ]
      },
      "properties": {
        "timestamp": "2012-03-11T15:34:47Z"
      }
    },
    {
      "type": "Feature",
      "geometry": {
        "type": "Point",
        "coordinates": [
          -74.0020609,
          40.7516466
        ]
      },
      "properties": {
        "timestamp": "2012-03-11T15:34:49Z"
      }
    },
    {
      "type": "Feature",
      "geometry": {
        "type": "Point",
        "coordinates": [
          -74.0020675,
          40.7516326
        ]
      },
      "properties": {
        "timestamp": "2012-03-11T15:34:51Z"
      }
    },
    {
      "type": "Feature",
      "geometry": {
        "type": "Point",
        "coordinates": [
          -74.0020703,
          40.7516207
        ]
      },
      "properties": {
        "timestamp": "2012-03-11T15:34:53Z"
      }
    },
    {
      "type": "Feature",
      "geometry": {
        "type": "Point",
        "coordinates": [
          -74.0020706,
          40.7516253
        ]
      },
      "properties": {
        "timestamp": "2012-03-11T15:34:55Z"
      }
    },
    {
      "type": "Feature",
      "geometry": {
        "type": "Point",
        "coordinates": [
          -74.0020706,
          40.7516253
        ]
      },
      "properties": {
        "timestamp": "2012-03-11T15:34:57Z"
      }
    },
    {
      "type": "Feature",
      "geometry": {
        "type": "Point",
        "coordinates": [
          -74.0020706,
          40.7516253
        ]
      },
      "properties": {
        "timestamp": "2012-03-11T15:34:59Z"
      }
    },
    {
      "type": "Feature",
      "geometry": {
        "type": "Point",
        "coordinates": [
          -74.0020715,
          40.7516206
        ]
      },
      "properties": {
        "timestamp": "2012-03-11T15:35:01Z"
      }
    },
    {
      "type": "Feature",
      "geometry": {
        "type": "Point",
        "coordinates": [
          -74.0020729,
          40.751616
        ]
      },
      "properties": {
        "timestamp": "2012-03-11T15:35:03Z"
      }
    },
    {
      "type": "Feature",
      "geometry": {
        "type": "Point",
        "coordinates": [
          -74.0020744,
          40.75161
        ]
      },
      "properties": {
        "timestamp": "2012-03-11T15:35:05Z"
      }
    },
    {
      "type": "Feature",
      "geometry": {
        "type": "Point",
        "coordinates": [
          -74.0020729,
          40.7516201
        ]
      },
      "properties": {
        "timestamp": "2012-03-11T15:35:07Z"
      }
    },
    {
      "type": "Feature",
      "geometry": {
        "type": "Point",
        "coordinates": [
          -74.0020739,
          40.7516155
        ]
      },
      "properties": {
        "timestamp": "2012-03-11T15:35:09Z"
      }
    },
    {
      "type": "Feature",
      "geometry": {
        "type": "Point",
        "coordinates": [
          -74.0020739,
          40.7516155
        ]
      },
      "properties": {
        "timestamp": "2012-03-11T15:35:11Z"
      }
    },
    {
      "type": "Feature",
      "geometry": {
        "type": "Point",
        "coordinates": [
          -74.002079,
          40.7516101
        ]
      },
      "properties": {
        "timestamp": "2012-03-11T15:35:13Z"
      }
    },
    {
      "type": "Feature",
      "geometry": {
        "type": "Point",
        "coordinates": [
          -74.002094,
          40.7516193
        ]
      },
      "properties": {
        "timestamp": "2012-03-11T15:35:15Z"
      }
    },
    {
      "type": "Feature",
      "geometry": {
        "type": "Point",
        "coordinates": [
          -74.0020996,
          40.7516226
        ]
      },
      "properties": {
        "timestamp": "2012-03-11T15:35:17Z"
      }
    },
    {
      "type": "Feature",
      "geometry": {
        "type": "Point",
        "coordinates": [
          -74.0021137,
          40.751653
        ]
      },
      "properties": {
        "timestamp": "2012-03-11T15:35:19Z"
      }
    },
    {
      "type": "Feature",
      "geometry": {
        "type": "Point",
        "coordinates": [
          -74.0021137,
          40.7516531
        ]
      },
      "properties": {
        "timestamp": "2012-03-11T15:35:21Z"
      }
    },
    {
      "type": "Feature",
      "geometry": {
        "type": "Point",
        "coordinates": [
          -74.0021137,
          40.7516531
        ]
      },
      "properties": {
        "timestamp": "2012-03-11T15:35:23Z"
      }
    },
    {
      "type": "Feature",
      "geometry": {
        "type": "Point",
        "coordinates": [
          -74.0021137,
          40.7516531
        ]
      },
      "properties": {
        "timestamp": "2012-03-11T15:35:25Z"
      }
    },
    {
      "type": "Feature",
      "geometry": {
        "type": "Point",
        "coordinates": [
          -74.0021137,
          40.7516531
        ]
      },
      "properties": {
        "timestamp": "2012-03-11T15:35:27Z"
      }
    },
    {
      "type": "Feature",
      "geometry": {
        "type": "Point",
        "coordinates": [
          -74.0021137,
          40.7516531
        ]
      },
      "properties": {
        "timestamp": "2012-03-11T15:35:29Z"
      }
    },
    {
      "type": "Feature",
      "geometry": {
        "type": "Point",
        "coordinates": [
          -74.0021137,
          40.7516531
        ]
      },
      "properties": {
        "timestamp": "2012-03-11T15:35:31Z"
      }
    },
    {
      "type": "Feature",
      "geometry": {
        "type": "Point",
        "coordinates": [
          -74.0021137,
          40.7516531
        ]
      },
      "properties": {
        "timestamp": "2012-03-11T15:35:33Z"
      }
    },
    {
      "type": "Feature",
      "geometry": {
        "type": "Point",
        "coordinates": [
          -74.0021137,
          40.7516531
        ]
      },
      "properties": {
        "timestamp": "2012-03-11T15:35:35Z"
      }
    },
    {
      "type": "Feature",
      "geometry": {
        "type": "Point",
        "coordinates": [
          -74.0021137,
          40.7516531
        ]
      },
      "properties": {
        "timestamp": "2012-03-11T15:35:37Z"
      }
    },
    {
      "type": "Feature",
      "geometry": {
        "type": "Point",
        "coordinates": [
          -74.0021137,
          40.7516531
        ]
      },
      "properties": {
        "timestamp": "2012-03-11T15:35:39Z"
      }
    },
    {
      "type": "Feature",
      "geometry": {
        "type": "Point",
        "coordinates": [
          -74.0021137,
          40.7516531
        ]
      },
      "properties": {
        "timestamp": "2012-03-11T15:35:41Z"
      }
    },
    {
      "type": "Feature",
      "geometry": {
        "type": "Point",
        "coordinates": [
          -74.0021137,
          40.7516531
        ]
      },
      "properties": {
        "timestamp": "2012-03-11T15:35:43Z"
      }
    },
    {
      "type": "Feature",
      "geometry": {
        "type": "Point",
        "coordinates": [
          -74.0021137,
          40.7516531
        ]
      },
      "properties": {
        "timestamp": "2012-03-11T15:35:45Z"
      }
    },
    {
      "type": "Feature",
      "geometry": {
        "type": "Point",
        "coordinates": [
          -74.0021137,
          40.7516531
        ]
      },
      "properties": {
        "timestamp": "2012-03-11T15:35:47Z"
      }
    },
    {
      "type": "Feature",
      "geometry": {
        "type": "Point",
        "coordinates": [
          -74.0021137,
          40.7516531
        ]
      },
      "properties": {
        "timestamp": "2012-03-11T15:35:49Z"
      }
    },
    {
      "type": "Feature",
      "geometry": {
        "type": "Point",
        "coordinates": [
          -74.0021137,
          40.7516531
        ]
      },
      "properties": {
        "timestamp": "2012-03-11T15:35:51Z"
      }
    },
    {
      "type": "Feature",
      "geometry": {
        "type": "Point",
        "coordinates": [
          -74.0021137,
          40.7516531
        ]
      },
      "properties": {
        "timestamp": "2012-03-11T15:35:53Z"
      }
    },
    {
      "type": "Feature",
      "geometry": {
        "type": "Point",
        "coordinates": [
          -74.0021137,
          40.7516531
        ]
      },
      "properties": {
        "timestamp": "2012-03-11T15:35:55Z"
      }
    },
    {
      "type": "Feature",
      "geometry": {
        "type": "Point",
        "coordinates": [
          -74.0021137,
          40.7516531
        ]
      },
      "properties": {
        "timestamp": "2012-03-11T15:35:57Z"
      }
    },
    {
      "type": "Feature",
      "geometry": {
        "type": "Point",
        "coordinates": [
          -74.0021187,
          40.7516592
        ]
      },
      "properties": {
        "timestamp": "2012-03-11T15:35:59Z"
      }
    },
    {
      "type": "Feature",
      "geometry": {
        "type": "Point",
        "coordinates": [
          -74.0021417,
          40.7516596
        ]
      },
      "properties": {
        "timestamp": "2012-03-11T15:36:01Z"
      }
    },
    {
      "type": "Feature",
      "geometry": {
        "type": "Point",
        "coordinates": [
          -74.0021608,
          40.7516482
        ]
      },
      "properties": {
        "timestamp": "2012-03-11T15:36:03Z"
      }
    },
    {
      "type": "Feature",
      "geometry": {
        "type": "Point",
        "coordinates": [
          -74.0021756,
          40.7516286
        ]
      },
      "properties": {
        "timestamp": "2012-03-11T15:36:05Z"
      }
    },
    {
      "type": "Feature",
      "geometry": {
        "type": "Point",
        "coordinates": [
          -74.002187,
          40.7516086
        ]
      },
      "properties": {
        "timestamp": "2012-03-11T15:36:07Z"
      }
    },
    {
      "type": "Feature",
      "geometry": {
        "type": "Point",
        "coordinates": [
          -74.002193,
          40.7515907
        ]
      },
      "properties": {
        "timestamp": "2012-03-11T15:36:09Z"
      }
    },
    {
      "type": "Feature",
      "geometry": {
        "type": "Point",
        "coordinates": [
          -74.0021984,
          40.7515741
        ]
      },
      "properties": {
        "timestamp": "2012-03-11T15:36:11Z"
      }
    },
    {
      "type": "Feature",
      "geometry": {
        "type": "Point",
        "coordinates": [
          -74.0022014,
          40.7515644
        ]
      },
      "properties": {
        "timestamp": "2012-03-11T15:36:13Z"
      }
    },
    {
      "type": "Feature",
      "geometry": {
        "type": "Point",
        "coordinates": [
          -74.0022062,
          40.7515549
        ]
      },
      "properties": {
        "timestamp": "2012-03-11T15:36:15Z"
      }
    },
    {
      "type": "Feature",
      "geometry": {
        "type": "Point",
        "coordinates": [
          -74.0022128,
          40.7515321
        ]
      },
      "properties": {
        "timestamp": "2012-03-11T15:36:17Z"
      }
    },
    {
      "type": "Feature",
      "geometry": {
        "type": "Point",
        "coordinates": [
          -74.0022169,
          40.7515147
        ]
      },
      "properties": {
        "timestamp": "2012-03-11T15:36:19Z"
      }
    },
    {
      "type": "Feature",
      "geometry": {
        "type": "Point",
        "coordinates": [
          -74.002227,
          40.7514996
        ]
      },
      "properties": {
        "timestamp": "2012-03-11T15:36:21Z"
      }
    },
    {
      "type": "Feature",
      "geometry": {
        "type": "Point",
        "coordinates": [
          -74.0022355,
          40.7514866
        ]
      },
      "properties": {
        "timestamp": "2012-03-11T15:36:23Z"
      }
    },
    {
      "type": "Feature",
      "geometry": {
        "type": "Point",
        "coordinates": [
          -74.0022454,
          40.7514746
        ]
      },
      "properties": {
        "timestamp": "2012-03-11T15:36:25Z"
      }
    },
    {
      "type": "Feature",
      "geometry": {
        "type": "Point",
        "coordinates": [
          -74.002258,
          40.7514621
        ]
      },
      "properties": {
        "timestamp": "2012-03-11T15:36:27Z"
      }
    },
    {
      "type": "Feature",
      "geometry": {
        "type": "Point",
        "coordinates": [
          -74.0022705,
          40.7514506
        ]
      },
      "properties": {
        "timestamp": "2012-03-11T15:36:29Z"
      }
    },
    {
      "type": "Feature",
      "geometry": {
        "type": "Point",
        "coordinates": [
          -74.0022767,
          40.7514435
        ]
      },
      "properties": {
        "timestamp": "2012-03-11T15:36:31Z"
      }
    },
    {
      "type": "Feature",
      "geometry": {
        "type": "Point",
        "coordinates": [
          -74.0022809,
          40.7514387
        ]
      },
      "properties": {
        "timestamp": "2012-03-11T15:36:33Z"
      }
    },
    {
      "type": "Feature",
      "geometry": {
        "type": "Point",
        "coordinates": [
          -74.0022897,
          40.7514272
        ]
      },
      "properties": {
        "timestamp": "2012-03-11T15:36:35Z"
      }
    },
    {
      "type": "Feature",
      "geometry": {
        "type": "Point",
        "coordinates": [
          -74.0022962,
          40.7514191
        ]
      },
      "properties": {
        "timestamp": "2012-03-11T15:36:37Z"
      }
    },
    {
      "type": "Feature",
      "geometry": {
        "type": "Point",
        "coordinates": [
          -74.0023135,
          40.7514176
        ]
      },
      "properties": {
        "timestamp": "2012-03-11T15:36:39Z"
      }
    },
    {
      "type": "Feature",
      "geometry": {
        "type": "Point",
        "coordinates": [
          -74.002329,
          40.7514103
        ]
      },
      "properties": {
        "timestamp": "2012-03-11T15:36:41Z"
      }
    },
    {
      "type": "Feature",
      "geometry": {
        "type": "Point",
        "coordinates": [
          -74.0023373,
          40.7514024
        ]
      },
      "properties": {
        "timestamp": "2012-03-11T15:36:43Z"
      }
    },
    {
      "type": "Feature",
      "geometry": {
        "type": "Point",
        "coordinates": [
          -74.0023496,
          40.7513929
        ]
      },
      "properties": {
        "timestamp": "2012-03-11T15:36:45Z"
      }
    },
    {
      "type": "Feature",
      "geometry": {
        "type": "Point",
        "coordinates": [
          -74.0023569,
          40.7513785
        ]
      },
      "properties": {
        "timestamp": "2012-03-11T15:36:47Z"
      }
    },
    {
      "type": "Feature",
      "geometry": {
        "type": "Point",
        "coordinates": [
          -74.0023626,
          40.7513638
        ]
      },
      "properties": {
        "timestamp": "2012-03-11T15:36:49Z"
      }
    },
    {
      "type": "Feature",
      "geometry": {
        "type": "Point",
        "coordinates": [
          -74.0023769,
          40.7513495
        ]
      },
      "properties": {
        "timestamp": "2012-03-11T15:36:51Z"
      }
    },
    {
      "type": "Feature",
      "geometry": {
        "type": "Point",
        "coordinates": [
          -74.0023739,
          40.7513475
        ]
      },
      "properties": {
        "timestamp": "2012-03-11T15:36:53Z"
      }
    },
    {
      "type": "Feature",
      "geometry": {
        "type": "Point",
        "coordinates": [
          -74.0023739,
          40.7513475
        ]
      },
      "properties": {
        "timestamp": "2012-03-11T15:36:55Z"
      }
    },
    {
      "type": "Feature",
      "geometry": {
        "type": "Point",
        "coordinates": [
          -74.0023717,
          40.7513462
        ]
      },
      "properties": {
        "timestamp": "2012-03-11T15:36:57Z"
      }
    },
    {
      "type": "Feature",
      "geometry": {
        "type": "Point",
        "coordinates": [
          -74.0023785,
          40.7513373
        ]
      },
      "properties": {
        "timestamp": "2012-03-11T15:36:59Z"
      }
    },
    {
      "type": "Feature",
      "geometry": {
        "type": "Point",
        "coordinates": [
          -74.0023763,
          40.751334
        ]
      },
      "properties": {
        "timestamp": "2012-03-11T15:37:01Z"
      }
    },
    {
      "type": "Feature",
      "geometry": {
        "type": "Point",
        "coordinates": [
          -74.00238,
          40.7513187
        ]
      },
      "properties": {
        "timestamp": "2012-03-11T15:37:03Z"
      }
    },
    {
      "type": "Feature",
      "geometry": {
        "type": "Point",
        "coordinates": [
          -74.0023889,
          40.7513006
        ]
      },
      "properties": {
        "timestamp": "2012-03-11T15:37:05Z"
      }
    },
    {
      "type": "Feature",
      "geometry": {
        "type": "Point",
        "coordinates": [
          -74.0023942,
          40.7512775
        ]
      },
      "properties": {
        "timestamp": "2012-03-11T15:37:07Z"
      }
    },
    {
      "type": "Feature",
      "geometry": {
        "type": "Point",
        "coordinates": [
          -74.0024,
          40.7512532
        ]
      },
      "properties": {
        "timestamp": "2012-03-11T15:37:09Z"
      }
    },
    {
      "type": "Feature",
      "geometry": {
        "type": "Point",
        "coordinates": [
          -74.0024104,
          40.7512307
        ]
      },
      "properties": {
        "timestamp": "2012-03-11T15:37:11Z"
      }
    },
    {
      "type": "Feature",
      "geometry": {
        "type": "Point",
        "coordinates": [
          -74.0024159,
          40.7512055
        ]
      },
      "properties": {
        "timestamp": "2012-03-11T15:37:13Z"
      }
    },
    {
      "type": "Feature",
      "geometry": {
        "type": "Point",
        "coordinates": [
          -74.0024287,
          40.7511856
        ]
      },
      "properties": {
        "timestamp": "2012-03-11T15:37:15Z"
      }
    },
    {
      "type": "Feature",
      "geometry": {
        "type": "Point",
        "coordinates": [
          -74.0024282,
          40.751161
        ]
      },
      "properties": {
        "timestamp": "2012-03-11T15:37:17Z"
      }
    },
    {
      "type": "Feature",
      "geometry": {
        "type": "Point",
        "coordinates": [
          -74.0024432,
          40.7511426
        ]
      },
      "properties": {
        "timestamp": "2012-03-11T15:37:19Z"
      }
    },
    {
      "type": "Feature",
      "geometry": {
        "type": "Point",
        "coordinates": [
          -74.0024516,
          40.7511285
        ]
      },
      "properties": {
        "timestamp": "2012-03-11T15:37:21Z"
      }
    },
    {
      "type": "Feature",
      "geometry": {
        "type": "Point",
        "coordinates": [
          -74.0024666,
          40.7511191
        ]
      },
      "properties": {
        "timestamp": "2012-03-11T15:37:23Z"
      }
    },
    {
      "type": "Feature",
      "geometry": {
        "type": "Point",
        "coordinates": [
          -74.00249,
          40.7510993
        ]
      },
      "properties": {
        "timestamp": "2012-03-11T15:37:25Z"
      }
    },
    {
      "type": "Feature",
      "geometry": {
        "type": "Point",
        "coordinates": [
          -74.0025003,
          40.751092
        ]
      },
      "properties": {
        "timestamp": "2012-03-11T15:37:27Z"
      }
    },
    {
      "type": "Feature",
      "geometry": {
        "type": "Point",
        "coordinates": [
          -74.002509,
          40.7510857
        ]
      },
      "properties": {
        "timestamp": "2012-03-11T15:37:29Z"
      }
    },
    {
      "type": "Feature",
      "geometry": {
        "type": "Point",
        "coordinates": [
          -74.0025169,
          40.7510768
        ]
      },
      "properties": {
        "timestamp": "2012-03-11T15:37:31Z"
      }
    },
    {
      "type": "Feature",
      "geometry": {
        "type": "Point",
        "coordinates": [
          -74.0025243,
          40.751068
        ]
      },
      "properties": {
        "timestamp": "2012-03-11T15:37:33Z"
      }
    },
    {
      "type": "Feature",
      "geometry": {
        "type": "Point",
        "coordinates": [
          -74.0025317,
          40.751059
        ]
      },
      "properties": {
        "timestamp": "2012-03-11T15:37:35Z"
      }
    },
    {
      "type": "Feature",
      "geometry": {
        "type": "Point",
        "coordinates": [
          -74.0025406,
          40.7510475
        ]
      },
      "properties": {
        "timestamp": "2012-03-11T15:37:37Z"
      }
    },
    {
      "type": "Feature",
      "geometry": {
        "type": "Point",
        "coordinates": [
          -74.0025492,
          40.7510338
        ]
      },
      "properties": {
        "timestamp": "2012-03-11T15:37:39Z"
      }
    },
    {
      "type": "Feature",
      "geometry": {
        "type": "Point",
        "coordinates": [
          -74.0025607,
          40.7510171
        ]
      },
      "properties": {
        "timestamp": "2012-03-11T15:37:41Z"
      }
    },
    {
      "type": "Feature",
      "geometry": {
        "type": "Point",
        "coordinates": [
          -74.0025717,
          40.7510003
        ]
      },
      "properties": {
        "timestamp": "2012-03-11T15:37:43Z"
      }
    },
    {
      "type": "Feature",
      "geometry": {
        "type": "Point",
        "coordinates": [
          -74.0025722,
          40.750985
        ]
      },
      "properties": {
        "timestamp": "2012-03-11T15:37:45Z"
      }
    },
    {
      "type": "Feature",
      "geometry": {
        "type": "Point",
        "coordinates": [
          -74.002571,
          40.7509714
        ]
      },
      "properties": {
        "timestamp": "2012-03-11T15:37:47Z"
      }
    },
    {
      "type": "Feature",
      "geometry": {
        "type": "Point",
        "coordinates": [
          -74.0025731,
          40.7509571
        ]
      },
      "properties": {
        "timestamp": "2012-03-11T15:37:49Z"
      }
    },
    {
      "type": "Feature",
      "geometry": {
        "type": "Point",
        "coordinates": [
          -74.0025698,
          40.7509505
        ]
      },
      "properties": {
        "timestamp": "2012-03-11T15:37:51Z"
      }
    },
    {
      "type": "Feature",
      "geometry": {
        "type": "Point",
        "coordinates": [
          -74.0025697,
          40.7509473
        ]
      },
      "properties": {
        "timestamp": "2012-03-11T15:37:53Z"
      }
    },
    {
      "type": "Feature",
      "geometry": {
        "type": "Point",
        "coordinates": [
          -74.002577,
          40.7509437
        ]
      },
      "properties": {
        "timestamp": "2012-03-11T15:37:55Z"
      }
    },
    {
      "type": "Feature",
      "geometry": {
        "type": "Point",
        "coordinates": [
          -74.0025789,
          40.750941
        ]
      },
      "properties": {
        "timestamp": "2012-03-11T15:37:57Z"
      }
    },
    {
      "type": "Feature",
      "geometry": {
        "type": "Point",
        "coordinates": [
          -74.0025789,
          40.750941
        ]
      },
      "properties": {
        "timestamp": "2012-03-11T15:37:59Z"
      }
    },
    {
      "type": "Feature",
      "geometry": {
        "type": "Point",
        "coordinates": [
          -74.0025747,
          40.7509409
        ]
      },
      "properties": {
        "timestamp": "2012-03-11T15:38:01Z"
      }
    },
    {
      "type": "Feature",
      "geometry": {
        "type": "Point",
        "coordinates": [
          -74.0025803,
          40.7509275
        ]
      },
      "properties": {
        "timestamp": "2012-03-11T15:38:03Z"
      }
    },
    {
      "type": "Feature",
      "geometry": {
        "type": "Point",
        "coordinates": [
          -74.0025864,
          40.7509066
        ]
      },
      "properties": {
        "timestamp": "2012-03-11T15:38:05Z"
      }
    },
    {
      "type": "Feature",
      "geometry": {
        "type": "Point",
        "coordinates": [
          -74.0025917,
          40.7508827
        ]
      },
      "properties": {
        "timestamp": "2012-03-11T15:38:07Z"
      }
    },
    {
      "type": "Feature",
      "geometry": {
        "type": "Point",
        "coordinates": [
          -74.0025866,
          40.7508575
        ]
      },
      "properties": {
        "timestamp": "2012-03-11T15:38:09Z"
      }
    },
    {
      "type": "Feature",
      "geometry": {
        "type": "Point",
        "coordinates": [
          -74.0025719,
          40.7508434
        ]
      },
      "properties": {
        "timestamp": "2012-03-11T15:38:11Z"
      }
    },
    {
      "type": "Feature",
      "geometry": {
        "type": "Point",
        "coordinates": [
          -74.0025784,
          40.7508349
        ]
      },
      "properties": {
        "timestamp": "2012-03-11T15:38:13Z"
      }
    },
    {
      "type": "Feature",
      "geometry": {
        "type": "Point",
        "coordinates": [
          -74.0025784,
          40.7508349
        ]
      },
      "properties": {
        "timestamp": "2012-03-11T15:38:15Z"
      }
    },
    {
      "type": "Feature",
      "geometry": {
        "type": "Point",
        "coordinates": [
          -74.0025784,
          40.7508349
        ]
      },
      "properties": {
        "timestamp": "2012-03-11T15:38:17Z"
      }
    },
    {
      "type": "Feature",
      "geometry": {
        "type": "Point",
        "coordinates": [
          -74.0025946,
          40.7508265
        ]
      },
      "properties": {
        "timestamp": "2012-03-11T15:38:19Z"
      }
    },
    {
      "type": "Feature",
      "geometry": {
        "type": "Point",
        "coordinates": [
          -74.0026316,
          40.7508064
        ]
      },
      "properties": {
        "timestamp": "2012-03-11T15:38:21Z"
      }
    },
    {
      "type": "Feature",
      "geometry": {
        "type": "Point",
        "coordinates": [
          -74.0026604,
          40.7507814
        ]
      },
      "properties": {
        "timestamp": "2012-03-11T15:38:23Z"
      }
    },
    {
      "type": "Feature",
      "geometry": {
        "type": "Point",
        "coordinates": [
          -74.0026821,
          40.7507566
        ]
      },
      "properties": {
        "timestamp": "2012-03-11T15:38:25Z"
      }
    },
    {
      "type": "Feature",
      "geometry": {
        "type": "Point",
        "coordinates": [
          -74.0026941,
          40.7507304
        ]
      },
      "properties": {
        "timestamp": "2012-03-11T15:38:27Z"
      }
    },
    {
      "type": "Feature",
      "geometry": {
        "type": "Point",
        "coordinates": [
          -74.0027041,
          40.7507083
        ]
      },
      "properties": {
        "timestamp": "2012-03-11T15:38:29Z"
      }
    },
    {
      "type": "Feature",
      "geometry": {
        "type": "Point",
        "coordinates": [
          -74.0027179,
          40.7506897
        ]
      },
      "properties": {
        "timestamp": "2012-03-11T15:38:31Z"
      }
    },
    {
      "type": "Feature",
      "geometry": {
        "type": "Point",
        "coordinates": [
          -74.0027295,
          40.7506749
        ]
      },
      "properties": {
        "timestamp": "2012-03-11T15:38:33Z"
      }
    },
    {
      "type": "Feature",
      "geometry": {
        "type": "Point",
        "coordinates": [
          -74.0027439,
          40.7506651
        ]
      },
      "properties": {
        "timestamp": "2012-03-11T15:38:35Z"
      }
    },
    {
      "type": "Feature",
      "geometry": {
        "type": "Point",
        "coordinates": [
          -74.0027561,
          40.7506596
        ]
      },
      "properties": {
        "timestamp": "2012-03-11T15:38:37Z"
      }
    },
    {
      "type": "Feature",
      "geometry": {
        "type": "Point",
        "coordinates": [
          -74.0027645,
          40.7506534
        ]
      },
      "properties": {
        "timestamp": "2012-03-11T15:38:39Z"
      }
    },
    {
      "type": "Feature",
      "geometry": {
        "type": "Point",
        "coordinates": [
          -74.0027749,
          40.7506435
        ]
      },
      "properties": {
        "timestamp": "2012-03-11T15:38:41Z"
      }
    },
    {
      "type": "Feature",
      "geometry": {
        "type": "Point",
        "coordinates": [
          -74.0027846,
          40.75063
        ]
      },
      "properties": {
        "timestamp": "2012-03-11T15:38:43Z"
      }
    },
    {
      "type": "Feature",
      "geometry": {
        "type": "Point",
        "coordinates": [
          -74.0027925,
          40.7506174
        ]
      },
      "properties": {
        "timestamp": "2012-03-11T15:38:45Z"
      }
    },
    {
      "type": "Feature",
      "geometry": {
        "type": "Point",
        "coordinates": [
          -74.0028001,
          40.7506025
        ]
      },
      "properties": {
        "timestamp": "2012-03-11T15:38:47Z"
      }
    },
    {
      "type": "Feature",
      "geometry": {
        "type": "Point",
        "coordinates": [
          -74.0028018,
          40.7506001
        ]
      },
      "properties": {
        "timestamp": "2012-03-11T15:38:49Z"
      }
    },
    {
      "type": "Feature",
      "geometry": {
        "type": "Point",
        "coordinates": [
          -74.0028064,
          40.7505865
        ]
      },
      "properties": {
        "timestamp": "2012-03-11T15:38:51Z"
      }
    },
    {
      "type": "Feature",
      "geometry": {
        "type": "Point",
        "coordinates": [
          -74.0028153,
          40.7505696
        ]
      },
      "properties": {
        "timestamp": "2012-03-11T15:38:53Z"
      }
    },
    {
      "type": "Feature",
      "geometry": {
        "type": "Point",
        "coordinates": [
          -74.0028262,
          40.7505525
        ]
      },
      "properties": {
        "timestamp": "2012-03-11T15:38:55Z"
      }
    },
    {
      "type": "Feature",
      "geometry": {
        "type": "Point",
        "coordinates": [
          -74.0028391,
          40.7505395
        ]
      },
      "properties": {
        "timestamp": "2012-03-11T15:38:57Z"
      }
    },
    {
      "type": "Feature",
      "geometry": {
        "type": "Point",
        "coordinates": [
          -74.0028546,
          40.7505303
        ]
      },
      "properties": {
        "timestamp": "2012-03-11T15:38:59Z"
      }
    },
    {
      "type": "Feature",
      "geometry": {
        "type": "Point",
        "coordinates": [
          -74.0028656,
          40.7505186
        ]
      },
      "properties": {
        "timestamp": "2012-03-11T15:39:01Z"
      }
    },
    {
      "type": "Feature",
      "geometry": {
        "type": "Point",
        "coordinates": [
          -74.0028785,
          40.7505045
        ]
      },
      "properties": {
        "timestamp": "2012-03-11T15:39:03Z"
      }
    },
    {
      "type": "Feature",
      "geometry": {
        "type": "Point",
        "coordinates": [
          -74.0028919,
          40.7504922
        ]
      },
      "properties": {
        "timestamp": "2012-03-11T15:39:05Z"
      }
    },
    {
      "type": "Feature",
      "geometry": {
        "type": "Point",
        "coordinates": [
          -74.0029032,
          40.7504833
        ]
      },
      "properties": {
        "timestamp": "2012-03-11T15:39:07Z"
      }
    },
    {
      "type": "Feature",
      "geometry": {
        "type": "Point",
        "coordinates": [
          -74.0029189,
          40.7504719
        ]
      },
      "properties": {
        "timestamp": "2012-03-11T15:39:09Z"
      }
    },
    {
      "type": "Feature",
      "geometry": {
        "type": "Point",
        "coordinates": [
          -74.0029271,
          40.7504642
        ]
      },
      "properties": {
        "timestamp": "2012-03-11T15:39:11Z"
      }
    },
    {
      "type": "Feature",
      "geometry": {
        "type": "Point",
        "coordinates": [
          -74.0029377,
          40.7504526
        ]
      },
      "properties": {
        "timestamp": "2012-03-11T15:39:13Z"
      }
    },
    {
      "type": "Feature",
      "geometry": {
        "type": "Point",
        "coordinates": [
          -74.0029464,
          40.7504401
        ]
      },
      "properties": {
        "timestamp": "2012-03-11T15:39:15Z"
      }
    },
    {
      "type": "Feature",
      "geometry": {
        "type": "Point",
        "coordinates": [
          -74.0029548,
          40.7504271
        ]
      },
      "properties": {
        "timestamp": "2012-03-11T15:39:17Z"
      }
    },
    {
      "type": "Feature",
      "geometry": {
        "type": "Point",
        "coordinates": [
          -74.0029646,
          40.7504137
        ]
      },
      "properties": {
        "timestamp": "2012-03-11T15:39:19Z"
      }
    },
    {
      "type": "Feature",
      "geometry": {
        "type": "Point",
        "coordinates": [
          -74.0029759,
          40.7504015
        ]
      },
      "properties": {
        "timestamp": "2012-03-11T15:39:21Z"
      }
    },
    {
      "type": "Feature",
      "geometry": {
        "type": "Point",
        "coordinates": [
          -74.0029872,
          40.7503872
        ]
      },
      "properties": {
        "timestamp": "2012-03-11T15:39:23Z"
      }
    },
    {
      "type": "Feature",
      "geometry": {
        "type": "Point",
        "coordinates": [
          -74.0029949,
          40.7503767
        ]
      },
      "properties": {
        "timestamp": "2012-03-11T15:39:25Z"
      }
    },
    {
      "type": "Feature",
      "geometry": {
        "type": "Point",
        "coordinates": [
          -74.0030061,
          40.7503623
        ]
      },
      "properties": {
        "timestamp": "2012-03-11T15:39:27Z"
      }
    },
    {
      "type": "Feature",
      "geometry": {
        "type": "Point",
        "coordinates": [
          -74.0030205,
          40.7503525
        ]
      },
      "properties": {
        "timestamp": "2012-03-11T15:39:29Z"
      }
    },
    {
      "type": "Feature",
      "geometry": {
        "type": "Point",
        "coordinates": [
          -74.0030332,
          40.7503436
        ]
      },
      "properties": {
        "timestamp": "2012-03-11T15:39:31Z"
      }
    },
    {
      "type": "Feature",
      "geometry": {
        "type": "Point",
        "coordinates": [
          -74.0030427,
          40.7503331
        ]
      },
      "properties": {
        "timestamp": "2012-03-11T15:39:33Z"
      }
    },
    {
      "type": "Feature",
      "geometry": {
        "type": "Point",
        "coordinates": [
          -74.0030485,
          40.7503247
        ]
      },
      "properties": {
        "timestamp": "2012-03-11T15:39:35Z"
      }
    },
    {
      "type": "Feature",
      "geometry": {
        "type": "Point",
        "coordinates": [
          -74.0030626,
          40.7503208
        ]
      },
      "properties": {
        "timestamp": "2012-03-11T15:39:37Z"
      }
    },
    {
      "type": "Feature",
      "geometry": {
        "type": "Point",
        "coordinates": [
          -74.00308,
          40.7503086
        ]
      },
      "properties": {
        "timestamp": "2012-03-11T15:39:39Z"
      }
    },
    {
      "type": "Feature",
      "geometry": {
        "type": "Point",
        "coordinates": [
          -74.0030988,
          40.7502989
        ]
      },
      "properties": {
        "timestamp": "2012-03-11T15:39:41Z"
      }
    },
    {
      "type": "Feature",
      "geometry": {
        "type": "Point",
        "coordinates": [
          -74.0031152,
          40.7502887
        ]
      },
      "properties": {
        "timestamp": "2012-03-11T15:39:43Z"
      }
    },
    {
      "type": "Feature",
      "geometry": {
        "type": "Point",
        "coordinates": [
          -74.0031302,
          40.7502775
        ]
      },
      "properties": {
        "timestamp": "2012-03-11T15:39:45Z"
      }
    },
    {
      "type": "Feature",
      "geometry": {
        "type": "Point",
        "coordinates": [
          -74.003143,
          40.7502647
        ]
      },
      "properties": {
        "timestamp": "2012-03-11T15:39:47Z"
      }
    },
    {
      "type": "Feature",
      "geometry": {
        "type": "Point",
        "coordinates": [
          -74.0031578,
          40.7502534
        ]
      },
      "properties": {
        "timestamp": "2012-03-11T15:39:49Z"
      }
    },
    {
      "type": "Feature",
      "geometry": {
        "type": "Point",
        "coordinates": [
          -74.0031718,
          40.7502429
        ]
      },
      "properties": {
        "timestamp": "2012-03-11T15:39:51Z"
      }
    },
    {
      "type": "Feature",
      "geometry": {
        "type": "Point",
        "coordinates": [
          -74.0031831,
          40.7502329
        ]
      },
      "properties": {
        "timestamp": "2012-03-11T15:39:53Z"
      }
    },
    {
      "type": "Feature",
      "geometry": {
        "type": "Point",
        "coordinates": [
          -74.0031901,
          40.7502243
        ]
      },
      "properties": {
        "timestamp": "2012-03-11T15:39:55Z"
      }
    },
    {
      "type": "Feature",
      "geometry": {
        "type": "Point",
        "coordinates": [
          -74.0031946,
          40.7502187
        ]
      },
      "properties": {
        "timestamp": "2012-03-11T15:39:57Z"
      }
    },
    {
      "type": "Feature",
      "geometry": {
        "type": "Point",
        "coordinates": [
          -74.0031973,
          40.750215
        ]
      },
      "properties": {
        "timestamp": "2012-03-11T15:39:59Z"
      }
    },
    {
      "type": "Feature",
      "geometry": {
        "type": "Point",
        "coordinates": [
          -74.0031998,
          40.7502119
        ]
      },
      "properties": {
        "timestamp": "2012-03-11T15:40:01Z"
      }
    },
    {
      "type": "Feature",
      "geometry": {
        "type": "Point",
        "coordinates": [
          -74.0031922,
          40.7502163
        ]
      },
      "properties": {
        "timestamp": "2012-03-11T15:40:03Z"
      }
    },
    {
      "type": "Feature",
      "geometry": {
        "type": "Point",
        "coordinates": [
          -74.0031974,
          40.7502099
        ]
      },
      "properties": {
        "timestamp": "2012-03-11T15:40:05Z"
      }
    },
    {
      "type": "Feature",
      "geometry": {
        "type": "Point",
        "coordinates": [
          -74.0031963,
          40.7501929
        ]
      },
      "properties": {
        "timestamp": "2012-03-11T15:40:07Z"
      }
    },
    {
      "type": "Feature",
      "geometry": {
        "type": "Point",
        "coordinates": [
          -74.0032072,
          40.7501708
        ]
      },
      "properties": {
        "timestamp": "2012-03-11T15:40:09Z"
      }
    },
    {
      "type": "Feature",
      "geometry": {
        "type": "Point",
        "coordinates": [
          -74.0032135,
          40.7501411
        ]
      },
      "properties": {
        "timestamp": "2012-03-11T15:40:11Z"
      }
    },
    {
      "type": "Feature",
      "geometry": {
        "type": "Point",
        "coordinates": [
          -74.0032257,
          40.7501223
        ]
      },
      "properties": {
        "timestamp": "2012-03-11T15:40:13Z"
      }
    },
    {
      "type": "Feature",
      "geometry": {
        "type": "Point",
        "coordinates": [
          -74.0032327,
          40.7501032
        ]
      },
      "properties": {
        "timestamp": "2012-03-11T15:40:15Z"
      }
    },
    {
      "type": "Feature",
      "geometry": {
        "type": "Point",
        "coordinates": [
          -74.0032426,
          40.7500825
        ]
      },
      "properties": {
        "timestamp": "2012-03-11T15:40:17Z"
      }
    },
    {
      "type": "Feature",
      "geometry": {
        "type": "Point",
        "coordinates": [
          -74.0032544,
          40.7500611
        ]
      },
      "properties": {
        "timestamp": "2012-03-11T15:40:19Z"
      }
    },
    {
      "type": "Feature",
      "geometry": {
        "type": "Point",
        "coordinates": [
          -74.0032692,
          40.7500397
        ]
      },
      "properties": {
        "timestamp": "2012-03-11T15:40:21Z"
      }
    },
    {
      "type": "Feature",
      "geometry": {
        "type": "Point",
        "coordinates": [
          -74.0032811,
          40.7500229
        ]
      },
      "properties": {
        "timestamp": "2012-03-11T15:40:23Z"
      }
    },
    {
      "type": "Feature",
      "geometry": {
        "type": "Point",
        "coordinates": [
          -74.0032896,
          40.7500035
        ]
      },
      "properties": {
        "timestamp": "2012-03-11T15:40:25Z"
      }
    },
    {
      "type": "Feature",
      "geometry": {
        "type": "Point",
        "coordinates": [
          -74.0032978,
          40.7499818
        ]
      },
      "properties": {
        "timestamp": "2012-03-11T15:40:27Z"
      }
    },
    {
      "type": "Feature",
      "geometry": {
        "type": "Point",
        "coordinates": [
          -74.003311,
          40.7499607
        ]
      },
      "properties": {
        "timestamp": "2012-03-11T15:40:29Z"
      }
    },
    {
      "type": "Feature",
      "geometry": {
        "type": "Point",
        "coordinates": [
          -74.0033225,
          40.7499411
        ]
      },
      "properties": {
        "timestamp": "2012-03-11T15:40:31Z"
      }
    },
    {
      "type": "Feature",
      "geometry": {
        "type": "Point",
        "coordinates": [
          -74.0033338,
          40.7499216
        ]
      },
      "properties": {
        "timestamp": "2012-03-11T15:40:33Z"
      }
    },
    {
      "type": "Feature",
      "geometry": {
        "type": "Point",
        "coordinates": [
          -74.0033425,
          40.7499024
        ]
      },
      "properties": {
        "timestamp": "2012-03-11T15:40:35Z"
      }
    },
    {
      "type": "Feature",
      "geometry": {
        "type": "Point",
        "coordinates": [
          -74.0033462,
          40.749888
        ]
      },
      "properties": {
        "timestamp": "2012-03-11T15:40:37Z"
      }
    },
    {
      "type": "Feature",
      "geometry": {
        "type": "Point",
        "coordinates": [
          -74.0033506,
          40.7498745
        ]
      },
      "properties": {
        "timestamp": "2012-03-11T15:40:39Z"
      }
    },
    {
      "type": "Feature",
      "geometry": {
        "type": "Point",
        "coordinates": [
          -74.0033581,
          40.7498585
        ]
      },
      "properties": {
        "timestamp": "2012-03-11T15:40:41Z"
      }
    },
    {
      "type": "Feature",
      "geometry": {
        "type": "Point",
        "coordinates": [
          -74.0033681,
          40.7498418
        ]
      },
      "properties": {
        "timestamp": "2012-03-11T15:40:43Z"
      }
    },
    {
      "type": "Feature",
      "geometry": {
        "type": "Point",
        "coordinates": [
          -74.0033755,
          40.7498235
        ]
      },
      "properties": {
        "timestamp": "2012-03-11T15:40:45Z"
      }
    },
    {
      "type": "Feature",
      "geometry": {
        "type": "Point",
        "coordinates": [
          -74.0033828,
          40.7498064
        ]
      },
      "properties": {
        "timestamp": "2012-03-11T15:40:47Z"
      }
    },
    {
      "type": "Feature",
      "geometry": {
        "type": "Point",
        "coordinates": [
          -74.0033897,
          40.7497925
        ]
      },
      "properties": {
        "timestamp": "2012-03-11T15:40:49Z"
      }
    },
    {
      "type": "Feature",
      "geometry": {
        "type": "Point",
        "coordinates": [
          -74.003401,
          40.7497804
        ]
      },
      "properties": {
        "timestamp": "2012-03-11T15:40:51Z"
      }
    },
    {
      "type": "Feature",
      "geometry": {
        "type": "Point",
        "coordinates": [
          -74.0034166,
          40.7497673
        ]
      },
      "properties": {
        "timestamp": "2012-03-11T15:40:53Z"
      }
    },
    {
      "type": "Feature",
      "geometry": {
        "type": "Point",
        "coordinates": [
          -74.0034355,
          40.7497562
        ]
      },
      "properties": {
        "timestamp": "2012-03-11T15:40:55Z"
      }
    },
    {
      "type": "Feature",
      "geometry": {
        "type": "Point",
        "coordinates": [
          -74.0034499,
          40.7497415
        ]
      },
      "properties": {
        "timestamp": "2012-03-11T15:40:57Z"
      }
    },
    {
      "type": "Feature",
      "geometry": {
        "type": "Point",
        "coordinates": [
          -74.0034612,
          40.749727
        ]
      },
      "properties": {
        "timestamp": "2012-03-11T15:40:59Z"
      }
    },
    {
      "type": "Feature",
      "geometry": {
        "type": "Point",
        "coordinates": [
          -74.0034791,
          40.7497154
        ]
      },
      "properties": {
        "timestamp": "2012-03-11T15:41:01Z"
      }
    },
    {
      "type": "Feature",
      "geometry": {
        "type": "Point",
        "coordinates": [
          -74.0034882,
          40.7496992
        ]
      },
      "properties": {
        "timestamp": "2012-03-11T15:41:03Z"
      }
    },
    {
      "type": "Feature",
      "geometry": {
        "type": "Point",
        "coordinates": [
          -74.0034922,
          40.7496819
        ]
      },
      "properties": {
        "timestamp": "2012-03-11T15:41:05Z"
      }
    },
    {
      "type": "Feature",
      "geometry": {
        "type": "Point",
        "coordinates": [
          -74.0034937,
          40.7496627
        ]
      },
      "properties": {
        "timestamp": "2012-03-11T15:41:07Z"
      }
    },
    {
      "type": "Feature",
      "geometry": {
        "type": "Point",
        "coordinates": [
          -74.0034945,
          40.7496425
        ]
      },
      "properties": {
        "timestamp": "2012-03-11T15:41:09Z"
      }
    },
    {
      "type": "Feature",
      "geometry": {
        "type": "Point",
        "coordinates": [
          -74.0034952,
          40.7496245
        ]
      },
      "properties": {
        "timestamp": "2012-03-11T15:41:11Z"
      }
    },
    {
      "type": "Feature",
      "geometry": {
        "type": "Point",
        "coordinates": [
          -74.0035062,
          40.7496066
        ]
      },
      "properties": {
        "timestamp": "2012-03-11T15:41:13Z"
      }
    },
    {
      "type": "Feature",
      "geometry": {
        "type": "Point",
        "coordinates": [
          -74.0035162,
          40.7495892
        ]
      },
      "properties": {
        "timestamp": "2012-03-11T15:41:15Z"
      }
    },
    {
      "type": "Feature",
      "geometry": {
        "type": "Point",
        "coordinates": [
          -74.003525,
          40.7495703
        ]
      },
      "properties": {
        "timestamp": "2012-03-11T15:41:17Z"
      }
    },
    {
      "type": "Feature",
      "geometry": {
        "type": "Point",
        "coordinates": [
          -74.0035254,
          40.7495472
        ]
      },
      "properties": {
        "timestamp": "2012-03-11T15:41:19Z"
      }
    },
    {
      "type": "Feature",
      "geometry": {
        "type": "Point",
        "coordinates": [
          -74.0035225,
          40.7495221
        ]
      },
      "properties": {
        "timestamp": "2012-03-11T15:41:21Z"
      }
    },
    {
      "type": "Feature",
      "geometry": {
        "type": "Point",
        "coordinates": [
          -74.0035307,
          40.7495043
        ]
      },
      "properties": {
        "timestamp": "2012-03-11T15:41:23Z"
      }
    },
    {
      "type": "Feature",
      "geometry": {
        "type": "Point",
        "coordinates": [
          -74.0035198,
          40.7495049
        ]
      },
      "properties": {
        "timestamp": "2012-03-11T15:41:25Z"
      }
    },
    {
      "type": "Feature",
      "geometry": {
        "type": "Point",
        "coordinates": [
          -74.0035362,
          40.7495028
        ]
      },
      "properties": {
        "timestamp": "2012-03-11T15:41:27Z"
      }
    },
    {
      "type": "Feature",
      "geometry": {
        "type": "Point",
        "coordinates": [
          -74.0035362,
          40.7495028
        ]
      },
      "properties": {
        "timestamp": "2012-03-11T15:41:29Z"
      }
    },
    {
      "type": "Feature",
      "geometry": {
        "type": "Point",
        "coordinates": [
          -74.0035362,
          40.7495028
        ]
      },
      "properties": {
        "timestamp": "2012-03-11T15:41:31Z"
      }
    },
    {
      "type": "Feature",
      "geometry": {
        "type": "Point",
        "coordinates": [
          -74.0035362,
          40.7495028
        ]
      },
      "properties": {
        "timestamp": "2012-03-11T15:41:33Z"
      }
    },
    {
      "type": "Feature",
      "geometry": {
        "type": "Point",
        "coordinates": [
          -74.0035362,
          40.7495028
        ]
      },
      "properties": {
        "timestamp": "2012-03-11T15:41:35Z"
      }
    },
    {
      "type": "Feature",
      "geometry": {
        "type": "Point",
        "coordinates": [
          -74.0035362,
          40.7495028
        ]
      },
      "properties": {
        "timestamp": "2012-03-11T15:41:37Z"
      }
    },
    {
      "type": "Feature",
      "geometry": {
        "type": "Point",
        "coordinates": [
          -74.0035362,
          40.7495028
        ]
      },
      "properties": {
        "timestamp": "2012-03-11T15:41:39Z"
      }
    },
    {
      "type": "Feature",
      "geometry": {
        "type": "Point",
        "coordinates": [
          -74.0035362,
          40.7495028
        ]
      },
      "properties": {
        "timestamp": "2012-03-11T15:41:41Z"
      }
    },
    {
      "type": "Feature",
      "geometry": {
        "type": "Point",
        "coordinates": [
          -74.0035362,
          40.7495028
        ]
      },
      "properties": {
        "timestamp": "2012-03-11T15:41:43Z"
      }
    },
    {
      "type": "Feature",
      "geometry": {
        "type": "Point",
        "coordinates": [
          -74.0035362,
          40.7495028
        ]
      },
      "properties": {
        "timestamp": "2012-03-11T15:41:45Z"
      }
    },
    {
      "type": "Feature",
      "geometry": {
        "type": "Point",
        "coordinates": [
          -74.0035362,
          40.7495028
        ]
      },
      "properties": {
        "timestamp": "2012-03-11T15:41:47Z"
      }
    },
    {
      "type": "Feature",
      "geometry": {
        "type": "Point",
        "coordinates": [
          -74.0035362,
          40.7495028
        ]
      },
      "properties": {
        "timestamp": "2012-03-11T15:41:49Z"
      }
    },
    {
      "type": "Feature",
      "geometry": {
        "type": "Point",
        "coordinates": [
          -74.0035362,
          40.7495028
        ]
      },
      "properties": {
        "timestamp": "2012-03-11T15:41:51Z"
      }
    },
    {
      "type": "Feature",
      "geometry": {
        "type": "Point",
        "coordinates": [
          -74.0035362,
          40.7495028
        ]
      },
      "properties": {
        "timestamp": "2012-03-11T15:41:53Z"
      }
    },
    {
      "type": "Feature",
      "geometry": {
        "type": "Point",
        "coordinates": [
          -74.0035362,
          40.7495028
        ]
      },
      "properties": {
        "timestamp": "2012-03-11T15:41:55Z"
      }
    },
    {
      "type": "Feature",
      "geometry": {
        "type": "Point",
        "coordinates": [
          -74.0035362,
          40.7495028
        ]
      },
      "properties": {
        "timestamp": "2012-03-11T15:41:57Z"
      }
    },
    {
      "type": "Feature",
      "geometry": {
        "type": "Point",
        "coordinates": [
          -74.0035362,
          40.7495028
        ]
      },
      "properties": {
        "timestamp": "2012-03-11T15:41:59Z"
      }
    },
    {
      "type": "Feature",
      "geometry": {
        "type": "Point",
        "coordinates": [
          -74.0035362,
          40.7495028
        ]
      },
      "properties": {
        "timestamp": "2012-03-11T15:42:01Z"
      }
    },
    {
      "type": "Feature",
      "geometry": {
        "type": "Point",
        "coordinates": [
          -74.0035362,
          40.7495028
        ]
      },
      "properties": {
        "timestamp": "2012-03-11T15:42:03Z"
      }
    },
    {
      "type": "Feature",
      "geometry": {
        "type": "Point",
        "coordinates": [
          -74.0035362,
          40.7495028
        ]
      },
      "properties": {
        "timestamp": "2012-03-11T15:42:05Z"
      }
    },
    {
      "type": "Feature",
      "geometry": {
        "type": "Point",
        "coordinates": [
          -74.0035362,
          40.7495028
        ]
      },
      "properties": {
        "timestamp": "2012-03-11T15:42:07Z"
      }
    },
    {
      "type": "Feature",
      "geometry": {
        "type": "Point",
        "coordinates": [
          -74.0035362,
          40.7495028
        ]
      },
      "properties": {
        "timestamp": "2012-03-11T15:42:09Z"
      }
    },
    {
      "type": "Feature",
      "geometry": {
        "type": "Point",
        "coordinates": [
          -74.0035362,
          40.7495028
        ]
      },
      "properties": {
        "timestamp": "2012-03-11T15:42:11Z"
      }
    },
    {
      "type": "Feature",
      "geometry": {
        "type": "Point",
        "coordinates": [
          -74.0035362,
          40.7495028
        ]
      },
      "properties": {
        "timestamp": "2012-03-11T15:42:13Z"
      }
    },
    {
      "type": "Feature",
      "geometry": {
        "type": "Point",
        "coordinates": [
          -74.0035362,
          40.7495028
        ]
      },
      "properties": {
        "timestamp": "2012-03-11T15:42:15Z"
      }
    },
    {
      "type": "Feature",
      "geometry": {
        "type": "Point",
        "coordinates": [
          -74.0035362,
          40.7495028
        ]
      },
      "properties": {
        "timestamp": "2012-03-11T15:42:17Z"
      }
    },
    {
      "type": "Feature",
      "geometry": {
        "type": "Point",
        "coordinates": [
          -74.0035362,
          40.7495028
        ]
      },
      "properties": {
        "timestamp": "2012-03-11T15:42:19Z"
      }
    },
    {
      "type": "Feature",
      "geometry": {
        "type": "Point",
        "coordinates": [
          -74.0035362,
          40.7495028
        ]
      },
      "properties": {
        "timestamp": "2012-03-11T15:42:21Z"
      }
    },
    {
      "type": "Feature",
      "geometry": {
        "type": "Point",
        "coordinates": [
          -74.0035362,
          40.7495028
        ]
      },
      "properties": {
        "timestamp": "2012-03-11T15:42:23Z"
      }
    },
    {
      "type": "Feature",
      "geometry": {
        "type": "Point",
        "coordinates": [
          -74.0035362,
          40.7495028
        ]
      },
      "properties": {
        "timestamp": "2012-03-11T15:42:25Z"
      }
    },
    {
      "type": "Feature",
      "geometry": {
        "type": "Point",
        "coordinates": [
          -74.0035362,
          40.7495028
        ]
      },
      "properties": {
        "timestamp": "2012-03-11T15:42:27Z"
      }
    },
    {
      "type": "Feature",
      "geometry": {
        "type": "Point",
        "coordinates": [
          -74.003546,
          40.7495034
        ]
      },
      "properties": {
        "timestamp": "2012-03-11T15:42:29Z"
      }
    },
    {
      "type": "Feature",
      "geometry": {
        "type": "Point",
        "coordinates": [
          -74.0035771,
          40.749505
        ]
      },
      "properties": {
        "timestamp": "2012-03-11T15:42:31Z"
      }
    },
    {
      "type": "Feature",
      "geometry": {
        "type": "Point",
        "coordinates": [
          -74.003608,
          40.7495077
        ]
      },
      "properties": {
        "timestamp": "2012-03-11T15:42:33Z"
      }
    },
    {
      "type": "Feature",
      "geometry": {
        "type": "Point",
        "coordinates": [
          -74.0036399,
          40.7495106
        ]
      },
      "properties": {
        "timestamp": "2012-03-11T15:42:35Z"
      }
    },
    {
      "type": "Feature",
      "geometry": {
        "type": "Point",
        "coordinates": [
          -74.0036709,
          40.7495129
        ]
      },
      "properties": {
        "timestamp": "2012-03-11T15:42:37Z"
      }
    },
    {
      "type": "Feature",
      "geometry": {
        "type": "Point",
        "coordinates": [
          -74.0037013,
          40.7495141
        ]
      },
      "properties": {
        "timestamp": "2012-03-11T15:42:39Z"
      }
    },
    {
      "type": "Feature",
      "geometry": {
        "type": "Point",
        "coordinates": [
          -74.0037285,
          40.7495137
        ]
      },
      "properties": {
        "timestamp": "2012-03-11T15:42:41Z"
      }
    },
    {
      "type": "Feature",
      "geometry": {
        "type": "Point",
        "coordinates": [
          -74.0037528,
          40.749512
        ]
      },
      "properties": {
        "timestamp": "2012-03-11T15:42:43Z"
      }
    },
    {
      "type": "Feature",
      "geometry": {
        "type": "Point",
        "coordinates": [
          -74.0037753,
          40.7495093
        ]
      },
      "properties": {
        "timestamp": "2012-03-11T15:42:45Z"
      }
    },
    {
      "type": "Feature",
      "geometry": {
        "type": "Point",
        "coordinates": [
          -74.0037961,
          40.7495055
        ]
      },
      "properties": {
        "timestamp": "2012-03-11T15:42:47Z"
      }
    },
    {
      "type": "Feature",
      "geometry": {
        "type": "Point",
        "coordinates": [
          -74.0038161,
          40.7495011
        ]
      },
      "properties": {
        "timestamp": "2012-03-11T15:42:49Z"
      }
    },
    {
      "type": "Feature",
      "geometry": {
        "type": "Point",
        "coordinates": [
          -74.003837,
          40.7494959
        ]
      },
      "properties": {
        "timestamp": "2012-03-11T15:42:51Z"
      }
    },
    {
      "type": "Feature",
      "geometry": {
        "type": "Point",
        "coordinates": [
          -74.0038568,
          40.7494899
        ]
      },
      "properties": {
        "timestamp": "2012-03-11T15:42:53Z"
      }
    },
    {
      "type": "Feature",
      "geometry": {
        "type": "Point",
        "coordinates": [
          -74.0038635,
          40.7494686
        ]
      },
      "properties": {
        "timestamp": "2012-03-11T15:42:55Z"
      }
    },
    {
      "type": "Feature",
      "geometry": {
        "type": "Point",
        "coordinates": [
          -74.0038678,
          40.7494451
        ]
      },
      "properties": {
        "timestamp": "2012-03-11T15:42:57Z"
      }
    },
    {
      "type": "Feature",
      "geometry": {
        "type": "Point",
        "coordinates": [
          -74.0038754,
          40.7494241
        ]
      },
      "properties": {
        "timestamp": "2012-03-11T15:42:59Z"
      }
    },
    {
      "type": "Feature",
      "geometry": {
        "type": "Point",
        "coordinates": [
          -74.0038807,
          40.7494051
        ]
      },
      "properties": {
        "timestamp": "2012-03-11T15:43:01Z"
      }
    },
    {
      "type": "Feature",
      "geometry": {
        "type": "Point",
        "coordinates": [
          -74.0038856,
          40.7493878
        ]
      },
      "properties": {
        "timestamp": "2012-03-11T15:43:03Z"
      }
    },
    {
      "type": "Feature",
      "geometry": {
        "type": "Point",
        "coordinates": [
          -74.0038967,
          40.7493645
        ]
      },
      "properties": {
        "timestamp": "2012-03-11T15:43:05Z"
      }
    },
    {
      "type": "Feature",
      "geometry": {
        "type": "Point",
        "coordinates": [
          -74.0038634,
          40.7493575
        ]
      },
      "properties": {
        "timestamp": "2012-03-11T15:43:07Z"
      }
    },
    {
      "type": "Feature",
      "geometry": {
        "type": "Point",
        "coordinates": [
          -74.0038554,
          40.7493507
        ]
      },
      "properties": {
        "timestamp": "2012-03-11T15:43:09Z"
      }
    },
    {
      "type": "Feature",
      "geometry": {
        "type": "Point",
        "coordinates": [
          -74.0038454,
          40.7493542
        ]
      },
      "properties": {
        "timestamp": "2012-03-11T15:43:11Z"
      }
    },
    {
      "type": "Feature",
      "geometry": {
        "type": "Point",
        "coordinates": [
          -74.0038388,
          40.7493568
        ]
      },
      "properties": {
        "timestamp": "2012-03-11T15:43:13Z"
      }
    },
    {
      "type": "Feature",
      "geometry": {
        "type": "Point",
        "coordinates": [
          -74.003838,
          40.7493557
        ]
      },
      "properties": {
        "timestamp": "2012-03-11T15:43:15Z"
      }
    },
    {
      "type": "Feature",
      "geometry": {
        "type": "Point",
        "coordinates": [
          -74.0038394,
          40.7493512
        ]
      },
      "properties": {
        "timestamp": "2012-03-11T15:43:17Z"
      }
    },
    {
      "type": "Feature",
      "geometry": {
        "type": "Point",
        "coordinates": [
          -74.0038406,
          40.7493477
        ]
      },
      "properties": {
        "timestamp": "2012-03-11T15:43:19Z"
      }
    },
    {
      "type": "Feature",
      "geometry": {
        "type": "Point",
        "coordinates": [
          -74.0038406,
          40.7493477
        ]
      },
      "properties": {
        "timestamp": "2012-03-11T15:43:21Z"
      }
    },
    {
      "type": "Feature",
      "geometry": {
        "type": "Point",
        "coordinates": [
          -74.0038406,
          40.7493477
        ]
      },
      "properties": {
        "timestamp": "2012-03-11T15:43:23Z"
      }
    },
    {
      "type": "Feature",
      "geometry": {
        "type": "Point",
        "coordinates": [
          -74.0038406,
          40.7493477
        ]
      },
      "properties": {
        "timestamp": "2012-03-11T15:43:25Z"
      }
    },
    {
      "type": "Feature",
      "geometry": {
        "type": "Point",
        "coordinates": [
          -74.0038406,
          40.7493477
        ]
      },
      "properties": {
        "timestamp": "2012-03-11T15:43:27Z"
      }
    },
    {
      "type": "Feature",
      "geometry": {
        "type": "Point",
        "coordinates": [
          -74.0038406,
          40.7493477
        ]
      },
      "properties": {
        "timestamp": "2012-03-11T15:43:29Z"
      }
    },
    {
      "type": "Feature",
      "geometry": {
        "type": "Point",
        "coordinates": [
          -74.0038406,
          40.7493477
        ]
      },
      "properties": {
        "timestamp": "2012-03-11T15:43:31Z"
      }
    },
    {
      "type": "Feature",
      "geometry": {
        "type": "Point",
        "coordinates": [
          -74.0038406,
          40.7493477
        ]
      },
      "properties": {
        "timestamp": "2012-03-11T15:43:33Z"
      }
    },
    {
      "type": "Feature",
      "geometry": {
        "type": "Point",
        "coordinates": [
          -74.0038406,
          40.7493477
        ]
      },
      "properties": {
        "timestamp": "2012-03-11T15:43:35Z"
      }
    },
    {
      "type": "Feature",
      "geometry": {
        "type": "Point",
        "coordinates": [
          -74.0038406,
          40.7493477
        ]
      },
      "properties": {
        "timestamp": "2012-03-11T15:43:37Z"
      }
    },
    {
      "type": "Feature",
      "geometry": {
        "type": "Point",
        "coordinates": [
          -74.0038406,
          40.7493477
        ]
      },
      "properties": {
        "timestamp": "2012-03-11T15:43:39Z"
      }
    },
    {
      "type": "Feature",
      "geometry": {
        "type": "Point",
        "coordinates": [
          -74.0038406,
          40.7493477
        ]
      },
      "properties": {
        "timestamp": "2012-03-11T15:43:41Z"
      }
    },
    {
      "type": "Feature",
      "geometry": {
        "type": "Point",
        "coordinates": [
          -74.0038406,
          40.7493477
        ]
      },
      "properties": {
        "timestamp": "2012-03-11T15:43:43Z"
      }
    },
    {
      "type": "Feature",
      "geometry": {
        "type": "Point",
        "coordinates": [
          -74.0038406,
          40.7493477
        ]
      },
      "properties": {
        "timestamp": "2012-03-11T15:43:45Z"
      }
    },
    {
      "type": "Feature",
      "geometry": {
        "type": "Point",
        "coordinates": [
          -74.0038406,
          40.7493477
        ]
      },
      "properties": {
        "timestamp": "2012-03-11T15:43:47Z"
      }
    },
    {
      "type": "Feature",
      "geometry": {
        "type": "Point",
        "coordinates": [
          -74.0038406,
          40.7493477
        ]
      },
      "properties": {
        "timestamp": "2012-03-11T15:43:49Z"
      }
    },
    {
      "type": "Feature",
      "geometry": {
        "type": "Point",
        "coordinates": [
          -74.0038406,
          40.7493477
        ]
      },
      "properties": {
        "timestamp": "2012-03-11T15:43:51Z"
      }
    },
    {
      "type": "Feature",
      "geometry": {
        "type": "Point",
        "coordinates": [
          -74.0038406,
          40.7493477
        ]
      },
      "properties": {
        "timestamp": "2012-03-11T15:43:53Z"
      }
    },
    {
      "type": "Feature",
      "geometry": {
        "type": "Point",
        "coordinates": [
          -74.0038406,
          40.7493477
        ]
      },
      "properties": {
        "timestamp": "2012-03-11T15:43:55Z"
      }
    },
    {
      "type": "Feature",
      "geometry": {
        "type": "Point",
        "coordinates": [
          -74.0038406,
          40.7493477
        ]
      },
      "properties": {
        "timestamp": "2012-03-11T15:43:57Z"
      }
    },
    {
      "type": "Feature",
      "geometry": {
        "type": "Point",
        "coordinates": [
          -74.0038406,
          40.7493477
        ]
      },
      "properties": {
        "timestamp": "2012-03-11T15:43:59Z"
      }
    },
    {
      "type": "Feature",
      "geometry": {
        "type": "Point",
        "coordinates": [
          -74.0038406,
          40.7493477
        ]
      },
      "properties": {
        "timestamp": "2012-03-11T15:44:01Z"
      }
    },
    {
      "type": "Feature",
      "geometry": {
        "type": "Point",
        "coordinates": [
          -74.0038406,
          40.7493477
        ]
      },
      "properties": {
        "timestamp": "2012-03-11T15:44:03Z"
      }
    },
    {
      "type": "Feature",
      "geometry": {
        "type": "Point",
        "coordinates": [
          -74.0038406,
          40.7493477
        ]
      },
      "properties": {
        "timestamp": "2012-03-11T15:44:05Z"
      }
    },
    {
      "type": "Feature",
      "geometry": {
        "type": "Point",
        "coordinates": [
          -74.0038406,
          40.7493477
        ]
      },
      "properties": {
        "timestamp": "2012-03-11T15:44:07Z"
      }
    },
    {
      "type": "Feature",
      "geometry": {
        "type": "Point",
        "coordinates": [
          -74.0038406,
          40.7493477
        ]
      },
      "properties": {
        "timestamp": "2012-03-11T15:44:09Z"
      }
    },
    {
      "type": "Feature",
      "geometry": {
        "type": "Point",
        "coordinates": [
          -74.0038406,
          40.7493477
        ]
      },
      "properties": {
        "timestamp": "2012-03-11T15:44:11Z"
      }
    },
    {
      "type": "Feature",
      "geometry": {
        "type": "Point",
        "coordinates": [
          -74.0038406,
          40.7493477
        ]
      },
      "properties": {
        "timestamp": "2012-03-11T15:44:13Z"
      }
    },
    {
      "type": "Feature",
      "geometry": {
        "type": "Point",
        "coordinates": [
          -74.0038406,
          40.7493477
        ]
      },
      "properties": {
        "timestamp": "2012-03-11T15:44:15Z"
      }
    },
    {
      "type": "Feature",
      "geometry": {
        "type": "Point",
        "coordinates": [
          -74.0038406,
          40.7493477
        ]
      },
      "properties": {
        "timestamp": "2012-03-11T15:44:17Z"
      }
    },
    {
      "type": "Feature",
      "geometry": {
        "type": "Point",
        "coordinates": [
          -74.0038406,
          40.7493477
        ]
      },
      "properties": {
        "timestamp": "2012-03-11T15:44:19Z"
      }
    },
    {
      "type": "Feature",
      "geometry": {
        "type": "Point",
        "coordinates": [
          -74.0038406,
          40.7493477
        ]
      },
      "properties": {
        "timestamp": "2012-03-11T15:44:21Z"
      }
    },
    {
      "type": "Feature",
      "geometry": {
        "type": "Point",
        "coordinates": [
          -74.0038406,
          40.7493477
        ]
      },
      "properties": {
        "timestamp": "2012-03-11T15:44:23Z"
      }
    },
    {
      "type": "Feature",
      "geometry": {
        "type": "Point",
        "coordinates": [
          -74.0038406,
          40.7493477
        ]
      },
      "properties": {
        "timestamp": "2012-03-11T15:44:25Z"
      }
    },
    {
      "type": "Feature",
      "geometry": {
        "type": "Point",
        "coordinates": [
          -74.0038406,
          40.7493477
        ]
      },
      "properties": {
        "timestamp": "2012-03-11T15:44:27Z"
      }
    },
    {
      "type": "Feature",
      "geometry": {
        "type": "Point",
        "coordinates": [
          -74.0038406,
          40.7493477
        ]
      },
      "properties": {
        "timestamp": "2012-03-11T15:44:29Z"
      }
    },
    {
      "type": "Feature",
      "geometry": {
        "type": "Point",
        "coordinates": [
          -74.0038406,
          40.7493477
        ]
      },
      "properties": {
        "timestamp": "2012-03-11T15:44:31Z"
      }
    },
    {
      "type": "Feature",
      "geometry": {
        "type": "Point",
        "coordinates": [
          -74.0038406,
          40.7493477
        ]
      },
      "properties": {
        "timestamp": "2012-03-11T15:44:33Z"
      }
    },
    {
      "type": "Feature",
      "geometry": {
        "type": "Point",
        "coordinates": [
          -74.0038406,
          40.7493477
        ]
      },
      "properties": {
        "timestamp": "2012-03-11T15:44:35Z"
      }
    },
    {
      "type": "Feature",
      "geometry": {
        "type": "Point",
        "coordinates": [
          -74.0038406,
          40.7493477
        ]
      },
      "properties": {
        "timestamp": "2012-03-11T15:44:37Z"
      }
    },
    {
      "type": "Feature",
      "geometry": {
        "type": "Point",
        "coordinates": [
          -74.0038406,
          40.7493477
        ]
      },
      "properties": {
        "timestamp": "2012-03-11T15:44:39Z"
      }
    },
    {
      "type": "Feature",
      "geometry": {
        "type": "Point",
        "coordinates": [
          -74.0038406,
          40.7493477
        ]
      },
      "properties": {
        "timestamp": "2012-03-11T15:44:41Z"
      }
    },
    {
      "type": "Feature",
      "geometry": {
        "type": "Point",
        "coordinates": [
          -74.0038406,
          40.7493477
        ]
      },
      "properties": {
        "timestamp": "2012-03-11T15:44:43Z"
      }
    },
    {
      "type": "Feature",
      "geometry": {
        "type": "Point",
        "coordinates": [
          -74.0038406,
          40.7493477
        ]
      },
      "properties": {
        "timestamp": "2012-03-11T15:44:45Z"
      }
    },
    {
      "type": "Feature",
      "geometry": {
        "type": "Point",
        "coordinates": [
          -74.0038406,
          40.7493477
        ]
      },
      "properties": {
        "timestamp": "2012-03-11T15:44:47Z"
      }
    },
    {
      "type": "Feature",
      "geometry": {
        "type": "Point",
        "coordinates": [
          -74.0038441,
          40.7493435
        ]
      },
      "properties": {
        "timestamp": "2012-03-11T15:44:49Z"
      }
    },
    {
      "type": "Feature",
      "geometry": {
        "type": "Point",
        "coordinates": [
          -74.0038539,
          40.7493318
        ]
      },
      "properties": {
        "timestamp": "2012-03-11T15:44:51Z"
      }
    },
    {
      "type": "Feature",
      "geometry": {
        "type": "Point",
        "coordinates": [
          -74.0038649,
          40.7493186
        ]
      },
      "properties": {
        "timestamp": "2012-03-11T15:44:53Z"
      }
    },
    {
      "type": "Feature",
      "geometry": {
        "type": "Point",
        "coordinates": [
          -74.0038739,
          40.7493077
        ]
      },
      "properties": {
        "timestamp": "2012-03-11T15:44:55Z"
      }
    },
    {
      "type": "Feature",
      "geometry": {
        "type": "Point",
        "coordinates": [
          -74.0038815,
          40.7492957
        ]
      },
      "properties": {
        "timestamp": "2012-03-11T15:44:57Z"
      }
    },
    {
      "type": "Feature",
      "geometry": {
        "type": "Point",
        "coordinates": [
          -74.0038631,
          40.7492897
        ]
      },
      "properties": {
        "timestamp": "2012-03-11T15:44:59Z"
      }
    },
    {
      "type": "Feature",
      "geometry": {
        "type": "Point",
        "coordinates": [
          -74.0038485,
          40.7492731
        ]
      },
      "properties": {
        "timestamp": "2012-03-11T15:45:01Z"
      }
    },
    {
      "type": "Feature",
      "geometry": {
        "type": "Point",
        "coordinates": [
          -74.0038589,
          40.7492545
        ]
      },
      "properties": {
        "timestamp": "2012-03-11T15:45:03Z"
      }
    },
    {
      "type": "Feature",
      "geometry": {
        "type": "Point",
        "coordinates": [
          -74.0038677,
          40.7492363
        ]
      },
      "properties": {
        "timestamp": "2012-03-11T15:45:05Z"
      }
    },
    {
      "type": "Feature",
      "geometry": {
        "type": "Point",
        "coordinates": [
          -74.003878,
          40.7492166
        ]
      },
      "properties": {
        "timestamp": "2012-03-11T15:45:07Z"
      }
    },
    {
      "type": "Feature",
      "geometry": {
        "type": "Point",
        "coordinates": [
          -74.0038823,
          40.7492025
        ]
      },
      "properties": {
        "timestamp": "2012-03-11T15:45:09Z"
      }
    },
    {
      "type": "Feature",
      "geometry": {
        "type": "Point",
        "coordinates": [
          -74.0038811,
          40.7491933
        ]
      },
      "properties": {
        "timestamp": "2012-03-11T15:45:11Z"
      }
    },
    {
      "type": "Feature",
      "geometry": {
        "type": "Point",
        "coordinates": [
          -74.0038806,
          40.7491841
        ]
      },
      "properties": {
        "timestamp": "2012-03-11T15:45:13Z"
      }
    },
    {
      "type": "Feature",
      "geometry": {
        "type": "Point",
        "coordinates": [
          -74.0038403,
          40.7491859
        ]
      },
      "properties": {
        "timestamp": "2012-03-11T15:45:15Z"
      }
    },
    {
      "type": "Feature",
      "geometry": {
        "type": "Point",
        "coordinates": [
          -74.0038522,
          40.7491728
        ]
      },
      "properties": {
        "timestamp": "2012-03-11T15:45:17Z"
      }
    },
    {
      "type": "Feature",
      "geometry": {
        "type": "Point",
        "coordinates": [
          -74.0038574,
          40.7491554
        ]
      },
      "properties": {
        "timestamp": "2012-03-11T15:45:19Z"
      }
    },
    {
      "type": "Feature",
      "geometry": {
        "type": "Point",
        "coordinates": [
          -74.0038632,
          40.7491341
        ]
      },
      "properties": {
        "timestamp": "2012-03-11T15:45:21Z"
      }
    },
    {
      "type": "Feature",
      "geometry": {
        "type": "Point",
        "coordinates": [
          -74.0038692,
          40.7491133
        ]
      },
      "properties": {
        "timestamp": "2012-03-11T15:45:23Z"
      }
    },
    {
      "type": "Feature",
      "geometry": {
        "type": "Point",
        "coordinates": [
          -74.0038533,
          40.7491021
        ]
      },
      "properties": {
        "timestamp": "2012-03-11T15:45:25Z"
      }
    },
    {
      "type": "Feature",
      "geometry": {
        "type": "Point",
        "coordinates": [
          -74.0038595,
          40.7490883
        ]
      },
      "properties": {
        "timestamp": "2012-03-11T15:45:27Z"
      }
    },
    {
      "type": "Feature",
      "geometry": {
        "type": "Point",
        "coordinates": [
          -74.0038561,
          40.7490828
        ]
      },
      "properties": {
        "timestamp": "2012-03-11T15:45:29Z"
      }
    },
    {
      "type": "Feature",
      "geometry": {
        "type": "Point",
        "coordinates": [
          -74.0038531,
          40.7490823
        ]
      },
      "properties": {
        "timestamp": "2012-03-11T15:45:31Z"
      }
    },
    {
      "type": "Feature",
      "geometry": {
        "type": "Point",
        "coordinates": [
          -74.0038531,
          40.7490823
        ]
      },
      "properties": {
        "timestamp": "2012-03-11T15:45:33Z"
      }
    },
    {
      "type": "Feature",
      "geometry": {
        "type": "Point",
        "coordinates": [
          -74.0038531,
          40.7490823
        ]
      },
      "properties": {
        "timestamp": "2012-03-11T15:45:35Z"
      }
    },
    {
      "type": "Feature",
      "geometry": {
        "type": "Point",
        "coordinates": [
          -74.0038531,
          40.7490823
        ]
      },
      "properties": {
        "timestamp": "2012-03-11T15:45:37Z"
      }
    },
    {
      "type": "Feature",
      "geometry": {
        "type": "Point",
        "coordinates": [
          -74.0038531,
          40.7490823
        ]
      },
      "properties": {
        "timestamp": "2012-03-11T15:45:39Z"
      }
    },
    {
      "type": "Feature",
      "geometry": {
        "type": "Point",
        "coordinates": [
          -74.0038531,
          40.7490823
        ]
      },
      "properties": {
        "timestamp": "2012-03-11T15:45:41Z"
      }
    },
    {
      "type": "Feature",
      "geometry": {
        "type": "Point",
        "coordinates": [
          -74.0038531,
          40.7490823
        ]
      },
      "properties": {
        "timestamp": "2012-03-11T15:45:43Z"
      }
    },
    {
      "type": "Feature",
      "geometry": {
        "type": "Point",
        "coordinates": [
          -74.0038531,
          40.7490823
        ]
      },
      "properties": {
        "timestamp": "2012-03-11T15:45:45Z"
      }
    },
    {
      "type": "Feature",
      "geometry": {
        "type": "Point",
        "coordinates": [
          -74.0038531,
          40.7490823
        ]
      },
      "properties": {
        "timestamp": "2012-03-11T15:45:47Z"
      }
    },
    {
      "type": "Feature",
      "geometry": {
        "type": "Point",
        "coordinates": [
          -74.003851,
          40.7490817
        ]
      },
      "properties": {
        "timestamp": "2012-03-11T15:45:49Z"
      }
    },
    {
      "type": "Feature",
      "geometry": {
        "type": "Point",
        "coordinates": [
          -74.0038521,
          40.7490757
        ]
      },
      "properties": {
        "timestamp": "2012-03-11T15:45:51Z"
      }
    },
    {
      "type": "Feature",
      "geometry": {
        "type": "Point",
        "coordinates": [
          -74.0038597,
          40.74906
        ]
      },
      "properties": {
        "timestamp": "2012-03-11T15:45:53Z"
      }
    },
    {
      "type": "Feature",
      "geometry": {
        "type": "Point",
        "coordinates": [
          -74.003866,
          40.7490467
        ]
      },
      "properties": {
        "timestamp": "2012-03-11T15:45:55Z"
      }
    },
    {
      "type": "Feature",
      "geometry": {
        "type": "Point",
        "coordinates": [
          -74.0038716,
          40.7490347
        ]
      },
      "properties": {
        "timestamp": "2012-03-11T15:45:57Z"
      }
    },
    {
      "type": "Feature",
      "geometry": {
        "type": "Point",
        "coordinates": [
          -74.0038768,
          40.7490234
        ]
      },
      "properties": {
        "timestamp": "2012-03-11T15:45:59Z"
      }
    },
    {
      "type": "Feature",
      "geometry": {
        "type": "Point",
        "coordinates": [
          -74.003876,
          40.7490211
        ]
      },
      "properties": {
        "timestamp": "2012-03-11T15:46:01Z"
      }
    },
    {
      "type": "Feature",
      "geometry": {
        "type": "Point",
        "coordinates": [
          -74.00387,
          40.7490274
        ]
      },
      "properties": {
        "timestamp": "2012-03-11T15:46:03Z"
      }
    },
    {
      "type": "Feature",
      "geometry": {
        "type": "Point",
        "coordinates": [
          -74.00387,
          40.7490274
        ]
      },
      "properties": {
        "timestamp": "2012-03-11T15:46:05Z"
      }
    },
    {
      "type": "Feature",
      "geometry": {
        "type": "Point",
        "coordinates": [
          -74.00387,
          40.7490274
        ]
      },
      "properties": {
        "timestamp": "2012-03-11T15:46:07Z"
      }
    },
    {
      "type": "Feature",
      "geometry": {
        "type": "Point",
        "coordinates": [
          -74.00387,
          40.7490274
        ]
      },
      "properties": {
        "timestamp": "2012-03-11T15:46:09Z"
      }
    },
    {
      "type": "Feature",
      "geometry": {
        "type": "Point",
        "coordinates": [
          -74.00387,
          40.7490274
        ]
      },
      "properties": {
        "timestamp": "2012-03-11T15:46:11Z"
      }
    },
    {
      "type": "Feature",
      "geometry": {
        "type": "Point",
        "coordinates": [
          -74.00387,
          40.7490274
        ]
      },
      "properties": {
        "timestamp": "2012-03-11T15:46:13Z"
      }
    },
    {
      "type": "Feature",
      "geometry": {
        "type": "Point",
        "coordinates": [
          -74.00387,
          40.7490274
        ]
      },
      "properties": {
        "timestamp": "2012-03-11T15:46:15Z"
      }
    },
    {
      "type": "Feature",
      "geometry": {
        "type": "Point",
        "coordinates": [
          -74.00387,
          40.7490274
        ]
      },
      "properties": {
        "timestamp": "2012-03-11T15:46:17Z"
      }
    },
    {
      "type": "Feature",
      "geometry": {
        "type": "Point",
        "coordinates": [
          -74.00387,
          40.7490274
        ]
      },
      "properties": {
        "timestamp": "2012-03-11T15:46:19Z"
      }
    },
    {
      "type": "Feature",
      "geometry": {
        "type": "Point",
        "coordinates": [
          -74.00387,
          40.7490274
        ]
      },
      "properties": {
        "timestamp": "2012-03-11T15:46:21Z"
      }
    },
    {
      "type": "Feature",
      "geometry": {
        "type": "Point",
        "coordinates": [
          -74.00387,
          40.7490274
        ]
      },
      "properties": {
        "timestamp": "2012-03-11T15:46:23Z"
      }
    },
    {
      "type": "Feature",
      "geometry": {
        "type": "Point",
        "coordinates": [
          -74.00387,
          40.7490274
        ]
      },
      "properties": {
        "timestamp": "2012-03-11T15:46:25Z"
      }
    },
    {
      "type": "Feature",
      "geometry": {
        "type": "Point",
        "coordinates": [
          -74.00387,
          40.7490274
        ]
      },
      "properties": {
        "timestamp": "2012-03-11T15:46:27Z"
      }
    },
    {
      "type": "Feature",
      "geometry": {
        "type": "Point",
        "coordinates": [
          -74.00387,
          40.7490274
        ]
      },
      "properties": {
        "timestamp": "2012-03-11T15:46:29Z"
      }
    },
    {
      "type": "Feature",
      "geometry": {
        "type": "Point",
        "coordinates": [
          -74.00387,
          40.7490274
        ]
      },
      "properties": {
        "timestamp": "2012-03-11T15:46:31Z"
      }
    },
    {
      "type": "Feature",
      "geometry": {
        "type": "Point",
        "coordinates": [
          -74.00387,
          40.7490274
        ]
      },
      "properties": {
        "timestamp": "2012-03-11T15:46:33Z"
      }
    },
    {
      "type": "Feature",
      "geometry": {
        "type": "Point",
        "coordinates": [
          -74.00387,
          40.7490274
        ]
      },
      "properties": {
        "timestamp": "2012-03-11T15:46:35Z"
      }
    },
    {
      "type": "Feature",
      "geometry": {
        "type": "Point",
        "coordinates": [
          -74.00387,
          40.7490274
        ]
      },
      "properties": {
        "timestamp": "2012-03-11T15:46:37Z"
      }
    },
    {
      "type": "Feature",
      "geometry": {
        "type": "Point",
        "coordinates": [
          -74.00387,
          40.7490274
        ]
      },
      "properties": {
        "timestamp": "2012-03-11T15:46:39Z"
      }
    },
    {
      "type": "Feature",
      "geometry": {
        "type": "Point",
        "coordinates": [
          -74.00387,
          40.7490274
        ]
      },
      "properties": {
        "timestamp": "2012-03-11T15:46:41Z"
      }
    },
    {
      "type": "Feature",
      "geometry": {
        "type": "Point",
        "coordinates": [
          -74.00387,
          40.7490274
        ]
      },
      "properties": {
        "timestamp": "2012-03-11T15:46:43Z"
      }
    },
    {
      "type": "Feature",
      "geometry": {
        "type": "Point",
        "coordinates": [
          -74.00387,
          40.7490274
        ]
      },
      "properties": {
        "timestamp": "2012-03-11T15:46:45Z"
      }
    },
    {
      "type": "Feature",
      "geometry": {
        "type": "Point",
        "coordinates": [
          -74.00387,
          40.7490274
        ]
      },
      "properties": {
        "timestamp": "2012-03-11T15:46:47Z"
      }
    },
    {
      "type": "Feature",
      "geometry": {
        "type": "Point",
        "coordinates": [
          -74.00387,
          40.7490274
        ]
      },
      "properties": {
        "timestamp": "2012-03-11T15:46:49Z"
      }
    },
    {
      "type": "Feature",
      "geometry": {
        "type": "Point",
        "coordinates": [
          -74.00387,
          40.7490274
        ]
      },
      "properties": {
        "timestamp": "2012-03-11T15:46:51Z"
      }
    },
    {
      "type": "Feature",
      "geometry": {
        "type": "Point",
        "coordinates": [
          -74.00387,
          40.7490274
        ]
      },
      "properties": {
        "timestamp": "2012-03-11T15:46:53Z"
      }
    },
    {
      "type": "Feature",
      "geometry": {
        "type": "Point",
        "coordinates": [
          -74.0038748,
          40.7490185
        ]
      },
      "properties": {
        "timestamp": "2012-03-11T15:46:55Z"
      }
    },
    {
      "type": "Feature",
      "geometry": {
        "type": "Point",
        "coordinates": [
          -74.0038799,
          40.749008
        ]
      },
      "properties": {
        "timestamp": "2012-03-11T15:46:57Z"
      }
    },
    {
      "type": "Feature",
      "geometry": {
        "type": "Point",
        "coordinates": [
          -74.003885,
          40.7489978
        ]
      },
      "properties": {
        "timestamp": "2012-03-11T15:46:59Z"
      }
    },
    {
      "type": "Feature",
      "geometry": {
        "type": "Point",
        "coordinates": [
          -74.0038891,
          40.7489892
        ]
      },
      "properties": {
        "timestamp": "2012-03-11T15:47:01Z"
      }
    },
    {
      "type": "Feature",
      "geometry": {
        "type": "Point",
        "coordinates": [
          -74.0038921,
          40.7489832
        ]
      },
      "properties": {
        "timestamp": "2012-03-11T15:47:03Z"
      }
    },
    {
      "type": "Feature",
      "geometry": {
        "type": "Point",
        "coordinates": [
          -74.0038946,
          40.748978
        ]
      },
      "properties": {
        "timestamp": "2012-03-11T15:47:05Z"
      }
    },
    {
      "type": "Feature",
      "geometry": {
        "type": "Point",
        "coordinates": [
          -74.0038992,
          40.7489696
        ]
      },
      "properties": {
        "timestamp": "2012-03-11T15:47:07Z"
      }
    },
    {
      "type": "Feature",
      "geometry": {
        "type": "Point",
        "coordinates": [
          -74.0039035,
          40.7489634
        ]
      },
      "properties": {
        "timestamp": "2012-03-11T15:47:09Z"
      }
    },
    {
      "type": "Feature",
      "geometry": {
        "type": "Point",
        "coordinates": [
          -74.0039035,
          40.7489634
        ]
      },
      "properties": {
        "timestamp": "2012-03-11T15:47:11Z"
      }
    },
    {
      "type": "Feature",
      "geometry": {
        "type": "Point",
        "coordinates": [
          -74.0039035,
          40.7489634
        ]
      },
      "properties": {
        "timestamp": "2012-03-11T15:47:13Z"
      }
    },
    {
      "type": "Feature",
      "geometry": {
        "type": "Point",
        "coordinates": [
          -74.0039183,
          40.7489534
        ]
      },
      "properties": {
        "timestamp": "2012-03-11T15:47:15Z"
      }
    },
    {
      "type": "Feature",
      "geometry": {
        "type": "Point",
        "coordinates": [
          -74.003935,
          40.7489376
        ]
      },
      "properties": {
        "timestamp": "2012-03-11T15:47:17Z"
      }
    },
    {
      "type": "Feature",
      "geometry": {
        "type": "Point",
        "coordinates": [
          -74.0039496,
          40.7489244
        ]
      },
      "properties": {
        "timestamp": "2012-03-11T15:47:19Z"
      }
    },
    {
      "type": "Feature",
      "geometry": {
        "type": "Point",
        "coordinates": [
          -74.0039604,
          40.7489174
        ]
      },
      "properties": {
        "timestamp": "2012-03-11T15:47:22Z"
      }
    },
    {
      "type": "Feature",
      "geometry": {
        "type": "Point",
        "coordinates": [
          -74.0039716,
          40.7489074
        ]
      },
      "properties": {
        "timestamp": "2012-03-11T15:47:24Z"
      }
    },
    {
      "type": "Feature",
      "geometry": {
        "type": "Point",
        "coordinates": [
          -74.0039882,
          40.7488972
        ]
      },
      "properties": {
        "timestamp": "2012-03-11T15:47:26Z"
      }
    },
    {
      "type": "Feature",
      "geometry": {
        "type": "Point",
        "coordinates": [
          -74.0040025,
          40.748884
        ]
      },
      "properties": {
        "timestamp": "2012-03-11T15:47:28Z"
      }
    },
    {
      "type": "Feature",
      "geometry": {
        "type": "Point",
        "coordinates": [
          -74.0040156,
          40.7488695
        ]
      },
      "properties": {
        "timestamp": "2012-03-11T15:47:30Z"
      }
    },
    {
      "type": "Feature",
      "geometry": {
        "type": "Point",
        "coordinates": [
          -74.0040274,
          40.7488546
        ]
      },
      "properties": {
        "timestamp": "2012-03-11T15:47:32Z"
      }
    },
    {
      "type": "Feature",
      "geometry": {
        "type": "Point",
        "coordinates": [
          -74.0040398,
          40.7488399
        ]
      },
      "properties": {
        "timestamp": "2012-03-11T15:47:34Z"
      }
    },
    {
      "type": "Feature",
      "geometry": {
        "type": "Point",
        "coordinates": [
          -74.0040528,
          40.7488258
        ]
      },
      "properties": {
        "timestamp": "2012-03-11T15:47:36Z"
      }
    },
    {
      "type": "Feature",
      "geometry": {
        "type": "Point",
        "coordinates": [
          -74.0040578,
          40.748821
        ]
      },
      "properties": {
        "timestamp": "2012-03-11T15:47:38Z"
      }
    },
    {
      "type": "Feature",
      "geometry": {
        "type": "Point",
        "coordinates": [
          -74.0040578,
          40.748821
        ]
      },
      "properties": {
        "timestamp": "2012-03-11T15:47:40Z"
      }
    },
    {
      "type": "Feature",
      "geometry": {
        "type": "Point",
        "coordinates": [
          -74.0040578,
          40.748821
        ]
      },
      "properties": {
        "timestamp": "2012-03-11T15:47:42Z"
      }
    },
    {
      "type": "Feature",
      "geometry": {
        "type": "Point",
        "coordinates": [
          -74.0040578,
          40.748821
        ]
      },
      "properties": {
        "timestamp": "2012-03-11T15:47:44Z"
      }
    },
    {
      "type": "Feature",
      "geometry": {
        "type": "Point",
        "coordinates": [
          -74.0040578,
          40.748821
        ]
      },
      "properties": {
        "timestamp": "2012-03-11T15:47:46Z"
      }
    },
    {
      "type": "Feature",
      "geometry": {
        "type": "Point",
        "coordinates": [
          -74.0040578,
          40.748821
        ]
      },
      "properties": {
        "timestamp": "2012-03-11T15:47:48Z"
      }
    },
    {
      "type": "Feature",
      "geometry": {
        "type": "Point",
        "coordinates": [
          -74.0040578,
          40.748821
        ]
      },
      "properties": {
        "timestamp": "2012-03-11T15:47:50Z"
      }
    },
    {
      "type": "Feature",
      "geometry": {
        "type": "Point",
        "coordinates": [
          -74.0040578,
          40.748821
        ]
      },
      "properties": {
        "timestamp": "2012-03-11T15:47:52Z"
      }
    },
    {
      "type": "Feature",
      "geometry": {
        "type": "Point",
        "coordinates": [
          -74.0040578,
          40.748821
        ]
      },
      "properties": {
        "timestamp": "2012-03-11T15:47:54Z"
      }
    },
    {
      "type": "Feature",
      "geometry": {
        "type": "Point",
        "coordinates": [
          -74.0040578,
          40.748821
        ]
      },
      "properties": {
        "timestamp": "2012-03-11T15:47:56Z"
      }
    },
    {
      "type": "Feature",
      "geometry": {
        "type": "Point",
        "coordinates": [
          -74.0040578,
          40.748821
        ]
      },
      "properties": {
        "timestamp": "2012-03-11T15:47:58Z"
      }
    },
    {
      "type": "Feature",
      "geometry": {
        "type": "Point",
        "coordinates": [
          -74.0040695,
          40.7488099
        ]
      },
      "properties": {
        "timestamp": "2012-03-11T15:48:00Z"
      }
    },
    {
      "type": "Feature",
      "geometry": {
        "type": "Point",
        "coordinates": [
          -74.0040784,
          40.7488019
        ]
      },
      "properties": {
        "timestamp": "2012-03-11T15:48:02Z"
      }
    },
    {
      "type": "Feature",
      "geometry": {
        "type": "Point",
        "coordinates": [
          -74.0040786,
          40.748798
        ]
      },
      "properties": {
        "timestamp": "2012-03-11T15:48:04Z"
      }
    },
    {
      "type": "Feature",
      "geometry": {
        "type": "Point",
        "coordinates": [
          -74.004061,
          40.7488016
        ]
      },
      "properties": {
        "timestamp": "2012-03-11T15:48:06Z"
      }
    },
    {
      "type": "Feature",
      "geometry": {
        "type": "Point",
        "coordinates": [
          -74.004061,
          40.7488016
        ]
      },
      "properties": {
        "timestamp": "2012-03-11T15:48:08Z"
      }
    },
    {
      "type": "Feature",
      "geometry": {
        "type": "Point",
        "coordinates": [
          -74.004061,
          40.7488016
        ]
      },
      "properties": {
        "timestamp": "2012-03-11T15:48:10Z"
      }
    },
    {
      "type": "Feature",
      "geometry": {
        "type": "Point",
        "coordinates": [
          -74.004061,
          40.7488016
        ]
      },
      "properties": {
        "timestamp": "2012-03-11T15:48:12Z"
      }
    },
    {
      "type": "Feature",
      "geometry": {
        "type": "Point",
        "coordinates": [
          -74.004061,
          40.7488016
        ]
      },
      "properties": {
        "timestamp": "2012-03-11T15:48:14Z"
      }
    },
    {
      "type": "Feature",
      "geometry": {
        "type": "Point",
        "coordinates": [
          -74.004061,
          40.7488016
        ]
      },
      "properties": {
        "timestamp": "2012-03-11T15:48:16Z"
      }
    },
    {
      "type": "Feature",
      "geometry": {
        "type": "Point",
        "coordinates": [
          -74.004061,
          40.7488016
        ]
      },
      "properties": {
        "timestamp": "2012-03-11T15:48:18Z"
      }
    },
    {
      "type": "Feature",
      "geometry": {
        "type": "Point",
        "coordinates": [
          -74.004061,
          40.7488016
        ]
      },
      "properties": {
        "timestamp": "2012-03-11T15:48:20Z"
      }
    },
    {
      "type": "Feature",
      "geometry": {
        "type": "Point",
        "coordinates": [
          -74.0040609,
          40.7487993
        ]
      },
      "properties": {
        "timestamp": "2012-03-11T15:48:22Z"
      }
    },
    {
      "type": "Feature",
      "geometry": {
        "type": "Point",
        "coordinates": [
          -74.0040672,
          40.7487964
        ]
      },
      "properties": {
        "timestamp": "2012-03-11T15:48:24Z"
      }
    },
    {
      "type": "Feature",
      "geometry": {
        "type": "Point",
        "coordinates": [
          -74.0040736,
          40.7487934
        ]
      },
      "properties": {
        "timestamp": "2012-03-11T15:48:26Z"
      }
    },
    {
      "type": "Feature",
      "geometry": {
        "type": "Point",
        "coordinates": [
          -74.004079,
          40.748791
        ]
      },
      "properties": {
        "timestamp": "2012-03-11T15:48:28Z"
      }
    },
    {
      "type": "Feature",
      "geometry": {
        "type": "Point",
        "coordinates": [
          -74.0040838,
          40.7487889
        ]
      },
      "properties": {
        "timestamp": "2012-03-11T15:48:30Z"
      }
    },
    {
      "type": "Feature",
      "geometry": {
        "type": "Point",
        "coordinates": [
          -74.0040681,
          40.7488216
        ]
      },
      "properties": {
        "timestamp": "2012-03-11T15:48:32Z"
      }
    },
    {
      "type": "Feature",
      "geometry": {
        "type": "Point",
        "coordinates": [
          -74.0040763,
          40.7488124
        ]
      },
      "properties": {
        "timestamp": "2012-03-11T15:48:34Z"
      }
    },
    {
      "type": "Feature",
      "geometry": {
        "type": "Point",
        "coordinates": [
          -74.0040827,
          40.748806
        ]
      },
      "properties": {
        "timestamp": "2012-03-11T15:48:36Z"
      }
    },
    {
      "type": "Feature",
      "geometry": {
        "type": "Point",
        "coordinates": [
          -74.0040883,
          40.7488004
        ]
      },
      "properties": {
        "timestamp": "2012-03-11T15:48:38Z"
      }
    },
    {
      "type": "Feature",
      "geometry": {
        "type": "Point",
        "coordinates": [
          -74.0040931,
          40.7487959
        ]
      },
      "properties": {
        "timestamp": "2012-03-11T15:48:40Z"
      }
    },
    {
      "type": "Feature",
      "geometry": {
        "type": "Point",
        "coordinates": [
          -74.0040931,
          40.7487959
        ]
      },
      "properties": {
        "timestamp": "2012-03-11T15:48:42Z"
      }
    },
    {
      "type": "Feature",
      "geometry": {
        "type": "Point",
        "coordinates": [
          -74.0040931,
          40.7487959
        ]
      },
      "properties": {
        "timestamp": "2012-03-11T15:48:44Z"
      }
    },
    {
      "type": "Feature",
      "geometry": {
        "type": "Point",
        "coordinates": [
          -74.0040931,
          40.7487959
        ]
      },
      "properties": {
        "timestamp": "2012-03-11T15:48:46Z"
      }
    },
    {
      "type": "Feature",
      "geometry": {
        "type": "Point",
        "coordinates": [
          -74.0040931,
          40.7487959
        ]
      },
      "properties": {
        "timestamp": "2012-03-11T15:48:48Z"
      }
    },
    {
      "type": "Feature",
      "geometry": {
        "type": "Point",
        "coordinates": [
          -74.0040931,
          40.7487959
        ]
      },
      "properties": {
        "timestamp": "2012-03-11T15:48:50Z"
      }
    },
    {
      "type": "Feature",
      "geometry": {
        "type": "Point",
        "coordinates": [
          -74.0040931,
          40.7487959
        ]
      },
      "properties": {
        "timestamp": "2012-03-11T15:48:52Z"
      }
    },
    {
      "type": "Feature",
      "geometry": {
        "type": "Point",
        "coordinates": [
          -74.0040931,
          40.7487959
        ]
      },
      "properties": {
        "timestamp": "2012-03-11T15:48:54Z"
      }
    },
    {
      "type": "Feature",
      "geometry": {
        "type": "Point",
        "coordinates": [
          -74.0040742,
          40.7488251
        ]
      },
      "properties": {
        "timestamp": "2012-03-11T15:48:56Z"
      }
    },
    {
      "type": "Feature",
      "geometry": {
        "type": "Point",
        "coordinates": [
          -74.0040829,
          40.7488145
        ]
      },
      "properties": {
        "timestamp": "2012-03-11T15:48:58Z"
      }
    },
    {
      "type": "Feature",
      "geometry": {
        "type": "Point",
        "coordinates": [
          -74.0040893,
          40.7488072
        ]
      },
      "properties": {
        "timestamp": "2012-03-11T15:49:00Z"
      }
    },
    {
      "type": "Feature",
      "geometry": {
        "type": "Point",
        "coordinates": [
          -74.0040743,
          40.7488289
        ]
      },
      "properties": {
        "timestamp": "2012-03-11T15:49:02Z"
      }
    },
    {
      "type": "Feature",
      "geometry": {
        "type": "Point",
        "coordinates": [
          -74.0040743,
          40.7488289
        ]
      },
      "properties": {
        "timestamp": "2012-03-11T15:49:04Z"
      }
    },
    {
      "type": "Feature",
      "geometry": {
        "type": "Point",
        "coordinates": [
          -74.0040743,
          40.7488289
        ]
      },
      "properties": {
        "timestamp": "2012-03-11T15:49:06Z"
      }
    },
    {
      "type": "Feature",
      "geometry": {
        "type": "Point",
        "coordinates": [
          -74.0040743,
          40.7488289
        ]
      },
      "properties": {
        "timestamp": "2012-03-11T15:49:08Z"
      }
    },
    {
      "type": "Feature",
      "geometry": {
        "type": "Point",
        "coordinates": [
          -74.0040743,
          40.7488289
        ]
      },
      "properties": {
        "timestamp": "2012-03-11T15:49:10Z"
      }
    },
    {
      "type": "Feature",
      "geometry": {
        "type": "Point",
        "coordinates": [
          -74.0040743,
          40.7488289
        ]
      },
      "properties": {
        "timestamp": "2012-03-11T15:49:12Z"
      }
    },
    {
      "type": "Feature",
      "geometry": {
        "type": "Point",
        "coordinates": [
          -74.0040673,
          40.7488388
        ]
      },
      "properties": {
        "timestamp": "2012-03-11T15:49:14Z"
      }
    },
    {
      "type": "Feature",
      "geometry": {
        "type": "Point",
        "coordinates": [
          -74.0040792,
          40.748824
        ]
      },
      "properties": {
        "timestamp": "2012-03-11T15:49:16Z"
      }
    },
    {
      "type": "Feature",
      "geometry": {
        "type": "Point",
        "coordinates": [
          -74.0040846,
          40.7488175
        ]
      },
      "properties": {
        "timestamp": "2012-03-11T15:49:18Z"
      }
    },
    {
      "type": "Feature",
      "geometry": {
        "type": "Point",
        "coordinates": [
          -74.0040846,
          40.7488175
        ]
      },
      "properties": {
        "timestamp": "2012-03-11T15:49:20Z"
      }
    },
    {
      "type": "Feature",
      "geometry": {
        "type": "Point",
        "coordinates": [
          -74.0040846,
          40.7488175
        ]
      },
      "properties": {
        "timestamp": "2012-03-11T15:49:22Z"
      }
    },
    {
      "type": "Feature",
      "geometry": {
        "type": "Point",
        "coordinates": [
          -74.0040846,
          40.7488175
        ]
      },
      "properties": {
        "timestamp": "2012-03-11T15:49:24Z"
      }
    },
    {
      "type": "Feature",
      "geometry": {
        "type": "Point",
        "coordinates": [
          -74.0040846,
          40.7488175
        ]
      },
      "properties": {
        "timestamp": "2012-03-11T15:49:26Z"
      }
    },
    {
      "type": "Feature",
      "geometry": {
        "type": "Point",
        "coordinates": [
          -74.0040846,
          40.7488175
        ]
      },
      "properties": {
        "timestamp": "2012-03-11T15:49:28Z"
      }
    },
    {
      "type": "Feature",
      "geometry": {
        "type": "Point",
        "coordinates": [
          -74.0040846,
          40.7488175
        ]
      },
      "properties": {
        "timestamp": "2012-03-11T15:49:30Z"
      }
    },
    {
      "type": "Feature",
      "geometry": {
        "type": "Point",
        "coordinates": [
          -74.0040846,
          40.7488175
        ]
      },
      "properties": {
        "timestamp": "2012-03-11T15:49:32Z"
      }
    },
    {
      "type": "Feature",
      "geometry": {
        "type": "Point",
        "coordinates": [
          -74.0040878,
          40.7488118
        ]
      },
      "properties": {
        "timestamp": "2012-03-11T15:49:34Z"
      }
    },
    {
      "type": "Feature",
      "geometry": {
        "type": "Point",
        "coordinates": [
          -74.0040804,
          40.7488114
        ]
      },
      "properties": {
        "timestamp": "2012-03-11T15:49:36Z"
      }
    },
    {
      "type": "Feature",
      "geometry": {
        "type": "Point",
        "coordinates": [
          -74.004087,
          40.7488011
        ]
      },
      "properties": {
        "timestamp": "2012-03-11T15:49:38Z"
      }
    },
    {
      "type": "Feature",
      "geometry": {
        "type": "Point",
        "coordinates": [
          -74.0040948,
          40.7487895
        ]
      },
      "properties": {
        "timestamp": "2012-03-11T15:49:40Z"
      }
    },
    {
      "type": "Feature",
      "geometry": {
        "type": "Point",
        "coordinates": [
          -74.0040873,
          40.7487921
        ]
      },
      "properties": {
        "timestamp": "2012-03-11T15:49:42Z"
      }
    },
    {
      "type": "Feature",
      "geometry": {
        "type": "Point",
        "coordinates": [
          -74.0040964,
          40.7487793
        ]
      },
      "properties": {
        "timestamp": "2012-03-11T15:49:44Z"
      }
    },
    {
      "type": "Feature",
      "geometry": {
        "type": "Point",
        "coordinates": [
          -74.0040767,
          40.7487974
        ]
      },
      "properties": {
        "timestamp": "2012-03-11T15:49:46Z"
      }
    },
    {
      "type": "Feature",
      "geometry": {
        "type": "Point",
        "coordinates": [
          -74.0040797,
          40.748792
        ]
      },
      "properties": {
        "timestamp": "2012-03-11T15:49:48Z"
      }
    },
    {
      "type": "Feature",
      "geometry": {
        "type": "Point",
        "coordinates": [
          -74.0040895,
          40.7487793
        ]
      },
      "properties": {
        "timestamp": "2012-03-11T15:49:50Z"
      }
    },
    {
      "type": "Feature",
      "geometry": {
        "type": "Point",
        "coordinates": [
          -74.0040991,
          40.7487667
        ]
      },
      "properties": {
        "timestamp": "2012-03-11T15:49:52Z"
      }
    },
    {
      "type": "Feature",
      "geometry": {
        "type": "Point",
        "coordinates": [
          -74.0041072,
          40.7487561
        ]
      },
      "properties": {
        "timestamp": "2012-03-11T15:49:54Z"
      }
    },
    {
      "type": "Feature",
      "geometry": {
        "type": "Point",
        "coordinates": [
          -74.0040975,
          40.7487668
        ]
      },
      "properties": {
        "timestamp": "2012-03-11T15:49:56Z"
      }
    },
    {
      "type": "Feature",
      "geometry": {
        "type": "Point",
        "coordinates": [
          -74.0041062,
          40.7487554
        ]
      },
      "properties": {
        "timestamp": "2012-03-11T15:49:58Z"
      }
    },
    {
      "type": "Feature",
      "geometry": {
        "type": "Point",
        "coordinates": [
          -74.0041168,
          40.7487419
        ]
      },
      "properties": {
        "timestamp": "2012-03-11T15:50:00Z"
      }
    },
    {
      "type": "Feature",
      "geometry": {
        "type": "Point",
        "coordinates": [
          -74.0041289,
          40.7487236
        ]
      },
      "properties": {
        "timestamp": "2012-03-11T15:50:02Z"
      }
    },
    {
      "type": "Feature",
      "geometry": {
        "type": "Point",
        "coordinates": [
          -74.0041449,
          40.748701
        ]
      },
      "properties": {
        "timestamp": "2012-03-11T15:50:04Z"
      }
    },
    {
      "type": "Feature",
      "geometry": {
        "type": "Point",
        "coordinates": [
          -74.0042028,
          40.7486582
        ]
      },
      "properties": {
        "timestamp": "2012-03-11T15:50:06Z"
      }
    },
    {
      "type": "Feature",
      "geometry": {
        "type": "Point",
        "coordinates": [
          -74.0042639,
          40.7486071
        ]
      },
      "properties": {
        "timestamp": "2012-03-11T15:50:08Z"
      }
    },
    {
      "type": "Feature",
      "geometry": {
        "type": "Point",
        "coordinates": [
          -74.0043013,
          40.7485522
        ]
      },
      "properties": {
        "timestamp": "2012-03-11T15:50:10Z"
      }
    },
    {
      "type": "Feature",
      "geometry": {
        "type": "Point",
        "coordinates": [
          -74.0043259,
          40.7484992
        ]
      },
      "properties": {
        "timestamp": "2012-03-11T15:50:12Z"
      }
    },
    {
      "type": "Feature",
      "geometry": {
        "type": "Point",
        "coordinates": [
          -74.0043423,
          40.7484491
        ]
      },
      "properties": {
        "timestamp": "2012-03-11T15:50:14Z"
      }
    },
    {
      "type": "Feature",
      "geometry": {
        "type": "Point",
        "coordinates": [
          -74.0043516,
          40.7484054
        ]
      },
      "properties": {
        "timestamp": "2012-03-11T15:50:16Z"
      }
    },
    {
      "type": "Feature",
      "geometry": {
        "type": "Point",
        "coordinates": [
          -74.0043585,
          40.7483645
        ]
      },
      "properties": {
        "timestamp": "2012-03-11T15:50:18Z"
      }
    },
    {
      "type": "Feature",
      "geometry": {
        "type": "Point",
        "coordinates": [
          -74.0043638,
          40.7483287
        ]
      },
      "properties": {
        "timestamp": "2012-03-11T15:50:20Z"
      }
    },
    {
      "type": "Feature",
      "geometry": {
        "type": "Point",
        "coordinates": [
          -74.0043769,
          40.7483035
        ]
      },
      "properties": {
        "timestamp": "2012-03-11T15:50:22Z"
      }
    },
    {
      "type": "Feature",
      "geometry": {
        "type": "Point",
        "coordinates": [
          -74.0043905,
          40.7482848
        ]
      },
      "properties": {
        "timestamp": "2012-03-11T15:50:24Z"
      }
    },
    {
      "type": "Feature",
      "geometry": {
        "type": "Point",
        "coordinates": [
          -74.0044061,
          40.7482674
        ]
      },
      "properties": {
        "timestamp": "2012-03-11T15:50:26Z"
      }
    },
    {
      "type": "Feature",
      "geometry": {
        "type": "Point",
        "coordinates": [
          -74.004413,
          40.7482521
        ]
      },
      "properties": {
        "timestamp": "2012-03-11T15:50:28Z"
      }
    },
    {
      "type": "Feature",
      "geometry": {
        "type": "Point",
        "coordinates": [
          -74.0044139,
          40.7482357
        ]
      },
      "properties": {
        "timestamp": "2012-03-11T15:50:30Z"
      }
    },
    {
      "type": "Feature",
      "geometry": {
        "type": "Point",
        "coordinates": [
          -74.0044168,
          40.748218
        ]
      },
      "properties": {
        "timestamp": "2012-03-11T15:50:32Z"
      }
    },
    {
      "type": "Feature",
      "geometry": {
        "type": "Point",
        "coordinates": [
          -74.0044191,
          40.7482086
        ]
      },
      "properties": {
        "timestamp": "2012-03-11T15:50:34Z"
      }
    },
    {
      "type": "Feature",
      "geometry": {
        "type": "Point",
        "coordinates": [
          -74.0044241,
          40.748192
        ]
      },
      "properties": {
        "timestamp": "2012-03-11T15:50:36Z"
      }
    },
    {
      "type": "Feature",
      "geometry": {
        "type": "Point",
        "coordinates": [
          -74.0044295,
          40.748172
        ]
      },
      "properties": {
        "timestamp": "2012-03-11T15:50:38Z"
      }
    },
    {
      "type": "Feature",
      "geometry": {
        "type": "Point",
        "coordinates": [
          -74.0044366,
          40.7481471
        ]
      },
      "properties": {
        "timestamp": "2012-03-11T15:50:40Z"
      }
    },
    {
      "type": "Feature",
      "geometry": {
        "type": "Point",
        "coordinates": [
          -74.0044448,
          40.7481178
        ]
      },
      "properties": {
        "timestamp": "2012-03-11T15:50:42Z"
      }
    },
    {
      "type": "Feature",
      "geometry": {
        "type": "Point",
        "coordinates": [
          -74.004452,
          40.7480936
        ]
      },
      "properties": {
        "timestamp": "2012-03-11T15:50:44Z"
      }
    },
    {
      "type": "Feature",
      "geometry": {
        "type": "Point",
        "coordinates": [
          -74.0044564,
          40.7480826
        ]
      },
      "properties": {
        "timestamp": "2012-03-11T15:50:46Z"
      }
    },
    {
      "type": "Feature",
      "geometry": {
        "type": "Point",
        "coordinates": [
          -74.0044611,
          40.7480735
        ]
      },
      "properties": {
        "timestamp": "2012-03-11T15:50:48Z"
      }
    },
    {
      "type": "Feature",
      "geometry": {
        "type": "Point",
        "coordinates": [
          -74.0044661,
          40.7480648
        ]
      },
      "properties": {
        "timestamp": "2012-03-11T15:50:50Z"
      }
    },
    {
      "type": "Feature",
      "geometry": {
        "type": "Point",
        "coordinates": [
          -74.0044639,
          40.748061
        ]
      },
      "properties": {
        "timestamp": "2012-03-11T15:50:52Z"
      }
    },
    {
      "type": "Feature",
      "geometry": {
        "type": "Point",
        "coordinates": [
          -74.0044355,
          40.7480761
        ]
      },
      "properties": {
        "timestamp": "2012-03-11T15:50:54Z"
      }
    },
    {
      "type": "Feature",
      "geometry": {
        "type": "Point",
        "coordinates": [
          -74.004409,
          40.7480903
        ]
      },
      "properties": {
        "timestamp": "2012-03-11T15:50:56Z"
      }
    },
    {
      "type": "Feature",
      "geometry": {
        "type": "Point",
        "coordinates": [
          -74.0043868,
          40.7481032
        ]
      },
      "properties": {
        "timestamp": "2012-03-11T15:50:58Z"
      }
    },
    {
      "type": "Feature",
      "geometry": {
        "type": "Point",
        "coordinates": [
          -74.0043736,
          40.7481105
        ]
      },
      "properties": {
        "timestamp": "2012-03-11T15:51:00Z"
      }
    },
    {
      "type": "Feature",
      "geometry": {
        "type": "Point",
        "coordinates": [
          -74.0043904,
          40.7480963
        ]
      },
      "properties": {
        "timestamp": "2012-03-11T15:51:02Z"
      }
    },
    {
      "type": "Feature",
      "geometry": {
        "type": "Point",
        "coordinates": [
          -74.0044124,
          40.7480826
        ]
      },
      "properties": {
        "timestamp": "2012-03-11T15:51:04Z"
      }
    },
    {
      "type": "Feature",
      "geometry": {
        "type": "Point",
        "coordinates": [
          -74.0044381,
          40.7480703
        ]
      },
      "properties": {
        "timestamp": "2012-03-11T15:51:06Z"
      }
    },
    {
      "type": "Feature",
      "geometry": {
        "type": "Point",
        "coordinates": [
          -74.0044649,
          40.748057
        ]
      },
      "properties": {
        "timestamp": "2012-03-11T15:51:08Z"
      }
    },
    {
      "type": "Feature",
      "geometry": {
        "type": "Point",
        "coordinates": [
          -74.0044899,
          40.7480449
        ]
      },
      "properties": {
        "timestamp": "2012-03-11T15:51:10Z"
      }
    },
    {
      "type": "Feature",
      "geometry": {
        "type": "Point",
        "coordinates": [
          -74.0045114,
          40.7480359
        ]
      },
      "properties": {
        "timestamp": "2012-03-11T15:51:12Z"
      }
    },
    {
      "type": "Feature",
      "geometry": {
        "type": "Point",
        "coordinates": [
          -74.0045297,
          40.7480294
        ]
      },
      "properties": {
        "timestamp": "2012-03-11T15:51:14Z"
      }
    },
    {
      "type": "Feature",
      "geometry": {
        "type": "Point",
        "coordinates": [
          -74.0045555,
          40.7480627
        ]
      },
      "properties": {
        "timestamp": "2012-03-11T15:51:16Z"
      }
    },
    {
      "type": "Feature",
      "geometry": {
        "type": "Point",
        "coordinates": [
          -74.0045745,
          40.7480862
        ]
      },
      "properties": {
        "timestamp": "2012-03-11T15:51:18Z"
      }
    },
    {
      "type": "Feature",
      "geometry": {
        "type": "Point",
        "coordinates": [
          -74.0045892,
          40.7480766
        ]
      },
      "properties": {
        "timestamp": "2012-03-11T15:51:20Z"
      }
    },
    {
      "type": "Feature",
      "geometry": {
        "type": "Point",
        "coordinates": [
          -74.0046033,
          40.7480693
        ]
      },
      "properties": {
        "timestamp": "2012-03-11T15:51:22Z"
      }
    },
    {
      "type": "Feature",
      "geometry": {
        "type": "Point",
        "coordinates": [
          -74.004609,
          40.7480677
        ]
      },
      "properties": {
        "timestamp": "2012-03-11T15:51:24Z"
      }
    },
    {
      "type": "Feature",
      "geometry": {
        "type": "Point",
        "coordinates": [
          -74.004609,
          40.7480677
        ]
      },
      "properties": {
        "timestamp": "2012-03-11T15:51:26Z"
      }
    },
    {
      "type": "Feature",
      "geometry": {
        "type": "Point",
        "coordinates": [
          -74.004609,
          40.7480677
        ]
      },
      "properties": {
        "timestamp": "2012-03-11T15:51:28Z"
      }
    },
    {
      "type": "Feature",
      "geometry": {
        "type": "Point",
        "coordinates": [
          -74.004609,
          40.7480677
        ]
      },
      "properties": {
        "timestamp": "2012-03-11T15:51:30Z"
      }
    },
    {
      "type": "Feature",
      "geometry": {
        "type": "Point",
        "coordinates": [
          -74.004609,
          40.7480677
        ]
      },
      "properties": {
        "timestamp": "2012-03-11T15:51:32Z"
      }
    },
    {
      "type": "Feature",
      "geometry": {
        "type": "Point",
        "coordinates": [
          -74.004609,
          40.7480677
        ]
      },
      "properties": {
        "timestamp": "2012-03-11T15:51:34Z"
      }
    },
    {
      "type": "Feature",
      "geometry": {
        "type": "Point",
        "coordinates": [
          -74.004609,
          40.7480677
        ]
      },
      "properties": {
        "timestamp": "2012-03-11T15:51:36Z"
      }
    },
    {
      "type": "Feature",
      "geometry": {
        "type": "Point",
        "coordinates": [
          -74.004609,
          40.7480677
        ]
      },
      "properties": {
        "timestamp": "2012-03-11T15:51:38Z"
      }
    },
    {
      "type": "Feature",
      "geometry": {
        "type": "Point",
        "coordinates": [
          -74.004609,
          40.7480677
        ]
      },
      "properties": {
        "timestamp": "2012-03-11T15:51:40Z"
      }
    },
    {
      "type": "Feature",
      "geometry": {
        "type": "Point",
        "coordinates": [
          -74.004609,
          40.7480677
        ]
      },
      "properties": {
        "timestamp": "2012-03-11T15:51:42Z"
      }
    },
    {
      "type": "Feature",
      "geometry": {
        "type": "Point",
        "coordinates": [
          -74.004609,
          40.7480677
        ]
      },
      "properties": {
        "timestamp": "2012-03-11T15:51:44Z"
      }
    },
    {
      "type": "Feature",
      "geometry": {
        "type": "Point",
        "coordinates": [
          -74.0046135,
          40.7480668
        ]
      },
      "properties": {
        "timestamp": "2012-03-11T15:51:46Z"
      }
    },
    {
      "type": "Feature",
      "geometry": {
        "type": "Point",
        "coordinates": [
          -74.0046206,
          40.7480641
        ]
      },
      "properties": {
        "timestamp": "2012-03-11T15:51:48Z"
      }
    },
    {
      "type": "Feature",
      "geometry": {
        "type": "Point",
        "coordinates": [
          -74.0046253,
          40.7480624
        ]
      },
      "properties": {
        "timestamp": "2012-03-11T15:51:50Z"
      }
    },
    {
      "type": "Feature",
      "geometry": {
        "type": "Point",
        "coordinates": [
          -74.0046279,
          40.7480621
        ]
      },
      "properties": {
        "timestamp": "2012-03-11T15:51:52Z"
      }
    },
    {
      "type": "Feature",
      "geometry": {
        "type": "Point",
        "coordinates": [
          -74.0046329,
          40.7480522
        ]
      },
      "properties": {
        "timestamp": "2012-03-11T15:51:54Z"
      }
    },
    {
      "type": "Feature",
      "geometry": {
        "type": "Point",
        "coordinates": [
          -74.0046452,
          40.7480222
        ]
      },
      "properties": {
        "timestamp": "2012-03-11T15:51:56Z"
      }
    },
    {
      "type": "Feature",
      "geometry": {
        "type": "Point",
        "coordinates": [
          -74.0046621,
          40.7479844
        ]
      },
      "properties": {
        "timestamp": "2012-03-11T15:51:58Z"
      }
    },
    {
      "type": "Feature",
      "geometry": {
        "type": "Point",
        "coordinates": [
          -74.0046805,
          40.7479474
        ]
      },
      "properties": {
        "timestamp": "2012-03-11T15:52:00Z"
      }
    },
    {
      "type": "Feature",
      "geometry": {
        "type": "Point",
        "coordinates": [
          -74.0046985,
          40.7479151
        ]
      },
      "properties": {
        "timestamp": "2012-03-11T15:52:02Z"
      }
    },
    {
      "type": "Feature",
      "geometry": {
        "type": "Point",
        "coordinates": [
          -74.0047177,
          40.7478866
        ]
      },
      "properties": {
        "timestamp": "2012-03-11T15:52:04Z"
      }
    },
    {
      "type": "Feature",
      "geometry": {
        "type": "Point",
        "coordinates": [
          -74.004736,
          40.7478629
        ]
      },
      "properties": {
        "timestamp": "2012-03-11T15:52:06Z"
      }
    },
    {
      "type": "Feature",
      "geometry": {
        "type": "Point",
        "coordinates": [
          -74.0047531,
          40.7478429
        ]
      },
      "properties": {
        "timestamp": "2012-03-11T15:52:08Z"
      }
    },
    {
      "type": "Feature",
      "geometry": {
        "type": "Point",
        "coordinates": [
          -74.0047686,
          40.7478267
        ]
      },
      "properties": {
        "timestamp": "2012-03-11T15:52:10Z"
      }
    },
    {
      "type": "Feature",
      "geometry": {
        "type": "Point",
        "coordinates": [
          -74.0047825,
          40.7478114
        ]
      },
      "properties": {
        "timestamp": "2012-03-11T15:52:12Z"
      }
    },
    {
      "type": "Feature",
      "geometry": {
        "type": "Point",
        "coordinates": [
          -74.0047907,
          40.7477937
        ]
      },
      "properties": {
        "timestamp": "2012-03-11T15:52:14Z"
      }
    },
    {
      "type": "Feature",
      "geometry": {
        "type": "Point",
        "coordinates": [
          -74.0048007,
          40.7477865
        ]
      },
      "properties": {
        "timestamp": "2012-03-11T15:52:16Z"
      }
    },
    {
      "type": "Feature",
      "geometry": {
        "type": "Point",
        "coordinates": [
          -74.0048111,
          40.7477779
        ]
      },
      "properties": {
        "timestamp": "2012-03-11T15:52:18Z"
      }
    },
    {
      "type": "Feature",
      "geometry": {
        "type": "Point",
        "coordinates": [
          -74.0048203,
          40.7477582
        ]
      },
      "properties": {
        "timestamp": "2012-03-11T15:52:20Z"
      }
    },
    {
      "type": "Feature",
      "geometry": {
        "type": "Point",
        "coordinates": [
          -74.0048295,
          40.7477409
        ]
      },
      "properties": {
        "timestamp": "2012-03-11T15:52:22Z"
      }
    },
    {
      "type": "Feature",
      "geometry": {
        "type": "Point",
        "coordinates": [
          -74.0048392,
          40.747724
        ]
      },
      "properties": {
        "timestamp": "2012-03-11T15:52:24Z"
      }
    },
    {
      "type": "Feature",
      "geometry": {
        "type": "Point",
        "coordinates": [
          -74.0048498,
          40.7477075
        ]
      },
      "properties": {
        "timestamp": "2012-03-11T15:52:26Z"
      }
    },
    {
      "type": "Feature",
      "geometry": {
        "type": "Point",
        "coordinates": [
          -74.0048608,
          40.7476924
        ]
      },
      "properties": {
        "timestamp": "2012-03-11T15:52:28Z"
      }
    },
    {
      "type": "Feature",
      "geometry": {
        "type": "Point",
        "coordinates": [
          -74.0048728,
          40.7476769
        ]
      },
      "properties": {
        "timestamp": "2012-03-11T15:52:30Z"
      }
    },
    {
      "type": "Feature",
      "geometry": {
        "type": "Point",
        "coordinates": [
          -74.0048846,
          40.7476627
        ]
      },
      "properties": {
        "timestamp": "2012-03-11T15:52:32Z"
      }
    },
    {
      "type": "Feature",
      "geometry": {
        "type": "Point",
        "coordinates": [
          -74.0048959,
          40.7476497
        ]
      },
      "properties": {
        "timestamp": "2012-03-11T15:52:34Z"
      }
    },
    {
      "type": "Feature",
      "geometry": {
        "type": "Point",
        "coordinates": [
          -74.0049068,
          40.7476357
        ]
      },
      "properties": {
        "timestamp": "2012-03-11T15:52:36Z"
      }
    },
    {
      "type": "Feature",
      "geometry": {
        "type": "Point",
        "coordinates": [
          -74.0049182,
          40.7476213
        ]
      },
      "properties": {
        "timestamp": "2012-03-11T15:52:38Z"
      }
    },
    {
      "type": "Feature",
      "geometry": {
        "type": "Point",
        "coordinates": [
          -74.0049329,
          40.7476051
        ]
      },
      "properties": {
        "timestamp": "2012-03-11T15:52:40Z"
      }
    },
    {
      "type": "Feature",
      "geometry": {
        "type": "Point",
        "coordinates": [
          -74.0049433,
          40.7475882
        ]
      },
      "properties": {
        "timestamp": "2012-03-11T15:52:42Z"
      }
    },
    {
      "type": "Feature",
      "geometry": {
        "type": "Point",
        "coordinates": [
          -74.0049521,
          40.7475711
        ]
      },
      "properties": {
        "timestamp": "2012-03-11T15:52:44Z"
      }
    },
    {
      "type": "Feature",
      "geometry": {
        "type": "Point",
        "coordinates": [
          -74.0049607,
          40.7475545
        ]
      },
      "properties": {
        "timestamp": "2012-03-11T15:52:46Z"
      }
    },
    {
      "type": "Feature",
      "geometry": {
        "type": "Point",
        "coordinates": [
          -74.0049696,
          40.7475393
        ]
      },
      "properties": {
        "timestamp": "2012-03-11T15:52:48Z"
      }
    },
    {
      "type": "Feature",
      "geometry": {
        "type": "Point",
        "coordinates": [
          -74.0049801,
          40.7475229
        ]
      },
      "properties": {
        "timestamp": "2012-03-11T15:52:50Z"
      }
    },
    {
      "type": "Feature",
      "geometry": {
        "type": "Point",
        "coordinates": [
          -74.0049924,
          40.7475127
        ]
      },
      "properties": {
        "timestamp": "2012-03-11T15:52:52Z"
      }
    },
    {
      "type": "Feature",
      "geometry": {
        "type": "Point",
        "coordinates": [
          -74.0049956,
          40.7455197
        ]
      },
      "properties": {
        "timestamp": "2012-03-11T16:08:28Z"
      }
    },
    {
      "type": "Feature",
      "geometry": {
        "type": "Point",
        "coordinates": [
          -74.0049731,
          40.7455075
        ]
      },
      "properties": {
        "timestamp": "2012-03-11T16:08:30Z"
      }
    },
    {
      "type": "Feature",
      "geometry": {
        "type": "Point",
        "coordinates": [
          -74.0049536,
          40.7454967
        ]
      },
      "properties": {
        "timestamp": "2012-03-11T16:08:32Z"
      }
    },
    {
      "type": "Feature",
      "geometry": {
        "type": "Point",
        "coordinates": [
          -74.0049329,
          40.7454854
        ]
      },
      "properties": {
        "timestamp": "2012-03-11T16:08:34Z"
      }
    },
    {
      "type": "Feature",
      "geometry": {
        "type": "Point",
        "coordinates": [
          -74.0049154,
          40.7454813
        ]
      },
      "properties": {
        "timestamp": "2012-03-11T16:08:36Z"
      }
    },
    {
      "type": "Feature",
      "geometry": {
        "type": "Point",
        "coordinates": [
          -74.0048957,
          40.745477
        ]
      },
      "properties": {
        "timestamp": "2012-03-11T16:08:38Z"
      }
    },
    {
      "type": "Feature",
      "geometry": {
        "type": "Point",
        "coordinates": [
          -74.0048732,
          40.7454657
        ]
      },
      "properties": {
        "timestamp": "2012-03-11T16:08:40Z"
      }
    },
    {
      "type": "Feature",
      "geometry": {
        "type": "Point",
        "coordinates": [
          -74.004857,
          40.7454588
        ]
      },
      "properties": {
        "timestamp": "2012-03-11T16:08:42Z"
      }
    },
    {
      "type": "Feature",
      "geometry": {
        "type": "Point",
        "coordinates": [
          -74.0048356,
          40.7454442
        ]
      },
      "properties": {
        "timestamp": "2012-03-11T16:08:44Z"
      }
    },
    {
      "type": "Feature",
      "geometry": {
        "type": "Point",
        "coordinates": [
          -74.0048225,
          40.7454438
        ]
      },
      "properties": {
        "timestamp": "2012-03-11T16:08:46Z"
      }
    },
    {
      "type": "Feature",
      "geometry": {
        "type": "Point",
        "coordinates": [
          -74.0048067,
          40.7454409
        ]
      },
      "properties": {
        "timestamp": "2012-03-11T16:08:48Z"
      }
    },
    {
      "type": "Feature",
      "geometry": {
        "type": "Point",
        "coordinates": [
          -74.004787,
          40.7454331
        ]
      },
      "properties": {
        "timestamp": "2012-03-11T16:08:50Z"
      }
    },
    {
      "type": "Feature",
      "geometry": {
        "type": "Point",
        "coordinates": [
          -74.004766,
          40.7454226
        ]
      },
      "properties": {
        "timestamp": "2012-03-11T16:08:52Z"
      }
    },
    {
      "type": "Feature",
      "geometry": {
        "type": "Point",
        "coordinates": [
          -74.004753,
          40.7454151
        ]
      },
      "properties": {
        "timestamp": "2012-03-11T16:08:54Z"
      }
    },
    {
      "type": "Feature",
      "geometry": {
        "type": "Point",
        "coordinates": [
          -74.0047412,
          40.7453987
        ]
      },
      "properties": {
        "timestamp": "2012-03-11T16:08:56Z"
      }
    },
    {
      "type": "Feature",
      "geometry": {
        "type": "Point",
        "coordinates": [
          -74.0047279,
          40.7453926
        ]
      },
      "properties": {
        "timestamp": "2012-03-11T16:08:58Z"
      }
    },
    {
      "type": "Feature",
      "geometry": {
        "type": "Point",
        "coordinates": [
          -74.0047121,
          40.7453888
        ]
      },
      "properties": {
        "timestamp": "2012-03-11T16:09:00Z"
      }
    },
    {
      "type": "Feature",
      "geometry": {
        "type": "Point",
        "coordinates": [
          -74.0046936,
          40.7453838
        ]
      },
      "properties": {
        "timestamp": "2012-03-11T16:09:02Z"
      }
    },
    {
      "type": "Feature",
      "geometry": {
        "type": "Point",
        "coordinates": [
          -74.0046747,
          40.7453722
        ]
      },
      "properties": {
        "timestamp": "2012-03-11T16:09:04Z"
      }
    },
    {
      "type": "Feature",
      "geometry": {
        "type": "Point",
        "coordinates": [
          -74.004658,
          40.7453647
        ]
      },
      "properties": {
        "timestamp": "2012-03-11T16:09:06Z"
      }
    },
    {
      "type": "Feature",
      "geometry": {
        "type": "Point",
        "coordinates": [
          -74.0046456,
          40.7453529
        ]
      },
      "properties": {
        "timestamp": "2012-03-11T16:09:08Z"
      }
    },
    {
      "type": "Feature",
      "geometry": {
        "type": "Point",
        "coordinates": [
          -74.0046326,
          40.7453381
        ]
      },
      "properties": {
        "timestamp": "2012-03-11T16:09:10Z"
      }
    },
    {
      "type": "Feature",
      "geometry": {
        "type": "Point",
        "coordinates": [
          -74.0046207,
          40.7453254
        ]
      },
      "properties": {
        "timestamp": "2012-03-11T16:09:12Z"
      }
    },
    {
      "type": "Feature",
      "geometry": {
        "type": "Point",
        "coordinates": [
          -74.0046207,
          40.7453254
        ]
      },
      "properties": {
        "timestamp": "2012-03-11T16:09:14Z"
      }
    },
    {
      "type": "Feature",
      "geometry": {
        "type": "Point",
        "coordinates": [
          -74.0046186,
          40.745326
        ]
      },
      "properties": {
        "timestamp": "2012-03-11T16:09:16Z"
      }
    },
    {
      "type": "Feature",
      "geometry": {
        "type": "Point",
        "coordinates": [
          -74.0046129,
          40.7453218
        ]
      },
      "properties": {
        "timestamp": "2012-03-11T16:09:18Z"
      }
    },
    {
      "type": "Feature",
      "geometry": {
        "type": "Point",
        "coordinates": [
          -74.0046003,
          40.7453051
        ]
      },
      "properties": {
        "timestamp": "2012-03-11T16:09:20Z"
      }
    },
    {
      "type": "Feature",
      "geometry": {
        "type": "Point",
        "coordinates": [
          -74.0045949,
          40.7452994
        ]
      },
      "properties": {
        "timestamp": "2012-03-11T16:09:22Z"
      }
    },
    {
      "type": "Feature",
      "geometry": {
        "type": "Point",
        "coordinates": [
          -74.0045877,
          40.7453006
        ]
      },
      "properties": {
        "timestamp": "2012-03-11T16:09:24Z"
      }
    },
    {
      "type": "Feature",
      "geometry": {
        "type": "Point",
        "coordinates": [
          -74.0045663,
          40.745292
        ]
      },
      "properties": {
        "timestamp": "2012-03-11T16:09:26Z"
      }
    },
    {
      "type": "Feature",
      "geometry": {
        "type": "Point",
        "coordinates": [
          -74.0045517,
          40.7452744
        ]
      },
      "properties": {
        "timestamp": "2012-03-11T16:09:28Z"
      }
    },
    {
      "type": "Feature",
      "geometry": {
        "type": "Point",
        "coordinates": [
          -74.0045377,
          40.7452597
        ]
      },
      "properties": {
        "timestamp": "2012-03-11T16:09:30Z"
      }
    },
    {
      "type": "Feature",
      "geometry": {
        "type": "Point",
        "coordinates": [
          -74.0045244,
          40.7452466
        ]
      },
      "properties": {
        "timestamp": "2012-03-11T16:09:32Z"
      }
    },
    {
      "type": "Feature",
      "geometry": {
        "type": "Point",
        "coordinates": [
          -74.00451,
          40.7452568
        ]
      },
      "properties": {
        "timestamp": "2012-03-11T16:09:34Z"
      }
    },
    {
      "type": "Feature",
      "geometry": {
        "type": "Point",
        "coordinates": [
          -74.0045002,
          40.7452573
        ]
      },
      "properties": {
        "timestamp": "2012-03-11T16:09:36Z"
      }
    },
    {
      "type": "Feature",
      "geometry": {
        "type": "Point",
        "coordinates": [
          -74.004493,
          40.7452562
        ]
      },
      "properties": {
        "timestamp": "2012-03-11T16:09:38Z"
      }
    },
    {
      "type": "Feature",
      "geometry": {
        "type": "Point",
        "coordinates": [
          -74.0044891,
          40.7452565
        ]
      },
      "properties": {
        "timestamp": "2012-03-11T16:09:40Z"
      }
    },
    {
      "type": "Feature",
      "geometry": {
        "type": "Point",
        "coordinates": [
          -74.0044866,
          40.7452568
        ]
      },
      "properties": {
        "timestamp": "2012-03-11T16:09:42Z"
      }
    },
    {
      "type": "Feature",
      "geometry": {
        "type": "Point",
        "coordinates": [
          -74.004485,
          40.7452573
        ]
      },
      "properties": {
        "timestamp": "2012-03-11T16:09:44Z"
      }
    },
    {
      "type": "Feature",
      "geometry": {
        "type": "Point",
        "coordinates": [
          -74.0044762,
          40.7452489
        ]
      },
      "properties": {
        "timestamp": "2012-03-11T16:09:46Z"
      }
    },
    {
      "type": "Feature",
      "geometry": {
        "type": "Point",
        "coordinates": [
          -74.0044564,
          40.7452416
        ]
      },
      "properties": {
        "timestamp": "2012-03-11T16:09:48Z"
      }
    },
    {
      "type": "Feature",
      "geometry": {
        "type": "Point",
        "coordinates": [
          -74.0044372,
          40.7452328
        ]
      },
      "properties": {
        "timestamp": "2012-03-11T16:09:50Z"
      }
    },
    {
      "type": "Feature",
      "geometry": {
        "type": "Point",
        "coordinates": [
          -74.0044181,
          40.7452202
        ]
      },
      "properties": {
        "timestamp": "2012-03-11T16:09:52Z"
      }
    },
    {
      "type": "Feature",
      "geometry": {
        "type": "Point",
        "coordinates": [
          -74.0043955,
          40.7452054
        ]
      },
      "properties": {
        "timestamp": "2012-03-11T16:09:54Z"
      }
    },
    {
      "type": "Feature",
      "geometry": {
        "type": "Point",
        "coordinates": [
          -74.0043667,
          40.7451927
        ]
      },
      "properties": {
        "timestamp": "2012-03-11T16:09:56Z"
      }
    },
    {
      "type": "Feature",
      "geometry": {
        "type": "Point",
        "coordinates": [
          -74.0043407,
          40.7451821
        ]
      },
      "properties": {
        "timestamp": "2012-03-11T16:09:58Z"
      }
    },
    {
      "type": "Feature",
      "geometry": {
        "type": "Point",
        "coordinates": [
          -74.0043101,
          40.7451712
        ]
      },
      "properties": {
        "timestamp": "2012-03-11T16:10:00Z"
      }
    },
    {
      "type": "Feature",
      "geometry": {
        "type": "Point",
        "coordinates": [
          -74.0042839,
          40.7451591
        ]
      },
      "properties": {
        "timestamp": "2012-03-11T16:10:02Z"
      }
    },
    {
      "type": "Feature",
      "geometry": {
        "type": "Point",
        "coordinates": [
          -74.0042659,
          40.7451457
        ]
      },
      "properties": {
        "timestamp": "2012-03-11T16:10:04Z"
      }
    },
    {
      "type": "Feature",
      "geometry": {
        "type": "Point",
        "coordinates": [
          -74.0042484,
          40.7451339
        ]
      },
      "properties": {
        "timestamp": "2012-03-11T16:10:06Z"
      }
    },
    {
      "type": "Feature",
      "geometry": {
        "type": "Point",
        "coordinates": [
          -74.0042267,
          40.7451239
        ]
      },
      "properties": {
        "timestamp": "2012-03-11T16:10:08Z"
      }
    },
    {
      "type": "Feature",
      "geometry": {
        "type": "Point",
        "coordinates": [
          -74.0042088,
          40.7451119
        ]
      },
      "properties": {
        "timestamp": "2012-03-11T16:10:10Z"
      }
    },
    {
      "type": "Feature",
      "geometry": {
        "type": "Point",
        "coordinates": [
          -74.0041932,
          40.7450992
        ]
      },
      "properties": {
        "timestamp": "2012-03-11T16:10:12Z"
      }
    },
    {
      "type": "Feature",
      "geometry": {
        "type": "Point",
        "coordinates": [
          -74.0041709,
          40.7450892
        ]
      },
      "properties": {
        "timestamp": "2012-03-11T16:10:14Z"
      }
    },
    {
      "type": "Feature",
      "geometry": {
        "type": "Point",
        "coordinates": [
          -74.0041528,
          40.7450808
        ]
      },
      "properties": {
        "timestamp": "2012-03-11T16:10:16Z"
      }
    },
    {
      "type": "Feature",
      "geometry": {
        "type": "Point",
        "coordinates": [
          -74.0041352,
          40.7450732
        ]
      },
      "properties": {
        "timestamp": "2012-03-11T16:10:18Z"
      }
    },
    {
      "type": "Feature",
      "geometry": {
        "type": "Point",
        "coordinates": [
          -74.0041174,
          40.7450686
        ]
      },
      "properties": {
        "timestamp": "2012-03-11T16:10:20Z"
      }
    },
    {
      "type": "Feature",
      "geometry": {
        "type": "Point",
        "coordinates": [
          -74.0040908,
          40.7450648
        ]
      },
      "properties": {
        "timestamp": "2012-03-11T16:10:22Z"
      }
    },
    {
      "type": "Feature",
      "geometry": {
        "type": "Point",
        "coordinates": [
          -74.0040725,
          40.7450732
        ]
      },
      "properties": {
        "timestamp": "2012-03-11T16:10:24Z"
      }
    },
    {
      "type": "Feature",
      "geometry": {
        "type": "Point",
        "coordinates": [
          -74.0040516,
          40.7450789
        ]
      },
      "properties": {
        "timestamp": "2012-03-11T16:10:26Z"
      }
    },
    {
      "type": "Feature",
      "geometry": {
        "type": "Point",
        "coordinates": [
          -74.0040262,
          40.7450843
        ]
      },
      "properties": {
        "timestamp": "2012-03-11T16:10:28Z"
      }
    },
    {
      "type": "Feature",
      "geometry": {
        "type": "Point",
        "coordinates": [
          -74.004003,
          40.7450963
        ]
      },
      "properties": {
        "timestamp": "2012-03-11T16:10:30Z"
      }
    },
    {
      "type": "Feature",
      "geometry": {
        "type": "Point",
        "coordinates": [
          -74.0039805,
          40.7451127
        ]
      },
      "properties": {
        "timestamp": "2012-03-11T16:10:32Z"
      }
    },
    {
      "type": "Feature",
      "geometry": {
        "type": "Point",
        "coordinates": [
          -74.0039565,
          40.7451254
        ]
      },
      "properties": {
        "timestamp": "2012-03-11T16:10:34Z"
      }
    },
    {
      "type": "Feature",
      "geometry": {
        "type": "Point",
        "coordinates": [
          -74.0039284,
          40.7451338
        ]
      },
      "properties": {
        "timestamp": "2012-03-11T16:10:36Z"
      }
    },
    {
      "type": "Feature",
      "geometry": {
        "type": "Point",
        "coordinates": [
          -74.0038995,
          40.7451416
        ]
      },
      "properties": {
        "timestamp": "2012-03-11T16:10:38Z"
      }
    },
    {
      "type": "Feature",
      "geometry": {
        "type": "Point",
        "coordinates": [
          -74.0038741,
          40.7451546
        ]
      },
      "properties": {
        "timestamp": "2012-03-11T16:10:40Z"
      }
    },
    {
      "type": "Feature",
      "geometry": {
        "type": "Point",
        "coordinates": [
          -74.0038483,
          40.7451602
        ]
      },
      "properties": {
        "timestamp": "2012-03-11T16:10:42Z"
      }
    },
    {
      "type": "Feature",
      "geometry": {
        "type": "Point",
        "coordinates": [
          -74.0038152,
          40.7451698
        ]
      },
      "properties": {
        "timestamp": "2012-03-11T16:10:44Z"
      }
    },
    {
      "type": "Feature",
      "geometry": {
        "type": "Point",
        "coordinates": [
          -74.003751,
          40.7451833
        ]
      },
      "properties": {
        "timestamp": "2012-03-11T16:10:46Z"
      }
    },
    {
      "type": "Feature",
      "geometry": {
        "type": "Point",
        "coordinates": [
          -74.0036991,
          40.7451696
        ]
      },
      "properties": {
        "timestamp": "2012-03-11T16:10:48Z"
      }
    },
    {
      "type": "Feature",
      "geometry": {
        "type": "Point",
        "coordinates": [
          -74.0036546,
          40.7451498
        ]
      },
      "properties": {
        "timestamp": "2012-03-11T16:10:50Z"
      }
    },
    {
      "type": "Feature",
      "geometry": {
        "type": "Point",
        "coordinates": [
          -74.0036191,
          40.7451051
        ]
      },
      "properties": {
        "timestamp": "2012-03-11T16:10:52Z"
      }
    },
    {
      "type": "Feature",
      "geometry": {
        "type": "Point",
        "coordinates": [
          -74.0035903,
          40.7450643
        ]
      },
      "properties": {
        "timestamp": "2012-03-11T16:10:54Z"
      }
    },
    {
      "type": "Feature",
      "geometry": {
        "type": "Point",
        "coordinates": [
          -74.0035648,
          40.7450281
        ]
      },
      "properties": {
        "timestamp": "2012-03-11T16:10:56Z"
      }
    },
    {
      "type": "Feature",
      "geometry": {
        "type": "Point",
        "coordinates": [
          -74.0035406,
          40.7450032
        ]
      },
      "properties": {
        "timestamp": "2012-03-11T16:10:58Z"
      }
    },
    {
      "type": "Feature",
      "geometry": {
        "type": "Point",
        "coordinates": [
          -73.998817,
          40.745003
        ]
      },
      "properties": {
        "timestamp": "2012-03-11T16:21:42Z"
      }
    },
    {
      "type": "Feature",
      "geometry": {
        "type": "Point",
        "coordinates": [
          -73.9988099,
          40.7450118
        ]
      },
      "properties": {
        "timestamp": "2012-03-11T16:21:43Z"
      }
    },
    {
      "type": "Feature",
      "geometry": {
        "type": "Point",
        "coordinates": [
          -73.9988032,
          40.7450191
        ]
      },
      "properties": {
        "timestamp": "2012-03-11T16:21:44Z"
      }
    },
    {
      "type": "Feature",
      "geometry": {
        "type": "Point",
        "coordinates": [
          -73.9987956,
          40.7450263
        ]
      },
      "properties": {
        "timestamp": "2012-03-11T16:21:45Z"
      }
    },
    {
      "type": "Feature",
      "geometry": {
        "type": "Point",
        "coordinates": [
          -73.9987863,
          40.7450326
        ]
      },
      "properties": {
        "timestamp": "2012-03-11T16:21:46Z"
      }
    },
    {
      "type": "Feature",
      "geometry": {
        "type": "Point",
        "coordinates": [
          -73.9987773,
          40.7450391
        ]
      },
      "properties": {
        "timestamp": "2012-03-11T16:21:47Z"
      }
    },
    {
      "type": "Feature",
      "geometry": {
        "type": "Point",
        "coordinates": [
          -73.9987701,
          40.7450464
        ]
      },
      "properties": {
        "timestamp": "2012-03-11T16:21:48Z"
      }
    },
    {
      "type": "Feature",
      "geometry": {
        "type": "Point",
        "coordinates": [
          -73.9987644,
          40.7450549
        ]
      },
      "properties": {
        "timestamp": "2012-03-11T16:21:49Z"
      }
    },
    {
      "type": "Feature",
      "geometry": {
        "type": "Point",
        "coordinates": [
          -73.9987566,
          40.7450615
        ]
      },
      "properties": {
        "timestamp": "2012-03-11T16:21:50Z"
      }
    },
    {
      "type": "Feature",
      "geometry": {
        "type": "Point",
        "coordinates": [
          -73.9987506,
          40.7450697
        ]
      },
      "properties": {
        "timestamp": "2012-03-11T16:21:51Z"
      }
    },
    {
      "type": "Feature",
      "geometry": {
        "type": "Point",
        "coordinates": [
          -73.998744,
          40.7450789
        ]
      },
      "properties": {
        "timestamp": "2012-03-11T16:21:52Z"
      }
    },
    {
      "type": "Feature",
      "geometry": {
        "type": "Point",
        "coordinates": [
          -73.9987356,
          40.7450864
        ]
      },
      "properties": {
        "timestamp": "2012-03-11T16:21:53Z"
      }
    },
    {
      "type": "Feature",
      "geometry": {
        "type": "Point",
        "coordinates": [
          -73.9987283,
          40.7450949
        ]
      },
      "properties": {
        "timestamp": "2012-03-11T16:21:54Z"
      }
    },
    {
      "type": "Feature",
      "geometry": {
        "type": "Point",
        "coordinates": [
          -73.9987213,
          40.7451037
        ]
      },
      "properties": {
        "timestamp": "2012-03-11T16:21:55Z"
      }
    },
    {
      "type": "Feature",
      "geometry": {
        "type": "Point",
        "coordinates": [
          -73.9987132,
          40.7451115
        ]
      },
      "properties": {
        "timestamp": "2012-03-11T16:21:56Z"
      }
    },
    {
      "type": "Feature",
      "geometry": {
        "type": "Point",
        "coordinates": [
          -73.9987045,
          40.7451182
        ]
      },
      "properties": {
        "timestamp": "2012-03-11T16:21:57Z"
      }
    },
    {
      "type": "Feature",
      "geometry": {
        "type": "Point",
        "coordinates": [
          -73.9986967,
          40.7451253
        ]
      },
      "properties": {
        "timestamp": "2012-03-11T16:21:58Z"
      }
    },
    {
      "type": "Feature",
      "geometry": {
        "type": "Point",
        "coordinates": [
          -73.9986915,
          40.7451338
        ]
      },
      "properties": {
        "timestamp": "2012-03-11T16:21:59Z"
      }
    },
    {
      "type": "Feature",
      "geometry": {
        "type": "Point",
        "coordinates": [
          -73.9986873,
          40.745142
        ]
      },
      "properties": {
        "timestamp": "2012-03-11T16:22:00Z"
      }
    },
    {
      "type": "Feature",
      "geometry": {
        "type": "Point",
        "coordinates": [
          -73.998684,
          40.7451505
        ]
      },
      "properties": {
        "timestamp": "2012-03-11T16:22:01Z"
      }
    },
    {
      "type": "Feature",
      "geometry": {
        "type": "Point",
        "coordinates": [
          -73.9986754,
          40.7451597
        ]
      },
      "properties": {
        "timestamp": "2012-03-11T16:22:02Z"
      }
    },
    {
      "type": "Feature",
      "geometry": {
        "type": "Point",
        "coordinates": [
          -73.9986758,
          40.7451679
        ]
      },
      "properties": {
        "timestamp": "2012-03-11T16:22:03Z"
      }
    },
    {
      "type": "Feature",
      "geometry": {
        "type": "Point",
        "coordinates": [
          -73.9986653,
          40.7451759
        ]
      },
      "properties": {
        "timestamp": "2012-03-11T16:22:04Z"
      }
    },
    {
      "type": "Feature",
      "geometry": {
        "type": "Point",
        "coordinates": [
          -73.9986642,
          40.7451818
        ]
      },
      "properties": {
        "timestamp": "2012-03-11T16:22:05Z"
      }
    },
    {
      "type": "Feature",
      "geometry": {
        "type": "Point",
        "coordinates": [
          -73.9986504,
          40.7451905
        ]
      },
      "properties": {
        "timestamp": "2012-03-11T16:22:06Z"
      }
    },
    {
      "type": "Feature",
      "geometry": {
        "type": "Point",
        "coordinates": [
          -73.9986483,
          40.7451949
        ]
      },
      "properties": {
        "timestamp": "2012-03-11T16:22:07Z"
      }
    },
    {
      "type": "Feature",
      "geometry": {
        "type": "Point",
        "coordinates": [
          -73.9986425,
          40.7451974
        ]
      },
      "properties": {
        "timestamp": "2012-03-11T16:22:08Z"
      }
    },
    {
      "type": "Feature",
      "geometry": {
        "type": "Point",
        "coordinates": [
          -73.9986365,
          40.7451991
        ]
      },
      "properties": {
        "timestamp": "2012-03-11T16:22:09Z"
      }
    },
    {
      "type": "Feature",
      "geometry": {
        "type": "Point",
        "coordinates": [
          -73.9986299,
          40.745201
        ]
      },
      "properties": {
        "timestamp": "2012-03-11T16:22:10Z"
      }
    },
    {
      "type": "Feature",
      "geometry": {
        "type": "Point",
        "coordinates": [
          -73.9986233,
          40.7452033
        ]
      },
      "properties": {
        "timestamp": "2012-03-11T16:22:11Z"
      }
    },
    {
      "type": "Feature",
      "geometry": {
        "type": "Point",
        "coordinates": [
          -73.9986154,
          40.7452061
        ]
      },
      "properties": {
        "timestamp": "2012-03-11T16:22:12Z"
      }
    },
    {
      "type": "Feature",
      "geometry": {
        "type": "Point",
        "coordinates": [
          -73.9986149,
          40.7452097
        ]
      },
      "properties": {
        "timestamp": "2012-03-11T16:22:13Z"
      }
    },
    {
      "type": "Feature",
      "geometry": {
        "type": "Point",
        "coordinates": [
          -73.9986066,
          40.7452136
        ]
      },
      "properties": {
        "timestamp": "2012-03-11T16:22:14Z"
      }
    },
    {
      "type": "Feature",
      "geometry": {
        "type": "Point",
        "coordinates": [
          -73.9985971,
          40.7452167
        ]
      },
      "properties": {
        "timestamp": "2012-03-11T16:22:15Z"
      }
    },
    {
      "type": "Feature",
      "geometry": {
        "type": "Point",
        "coordinates": [
          -73.9985829,
          40.7452125
        ]
      },
      "properties": {
        "timestamp": "2012-03-11T16:22:16Z"
      }
    },
    {
      "type": "Feature",
      "geometry": {
        "type": "Point",
        "coordinates": [
          -73.99857,
          40.7452094
        ]
      },
      "properties": {
        "timestamp": "2012-03-11T16:22:17Z"
      }
    },
    {
      "type": "Feature",
      "geometry": {
        "type": "Point",
        "coordinates": [
          -73.9985564,
          40.7452068
        ]
      },
      "properties": {
        "timestamp": "2012-03-11T16:22:18Z"
      }
    },
    {
      "type": "Feature",
      "geometry": {
        "type": "Point",
        "coordinates": [
          -73.998542,
          40.7452035
        ]
      },
      "properties": {
        "timestamp": "2012-03-11T16:22:19Z"
      }
    },
    {
      "type": "Feature",
      "geometry": {
        "type": "Point",
        "coordinates": [
          -73.9985271,
          40.745201
        ]
      },
      "properties": {
        "timestamp": "2012-03-11T16:22:20Z"
      }
    },
    {
      "type": "Feature",
      "geometry": {
        "type": "Point",
        "coordinates": [
          -73.9985124,
          40.7451979
        ]
      },
      "properties": {
        "timestamp": "2012-03-11T16:22:21Z"
      }
    },
    {
      "type": "Feature",
      "geometry": {
        "type": "Point",
        "coordinates": [
          -73.998498,
          40.7451955
        ]
      },
      "properties": {
        "timestamp": "2012-03-11T16:22:22Z"
      }
    },
    {
      "type": "Feature",
      "geometry": {
        "type": "Point",
        "coordinates": [
          -73.9984841,
          40.7451924
        ]
      },
      "properties": {
        "timestamp": "2012-03-11T16:22:23Z"
      }
    },
    {
      "type": "Feature",
      "geometry": {
        "type": "Point",
        "coordinates": [
          -73.9984704,
          40.7451898
        ]
      },
      "properties": {
        "timestamp": "2012-03-11T16:22:24Z"
      }
    },
    {
      "type": "Feature",
      "geometry": {
        "type": "Point",
        "coordinates": [
          -73.9984564,
          40.7451877
        ]
      },
      "properties": {
        "timestamp": "2012-03-11T16:22:25Z"
      }
    },
    {
      "type": "Feature",
      "geometry": {
        "type": "Point",
        "coordinates": [
          -73.9984424,
          40.7451854
        ]
      },
      "properties": {
        "timestamp": "2012-03-11T16:22:26Z"
      }
    },
    {
      "type": "Feature",
      "geometry": {
        "type": "Point",
        "coordinates": [
          -73.9984293,
          40.7451855
        ]
      },
      "properties": {
        "timestamp": "2012-03-11T16:22:27Z"
      }
    },
    {
      "type": "Feature",
      "geometry": {
        "type": "Point",
        "coordinates": [
          -73.9984181,
          40.7451871
        ]
      },
      "properties": {
        "timestamp": "2012-03-11T16:22:28Z"
      }
    },
    {
      "type": "Feature",
      "geometry": {
        "type": "Point",
        "coordinates": [
          -73.99841,
          40.7451924
        ]
      },
      "properties": {
        "timestamp": "2012-03-11T16:22:29Z"
      }
    },
    {
      "type": "Feature",
      "geometry": {
        "type": "Point",
        "coordinates": [
          -73.998396,
          40.7451852
        ]
      },
      "properties": {
        "timestamp": "2012-03-11T16:22:30Z"
      }
    },
    {
      "type": "Feature",
      "geometry": {
        "type": "Point",
        "coordinates": [
          -73.9983845,
          40.7451811
        ]
      },
      "properties": {
        "timestamp": "2012-03-11T16:22:31Z"
      }
    },
    {
      "type": "Feature",
      "geometry": {
        "type": "Point",
        "coordinates": [
          -73.9983718,
          40.7451774
        ]
      },
      "properties": {
        "timestamp": "2012-03-11T16:22:32Z"
      }
    },
    {
      "type": "Feature",
      "geometry": {
        "type": "Point",
        "coordinates": [
          -73.9983592,
          40.7451765
        ]
      },
      "properties": {
        "timestamp": "2012-03-11T16:22:33Z"
      }
    },
    {
      "type": "Feature",
      "geometry": {
        "type": "Point",
        "coordinates": [
          -73.9983481,
          40.7451705
        ]
      },
      "properties": {
        "timestamp": "2012-03-11T16:22:34Z"
      }
    },
    {
      "type": "Feature",
      "geometry": {
        "type": "Point",
        "coordinates": [
          -73.9983371,
          40.745166
        ]
      },
      "properties": {
        "timestamp": "2012-03-11T16:22:35Z"
      }
    },
    {
      "type": "Feature",
      "geometry": {
        "type": "Point",
        "coordinates": [
          -73.9983258,
          40.7451596
        ]
      },
      "properties": {
        "timestamp": "2012-03-11T16:22:36Z"
      }
    },
    {
      "type": "Feature",
      "geometry": {
        "type": "Point",
        "coordinates": [
          -73.9983157,
          40.7451535
        ]
      },
      "properties": {
        "timestamp": "2012-03-11T16:22:37Z"
      }
    },
    {
      "type": "Feature",
      "geometry": {
        "type": "Point",
        "coordinates": [
          -73.9983061,
          40.7451484
        ]
      },
      "properties": {
        "timestamp": "2012-03-11T16:22:38Z"
      }
    },
    {
      "type": "Feature",
      "geometry": {
        "type": "Point",
        "coordinates": [
          -73.9982954,
          40.7451449
        ]
      },
      "properties": {
        "timestamp": "2012-03-11T16:22:39Z"
      }
    },
    {
      "type": "Feature",
      "geometry": {
        "type": "Point",
        "coordinates": [
          -73.9982853,
          40.7451403
        ]
      },
      "properties": {
        "timestamp": "2012-03-11T16:22:40Z"
      }
    },
    {
      "type": "Feature",
      "geometry": {
        "type": "Point",
        "coordinates": [
          -73.998274,
          40.7451367
        ]
      },
      "properties": {
        "timestamp": "2012-03-11T16:22:41Z"
      }
    },
    {
      "type": "Feature",
      "geometry": {
        "type": "Point",
        "coordinates": [
          -73.9982622,
          40.745134
        ]
      },
      "properties": {
        "timestamp": "2012-03-11T16:22:42Z"
      }
    },
    {
      "type": "Feature",
      "geometry": {
        "type": "Point",
        "coordinates": [
          -73.9982512,
          40.7451295
        ]
      },
      "properties": {
        "timestamp": "2012-03-11T16:22:43Z"
      }
    },
    {
      "type": "Feature",
      "geometry": {
        "type": "Point",
        "coordinates": [
          -73.9982402,
          40.7451244
        ]
      },
      "properties": {
        "timestamp": "2012-03-11T16:22:44Z"
      }
    },
    {
      "type": "Feature",
      "geometry": {
        "type": "Point",
        "coordinates": [
          -73.998229,
          40.7451196
        ]
      },
      "properties": {
        "timestamp": "2012-03-11T16:22:45Z"
      }
    },
    {
      "type": "Feature",
      "geometry": {
        "type": "Point",
        "coordinates": [
          -73.9982186,
          40.745115
        ]
      },
      "properties": {
        "timestamp": "2012-03-11T16:22:46Z"
      }
    },
    {
      "type": "Feature",
      "geometry": {
        "type": "Point",
        "coordinates": [
          -73.998208,
          40.7451093
        ]
      },
      "properties": {
        "timestamp": "2012-03-11T16:22:47Z"
      }
    },
    {
      "type": "Feature",
      "geometry": {
        "type": "Point",
        "coordinates": [
          -73.9981974,
          40.7451041
        ]
      },
      "properties": {
        "timestamp": "2012-03-11T16:22:48Z"
      }
    },
    {
      "type": "Feature",
      "geometry": {
        "type": "Point",
        "coordinates": [
          -73.9981864,
          40.7450989
        ]
      },
      "properties": {
        "timestamp": "2012-03-11T16:22:49Z"
      }
    },
    {
      "type": "Feature",
      "geometry": {
        "type": "Point",
        "coordinates": [
          -73.9981762,
          40.7450941
        ]
      },
      "properties": {
        "timestamp": "2012-03-11T16:22:50Z"
      }
    },
    {
      "type": "Feature",
      "geometry": {
        "type": "Point",
        "coordinates": [
          -73.9981657,
          40.7450884
        ]
      },
      "properties": {
        "timestamp": "2012-03-11T16:22:51Z"
      }
    },
    {
      "type": "Feature",
      "geometry": {
        "type": "Point",
        "coordinates": [
          -73.9981554,
          40.7450824
        ]
      },
      "properties": {
        "timestamp": "2012-03-11T16:22:52Z"
      }
    },
    {
      "type": "Feature",
      "geometry": {
        "type": "Point",
        "coordinates": [
          -73.9981447,
          40.7450769
        ]
      },
      "properties": {
        "timestamp": "2012-03-11T16:22:53Z"
      }
    },
    {
      "type": "Feature",
      "geometry": {
        "type": "Point",
        "coordinates": [
          -73.9981341,
          40.7450723
        ]
      },
      "properties": {
        "timestamp": "2012-03-11T16:22:54Z"
      }
    },
    {
      "type": "Feature",
      "geometry": {
        "type": "Point",
        "coordinates": [
          -73.9981239,
          40.7450679
        ]
      },
      "properties": {
        "timestamp": "2012-03-11T16:22:55Z"
      }
    },
    {
      "type": "Feature",
      "geometry": {
        "type": "Point",
        "coordinates": [
          -73.998113,
          40.7450637
        ]
      },
      "properties": {
        "timestamp": "2012-03-11T16:22:56Z"
      }
    },
    {
      "type": "Feature",
      "geometry": {
        "type": "Point",
        "coordinates": [
          -73.9981021,
          40.7450599
        ]
      },
      "properties": {
        "timestamp": "2012-03-11T16:22:57Z"
      }
    },
    {
      "type": "Feature",
      "geometry": {
        "type": "Point",
        "coordinates": [
          -73.9980907,
          40.7450541
        ]
      },
      "properties": {
        "timestamp": "2012-03-11T16:22:58Z"
      }
    },
    {
      "type": "Feature",
      "geometry": {
        "type": "Point",
        "coordinates": [
          -73.9980804,
          40.7450462
        ]
      },
      "properties": {
        "timestamp": "2012-03-11T16:22:59Z"
      }
    },
    {
      "type": "Feature",
      "geometry": {
        "type": "Point",
        "coordinates": [
          -73.99807,
          40.7450383
        ]
      },
      "properties": {
        "timestamp": "2012-03-11T16:23:00Z"
      }
    },
    {
      "type": "Feature",
      "geometry": {
        "type": "Point",
        "coordinates": [
          -73.9980593,
          40.7450301
        ]
      },
      "properties": {
        "timestamp": "2012-03-11T16:23:01Z"
      }
    },
    {
      "type": "Feature",
      "geometry": {
        "type": "Point",
        "coordinates": [
          -73.9980485,
          40.7450211
        ]
      },
      "properties": {
        "timestamp": "2012-03-11T16:23:02Z"
      }
    },
    {
      "type": "Feature",
      "geometry": {
        "type": "Point",
        "coordinates": [
          -73.9980365,
          40.7450132
        ]
      },
      "properties": {
        "timestamp": "2012-03-11T16:23:03Z"
      }
    },
    {
      "type": "Feature",
      "geometry": {
        "type": "Point",
        "coordinates": [
          -73.9980247,
          40.7450062
        ]
      },
      "properties": {
        "timestamp": "2012-03-11T16:23:04Z"
      }
    }
  ]
}