{
  "type": "FeatureCollection",
  "features": [
    {
      "type": "Feature",
      "geometry": {
        "type": "Point",
        "coordinates": [
          142.373,
          38.297
        ]
      },
      "properties": {
        "timestamp": "2011-03-11T05:46:24.120000+00:00",
        "label": "2011 Tohoku Earthquake Sequence",
        "magnitude": 9.1,
        "place": "2011 Great Tohoku Earthquake, Japan",
        "depth_km": 29.0
      }
    },
    {
      "type": "Feature",
      "geometry": {
        "type": "Point",
        "coordinates": [
          141.184,
          37.712
        ]
      },
      "properties": {
        "timestamp": "2011-03-11T05:54:31.940000+00:00",
        "label": "2011 Tohoku Earthquake Sequence",
        "magnitude": 6.3,
        "place": "30 km NNE of Namie, Japan",
        "depth_km": 32.3
      }
    },
    {
      "type": "Feature",
      "geometry": {
        "type": "Point",
        "coordinates": [
          143.351,
          37.359
        ]
      },
      "properties": {
        "timestamp": "2011-03-11T05:55:45.480000+00:00",
        "label": "2011 Tohoku Earthquake Sequence",
        "magnitude": 6.4,
        "place": "208 km E of Namie, Japan",
        "depth_km": 35.0
      }
    },
    {
      "type": "Feature",
      "geometry": {
        "type": "Point",
        "coordinates": [
          142.155,
          37.623
        ]
      },
      "properties": {
        "timestamp": "2011-03-11T05:58:07.490000+00:00",
        "label": "2011 Tohoku Earthquake Sequence",
        "magnitude": 6.3,
        "place": "103 km E of Namie, Japan",
        "depth_km": 50.7
      }
    },
    {
      "type": "Feature",
      "geometry": {
        "type": "Point",
        "coordinates": [
          141.763,
          37.054
        ]
      },
      "properties": {
        "timestamp": "2011-03-11T05:59:31.580000+00:00",
        "label": "2011 Tohoku Earthquake Sequence",
        "magnitude": 5.9,
        "place": "78 km E of Iwaki, Japan",
        "depth_km": 8.4
      }
    },
    {
      "type": "Feature",
      "geometry": {
        "type": "Point",
        "coordinates": [
          142.492,
          38.095
        ]
      },
      "properties": {
        "timestamp": "2011-03-11T06:00:39.300000+00:00",
        "label": "2011 Tohoku Earthquake Sequence",
        "magnitude": 6.2,
        "place": "110 km ESE of Ishinomaki, Japan",
        "depth_km": 40.6
      }
    },
    {
      "type": "Feature",
      "geometry": {
        "type": "Point",
        "coordinates": [
          141.84,
          36.469
        ]
      },
      "properties": {
        "timestamp": "2011-03-11T06:03:55.260000+00:00",
        "label": "2011 Tohoku Earthquake Sequence",
        "magnitude": 5.9,
        "place": "103 km ESE of Kitaibaraki, Japan",
        "depth_km": 22.6
      }
    },
    {
      "type": "Feature",
      "geometry": {
        "type": "Point",
        "coordinates": [
          141.777,
          36.375
        ]
      },
      "properties": {
        "timestamp": "2011-03-11T06:05:02.230000+00:00",
        "label": "2011 Tohoku Earthquake Sequence",
        "magnitude": 5.8,
        "place": "102 km ESE of Takahagi, Japan",
        "depth_km": 34.2
      }
    },
    {
      "type": "Feature",
      "geometry": {
        "type": "Point",
        "coordinates": [
          142.29,
          39.003
        ]
      },
      "properties": {
        "timestamp": "2011-03-11T06:06:13.170000+00:00",
        "label": "2011 Tohoku Earthquake Sequence",
        "magnitude": 6.3,
        "place": "47 km SE of Kamaishi, Japan",
        "depth_km": 42.7
      }
    },
    {
      "type": "Feature",
      "geometry": {
        "type": "Point",
        "coordinates": [
          141.876,
          36.419
        ]
      },
      "properties": {
        "timestamp": "2011-03-11T06:07:20.880000+00:00",
        "label": "2011 Tohoku Earthquake Sequence",
        "magnitude": 6.4,
        "place": "108 km ESE of Kitaibaraki, Japan",
        "depth_km": 32.3
      }
    },
    {
      "type": "Feature",
      "geometry": {
        "type": "Point",
        "coordinates": [
          143.37,
          38.969
        ]
      },
      "properties": {
        "timestamp": "2011-03-11T06:08:29.660000+00:00",
        "label": "2011 Tohoku Earthquake Sequence",
        "magnitude": 6.7,
        "place": "134 km ESE of Kamaishi, Japan",
        "depth_km": 2.8
      }
    },
    {
      "type": "Feature",
      "geometry": {
        "type": "Point",
        "coordinates": [
          141.696,
          36.109
        ]
      },
      "properties": {
        "timestamp": "2011-03-11T06:11:15.610000+00:00",
        "label": "2011 Tohoku Earthquake Sequence",
        "magnitude": 5.9,
        "place": "88 km ENE of Hasaki, Japan",
        "depth_km": 26.6
      }
    },
    {
      "type": "Feature",
      "geometry": {
        "type": "Point",
        "coordinates": [
          144.233,
          37.788
        ]
      },
      "properties": {
        "timestamp": "2011-03-11T06:12:36.360000+00:00",
        "label": "2011 Tohoku Earthquake Sequence",
        "magnitude": 6.2,
        "place": "261 km ESE of ?funato, Japan",
        "depth_km": 25.4
      }
    },
    {
      "type": "Feature",
      "geometry": {
        "type": "Point",
        "coordinates": [
          141.601,
          37.211
        ]
      },
      "properties": {
        "timestamp": "2011-03-11T06:13:01.040000+00:00",
        "label": "2011 Tohoku Earthquake Sequence",
        "magnitude": 6.2,
        "place": "61 km ESE of Namie, Japan",
        "depth_km": 40.1
      }
    },
    {
      "type": "Feature",
      "geometry": {
        "type": "Point",
        "coordinates": [
          143.802,
          37.93
        ]
      },
      "properties": {
        "timestamp": "2011-03-11T06:15:23.120000+00:00",
        "label": "2011 Tohoku Earthquake Sequence",
        "magnitude": 6.3,
        "place": "221 km SE of ?funato, Japan",
        "depth_km": 35.0
      }
    },
    {
      "type": "Feature",
      "geometry": {
        "type": "Point",
        "coordinates": [
          141.111,
          36.281
        ]
      },
      "properties": {
        "timestamp": "2011-03-11T06:15:40.280000+00:00",
        "label": "2011 Tohoku Earthquake Sequence",
        "magnitude": 7.9,
        "place": "47 km E of ?arai, Japan",
        "depth_km": 42.6
      }
    },
    {
      "type": "Feature",
      "geometry": {
        "type": "Point",
        "coordinates": [
          142.269,
          36.023
        ]
      },
      "properties": {
        "timestamp": "2011-03-11T06:18:49.510000+00:00",
        "label": "2011 Tohoku Earthquake Sequence",
        "magnitude": 6.6,
        "place": "133 km ENE of Hasaki, Japan",
        "depth_km": 16.0
      }
    },
    {
      "type": "Feature",
      "geometry": {
        "type": "Point",
        "coordinates": [
          142.067,
          36.004
        ]
      },
      "properties": {
        "timestamp": "2011-03-11T06:20:04.110000+00:00",
        "label": "2011 Tohoku Earthquake Sequence",
        "magnitude": 6.5,
        "place": "115 km ENE of Hasaki, Japan",
        "depth_km": 49.3
      }
    },
    {
      "type": "Feature",
      "geometry": {
        "type": "Point",
        "coordinates": [
          142.813,
          38.29
        ]
      },
      "properties": {
        "timestamp": "2011-03-11T06:21:32.700000+00:00",
        "label": "2011 Tohoku Earthquake Sequence",
        "magnitude": 6.2,
        "place": "128 km SE of ?funato, Japan",
        "depth_km": 51.7
      }
    },
    {
      "type": "Feature",
      "geometry": {
        "type": "Point",
        "coordinates": [
          142.284,
          39.03
        ]
      },
      "properties": {
        "timestamp": "2011-03-11T06:23:09.480000+00:00",
        "label": "2011 Tohoku Earthquake Sequence",
        "magnitude": 6.2,
        "place": "45 km SE of Kamaishi, Japan",
        "depth_km": 56.3
      }
    },
    {
      "type": "Feature",
      "geometry": {
        "type": "Point",
        "coordinates": [
          144.59,
          38.058
        ]
      },
      "properties": {
        "timestamp": "2011-03-11T06:25:50.300000+00:00",
        "label": "2011 Tohoku Earthquake Sequence",
        "magnitude": 7.7,
        "place": "272 km ESE of Kamaishi, Japan",
        "depth_km": 18.6
      }
    },
    {
      "type": "Feature",
      "geometry": {
        "type": "Point",
        "coordinates": [
          144.233,
          37.812
        ]
      },
      "properties": {
        "timestamp": "2011-03-11T06:29:15.990000+00:00",
        "label": "2011 Tohoku Earthquake Sequence",
        "magnitude": 6.1,
        "place": "260 km ESE of ?funato, Japan",
        "depth_km": 40.6
      }
    },
    {
      "type": "Feature",
      "geometry": {
        "type": "Point",
        "coordinates": [
          141.867,
          36.625
        ]
      },
      "properties": {
        "timestamp": "2011-03-11T06:33:06.070000+00:00",
        "label": "2011 Tohoku Earthquake Sequence",
        "magnitude": 5.9,
        "place": "99 km ESE of Iwaki, Japan",
        "depth_km": 39.1
      }
    },
    {
      "type": "Feature",
      "geometry": {
        "type": "Point",
        "coordinates": [
          141.1,
          35.806
        ]
      },
      "properties": {
        "timestamp": "2011-03-11T06:35:20.900000+00:00",
        "label": "2011 Tohoku Earthquake Sequence",
        "magnitude": 5.8,
        "place": "25 km ENE of Hasaki, Japan",
        "depth_km": 10.3
      }
    },
    {
      "type": "Feature",
      "geometry": {
        "type": "Point",
        "coordinates": [
          142.404,
          37.465
        ]
      },
      "properties": {
        "timestamp": "2011-03-11T06:37:05.580000+00:00",
        "label": "2011 Tohoku Earthquake Sequence",
        "magnitude": 5.6,
        "place": "124 km E of Namie, Japan",
        "depth_km": 52.4
      }
    },
    {
      "type": "Feature",
      "geometry": {
        "type": "Point",
        "coordinates": [
          141.665,
          36.094
        ]
      },
      "properties": {
        "timestamp": "2011-03-11T06:38:11.330000+00:00",
        "label": "2011 Tohoku Earthquake Sequence",
        "magnitude": 5.8,
        "place": "85 km ENE of Hasaki, Japan",
        "depth_km": 47.2
      }
    },
    {
      "type": "Feature",
      "geometry": {
        "type": "Point",
        "coordinates": [
          142.463,
          37.04
        ]
      },
      "properties": {
        "timestamp": "2011-03-11T06:39:39.320000+00:00",
        "label": "2011 Tohoku Earthquake Sequence",
        "magnitude": 5.5,
        "place": "138 km ESE of Namie, Japan",
        "depth_km": 40.1
      }
    },
    {
      "type": "Feature",
      "geometry": {
        "type": "Point",
        "coordinates": [
          141.576,
          39.599
        ]
      },
      "properties": {
        "timestamp": "2011-03-11T06:41:01.450000+00:00",
        "label": "2011 Tohoku Earthquake Sequence",
        "magnitude": 5.8,
        "place": "31 km N of T?no, Japan",
        "depth_km": 35.0
      }
    },
    {
      "type": "Feature",
      "geometry": {
        "type": "Point",
        "coordinates": [
          144.627,
          38.066
        ]
      },
      "properties": {
        "timestamp": "2011-03-11T06:43:10.570000+00:00",
        "label": "2011 Tohoku Earthquake Sequence",
        "magnitude": 5.4,
        "place": "275 km ESE of Kamaishi, Japan",
        "depth_km": 25.9
      }
    },
    {
      "type": "Feature",
      "geometry": {
        "type": "Point",
        "coordinates": [
          141.1,
          36.588
        ]
      },
      "properties": {
        "timestamp": "2011-03-11T06:44:54.990000+00:00",
        "label": "2011 Tohoku Earthquake Sequence",
        "magnitude": 5.3,
        "place": "37 km ESE of Takahagi, Japan",
        "depth_km": 22.7
      }
    },
    {
      "type": "Feature",
      "geometry": {
        "type": "Point",
        "coordinates": [
          143.248,
          37.956
        ]
      },
      "properties": {
        "timestamp": "2011-03-11T06:46:31.190000+00:00",
        "label": "2011 Tohoku Earthquake Sequence",
        "magnitude": 5.9,
        "place": "178 km ESE of Ishinomaki, Japan",
        "depth_km": 30.6
      }
    },
    {
      "type": "Feature",
      "geometry": {
        "type": "Point",
        "coordinates": [
          141.946,
          38.807
        ]
      },
      "properties": {
        "timestamp": "2011-03-11T06:48:18.800000+00:00",
        "label": "2011 Tohoku Earthquake Sequence",
        "magnitude": 5.3,
        "place": "35 km SE of ?funato, Japan",
        "depth_km": 47.1
      }
    },
    {
      "type": "Feature",
      "geometry": {
        "type": "Point",
        "coordinates": [
          142.724,
          37.961
        ]
      },
      "properties": {
        "timestamp": "2011-03-11T06:48:45.590000+00:00",
        "label": "2011 Tohoku Earthquake Sequence",
        "magnitude": 6.2,
        "place": "134 km ESE of Ishinomaki, Japan",
        "depth_km": 11.7
      }
    },
    {
      "type": "Feature",
      "geometry": {
        "type": "Point",
        "coordinates": [
          144.237,
          37.337
        ]
      },
      "properties": {
        "timestamp": "2011-03-11T06:49:16.610000+00:00",
        "label": "2011 Tohoku Earthquake Sequence",
        "magnitude": 6.1,
        "place": "284 km ESE of Ishinomaki, Japan",
        "depth_km": 47.3
      }
    },
    {
      "type": "Feature",
      "geometry": {
        "type": "Point",
        "coordinates": [
          141.605,
          40.668
        ]
      },
      "properties": {
        "timestamp": "2011-03-11T06:49:57.540000+00:00",
        "label": "2011 Tohoku Earthquake Sequence",
        "magnitude": 5.8,
        "place": "18 km E of Misawa, Japan",
        "depth_km": 44.9
      }
    },
    {
      "type": "Feature",
      "geometry": {
        "type": "Point",
        "coordinates": [
          143.016,
          38.061
        ]
      },
      "properties": {
        "timestamp": "2011-03-11T06:52:28.510000+00:00",
        "label": "2011 Tohoku Earthquake Sequence",
        "magnitude": 5.5,
        "place": "155 km ESE of Ishinomaki, Japan",
        "depth_km": 33.6
      }
    },
    {
      "type": "Feature",
      "geometry": {
        "type": "Point",
        "coordinates": [
          141.493,
          36.974
        ]
      },
      "properties": {
        "timestamp": "2011-03-11T06:54:08.490000+00:00",
        "label": "2011 Tohoku Earthquake Sequence",
        "magnitude": 5.4,
        "place": "54 km E of Iwaki, Japan",
        "depth_km": 9.5
      }
    },
    {
      "type": "Feature",
      "geometry": {
        "type": "Point",
        "coordinates": [
          142.855,
          37.562
        ]
      },
      "properties": {
        "timestamp": "2011-03-11T06:55:33.600000+00:00",
        "label": "2011 Tohoku Earthquake Sequence",
        "magnitude": 5.9,
        "place": "164 km E of Namie, Japan",
        "depth_km": 39.8
      }
    },
    {
      "type": "Feature",
      "geometry": {
        "type": "Point",
        "coordinates": [
          140.875,
          35.712
        ]
      },
      "properties": {
        "timestamp": "2011-03-11T06:57:16.510000+00:00",
        "label": "2011 Tohoku Earthquake Sequence",
        "magnitude": 6,
        "place": "4 km ESE of Hasaki, Japan",
        "depth_km": 47.5
      }
    },
    {
      "type": "Feature",
      "geometry": {
        "type": "Point",
        "coordinates": [
          144.725,
          37.357
        ]
      },
      "properties": {
        "timestamp": "2011-03-11T06:59:00.270000+00:00",
        "label": "2011 Tohoku Earthquake Sequence",
        "magnitude": 6.3,
        "place": "off the east coast of Honshu, Japan",
        "depth_km": 35.9
      }
    },
    {
      "type": "Feature",
      "geometry": {
        "type": "Point",
        "coordinates": [
          143.755,
          36.628
        ]
      },
      "properties": {
        "timestamp": "2011-03-11T07:01:11.640000+00:00",
        "label": "2011 Tohoku Earthquake Sequence",
        "magnitude": 5.7,
        "place": "off the east coast of Honshu, Japan",
        "depth_km": 36.1
      }
    },
    {
      "type": "Feature",
      "geometry": {
        "type": "Point",
        "coordinates": [
          142.529,
          39.693
        ]
      },
      "properties": {
        "timestamp": "2011-03-11T07:02:57.260000+00:00",
        "label": "2011 Tohoku Earthquake Sequence",
        "magnitude": 5.8,
        "place": "50 km E of Miyako, Japan",
        "depth_km": 41.6
      }
    },
    {
      "type": "Feature",
      "geometry": {
        "type": "Point",
        "coordinates": [
          142.802,
          37.924
        ]
      },
      "properties": {
        "timestamp": "2011-03-11T07:03:00+00:00",
        "label": "2011 Tohoku Earthquake Sequence",
        "magnitude": 5.6,
        "place": "142 km ESE of Ishinomaki, Japan",
        "depth_km": 19.1
      }
    },
    {
      "type": "Feature",
      "geometry": {
        "type": "Point",
        "coordinates": [
          142.398,
          38.964
        ]
      },
      "properties": {
        "timestamp": "2011-03-11T07:04:16.170000+00:00",
        "label": "2011 Tohoku Earthquake Sequence",
        "magnitude": 5.8,
        "place": "57 km SE of Kamaishi, Japan",
        "depth_km": 23.7
      }
    },
    {
      "type": "Feature",
      "geometry": {
        "type": "Point",
        "coordinates": [
          143.6,
          38.442
        ]
      },
      "properties": {
        "timestamp": "2011-03-11T07:05:21.100000+00:00",
        "label": "2011 Tohoku Earthquake Sequence",
        "magnitude": 5.7,
        "place": "176 km ESE of Kamaishi, Japan",
        "depth_km": 15.4
      }
    },
    {
      "type": "Feature",
      "geometry": {
        "type": "Point",
        "coordinates": [
          142.98,
          37.778
        ]
      },
      "properties": {
        "timestamp": "2011-03-11T07:06:45.820000+00:00",
        "label": "2011 Tohoku Earthquake Sequence",
        "magnitude": 5.6,
        "place": "off the east coast of Honshu, Japan",
        "depth_km": 21.5
      }
    },
    {
      "type": "Feature",
      "geometry": {
        "type": "Point",
        "coordinates": [
          141.874,
          36.714
        ]
      },
      "properties": {
        "timestamp": "2011-03-11T07:09:12.050000+00:00",
        "label": "2011 Tohoku Earthquake Sequence",
        "magnitude": 5.7,
        "place": "95 km ESE of Iwaki, Japan",
        "depth_km": 28.2
      }
    },
    {
      "type": "Feature",
      "geometry": {
        "type": "Point",
        "coordinates": [
          141.856,
          36.718
        ]
      },
      "properties": {
        "timestamp": "2011-03-11T07:09:58.330000+00:00",
        "label": "2011 Tohoku Earthquake Sequence",
        "magnitude": 5.6,
        "place": "94 km ESE of Iwaki, Japan",
        "depth_km": 35.0
      }
    },
    {
      "type": "Feature",
      "geometry": {
        "type": "Point",
        "coordinates": [
          142.681,
          37.879
        ]
      },
      "properties": {
        "timestamp": "2011-03-11T07:10:59.890000+00:00",
        "label": "2011 Tohoku Earthquake Sequence",
        "magnitude": 5.8,
        "place": "134 km ESE of Ishinomaki, Japan",
        "depth_km": 33.7
      }
    },
    {
      "type": "Feature",
      "geometry": {
        "type": "Point",
        "coordinates": [
          142.358,
          36.103
        ]
      },
      "properties": {
        "timestamp": "2011-03-11T07:13:47.620000+00:00",
        "label": "2011 Tohoku Earthquake Sequence",
        "magnitude": 5.9,
        "place": "143 km ENE of Hasaki, Japan",
        "depth_km": 35.0
      }
    },
    {
      "type": "Feature",
      "geometry": {
        "type": "Point",
        "coordinates": [
          141.823,
          36.586
        ]
      },
      "properties": {
        "timestamp": "2011-03-11T07:14:58.820000+00:00",
        "label": "2011 Tohoku Earthquake Sequence",
        "magnitude": 6.3,
        "place": "near the east coast of Honshu, Japan",
        "depth_km": 24.7
      }
    },
    {
      "type": "Feature",
      "geometry": {
        "type": "Point",
        "coordinates": [
          142.406,
          37.006
        ]
      },
      "properties": {
        "timestamp": "2011-03-11T07:17:42.760000+00:00",
        "label": "2011 Tohoku Earthquake Sequence",
        "magnitude": 5.8,
        "place": "135 km ESE of Namie, Japan",
        "depth_km": 6.3
      }
    },
    {
      "type": "Feature",
      "geometry": {
        "type": "Point",
        "coordinates": [
          142.097,
          37.454
        ]
      },
      "properties": {
        "timestamp": "2011-03-11T07:23:16.910000+00:00",
        "label": "2011 Tohoku Earthquake Sequence",
        "magnitude": 5.9,
        "place": "97 km E of Namie, Japan",
        "depth_km": 19.6
      }
    },
    {
      "type": "Feature",
      "geometry": {
        "type": "Point",
        "coordinates": [
          144.529,
          37.934
        ]
      },
      "properties": {
        "timestamp": "2011-03-11T07:25:36.460000+00:00",
        "label": "2011 Tohoku Earthquake Sequence",
        "magnitude": 6.1,
        "place": "275 km ESE of Kamaishi, Japan",
        "depth_km": 39.5
      }
    },
    {
      "type": "Feature",
      "geometry": {
        "type": "Point",
        "coordinates": [
          141.824,
          36.823
        ]
      },
      "properties": {
        "timestamp": "2011-03-11T07:28:12.360000+00:00",
        "label": "2011 Tohoku Earthquake Sequence",
        "magnitude": 6.1,
        "place": "87 km ESE of Iwaki, Japan",
        "depth_km": 28.4
      }
    },
    {
      "type": "Feature",
      "geometry": {
        "type": "Point",
        "coordinates": [
          142.349,
          39.031
        ]
      },
      "properties": {
        "timestamp": "2011-03-11T07:29:01.830000+00:00",
        "label": "2011 Tohoku Earthquake Sequence",
        "magnitude": 6.3,
        "place": "49 km ESE of Kamaishi, Japan",
        "depth_km": 45.4
      }
    },
    {
      "type": "Feature",
      "geometry": {
        "type": "Point",
        "coordinates": [
          141.195,
          37.442
        ]
      },
      "properties": {
        "timestamp": "2011-03-11T07:30:18.450000+00:00",
        "label": "2011 Tohoku Earthquake Sequence",
        "magnitude": 6,
        "place": "17 km ESE of Namie, Japan",
        "depth_km": 49.2
      }
    },
    {
      "type": "Feature",
      "geometry": {
        "type": "Point",
        "coordinates": [
          142.71,
          36.323
        ]
      },
      "properties": {
        "timestamp": "2011-03-11T07:33:33.660000+00:00",
        "label": "2011 Tohoku Earthquake Sequence",
        "magnitude": 5.7,
        "place": "181 km ENE of Hasaki, Japan",
        "depth_km": 35.0
      }
    },
    {
      "type": "Feature",
      "geometry": {
        "type": "Point",
        "coordinates": [
          142.309,
          36.943
        ]
      },
      "properties": {
        "timestamp": "2011-03-11T07:35:52.220000+00:00",
        "label": "2011 Tohoku Earthquake Sequence",
        "magnitude": 5.7,
        "place": "127 km E of Iwaki, Japan",
        "depth_km": 21.9
      }
    },
    {
      "type": "Feature",
      "geometry": {
        "type": "Point",
        "coordinates": [
          142.793,
          39.204
        ]
      },
      "properties": {
        "timestamp": "2011-03-11T07:38:27.600000+00:00",
        "label": "2011 Tohoku Earthquake Sequence",
        "magnitude": 5.8,
        "place": "78 km ESE of Yamada, Japan",
        "depth_km": 38.5
      }
    },
    {
      "type": "Feature",
      "geometry": {
        "type": "Point",
        "coordinates": [
          142.191,
          38.345
        ]
      },
      "properties": {
        "timestamp": "2011-03-11T07:40:53.350000+00:00",
        "label": "2011 Tohoku Earthquake Sequence",
        "magnitude": 5.3,
        "place": "78 km E of Ishinomaki, Japan",
        "depth_km": 16.1
      }
    },
    {
      "type": "Feature",
      "geometry": {
        "type": "Point",
        "coordinates": [
          141.892,
          36.403
        ]
      },
      "properties": {
        "timestamp": "2011-03-11T07:42:55.650000+00:00",
        "label": "2011 Tohoku Earthquake Sequence",
        "magnitude": 5.7,
        "place": "110 km ESE of Kitaibaraki, Japan",
        "depth_km": 35.0
      }
    },
    {
      "type": "Feature",
      "geometry": {
        "type": "Point",
        "coordinates": [
          141.813,
          36.195
        ]
      },
      "properties": {
        "timestamp": "2011-03-11T07:44:27.990000+00:00",
        "label": "2011 Tohoku Earthquake Sequence",
        "magnitude": 5.8,
        "place": "102 km ENE of Hasaki, Japan",
        "depth_km": 13.8
      }
    },
    {
      "type": "Feature",
      "geometry": {
        "type": "Point",
        "coordinates": [
          143.837,
          38.726
        ]
      },
      "properties": {
        "timestamp": "2011-03-11T07:47:49.420000+00:00",
        "label": "2011 Tohoku Earthquake Sequence",
        "magnitude": 5.2,
        "place": "181 km ESE of Kamaishi, Japan",
        "depth_km": 21.1
      }
    },
    {
      "type": "Feature",
      "geometry": {
        "type": "Point",
        "coordinates": [
          142.162,
          36.951
        ]
      },
      "properties": {
        "timestamp": "2011-03-11T07:48:09.770000+00:00",
        "label": "2011 Tohoku Earthquake Sequence",
        "magnitude": 5.1,
        "place": "114 km E of Iwaki, Japan",
        "depth_km": 3.1
      }
    },
    {
      "type": "Feature",
      "geometry": {
        "type": "Point",
        "coordinates": [
          141.756,
          36.525
        ]
      },
      "properties": {
        "timestamp": "2011-03-11T07:49:48.530000+00:00",
        "label": "2011 Tohoku Earthquake Sequence",
        "magnitude": 5.4,
        "place": "94 km ESE of Kitaibaraki, Japan",
        "depth_km": 26.9
      }
    },
    {
      "type": "Feature",
      "geometry": {
        "type": "Point",
        "coordinates": [
          141.675,
          36.554
        ]
      },
      "properties": {
        "timestamp": "2011-03-11T07:51:53.410000+00:00",
        "label": "2011 Tohoku Earthquake Sequence",
        "magnitude": 5,
        "place": "86 km ESE of Kitaibaraki, Japan",
        "depth_km": 44.2
      }
    },
    {
      "type": "Feature",
      "geometry": {
        "type": "Point",
        "coordinates": [
          141.959,
          36.734
        ]
      },
      "properties": {
        "timestamp": "2011-03-11T07:53:29.180000+00:00",
        "label": "2011 Tohoku Earthquake Sequence",
        "magnitude": 5,
        "place": "102 km ESE of Iwaki, Japan",
        "depth_km": 42.0
      }
    },
    {
      "type": "Feature",
      "geometry": {
        "type": "Point",
        "coordinates": [
          141.573,
          37.743
        ]
      },
      "properties": {
        "timestamp": "2011-03-11T07:54:45.420000+00:00",
        "label": "2011 Tohoku Earthquake Sequence",
        "magnitude": 5.7,
        "place": "58 km ENE of Namie, Japan",
        "depth_km": 50.8
      }
    },
    {
      "type": "Feature",
      "geometry": {
        "type": "Point",
        "coordinates": [
          142.226,
          37.106
        ]
      },
      "properties": {
        "timestamp": "2011-03-11T07:56:15.410000+00:00",
        "label": "2011 Tohoku Earthquake Sequence",
        "magnitude": 5.6,
        "place": "116 km ESE of Namie, Japan",
        "depth_km": 38.0
      }
    },
    {
      "type": "Feature",
      "geometry": {
        "type": "Point",
        "coordinates": [
          142.78,
          37.012
        ]
      },
      "properties": {
        "timestamp": "2011-03-11T07:59:48.970000+00:00",
        "label": "2011 Tohoku Earthquake Sequence",
        "magnitude": 5.7,
        "place": "166 km ESE of Namie, Japan",
        "depth_km": 0.7
      }
    },
    {
      "type": "Feature",
      "geometry": {
        "type": "Point",
        "coordinates": [
          142.815,
          36.983
        ]
      },
      "properties": {
        "timestamp": "2011-03-11T08:01:24.150000+00:00",
        "label": "2011 Tohoku Earthquake Sequence",
        "magnitude": 5.1,
        "place": "170 km ESE of Namie, Japan",
        "depth_km": 35.0
      }
    },
    {
      "type": "Feature",
      "geometry": {
        "type": "Point",
        "coordinates": [
          142.7,
          36.936
        ]
      },
      "properties": {
        "timestamp": "2011-03-11T08:01:57+00:00",
        "label": "2011 Tohoku Earthquake Sequence",
        "magnitude": 5.9,
        "place": "162 km E of Iwaki, Japan",
        "depth_km": 19.3
      }
    },
    {
      "type": "Feature",
      "geometry": {
        "type": "Point",
        "coordinates": [
          142.208,
          37.593
        ]
      },
      "properties": {
        "timestamp": "2011-03-11T08:04:58.780000+00:00",
        "label": "2011 Tohoku Earthquake Sequence",
        "magnitude": 5.7,
        "place": "107 km E of Namie, Japan",
        "depth_km": 48.9
      }
    },
    {
      "type": "Feature",
      "geometry": {
        "type": "Point",
        "coordinates": [
          142.823,
          37.569
        ]
      },
      "properties": {
        "timestamp": "2011-03-11T08:06:20.680000+00:00",
        "label": "2011 Tohoku Earthquake Sequence",
        "magnitude": 5.4,
        "place": "161 km E of Namie, Japan",
        "depth_km": 20.8
      }
    },
    {
      "type": "Feature",
      "geometry": {
        "type": "Point",
        "coordinates": [
          140.852,
          36.287
        ]
      },
      "properties": {
        "timestamp": "2011-03-11T08:10:29.340000+00:00",
        "label": "2011 Tohoku Earthquake Sequence",
        "magnitude": 5.6,
        "place": "24 km E of ?arai, Japan",
        "depth_km": 19.5
      }
    },
    {
      "type": "Feature",
      "geometry": {
        "type": "Point",
        "coordinates": [
          141.486,
          36.569
        ]
      },
      "properties": {
        "timestamp": "2011-03-11T08:12:07.260000+00:00",
        "label": "2011 Tohoku Earthquake Sequence",
        "magnitude": 6.2,
        "place": "70 km ESE of Kitaibaraki, Japan",
        "depth_km": 39.6
      }
    },
    {
      "type": "Feature",
      "geometry": {
        "type": "Point",
        "coordinates": [
          144.541,
          37.047
        ]
      },
      "properties": {
        "timestamp": "2011-03-11T08:15:41.850000+00:00",
        "label": "2011 Tohoku Earthquake Sequence",
        "magnitude": 6.1,
        "place": "off the east coast of Honshu, Japan",
        "depth_km": 41.0
      }
    },
    {
      "type": "Feature",
      "geometry": {
        "type": "Point",
        "coordinates": [
          141.698,
          36.117
        ]
      },
      "properties": {
        "timestamp": "2011-03-11T08:19:14.520000+00:00",
        "label": "2011 Tohoku Earthquake Sequence",
        "magnitude": 5.4,
        "place": "88 km ENE of Hasaki, Japan",
        "depth_km": 8.0
      }
    },
    {
      "type": "Feature",
      "geometry": {
        "type": "Point",
        "coordinates": [
          141.562,
          36.166
        ]
      },
      "properties": {
        "timestamp": "2011-03-11T08:19:24.380000+00:00",
        "label": "2011 Tohoku Earthquake Sequence",
        "magnitude": 6.5,
        "place": "81 km NE of Hasaki, Japan",
        "depth_km": 6.8
      }
    },
    {
      "type": "Feature",
      "geometry": {
        "type": "Point",
        "coordinates": [
          143.017,
          37.367
        ]
      },
      "properties": {
        "timestamp": "2011-03-11T08:26:36.930000+00:00",
        "label": "2011 Tohoku Earthquake Sequence",
        "magnitude": 6.1,
        "place": "178 km E of Namie, Japan",
        "depth_km": 17.0
      }
    },
    {
      "type": "Feature",
      "geometry": {
        "type": "Point",
        "coordinates": [
          142.657,
          38.017
        ]
      },
      "properties": {
        "timestamp": "2011-03-11T08:27:51.600000+00:00",
        "label": "2011 Tohoku Earthquake Sequence",
        "magnitude": 6,
        "place": "126 km ESE of Ishinomaki, Japan",
        "depth_km": 42.8
      }
    },
    {
      "type": "Feature",
      "geometry": {
        "type": "Point",
        "coordinates": [
          141.176,
          37.469
        ]
      },
      "properties": {
        "timestamp": "2011-03-11T08:31:09.260000+00:00",
        "label": "2011 Tohoku Earthquake Sequence",
        "magnitude": 6,
        "place": "15 km E of Namie, Japan",
        "depth_km": 37.3
      }
    },
    {
      "type": "Feature",
      "geometry": {
        "type": "Point",
        "coordinates": [
          142.967,
          39.14
        ]
      },
      "properties": {
        "timestamp": "2011-03-11T08:33:00.780000+00:00",
        "label": "2011 Tohoku Earthquake Sequence",
        "magnitude": 6,
        "place": "94 km ESE of Yamada, Japan",
        "depth_km": 27.6
      }
    },
    {
      "type": "Feature",
      "geometry": {
        "type": "Point",
        "coordinates": [
          140.984,
          36.033
        ]
      },
      "properties": {
        "timestamp": "2011-03-11T08:35:22.110000+00:00",
        "label": "2011 Tohoku Earthquake Sequence",
        "magnitude": 5.6,
        "place": "31 km ENE of Kashima-shi, Japan",
        "depth_km": 19.7
      }
    },
    {
      "type": "Feature",
      "geometry": {
        "type": "Point",
        "coordinates": [
          143.833,
          37.704
        ]
      },
      "properties": {
        "timestamp": "2011-03-11T08:38:01.510000+00:00",
        "label": "2011 Tohoku Earthquake Sequence",
        "magnitude": 5.4,
        "place": "235 km ESE of Ishinomaki, Japan",
        "depth_km": 9.4
      }
    },
    {
      "type": "Feature",
      "geometry": {
        "type": "Point",
        "coordinates": [
          142.771,
          37.64
        ]
      },
      "properties": {
        "timestamp": "2011-03-11T08:39:12.960000+00:00",
        "label": "2011 Tohoku Earthquake Sequence",
        "magnitude": 5.5,
        "place": "155 km SE of Ishinomaki, Japan",
        "depth_km": 46.2
      }
    },
    {
      "type": "Feature",
      "geometry": {
        "type": "Point",
        "coordinates": [
          140.984,
          37.447
        ]
      },
      "properties": {
        "timestamp": "2011-03-11T08:40:56.140000+00:00",
        "label": "2011 Tohoku Earthquake Sequence",
        "magnitude": 5.9,
        "place": "4 km SSW of Namie, Japan",
        "depth_km": 39.5
      }
    },
    {
      "type": "Feature",
      "geometry": {
        "type": "Point",
        "coordinates": [
          140.966,
          36.122
        ]
      },
      "properties": {
        "timestamp": "2011-03-11T08:44:00.140000+00:00",
        "label": "2011 Tohoku Earthquake Sequence",
        "magnitude": 5.6,
        "place": "33 km ENE of Kashima-shi, Japan",
        "depth_km": 47.3
      }
    },
    {
      "type": "Feature",
      "geometry": {
        "type": "Point",
        "coordinates": [
          142.451,
          37.416
        ]
      },
      "properties": {
        "timestamp": "2011-03-11T08:46:45.850000+00:00",
        "label": "2011 Tohoku Earthquake Sequence",
        "magnitude": 5.6,
        "place": "128 km E of Namie, Japan",
        "depth_km": 25.8
      }
    },
    {
      "type": "Feature",
      "geometry": {
        "type": "Point",
        "coordinates": [
          141.909,
          36.505
        ]
      },
      "properties": {
        "timestamp": "2011-03-11T08:48:26.650000+00:00",
        "label": "2011 Tohoku Earthquake Sequence",
        "magnitude": 5.2,
        "place": "108 km ESE of Kitaibaraki, Japan",
        "depth_km": 47.8
      }
    },
    {
      "type": "Feature",
      "geometry": {
        "type": "Point",
        "coordinates": [
          143.642,
          37.556
        ]
      },
      "properties": {
        "timestamp": "2011-03-11T08:51:05.360000+00:00",
        "label": "2011 Tohoku Earthquake Sequence",
        "magnitude": 5.3,
        "place": "226 km ESE of Ishinomaki, Japan",
        "depth_km": 35.0
      }
    },
    {
      "type": "Feature",
      "geometry": {
        "type": "Point",
        "coordinates": [
          141.098,
          36.326
        ]
      },
      "properties": {
        "timestamp": "2011-03-11T08:52:04.660000+00:00",
        "label": "2011 Tohoku Earthquake Sequence",
        "magnitude": 5.3,
        "place": "46 km E of ?arai, Japan",
        "depth_km": 40.8
      }
    },
    {
      "type": "Feature",
      "geometry": {
        "type": "Point",
        "coordinates": [
          141.924,
          36.77
        ]
      },
      "properties": {
        "timestamp": "2011-03-11T08:52:23.420000+00:00",
        "label": "2011 Tohoku Earthquake Sequence",
        "magnitude": 5.5,
        "place": "97 km ESE of Iwaki, Japan",
        "depth_km": 17.0
      }
    },
    {
      "type": "Feature",
      "geometry": {
        "type": "Point",
        "coordinates": [
          141.597,
          36.607
        ]
      },
      "properties": {
        "timestamp": "2011-03-11T08:55:07.520000+00:00",
        "label": "2011 Tohoku Earthquake Sequence",
        "magnitude": 5,
        "place": "78 km ESE of Kitaibaraki, Japan",
        "depth_km": 36.5
      }
    },
    {
      "type": "Feature",
      "geometry": {
        "type": "Point",
        "coordinates": [
          142.497,
          37.281
        ]
      },
      "properties": {
        "timestamp": "2011-03-11T09:00:14.520000+00:00",
        "label": "2011 Tohoku Earthquake Sequence",
        "magnitude": 5.1,
        "place": "134 km E of Namie, Japan",
        "depth_km": 23.2
      }
    },
    {
      "type": "Feature",
      "geometry": {
        "type": "Point",
        "coordinates": [
          142.718,
          37.376
        ]
      },
      "properties": {
        "timestamp": "2011-03-11T09:04:06.900000+00:00",
        "label": "2011 Tohoku Earthquake Sequence",
        "magnitude": 5.4,
        "place": "152 km E of Namie, Japan",
        "depth_km": 8.8
      }
    },
    {
      "type": "Feature",
      "geometry": {
        "type": "Point",
        "coordinates": [
          142.674,
          37.301
        ]
      },
      "properties": {
        "timestamp": "2011-03-11T09:05:34.020000+00:00",
        "label": "2011 Tohoku Earthquake Sequence",
        "magnitude": 5.3,
        "place": "149 km E of Namie, Japan",
        "depth_km": 12.0
      }
    },
    {
      "type": "Feature",
      "geometry": {
        "type": "Point",
        "coordinates": [
          143.997,
          37.403
        ]
      },
      "properties": {
        "timestamp": "2011-03-11T09:06:03.130000+00:00",
        "label": "2011 Tohoku Earthquake Sequence",
        "magnitude": 5.1,
        "place": "262 km ESE of Ishinomaki, Japan",
        "depth_km": 35.0
      }
    },
    {
      "type": "Feature",
      "geometry": {
        "type": "Point",
        "coordinates": [
          143.311,
          37.683
        ]
      },
      "properties": {
        "timestamp": "2011-03-11T09:09:14.680000+00:00",
        "label": "2011 Tohoku Earthquake Sequence",
        "magnitude": 5.5,
        "place": "194 km ESE of Ishinomaki, Japan",
        "depth_km": 39.2
      }
    },
    {
      "type": "Feature",
      "geometry": {
        "type": "Point",
        "coordinates": [
          140.117,
          37.967
        ]
      },
      "properties": {
        "timestamp": "2011-03-11T09:16:29.890000+00:00",
        "label": "2011 Tohoku Earthquake Sequence",
        "magnitude": 5,
        "place": "eastern Honshu, Japan",
        "depth_km": 53.8
      }
    },
    {
      "type": "Feature",
      "geometry": {
        "type": "Point",
        "coordinates": [
          144.13,
          37.439
        ]
      },
      "properties": {
        "timestamp": "2011-03-11T09:19:07.840000+00:00",
        "label": "2011 Tohoku Earthquake Sequence",
        "magnitude": 5,
        "place": "271 km ESE of Ishinomaki, Japan",
        "depth_km": 10.0
      }
    },
    {
      "type": "Feature",
      "geometry": {
        "type": "Point",
        "coordinates": [
          142.159,
          38.298
        ]
      },
      "properties": {
        "timestamp": "2011-03-11T09:27:42.240000+00:00",
        "label": "2011 Tohoku Earthquake Sequence",
        "magnitude": 5.3,
        "place": "76 km E of Ishinomaki, Japan",
        "depth_km": 68.1
      }
    },
    {
      "type": "Feature",
      "geometry": {
        "type": "Point",
        "coordinates": [
          142.65,
          37.696
        ]
      },
      "properties": {
        "timestamp": "2011-03-11T09:34:12.770000+00:00",
        "label": "2011 Tohoku Earthquake Sequence",
        "magnitude": 5,
        "place": "off the east coast of Honshu, Japan",
        "depth_km": 35.0
      }
    },
    {
      "type": "Feature",
      "geometry": {
        "type": "Point",
        "coordinates": [
          141.601,
          35.912
        ]
      },
      "properties": {
        "timestamp": "2011-03-11T09:37:04.610000+00:00",
        "label": "2011 Tohoku Earthquake Sequence",
        "magnitude": 5.5,
        "place": "72 km ENE of Hasaki, Japan",
        "depth_km": 5.8
      }
    },
    {
      "type": "Feature",
      "geometry": {
        "type": "Point",
        "coordinates": [
          142.705,
          39.495
        ]
      },
      "properties": {
        "timestamp": "2011-03-11T09:42:20.550000+00:00",
        "label": "2011 Tohoku Earthquake Sequence",
        "magnitude": 5.3,
        "place": "65 km E of Yamada, Japan",
        "depth_km": 18.0
      }
    },
    {
      "type": "Feature",
      "geometry": {
        "type": "Point",
        "coordinates": [
          142.299,
          36.664
        ]
      },
      "properties": {
        "timestamp": "2011-03-11T09:45:25.080000+00:00",
        "label": "2011 Tohoku Earthquake Sequence",
        "magnitude": 5,
        "place": "133 km ESE of Iwaki, Japan",
        "depth_km": 35.1
      }
    },
    {
      "type": "Feature",
      "geometry": {
        "type": "Point",
        "coordinates": [
          144.121,
          37.397
        ]
      },
      "properties": {
        "timestamp": "2011-03-11T09:45:44.220000+00:00",
        "label": "2011 Tohoku Earthquake Sequence",
        "magnitude": 5,
        "place": "272 km ESE of Ishinomaki, Japan",
        "depth_km": 35.0
      }
    },
    {
      "type": "Feature",
      "geometry": {
        "type": "Point",
        "coordinates": [
          143.056,
          39.599
        ]
      },
      "properties": {
        "timestamp": "2011-03-11T09:47:01.830000+00:00",
        "label": "2011 Tohoku Earthquake Sequence",
        "magnitude": 5.4,
        "place": "95 km E of Miyako, Japan",
        "depth_km": 38.6
      }
    },
    {
      "type": "Feature",
      "geometry": {
        "type": "Point",
        "coordinates": [
          141.822,
          36.223
        ]
      },
      "properties": {
        "timestamp": "2011-03-11T09:51:06.650000+00:00",
        "label": "2011 Tohoku Earthquake Sequence",
        "magnitude": 5.1,
        "place": "104 km ENE of Hasaki, Japan",
        "depth_km": 47.5
      }
    },
    {
      "type": "Feature",
      "geometry": {
        "type": "Point",
        "coordinates": [
          141.812,
          37.715
        ]
      },
      "properties": {
        "timestamp": "2011-03-11T09:52:43.840000+00:00",
        "label": "2011 Tohoku Earthquake Sequence",
        "magnitude": 5,
        "place": "76 km ENE of Namie, Japan",
        "depth_km": 55.8
      }
    },
    {
      "type": "Feature",
      "geometry": {
        "type": "Point",
        "coordinates": [
          142.191,
          36.661
        ]
      },
      "properties": {
        "timestamp": "2011-03-11T09:59:51.990000+00:00",
        "label": "2011 Tohoku Earthquake Sequence",
        "magnitude": 5.3,
        "place": "124 km ESE of Iwaki, Japan",
        "depth_km": 10.0
      }
    },
    {
      "type": "Feature",
      "geometry": {
        "type": "Point",
        "coordinates": [
          143.158,
          37.295
        ]
      },
      "properties": {
        "timestamp": "2011-03-11T10:00:27.200000+00:00",
        "label": "2011 Tohoku Earthquake Sequence",
        "magnitude": 5.1,
        "place": "192 km E of Namie, Japan",
        "depth_km": 21.3
      }
    },
    {
      "type": "Feature",
      "geometry": {
        "type": "Point",
        "coordinates": [
          142.76,
          39.185
        ]
      },
      "properties": {
        "timestamp": "2011-03-11T10:10:34.220000+00:00",
        "label": "2011 Tohoku Earthquake Sequence",
        "magnitude": 6,
        "place": "76 km ESE of Yamada, Japan",
        "depth_km": 26.5
      }
    },
    {
      "type": "Feature",
      "geometry": {
        "type": "Point",
        "coordinates": [
          140.983,
          35.808
        ]
      },
      "properties": {
        "timestamp": "2011-03-11T10:15:49.410000+00:00",
        "label": "2011 Tohoku Earthquake Sequence",
        "magnitude": 5,
        "place": "15 km ENE of Hasaki, Japan",
        "depth_km": 35.0
      }
    },
    {
      "type": "Feature",
      "geometry": {
        "type": "Point",
        "coordinates": [
          141.61,
          36.047
        ]
      },
      "properties": {
        "timestamp": "2011-03-11T10:19:51.620000+00:00",
        "label": "2011 Tohoku Earthquake Sequence",
        "magnitude": 5,
        "place": "78 km ENE of Hasaki, Japan",
        "depth_km": 22.5
      }
    },
    {
      "type": "Feature",
      "geometry": {
        "type": "Point",
        "coordinates": [
          142.247,
          36.896
        ]
      },
      "properties": {
        "timestamp": "2011-03-11T10:20:26.240000+00:00",
        "label": "2011 Tohoku Earthquake Sequence",
        "magnitude": 5.4,
        "place": "122 km E of Iwaki, Japan",
        "depth_km": 17.5
      }
    },
    {
      "type": "Feature",
      "geometry": {
        "type": "Point",
        "coordinates": [
          142.032,
          37.256
        ]
      },
      "properties": {
        "timestamp": "2011-03-11T10:21:09.350000+00:00",
        "label": "2011 Tohoku Earthquake Sequence",
        "magnitude": 5.4,
        "place": "94 km ESE of Namie, Japan",
        "depth_km": 43.8
      }
    },
    {
      "type": "Feature",
      "geometry": {
        "type": "Point",
        "coordinates": [
          142.863,
          37.97
        ]
      },
      "properties": {
        "timestamp": "2011-03-11T10:21:55.670000+00:00",
        "label": "2011 Tohoku Earthquake Sequence",
        "magnitude": 5.1,
        "place": "145 km ESE of Ishinomaki, Japan",
        "depth_km": 35.0
      }
    },
    {
      "type": "Feature",
      "geometry": {
        "type": "Point",
        "coordinates": [
          142.521,
          36.665
        ]
      },
      "properties": {
        "timestamp": "2011-03-11T10:22:02.630000+00:00",
        "label": "2011 Tohoku Earthquake Sequence",
        "magnitude": 5.7,
        "place": "152 km ESE of Iwaki, Japan",
        "depth_km": 10.0
      }
    },
    {
      "type": "Feature",
      "geometry": {
        "type": "Point",
        "coordinates": [
          143.571,
          37.961
        ]
      },
      "properties": {
        "timestamp": "2011-03-11T10:28:21.040000+00:00",
        "label": "2011 Tohoku Earthquake Sequence",
        "magnitude": 5,
        "place": "203 km SE of ?funato, Japan",
        "depth_km": 35.0
      }
    },
    {
      "type": "Feature",
      "geometry": {
        "type": "Point",
        "coordinates": [
          143.592,
          39.397
        ]
      },
      "properties": {
        "timestamp": "2011-03-11T10:28:42.690000+00:00",
        "label": "2011 Tohoku Earthquake Sequence",
        "magnitude": 5.9,
        "place": "141 km E of Yamada, Japan",
        "depth_km": 20.0
      }
    },
    {
      "type": "Feature",
      "geometry": {
        "type": "Point",
        "coordinates": [
          141.2,
          37.05
        ]
      },
      "properties": {
        "timestamp": "2011-03-11T10:35:36.710000+00:00",
        "label": "2011 Tohoku Earthquake Sequence",
        "magnitude": 5.2,
        "place": "28 km E of Iwaki, Japan",
        "depth_km": 37.8
      }
    },
    {
      "type": "Feature",
      "geometry": {
        "type": "Point",
        "coordinates": [
          142.487,
          36.688
        ]
      },
      "properties": {
        "timestamp": "2011-03-11T10:40:53.720000+00:00",
        "label": "2011 Tohoku Earthquake Sequence",
        "magnitude": 5,
        "place": "148 km ESE of Iwaki, Japan",
        "depth_km": 35.0
      }
    },
    {
      "type": "Feature",
      "geometry": {
        "type": "Point",
        "coordinates": [
          143.116,
          38.387
        ]
      },
      "properties": {
        "timestamp": "2011-03-11T10:44:08.030000+00:00",
        "label": "2011 Tohoku Earthquake Sequence",
        "magnitude": 5,
        "place": "143 km ESE of ?funato, Japan",
        "depth_km": 35.0
      }
    },
    {
      "type": "Feature",
      "geometry": {
        "type": "Point",
        "coordinates": [
          141.388,
          35.888
        ]
      },
      "properties": {
        "timestamp": "2011-03-11T10:45:19.320000+00:00",
        "label": "2011 Tohoku Earthquake Sequence",
        "magnitude": 5.4,
        "place": "52 km ENE of Hasaki, Japan",
        "depth_km": 12.3
      }
    },
    {
      "type": "Feature",
      "geometry": {
        "type": "Point",
        "coordinates": [
          143.752,
          38.417
        ]
      },
      "properties": {
        "timestamp": "2011-03-11T10:45:44.690000+00:00",
        "label": "2011 Tohoku Earthquake Sequence",
        "magnitude": 5.6,
        "place": "189 km ESE of Kamaishi, Japan",
        "depth_km": 33.3
      }
    },
    {
      "type": "Feature",
      "geometry": {
        "type": "Point",
        "coordinates": [
          143.05,
          37.491
        ]
      },
      "properties": {
        "timestamp": "2011-03-11T10:47:08.970000+00:00",
        "label": "2011 Tohoku Earthquake Sequence",
        "magnitude": 5.2,
        "place": "181 km E of Namie, Japan",
        "depth_km": 6.6
      }
    },
    {
      "type": "Feature",
      "geometry": {
        "type": "Point",
        "coordinates": [
          143.36,
          38.491
        ]
      },
      "properties": {
        "timestamp": "2011-03-11T10:52:08.320000+00:00",
        "label": "2011 Tohoku Earthquake Sequence",
        "magnitude": 5,
        "place": "156 km SE of Kamaishi, Japan",
        "depth_km": 36.4
      }
    },
    {
      "type": "Feature",
      "geometry": {
        "type": "Point",
        "coordinates": [
          142.267,
          39.002
        ]
      },
      "properties": {
        "timestamp": "2011-03-11T10:58:02.840000+00:00",
        "label": "2011 Tohoku Earthquake Sequence",
        "magnitude": 5.2,
        "place": "46 km SE of Kamaishi, Japan",
        "depth_km": 15.4
      }
    },
    {
      "type": "Feature",
      "geometry": {
        "type": "Point",
        "coordinates": [
          141.496,
          37.737
        ]
      },
      "properties": {
        "timestamp": "2011-03-11T11:00:52.420000+00:00",
        "label": "2011 Tohoku Earthquake Sequence",
        "magnitude": 5.6,
        "place": "52 km ENE of Namie, Japan",
        "depth_km": 41.8
      }
    },
    {
      "type": "Feature",
      "geometry": {
        "type": "Point",
        "coordinates": [
          142.965,
          39.173
        ]
      },
      "properties": {
        "timestamp": "2011-03-11T11:02:30.040000+00:00",
        "label": "2011 Tohoku Earthquake Sequence",
        "magnitude": 5.3,
        "place": "93 km ESE of Yamada, Japan",
        "depth_km": 47.5
      }
    },
    {
      "type": "Feature",
      "geometry": {
        "type": "Point",
        "coordinates": [
          142.605,
          38.004
        ]
      },
      "properties": {
        "timestamp": "2011-03-11T11:06:07.560000+00:00",
        "label": "2011 Tohoku Earthquake Sequence",
        "magnitude": 5,
        "place": "123 km ESE of Ishinomaki, Japan",
        "depth_km": 35.0
      }
    },
    {
      "type": "Feature",
      "geometry": {
        "type": "Point",
        "coordinates": [
          142.544,
          37.024
        ]
      },
      "properties": {
        "timestamp": "2011-03-11T11:06:44.440000+00:00",
        "label": "2011 Tohoku Earthquake Sequence",
        "magnitude": 5.1,
        "place": "146 km ESE of Namie, Japan",
        "depth_km": 35.0
      }
    },
    {
      "type": "Feature",
      "geometry": {
        "type": "Point",
        "coordinates": [
          143.265,
          36.481
        ]
      },
      "properties": {
        "timestamp": "2011-03-11T11:09:45.830000+00:00",
        "label": "2011 Tohoku Earthquake Sequence",
        "magnitude": 5.2,
        "place": "221 km ESE of Iwaki, Japan",
        "depth_km": 35.0
      }
    },
    {
      "type": "Feature",
      "geometry": {
        "type": "Point",
        "coordinates": [
          141.842,
          35.535
        ]
      },
      "properties": {
        "timestamp": "2011-03-11T11:10:58.300000+00:00",
        "label": "2011 Tohoku Earthquake Sequence",
        "magnitude": 5.5,
        "place": "93 km ESE of Hasaki, Japan",
        "depth_km": 35.0
      }
    },
    {
      "type": "Feature",
      "geometry": {
        "type": "Point",
        "coordinates": [
          141.778,
          36.38
        ]
      },
      "properties": {
        "timestamp": "2011-03-11T11:13:12.980000+00:00",
        "label": "2011 Tohoku Earthquake Sequence",
        "magnitude": 5.5,
        "place": "102 km ESE of Takahagi, Japan",
        "depth_km": 25.9
      }
    },
    {
      "type": "Feature",
      "geometry": {
        "type": "Point",
        "coordinates": [
          143.323,
          39.193
        ]
      },
      "properties": {
        "timestamp": "2011-03-11T11:15:56.250000+00:00",
        "label": "2011 Tohoku Earthquake Sequence",
        "magnitude": 5.3,
        "place": "122 km ESE of Yamada, Japan",
        "depth_km": 52.1
      }
    },
    {
      "type": "Feature",
      "geometry": {
        "type": "Point",
        "coordinates": [
          141.809,
          36.628
        ]
      },
      "properties": {
        "timestamp": "2011-03-11T11:16:50.250000+00:00",
        "label": "2011 Tohoku Earthquake Sequence",
        "magnitude": 5.5,
        "place": "94 km ESE of Iwaki, Japan",
        "depth_km": 36.6
      }
    },
    {
      "type": "Feature",
      "geometry": {
        "type": "Point",
        "coordinates": [
          140.933,
          35.684
        ]
      },
      "properties": {
        "timestamp": "2011-03-11T11:21:03.070000+00:00",
        "label": "2011 Tohoku Earthquake Sequence",
        "magnitude": 5.7,
        "place": "10 km ESE of Hasaki, Japan",
        "depth_km": 35.0
      }
    },
    {
      "type": "Feature",
      "geometry": {
        "type": "Point",
        "coordinates": [
          143.073,
          37.547
        ]
      },
      "properties": {
        "timestamp": "2011-03-11T11:21:29.790000+00:00",
        "label": "2011 Tohoku Earthquake Sequence",
        "magnitude": 5.8,
        "place": "183 km ESE of Ishinomaki, Japan",
        "depth_km": 35.0
      }
    },
    {
      "type": "Feature",
      "geometry": {
        "type": "Point",
        "coordinates": [
          142.011,
          35.571
        ]
      },
      "properties": {
        "timestamp": "2011-03-11T11:25:31.740000+00:00",
        "label": "2011 Tohoku Earthquake Sequence",
        "magnitude": 5.2,
        "place": "108 km E of Hasaki, Japan",
        "depth_km": 9.6
      }
    },
    {
      "type": "Feature",
      "geometry": {
        "type": "Point",
        "coordinates": [
          143.369,
          39.128
        ]
      },
      "properties": {
        "timestamp": "2011-03-11T11:27:18.490000+00:00",
        "label": "2011 Tohoku Earthquake Sequence",
        "magnitude": 5.4,
        "place": "128 km ESE of Yamada, Japan",
        "depth_km": 10.0
      }
    },
    {
      "type": "Feature",
      "geometry": {
        "type": "Point",
        "coordinates": [
          142.162,
          38.504
        ]
      },
      "properties": {
        "timestamp": "2011-03-11T11:28:50.830000+00:00",
        "label": "2011 Tohoku Earthquake Sequence",
        "magnitude": 5.2,
        "place": "73 km SSE of ?funato, Japan",
        "depth_km": 27.7
      }
    },
    {
      "type": "Feature",
      "geometry": {
        "type": "Point",
        "coordinates": [
          143.43,
          39.219
        ]
      },
      "properties": {
        "timestamp": "2011-03-11T11:30:19.150000+00:00",
        "label": "2011 Tohoku Earthquake Sequence",
        "magnitude": 5.4,
        "place": "130 km ESE of Yamada, Japan",
        "depth_km": 13.8
      }
    },
    {
      "type": "Feature",
      "geometry": {
        "type": "Point",
        "coordinates": [
          140.115,
          38.085
        ]
      },
      "properties": {
        "timestamp": "2011-03-11T11:31:13.990000+00:00",
        "label": "2011 Tohoku Earthquake Sequence",
        "magnitude": 5.1,
        "place": "7 km ESE of Nagai, Japan",
        "depth_km": 58.1
      }
    },
    {
      "type": "Feature",
      "geometry": {
        "type": "Point",
        "coordinates": [
          142.396,
          36.238
        ]
      },
      "properties": {
        "timestamp": "2011-03-11T11:32:14.800000+00:00",
        "label": "2011 Tohoku Earthquake Sequence",
        "magnitude": 5.7,
        "place": "151 km ENE of Hasaki, Japan",
        "depth_km": 35.0
      }
    },
    {
      "type": "Feature",
      "geometry": {
        "type": "Point",
        "coordinates": [
          143.166,
          39.065
        ]
      },
      "properties": {
        "timestamp": "2011-03-11T11:32:27.130000+00:00",
        "label": "2011 Tohoku Earthquake Sequence",
        "magnitude": 5.8,
        "place": "114 km ESE of Yamada, Japan",
        "depth_km": 36.3
      }
    },
    {
      "type": "Feature",
      "geometry": {
        "type": "Point",
        "coordinates": [
          144.783,
          37.906
        ]
      },
      "properties": {
        "timestamp": "2011-03-11T11:35:25.320000+00:00",
        "label": "2011 Tohoku Earthquake Sequence",
        "magnitude": 5.3,
        "place": "296 km ESE of Kamaishi, Japan",
        "depth_km": 18.3
      }
    },
    {
      "type": "Feature",
      "geometry": {
        "type": "Point",
        "coordinates": [
          142.463,
          39.241
        ]
      },
      "properties": {
        "timestamp": "2011-03-11T11:36:40.920000+00:00",
        "label": "2011 Tohoku Earthquake Sequence",
        "magnitude": 6.6,
        "place": "50 km ESE of ?tsuchi, Japan",
        "depth_km": 25.7
      }
    },
    {
      "type": "Feature",
      "geometry": {
        "type": "Point",
        "coordinates": [
          142.906,
          39.319
        ]
      },
      "properties": {
        "timestamp": "2011-03-11T11:42:08.320000+00:00",
        "label": "2011 Tohoku Earthquake Sequence",
        "magnitude": 5.4,
        "place": "83 km ESE of Yamada, Japan",
        "depth_km": 10.0
      }
    },
    {
      "type": "Feature",
      "geometry": {
        "type": "Point",
        "coordinates": [
          142.244,
          36.695
        ]
      },
      "properties": {
        "timestamp": "2011-03-11T11:44:28.300000+00:00",
        "label": "2011 Tohoku Earthquake Sequence",
        "magnitude": 5.7,
        "place": "127 km ESE of Iwaki, Japan",
        "depth_km": 35.0
      }
    },
    {
      "type": "Feature",
      "geometry": {
        "type": "Point",
        "coordinates": [
          141.171,
          36.004
        ]
      },
      "properties": {
        "timestamp": "2011-03-11T11:46:42.500000+00:00",
        "label": "2011 Tohoku Earthquake Sequence",
        "magnitude": 5.8,
        "place": "42 km NE of Hasaki, Japan",
        "depth_km": 17.7
      }
    },
    {
      "type": "Feature",
      "geometry": {
        "type": "Point",
        "coordinates": [
          144.486,
          37.9
        ]
      },
      "properties": {
        "timestamp": "2011-03-11T11:49:22.550000+00:00",
        "label": "2011 Tohoku Earthquake Sequence",
        "magnitude": 5,
        "place": "274 km ESE of ?funato, Japan",
        "depth_km": 22.7
      }
    },
    {
      "type": "Feature",
      "geometry": {
        "type": "Point",
        "coordinates": [
          142.513,
          36.93
        ]
      },
      "properties": {
        "timestamp": "2011-03-11T11:54:00.740000+00:00",
        "label": "2011 Tohoku Earthquake Sequence",
        "magnitude": 5.3,
        "place": "145 km E of Iwaki, Japan",
        "depth_km": 35.0
      }
    },
    {
      "type": "Feature",
      "geometry": {
        "type": "Point",
        "coordinates": [
          142.703,
          37.228
        ]
      },
      "properties": {
        "timestamp": "2011-03-11T11:55:21.300000+00:00",
        "label": "2011 Tohoku Earthquake Sequence",
        "magnitude": 5.3,
        "place": "153 km E of Namie, Japan",
        "depth_km": 10.0
      }
    },
    {
      "type": "Feature",
      "geometry": {
        "type": "Point",
        "coordinates": [
          141.527,
          36.267
        ]
      },
      "properties": {
        "timestamp": "2011-03-11T11:56:13.240000+00:00",
        "label": "2011 Tohoku Earthquake Sequence",
        "magnitude": 5.5,
        "place": "84 km E of ?arai, Japan",
        "depth_km": 23.1
      }
    },
    {
      "type": "Feature",
      "geometry": {
        "type": "Point",
        "coordinates": [
          143.014,
          37.693
        ]
      },
      "properties": {
        "timestamp": "2011-03-11T11:56:34.940000+00:00",
        "label": "2011 Tohoku Earthquake Sequence",
        "magnitude": 5.3,
        "place": "170 km ESE of Ishinomaki, Japan",
        "depth_km": 25.9
      }
    },
    {
      "type": "Feature",
      "geometry": {
        "type": "Point",
        "coordinates": [
          142.094,
          39.202
        ]
      },
      "properties": {
        "timestamp": "2011-03-11T11:57:16.060000+00:00",
        "label": "2011 Tohoku Earthquake Sequence",
        "magnitude": 5.3,
        "place": "21 km ESE of Kamaishi, Japan",
        "depth_km": 44.5
      }
    },
    {
      "type": "Feature",
      "geometry": {
        "type": "Point",
        "coordinates": [
          142.08,
          35.752
        ]
      },
      "properties": {
        "timestamp": "2011-03-11T11:58:54.410000+00:00",
        "label": "2011 Tohoku Earthquake Sequence",
        "magnitude": 5.6,
        "place": "112 km E of Hasaki, Japan",
        "depth_km": 35.0
      }
    },
    {
      "type": "Feature",
      "geometry": {
        "type": "Point",
        "coordinates": [
          142.744,
          36.333
        ]
      },
      "properties": {
        "timestamp": "2011-03-11T12:04:11.930000+00:00",
        "label": "2011 Tohoku Earthquake Sequence",
        "magnitude": 5.1,
        "place": "184 km ESE of Iwaki, Japan",
        "depth_km": 10.0
      }
    },
    {
      "type": "Feature",
      "geometry": {
        "type": "Point",
        "coordinates": [
          144.64,
          38.899
        ]
      },
      "properties": {
        "timestamp": "2011-03-11T12:10:19.100000+00:00",
        "label": "2011 Tohoku Earthquake Sequence",
        "magnitude": 5,
        "place": "240 km ESE of Yamada, Japan",
        "depth_km": 35.0
      }
    },
    {
      "type": "Feature",
      "geometry": {
        "type": "Point",
        "coordinates": [
          142.548,
          38.055
        ]
      },
      "properties": {
        "timestamp": "2011-03-11T12:12:54.800000+00:00",
        "label": "2011 Tohoku Earthquake Sequence",
        "magnitude": 5.9,
        "place": "116 km ESE of Ishinomaki, Japan",
        "depth_km": 35.0
      }
    },
    {
      "type": "Feature",
      "geometry": {
        "type": "Point",
        "coordinates": [
          142.264,
          39.084
        ]
      },
      "properties": {
        "timestamp": "2011-03-11T12:15:45.320000+00:00",
        "label": "2011 Tohoku Earthquake Sequence",
        "magnitude": 5.8,
        "place": "40 km ESE of Kamaishi, Japan",
        "depth_km": 50.2
      }
    },
    {
      "type": "Feature",
      "geometry": {
        "type": "Point",
        "coordinates": [
          141.75,
          36.48
        ]
      },
      "properties": {
        "timestamp": "2011-03-11T12:24:35.150000+00:00",
        "label": "2011 Tohoku Earthquake Sequence",
        "magnitude": 5.3,
        "place": "95 km ESE of Kitaibaraki, Japan",
        "depth_km": 14.6
      }
    },
    {
      "type": "Feature",
      "geometry": {
        "type": "Point",
        "coordinates": [
          141.712,
          36.191
        ]
      },
      "properties": {
        "timestamp": "2011-03-11T12:28:45.910000+00:00",
        "label": "2011 Tohoku Earthquake Sequence",
        "magnitude": 5.2,
        "place": "94 km ENE of Hasaki, Japan",
        "depth_km": 39.8
      }
    },
    {
      "type": "Feature",
      "geometry": {
        "type": "Point",
        "coordinates": [
          142.695,
          38.059
        ]
      },
      "properties": {
        "timestamp": "2011-03-11T12:33:18.180000+00:00",
        "label": "2011 Tohoku Earthquake Sequence",
        "magnitude": 5.4,
        "place": "128 km ESE of Ishinomaki, Japan",
        "depth_km": 50.9
      }
    },
    {
      "type": "Feature",
      "geometry": {
        "type": "Point",
        "coordinates": [
          143.624,
          36.986
        ]
      },
      "properties": {
        "timestamp": "2011-03-11T12:34:19.660000+00:00",
        "label": "2011 Tohoku Earthquake Sequence",
        "magnitude": 5.3,
        "place": "239 km ESE of Namie, Japan",
        "depth_km": 26.1
      }
    },
    {
      "type": "Feature",
      "geometry": {
        "type": "Point",
        "coordinates": [
          143.301,
          37.463
        ]
      },
      "properties": {
        "timestamp": "2011-03-11T12:34:31.830000+00:00",
        "label": "2011 Tohoku Earthquake Sequence",
        "magnitude": 5.4,
        "place": "203 km E of Namie, Japan",
        "depth_km": 10.0
      }
    },
    {
      "type": "Feature",
      "geometry": {
        "type": "Point",
        "coordinates": [
          143.512,
          39.283
        ]
      },
      "properties": {
        "timestamp": "2011-03-11T12:35:21.680000+00:00",
        "label": "2011 Tohoku Earthquake Sequence",
        "magnitude": 5.3,
        "place": "136 km E of Yamada, Japan",
        "depth_km": 10.0
      }
    },
    {
      "type": "Feature",
      "geometry": {
        "type": "Point",
        "coordinates": [
          141.602,
          36.147
        ]
      },
      "properties": {
        "timestamp": "2011-03-11T12:49:02.640000+00:00",
        "label": "2011 Tohoku Earthquake Sequence",
        "magnitude": 5.6,
        "place": "83 km ENE of Hasaki, Japan",
        "depth_km": 35.0
      }
    },
    {
      "type": "Feature",
      "geometry": {
        "type": "Point",
        "coordinates": [
          141.976,
          38.499
        ]
      },
      "properties": {
        "timestamp": "2011-03-11T12:54:53.250000+00:00",
        "label": "2011 Tohoku Earthquake Sequence",
        "magnitude": 5.4,
        "place": "59 km E of Ishinomaki, Japan",
        "depth_km": 50.9
      }
    },
    {
      "type": "Feature",
      "geometry": {
        "type": "Point",
        "coordinates": [
          141.96,
          37.795
        ]
      },
      "properties": {
        "timestamp": "2011-03-11T12:56:05.330000+00:00",
        "label": "2011 Tohoku Earthquake Sequence",
        "magnitude": 5.5,
        "place": "90 km SE of Ishinomaki, Japan",
        "depth_km": 35.0
      }
    },
    {
      "type": "Feature",
      "geometry": {
        "type": "Point",
        "coordinates": [
          141.692,
          36.145
        ]
      },
      "properties": {
        "timestamp": "2011-03-11T12:59:22.310000+00:00",
        "label": "2011 Tohoku Earthquake Sequence",
        "magnitude": 5.2,
        "place": "89 km ENE of Hasaki, Japan",
        "depth_km": 35.0
      }
    },
    {
      "type": "Feature",
      "geometry": {
        "type": "Point",
        "coordinates": [
          141.976,
          36.541
        ]
      },
      "properties": {
        "timestamp": "2011-03-11T13:02:43.170000+00:00",
        "label": "2011 Tohoku Earthquake Sequence",
        "magnitude": 5.3,
        "place": "112 km ESE of Iwaki, Japan",
        "depth_km": 42.3
      }
    },
    {
      "type": "Feature",
      "geometry": {
        "type": "Point",
        "coordinates": [
          143.762,
          37.744
        ]
      },
      "properties": {
        "timestamp": "2011-03-11T13:14:40.230000+00:00",
        "label": "2011 Tohoku Earthquake Sequence",
        "magnitude": 5.1,
        "place": "228 km ESE of Ishinomaki, Japan",
        "depth_km": 35.0
      }
    },
    {
      "type": "Feature",
      "geometry": {
        "type": "Point",
        "coordinates": [
          141.884,
          37.377
        ]
      },
      "properties": {
        "timestamp": "2011-03-11T13:15:47.030000+00:00",
        "label": "2011 Tohoku Earthquake Sequence",
        "magnitude": 5.1,
        "place": "79 km E of Namie, Japan",
        "depth_km": 52.8
      }
    },
    {
      "type": "Feature",
      "geometry": {
        "type": "Point",
        "coordinates": [
          141.743,
          36.371
        ]
      },
      "properties": {
        "timestamp": "2011-03-11T13:16:51.500000+00:00",
        "label": "2011 Tohoku Earthquake Sequence",
        "magnitude": 5.6,
        "place": "99 km ESE of Takahagi, Japan",
        "depth_km": 57.7
      }
    },
    {
      "type": "Feature",
      "geometry": {
        "type": "Point",
        "coordinates": [
          142.827,
          37.575
        ]
      },
      "properties": {
        "timestamp": "2011-03-11T13:18:16.630000+00:00",
        "label": "2011 Tohoku Earthquake Sequence",
        "magnitude": 5.5,
        "place": "161 km E of Namie, Japan",
        "depth_km": 35.0
      }
    },
    {
      "type": "Feature",
      "geometry": {
        "type": "Point",
        "coordinates": [
          142.135,
          35.789
        ]
      },
      "properties": {
        "timestamp": "2011-03-11T13:26:26.390000+00:00",
        "label": "2011 Tohoku Earthquake Sequence",
        "magnitude": 5,
        "place": "117 km E of Hasaki, Japan",
        "depth_km": 35.0
      }
    },
    {
      "type": "Feature",
      "geometry": {
        "type": "Point",
        "coordinates": [
          142.798,
          39.21
        ]
      },
      "properties": {
        "timestamp": "2011-03-11T13:31:55.460000+00:00",
        "label": "2011 Tohoku Earthquake Sequence",
        "magnitude": 5.1,
        "place": "78 km ESE of Yamada, Japan",
        "depth_km": 35.0
      }
    },
    {
      "type": "Feature",
      "geometry": {
        "type": "Point",
        "coordinates": [
          141.84,
          36.162
        ]
      },
      "properties": {
        "timestamp": "2011-03-11T13:34:30.600000+00:00",
        "label": "2011 Tohoku Earthquake Sequence",
        "magnitude": 5.5,
        "place": "102 km ENE of Hasaki, Japan",
        "depth_km": 4.7
      }
    },
    {
      "type": "Feature",
      "geometry": {
        "type": "Point",
        "coordinates": [
          142.061,
          37.338
        ]
      },
      "properties": {
        "timestamp": "2011-03-11T13:42:27.190000+00:00",
        "label": "2011 Tohoku Earthquake Sequence",
        "magnitude": 5,
        "place": "95 km E of Namie, Japan",
        "depth_km": 33.1
      }
    },
    {
      "type": "Feature",
      "geometry": {
        "type": "Point",
        "coordinates": [
          144.126,
          38.989
        ]
      },
      "properties": {
        "timestamp": "2011-03-11T13:43:09.590000+00:00",
        "label": "2011 Tohoku Earthquake Sequence",
        "magnitude": 5.7,
        "place": "195 km ESE of Yamada, Japan",
        "depth_km": 25.3
      }
    },
    {
      "type": "Feature",
      "geometry": {
        "type": "Point",
        "coordinates": [
          141.15,
          36.87
        ]
      },
      "properties": {
        "timestamp": "2011-03-11T13:47:42.760000+00:00",
        "label": "2011 Tohoku Earthquake Sequence",
        "magnitude": 5,
        "place": "31 km SE of Iwaki, Japan",
        "depth_km": 66.1
      }
    },
    {
      "type": "Feature",
      "geometry": {
        "type": "Point",
        "coordinates": [
          141.878,
          36.635
        ]
      },
      "properties": {
        "timestamp": "2011-03-11T13:48:29.400000+00:00",
        "label": "2011 Tohoku Earthquake Sequence",
        "magnitude": 5,
        "place": "99 km ESE of Iwaki, Japan",
        "depth_km": 35.0
      }
    },
    {
      "type": "Feature",
      "geometry": {
        "type": "Point",
        "coordinates": [
          143.123,
          38.371
        ]
      },
      "properties": {
        "timestamp": "2011-03-11T13:48:37.840000+00:00",
        "label": "2011 Tohoku Earthquake Sequence",
        "magnitude": 5.3,
        "place": "144 km ESE of ?funato, Japan",
        "depth_km": 32.7
      }
    },
    {
      "type": "Feature",
      "geometry": {
        "type": "Point",
        "coordinates": [
          142.895,
          37.995
        ]
      },
      "properties": {
        "timestamp": "2011-03-11T13:55:28.870000+00:00",
        "label": "2011 Tohoku Earthquake Sequence",
        "magnitude": 5.2,
        "place": "147 km ESE of Ishinomaki, Japan",
        "depth_km": 47.4
      }
    },
    {
      "type": "Feature",
      "geometry": {
        "type": "Point",
        "coordinates": [
          142.144,
          37.217
        ]
      },
      "properties": {
        "timestamp": "2011-03-11T13:56:01.600000+00:00",
        "label": "2011 Tohoku Earthquake Sequence",
        "magnitude": 5.1,
        "place": "105 km ESE of Namie, Japan",
        "depth_km": 47.6
      }
    },
    {
      "type": "Feature",
      "geometry": {
        "type": "Point",
        "coordinates": [
          140.761,
          36.123
        ]
      },
      "properties": {
        "timestamp": "2011-03-11T14:00:38.590000+00:00",
        "label": "2011 Tohoku Earthquake Sequence",
        "magnitude": 5.5,
        "place": "20 km NNE of Kashima-shi, Japan",
        "depth_km": 51.3
      }
    },
    {
      "type": "Feature",
      "geometry": {
        "type": "Point",
        "coordinates": [
          141.935,
          37.498
        ]
      },
      "properties": {
        "timestamp": "2011-03-11T14:10:37.160000+00:00",
        "label": "2011 Tohoku Earthquake Sequence",
        "magnitude": 5.2,
        "place": "82 km E of Namie, Japan",
        "depth_km": 21.7
      }
    },
    {
      "type": "Feature",
      "geometry": {
        "type": "Point",
        "coordinates": [
          143.221,
          37.546
        ]
      },
      "properties": {
        "timestamp": "2011-03-11T14:20:16.220000+00:00",
        "label": "2011 Tohoku Earthquake Sequence",
        "magnitude": 5.1,
        "place": "194 km ESE of Ishinomaki, Japan",
        "depth_km": 24.6
      }
    },
    {
      "type": "Feature",
      "geometry": {
        "type": "Point",
        "coordinates": [
          142.112,
          37.093
        ]
      },
      "properties": {
        "timestamp": "2011-03-11T14:21:21.490000+00:00",
        "label": "2011 Tohoku Earthquake Sequence",
        "magnitude": 5,
        "place": "107 km ESE of Namie, Japan",
        "depth_km": 32.5
      }
    },
    {
      "type": "Feature",
      "geometry": {
        "type": "Point",
        "coordinates": [
          142.379,
          37.408
        ]
      },
      "properties": {
        "timestamp": "2011-03-11T14:26:33.850000+00:00",
        "label": "2011 Tohoku Earthquake Sequence",
        "magnitude": 5,
        "place": "122 km E of Namie, Japan",
        "depth_km": 38.5
      }
    },
    {
      "type": "Feature",
      "geometry": {
        "type": "Point",
        "coordinates": [
          143.957,
          37.052
        ]
      },
      "properties": {
        "timestamp": "2011-03-11T14:27:40.540000+00:00",
        "label": "2011 Tohoku Earthquake Sequence",
        "magnitude": 5.4,
        "place": "266 km E of Namie, Japan",
        "depth_km": 35.0
      }
    },
    {
      "type": "Feature",
      "geometry": {
        "type": "Point",
        "coordinates": [
          144.036,
          37.112
        ]
      },
      "properties": {
        "timestamp": "2011-03-11T14:27:57.040000+00:00",
        "label": "2011 Tohoku Earthquake Sequence",
        "magnitude": 5.5,
        "place": "272 km E of Namie, Japan",
        "depth_km": 20.7
      }
    },
    {
      "type": "Feature",
      "geometry": {
        "type": "Point",
        "coordinates": [
          140.795,
          36.673
        ]
      },
      "properties": {
        "timestamp": "2011-03-11T14:44:11.070000+00:00",
        "label": "2011 Tohoku Earthquake Sequence",
        "magnitude": 5.1,
        "place": "8 km SE of Takahagi, Japan",
        "depth_km": 59.1
      }
    },
    {
      "type": "Feature",
      "geometry": {
        "type": "Point",
        "coordinates": [
          144.287,
          38.118
        ]
      },
      "properties": {
        "timestamp": "2011-03-11T14:49:09.480000+00:00",
        "label": "2011 Tohoku Earthquake Sequence",
        "magnitude": 5,
        "place": "246 km ESE of Kamaishi, Japan",
        "depth_km": 6.2
      }
    },
    {
      "type": "Feature",
      "geometry": {
        "type": "Point",
        "coordinates": [
          141.899,
          35.966
        ]
      },
      "properties": {
        "timestamp": "2011-03-11T14:53:59.730000+00:00",
        "label": "2011 Tohoku Earthquake Sequence",
        "magnitude": 5.3,
        "place": "99 km ENE of Hasaki, Japan",
        "depth_km": 9.3
      }
    },
    {
      "type": "Feature",
      "geometry": {
        "type": "Point",
        "coordinates": [
          141.403,
          35.96
        ]
      },
      "properties": {
        "timestamp": "2011-03-11T14:56:11.930000+00:00",
        "label": "2011 Tohoku Earthquake Sequence",
        "magnitude": 5.8,
        "place": "57 km ENE of Hasaki, Japan",
        "depth_km": 10.2
      }
    },
    {
      "type": "Feature",
      "geometry": {
        "type": "Point",
        "coordinates": [
          142.354,
          39.045
        ]
      },
      "properties": {
        "timestamp": "2011-03-11T15:01:41.110000+00:00",
        "label": "2011 Tohoku Earthquake Sequence",
        "magnitude": 5,
        "place": "49 km ESE of Kamaishi, Japan",
        "depth_km": 59.9
      }
    },
    {
      "type": "Feature",
      "geometry": {
        "type": "Point",
        "coordinates": [
          141.741,
          37.283
        ]
      },
      "properties": {
        "timestamp": "2011-03-11T15:06:24.310000+00:00",
        "label": "2011 Tohoku Earthquake Sequence",
        "magnitude": 5,
        "place": "69 km ESE of Namie, Japan",
        "depth_km": 31.9
      }
    },
    {
      "type": "Feature",
      "geometry": {
        "type": "Point",
        "coordinates": [
          141.54,
          36.332
        ]
      },
      "properties": {
        "timestamp": "2011-03-11T15:07:39.530000+00:00",
        "label": "2011 Tohoku Earthquake Sequence",
        "magnitude": 5.5,
        "place": "85 km ESE of Hitachi, Japan",
        "depth_km": 15.1
      }
    },
    {
      "type": "Feature",
      "geometry": {
        "type": "Point",
        "coordinates": [
          141.808,
          35.994
        ]
      },
      "properties": {
        "timestamp": "2011-03-11T15:13:14.680000+00:00",
        "label": "2011 Tohoku Earthquake Sequence",
        "magnitude": 6.3,
        "place": "92 km ENE of Hasaki, Japan",
        "depth_km": 21.0
      }
    },
    {
      "type": "Feature",
      "geometry": {
        "type": "Point",
        "coordinates": [
          141.856,
          36.247
        ]
      },
      "properties": {
        "timestamp": "2011-03-11T15:19:38.270000+00:00",
        "label": "2011 Tohoku Earthquake Sequence",
        "magnitude": 5.5,
        "place": "108 km ENE of Hasaki, Japan",
        "depth_km": 35.0
      }
    },
    {
      "type": "Feature",
      "geometry": {
        "type": "Point",
        "coordinates": [
          141.864,
          36.398
        ]
      },
      "properties": {
        "timestamp": "2011-03-11T15:20:08.190000+00:00",
        "label": "2011 Tohoku Earthquake Sequence",
        "magnitude": 6,
        "place": "108 km ESE of Takahagi, Japan",
        "depth_km": 52.8
      }
    },
    {
      "type": "Feature",
      "geometry": {
        "type": "Point",
        "coordinates": [
          141.548,
          35.637
        ]
      },
      "properties": {
        "timestamp": "2011-03-11T15:22:27.020000+00:00",
        "label": "2011 Tohoku Earthquake Sequence",
        "magnitude": 5.5,
        "place": "65 km E of Hasaki, Japan",
        "depth_km": 35.0
      }
    },
    {
      "type": "Feature",
      "geometry": {
        "type": "Point",
        "coordinates": [
          142.284,
          37.319
        ]
      },
      "properties": {
        "timestamp": "2011-03-11T15:26:00.170000+00:00",
        "label": "2011 Tohoku Earthquake Sequence",
        "magnitude": 5.2,
        "place": "115 km E of Namie, Japan",
        "depth_km": 20.1
      }
    },
    {
      "type": "Feature",
      "geometry": {
        "type": "Point",
        "coordinates": [
          142.245,
          37.181
        ]
      },
      "properties": {
        "timestamp": "2011-03-11T15:32:34.050000+00:00",
        "label": "2011 Tohoku Earthquake Sequence",
        "magnitude": 5.2,
        "place": "115 km ESE of Namie, Japan",
        "depth_km": 33.2
      }
    },
    {
      "type": "Feature",
      "geometry": {
        "type": "Point",
        "coordinates": [
          141.713,
          36.024
        ]
      },
      "properties": {
        "timestamp": "2011-03-11T15:42:03.880000+00:00",
        "label": "2011 Tohoku Earthquake Sequence",
        "magnitude": 5.4,
        "place": "85 km ENE of Hasaki, Japan",
        "depth_km": 16.9
      }
    },
    {
      "type": "Feature",
      "geometry": {
        "type": "Point",
        "coordinates": [
          141.965,
          35.939
        ]
      },
      "properties": {
        "timestamp": "2011-03-11T15:46:02.560000+00:00",
        "label": "2011 Tohoku Earthquake Sequence",
        "magnitude": 5,
        "place": "104 km ENE of Hasaki, Japan",
        "depth_km": 35.0
      }
    },
    {
      "type": "Feature",
      "geometry": {
        "type": "Point",
        "coordinates": [
          142.37,
          37.496
        ]
      },
      "properties": {
        "timestamp": "2011-03-11T15:50:57.080000+00:00",
        "label": "2011 Tohoku Earthquake Sequence",
        "magnitude": 5,
        "place": "121 km E of Namie, Japan",
        "depth_km": 14.3
      }
    },
    {
      "type": "Feature",
      "geometry": {
        "type": "Point",
        "coordinates": [
          142.991,
          38.699
        ]
      },
      "properties": {
        "timestamp": "2011-03-11T15:51:44.270000+00:00",
        "label": "2011 Tohoku Earthquake Sequence",
        "magnitude": 5,
        "place": "116 km SE of Kamaishi, Japan",
        "depth_km": 35.0
      }
    },
    {
      "type": "Feature",
      "geometry": {
        "type": "Point",
        "coordinates": [
          144.069,
          36.575
        ]
      },
      "properties": {
        "timestamp": "2011-03-11T16:02:01.300000+00:00",
        "label": "2011 Tohoku Earthquake Sequence",
        "magnitude": 5.4,
        "place": "289 km ESE of Iwaki, Japan",
        "depth_km": 35.0
      }
    },
    {
      "type": "Feature",
      "geometry": {
        "type": "Point",
        "coordinates": [
          144.406,
          39.256
        ]
      },
      "properties": {
        "timestamp": "2011-03-11T16:04:53.280000+00:00",
        "label": "2011 Tohoku Earthquake Sequence",
        "magnitude": 5.3,
        "place": "212 km E of Yamada, Japan",
        "depth_km": 35.0
      }
    },
    {
      "type": "Feature",
      "geometry": {
        "type": "Point",
        "coordinates": [
          143.465,
          39.464
        ]
      },
      "properties": {
        "timestamp": "2011-03-11T16:11:30+00:00",
        "label": "2011 Tohoku Earthquake Sequence",
        "magnitude": 5.5,
        "place": "130 km E of Yamada, Japan",
        "depth_km": 35.0
      }
    },
    {
      "type": "Feature",
      "geometry": {
        "type": "Point",
        "coordinates": [
          143.379,
          39.621
        ]
      },
      "properties": {
        "timestamp": "2011-03-11T16:34:21+00:00",
        "label": "2011 Tohoku Earthquake Sequence",
        "magnitude": 5,
        "place": "123 km E of Miyako, Japan",
        "depth_km": 35.0
      }
    },
    {
      "type": "Feature",
      "geometry": {
        "type": "Point",
        "coordinates": [
          142.303,
          36.557
        ]
      },
      "properties": {
        "timestamp": "2011-03-11T16:36:59.650000+00:00",
        "label": "2011 Tohoku Earthquake Sequence",
        "magnitude": 5,
        "place": "137 km ESE of Iwaki, Japan",
        "depth_km": 35.0
      }
    },
    {
      "type": "Feature",
      "geometry": {
        "type": "Point",
        "coordinates": [
          143.149,
          37.817
        ]
      },
      "properties": {
        "timestamp": "2011-03-11T16:55:53.460000+00:00",
        "label": "2011 Tohoku Earthquake Sequence",
        "magnitude": 5,
        "place": "175 km ESE of Ishinomaki, Japan",
        "depth_km": 35.0
      }
    },
    {
      "type": "Feature",
      "geometry": {
        "type": "Point",
        "coordinates": [
          144.338,
          38.167
        ]
      },
      "properties": {
        "timestamp": "2011-03-11T16:59:55.980000+00:00",
        "label": "2011 Tohoku Earthquake Sequence",
        "magnitude": 5,
        "place": "247 km ESE of Kamaishi, Japan",
        "depth_km": 35.0
      }
    },
    {
      "type": "Feature",
      "geometry": {
        "type": "Point",
        "coordinates": [
          144.3,
          38.501
        ]
      },
      "properties": {
        "timestamp": "2011-03-11T17:11:14.950000+00:00",
        "label": "2011 Tohoku Earthquake Sequence",
        "magnitude": 5,
        "place": "227 km ESE of Kamaishi, Japan",
        "depth_km": 18.3
      }
    },
    {
      "type": "Feature",
      "geometry": {
        "type": "Point",
        "coordinates": [
          144.091,
          37.472
        ]
      },
      "properties": {
        "timestamp": "2011-03-11T17:12:37.500000+00:00",
        "label": "2011 Tohoku Earthquake Sequence",
        "magnitude": 5,
        "place": "266 km ESE of Ishinomaki, Japan",
        "depth_km": 10.0
      }
    },
    {
      "type": "Feature",
      "geometry": {
        "type": "Point",
        "coordinates": [
          144.159,
          36.999
        ]
      },
      "properties": {
        "timestamp": "2011-03-11T17:16:56.210000+00:00",
        "label": "2011 Tohoku Earthquake Sequence",
        "magnitude": 5.6,
        "place": "285 km ESE of Namie, Japan",
        "depth_km": 9.3
      }
    },
    {
      "type": "Feature",
      "geometry": {
        "type": "Point",
        "coordinates": [
          141.391,
          35.331
        ]
      },
      "properties": {
        "timestamp": "2011-03-11T17:17:23.610000+00:00",
        "label": "2011 Tohoku Earthquake Sequence",
        "magnitude": 5.5,
        "place": "67 km SE of Hasaki, Japan",
        "depth_km": 1.7
      }
    },
    {
      "type": "Feature",
      "geometry": {
        "type": "Point",
        "coordinates": [
          143.571,
          37.743
        ]
      },
      "properties": {
        "timestamp": "2011-03-11T17:20:54.290000+00:00",
        "label": "2011 Tohoku Earthquake Sequence",
        "magnitude": 5.1,
        "place": "212 km ESE of Ishinomaki, Japan",
        "depth_km": 35.0
      }
    },
    {
      "type": "Feature",
      "geometry": {
        "type": "Point",
        "coordinates": [
          142.428,
          36.566
        ]
      },
      "properties": {
        "timestamp": "2011-03-11T17:22:56+00:00",
        "label": "2011 Tohoku Earthquake Sequence",
        "magnitude": 5.1,
        "place": "147 km ESE of Iwaki, Japan",
        "depth_km": 35.0
      }
    },
    {
      "type": "Feature",
      "geometry": {
        "type": "Point",
        "coordinates": [
          141.814,
          35.997
        ]
      },
      "properties": {
        "timestamp": "2011-03-11T17:23:55.220000+00:00",
        "label": "2011 Tohoku Earthquake Sequence",
        "magnitude": 5,
        "place": "93 km ENE of Hasaki, Japan",
        "depth_km": 15.9
      }
    },
    {
      "type": "Feature",
      "geometry": {
        "type": "Point",
        "coordinates": [
          141.136,
          37.377
        ]
      },
      "properties": {
        "timestamp": "2011-03-11T17:30:47.410000+00:00",
        "label": "2011 Tohoku Earthquake Sequence",
        "magnitude": 5,
        "place": "16 km SE of Namie, Japan",
        "depth_km": 23.9
      }
    },
    {
      "type": "Feature",
      "geometry": {
        "type": "Point",
        "coordinates": [
          144.632,
          37.055
        ]
      },
      "properties": {
        "timestamp": "2011-03-11T17:32:12.250000+00:00",
        "label": "2011 Tohoku Earthquake Sequence",
        "magnitude": 5.4,
        "place": "off the east coast of Honshu, Japan",
        "depth_km": 19.4
      }
    },
    {
      "type": "Feature",
      "geometry": {
        "type": "Point",
        "coordinates": [
          142.706,
          37.329
        ]
      },
      "properties": {
        "timestamp": "2011-03-11T17:34:20.820000+00:00",
        "label": "2011 Tohoku Earthquake Sequence",
        "magnitude": 5.1,
        "place": "152 km E of Namie, Japan",
        "depth_km": 44.9
      }
    },
    {
      "type": "Feature",
      "geometry": {
        "type": "Point",
        "coordinates": [
          143.423,
          39.742
        ]
      },
      "properties": {
        "timestamp": "2011-03-11T17:38:04.010000+00:00",
        "label": "2011 Tohoku Earthquake Sequence",
        "magnitude": 5.2,
        "place": "127 km E of Miyako, Japan",
        "depth_km": 50.8
      }
    },
    {
      "type": "Feature",
      "geometry": {
        "type": "Point",
        "coordinates": [
          144.909,
          37.663
        ]
      },
      "properties": {
        "timestamp": "2011-03-11T17:50:01.780000+00:00",
        "label": "2011 Tohoku Earthquake Sequence",
        "magnitude": 5,
        "place": "off the east coast of Honshu, Japan",
        "depth_km": 35.0
      }
    },
    {
      "type": "Feature",
      "geometry": {
        "type": "Point",
        "coordinates": [
          142.056,
          36.765
        ]
      },
      "properties": {
        "timestamp": "2011-03-11T17:51:22.700000+00:00",
        "label": "2011 Tohoku Earthquake Sequence",
        "magnitude": 5,
        "place": "109 km ESE of Iwaki, Japan",
        "depth_km": 49.8
      }
    },
    {
      "type": "Feature",
      "geometry": {
        "type": "Point",
        "coordinates": [
          142.096,
          37.197
        ]
      },
      "properties": {
        "timestamp": "2011-03-11T18:11:24.660000+00:00",
        "label": "2011 Tohoku Earthquake Sequence",
        "magnitude": 5.7,
        "place": "102 km ESE of Namie, Japan",
        "depth_km": 15.6
      }
    },
    {
      "type": "Feature",
      "geometry": {
        "type": "Point",
        "coordinates": [
          142.205,
          36.453
        ]
      },
      "properties": {
        "timestamp": "2011-03-11T18:13:41.870000+00:00",
        "label": "2011 Tohoku Earthquake Sequence",
        "magnitude": 5.1,
        "place": "135 km ESE of Iwaki, Japan",
        "depth_km": 35.0
      }
    },
    {
      "type": "Feature",
      "geometry": {
        "type": "Point",
        "coordinates": [
          141.628,
          36.22
        ]
      },
      "properties": {
        "timestamp": "2011-03-11T18:17:07.290000+00:00",
        "label": "2011 Tohoku Earthquake Sequence",
        "magnitude": 5.8,
        "place": "89 km NE of Hasaki, Japan",
        "depth_km": 39.5
      }
    },
    {
      "type": "Feature",
      "geometry": {
        "type": "Point",
        "coordinates": [
          143.255,
          39.188
        ]
      },
      "properties": {
        "timestamp": "2011-03-11T18:43:02.930000+00:00",
        "label": "2011 Tohoku Earthquake Sequence",
        "magnitude": 5,
        "place": "116 km ESE of Yamada, Japan",
        "depth_km": 38.9
      }
    },
    {
      "type": "Feature",
      "geometry": {
        "type": "Point",
        "coordinates": [
          141.024,
          36.832
        ]
      },
      "properties": {
        "timestamp": "2011-03-11T18:44:09.200000+00:00",
        "label": "2011 Tohoku Earthquake Sequence",
        "magnitude": 5,
        "place": "25 km ENE of Kitaibaraki, Japan",
        "depth_km": 54.2
      }
    },
    {
      "type": "Feature",
      "geometry": {
        "type": "Point",
        "coordinates": [
          141.241,
          36.129
        ]
      },
      "properties": {
        "timestamp": "2011-03-11T18:45:26.510000+00:00",
        "label": "2011 Tohoku Earthquake Sequence",
        "magnitude": 5.1,
        "place": "56 km ENE of Kashima-shi, Japan",
        "depth_km": 16.2
      }
    },
    {
      "type": "Feature",
      "geometry": {
        "type": "Point",
        "coordinates": [
          141.741,
          35.8
        ]
      },
      "properties": {
        "timestamp": "2011-03-11T18:55:11.360000+00:00",
        "label": "2011 Tohoku Earthquake Sequence",
        "magnitude": 5,
        "place": "82 km E of Hasaki, Japan",
        "depth_km": 4.1
      }
    },
    {
      "type": "Feature",
      "geometry": {
        "type": "Point",
        "coordinates": [
          142.872,
          39.342
        ]
      },
      "properties": {
        "timestamp": "2011-03-11T19:02:59.170000+00:00",
        "label": "2011 Tohoku Earthquake Sequence",
        "magnitude": 6,
        "place": "80 km E of Yamada, Japan",
        "depth_km": 27.1
      }
    },
    {
      "type": "Feature",
      "geometry": {
        "type": "Point",
        "coordinates": [
          140.884,
          36.264
        ]
      },
      "properties": {
        "timestamp": "2011-03-11T19:08:38.730000+00:00",
        "label": "2011 Tohoku Earthquake Sequence",
        "magnitude": 5.5,
        "place": "27 km ESE of ?arai, Japan",
        "depth_km": 9.1
      }
    },
    {
      "type": "Feature",
      "geometry": {
        "type": "Point",
        "coordinates": [
          144.015,
          38.163
        ]
      },
      "properties": {
        "timestamp": "2011-03-11T19:10:52.320000+00:00",
        "label": "2011 Tohoku Earthquake Sequence",
        "magnitude": 5,
        "place": "off the east coast of Honshu, Japan",
        "depth_km": 35.0
      }
    },
    {
      "type": "Feature",
      "geometry": {
        "type": "Point",
        "coordinates": [
          140.658,
          35.685
        ]
      },
      "properties": {
        "timestamp": "2011-03-11T19:24:24.510000+00:00",
        "label": "2011 Tohoku Earthquake Sequence",
        "magnitude": 5.5,
        "place": "near the east coast of Honshu, Japan",
        "depth_km": 2.2
      }
    },
    {
      "type": "Feature",
      "geometry": {
        "type": "Point",
        "coordinates": [
          142.983,
          37.059
        ]
      },
      "properties": {
        "timestamp": "2011-03-11T19:30:08.980000+00:00",
        "label": "2011 Tohoku Earthquake Sequence",
        "magnitude": 5,
        "place": "182 km ESE of Namie, Japan",
        "depth_km": 10.0
      }
    },
    {
      "type": "Feature",
      "geometry": {
        "type": "Point",
        "coordinates": [
          142.44,
          37.111
        ]
      },
      "properties": {
        "timestamp": "2011-03-11T19:32:15.840000+00:00",
        "label": "2011 Tohoku Earthquake Sequence",
        "magnitude": 5.2,
        "place": "134 km ESE of Namie, Japan",
        "depth_km": 35.0
      }
    },
    {
      "type": "Feature",
      "geometry": {
        "type": "Point",
        "coordinates": [
          143.558,
          37.436
        ]
      },
      "properties": {
        "timestamp": "2011-03-11T19:40:11.640000+00:00",
        "label": "2011 Tohoku Earthquake Sequence",
        "magnitude": 5,
        "place": "226 km E of Namie, Japan",
        "depth_km": 35.0
      }
    },
    {
      "type": "Feature",
      "geometry": {
        "type": "Point",
        "coordinates": [
          141.578,
          37.562
        ]
      },
      "properties": {
        "timestamp": "2011-03-11T19:45:21.780000+00:00",
        "label": "2011 Tohoku Earthquake Sequence",
        "magnitude": 5.2,
        "place": "51 km E of Namie, Japan",
        "depth_km": 11.8
      }
    },
    {
      "type": "Feature",
      "geometry": {
        "type": "Point",
        "coordinates": [
          139.055,
          40.483
        ]
      },
      "properties": {
        "timestamp": "2011-03-11T19:46:50.880000+00:00",
        "label": "2011 Tohoku Earthquake Sequence",
        "magnitude": 6.2,
        "place": "88 km WNW of Noshiro, Japan",
        "depth_km": 10.0
      }
    },
    {
      "type": "Feature",
      "geometry": {
        "type": "Point",
        "coordinates": [
          144.356,
          38.895
        ]
      },
      "properties": {
        "timestamp": "2011-03-11T19:56:01.700000+00:00",
        "label": "2011 Tohoku Earthquake Sequence",
        "magnitude": 5,
        "place": "217 km ESE of Yamada, Japan",
        "depth_km": 7.0
      }
    },
    {
      "type": "Feature",
      "geometry": {
        "type": "Point",
        "coordinates": [
          142.633,
          39.005
        ]
      },
      "properties": {
        "timestamp": "2011-03-11T20:11:24.060000+00:00",
        "label": "2011 Tohoku Earthquake Sequence",
        "magnitude": 6.1,
        "place": "72 km ESE of Kamaishi, Japan",
        "depth_km": 17.4
      }
    },
    {
      "type": "Feature",
      "geometry": {
        "type": "Point",
        "coordinates": [
          144.859,
          38.385
        ]
      },
      "properties": {
        "timestamp": "2011-03-11T20:15:18.220000+00:00",
        "label": "2011 Tohoku Earthquake Sequence",
        "magnitude": 5,
        "place": "off the east coast of Honshu, Japan",
        "depth_km": 10.0
      }
    },
    {
      "type": "Feature",
      "geometry": {
        "type": "Point",
        "coordinates": [
          141.605,
          35.814
        ]
      },
      "properties": {
        "timestamp": "2011-03-11T20:23:41.280000+00:00",
        "label": "2011 Tohoku Earthquake Sequence",
        "magnitude": 5.7,
        "place": "70 km E of Hasaki, Japan",
        "depth_km": 8.1
      }
    },
    {
      "type": "Feature",
      "geometry": {
        "type": "Point",
        "coordinates": [
          141.967,
          36.898
        ]
      },
      "properties": {
        "timestamp": "2011-03-11T20:25:24.270000+00:00",
        "label": "2011 Tohoku Earthquake Sequence",
        "magnitude": 5.2,
        "place": "97 km E of Iwaki, Japan",
        "depth_km": 59.2
      }
    },
    {
      "type": "Feature",
      "geometry": {
        "type": "Point",
        "coordinates": [
          143.34,
          37.678
        ]
      },
      "properties": {
        "timestamp": "2011-03-11T20:26:16.730000+00:00",
        "label": "2011 Tohoku Earthquake Sequence",
        "magnitude": 5.4,
        "place": "196 km ESE of Ishinomaki, Japan",
        "depth_km": 6.2
      }
    },
    {
      "type": "Feature",
      "geometry": {
        "type": "Point",
        "coordinates": [
          141.118,
          36.997
        ]
      },
      "properties": {
        "timestamp": "2011-03-11T20:34:41.990000+00:00",
        "label": "2011 Tohoku Earthquake Sequence",
        "magnitude": 5.1,
        "place": "21 km ESE of Iwaki, Japan",
        "depth_km": 36.6
      }
    },
    {
      "type": "Feature",
      "geometry": {
        "type": "Point",
        "coordinates": [
          142.828,
          37.829
        ]
      },
      "properties": {
        "timestamp": "2011-03-11T20:36:10.270000+00:00",
        "label": "2011 Tohoku Earthquake Sequence",
        "magnitude": 5.5,
        "place": "149 km ESE of Ishinomaki, Japan",
        "depth_km": 25.8
      }
    },
    {
      "type": "Feature",
      "geometry": {
        "type": "Point",
        "coordinates": [
          143.713,
          37.662
        ]
      },
      "properties": {
        "timestamp": "2011-03-11T20:41:24.280000+00:00",
        "label": "2011 Tohoku Earthquake Sequence",
        "magnitude": 5.1,
        "place": "227 km ESE of Ishinomaki, Japan",
        "depth_km": 24.2
      }
    },
    {
      "type": "Feature",
      "geometry": {
        "type": "Point",
        "coordinates": [
          142.257,
          38.275
        ]
      },
      "properties": {
        "timestamp": "2011-03-11T20:42:38.600000+00:00",
        "label": "2011 Tohoku Earthquake Sequence",
        "magnitude": 5,
        "place": "85 km E of Ishinomaki, Japan",
        "depth_km": 10.0
      }
    },
    {
      "type": "Feature",
      "geometry": {
        "type": "Point",
        "coordinates": [
          143.002,
          39.167
        ]
      },
      "properties": {
        "timestamp": "2011-03-11T20:46:59.300000+00:00",
        "label": "2011 Tohoku Earthquake Sequence",
        "magnitude": 5,
        "place": "96 km ESE of Yamada, Japan",
        "depth_km": 35.6
      }
    },
    {
      "type": "Feature",
      "geometry": {
        "type": "Point",
        "coordinates": [
          142.478,
          38.998
        ]
      },
      "properties": {
        "timestamp": "2011-03-11T21:00:43.950000+00:00",
        "label": "2011 Tohoku Earthquake Sequence",
        "magnitude": 5.4,
        "place": "61 km ESE of Kamaishi, Japan",
        "depth_km": 16.6
      }
    },
    {
      "type": "Feature",
      "geometry": {
        "type": "Point",
        "coordinates": [
          142.911,
          37.829
        ]
      },
      "properties": {
        "timestamp": "2011-03-11T21:03:35.010000+00:00",
        "label": "2011 Tohoku Earthquake Sequence",
        "magnitude": 5,
        "place": "155 km ESE of Ishinomaki, Japan",
        "depth_km": 39.3
      }
    },
    {
      "type": "Feature",
      "geometry": {
        "type": "Point",
        "coordinates": [
          142.302,
          37.255
        ]
      },
      "properties": {
        "timestamp": "2011-03-11T21:42:00.060000+00:00",
        "label": "2011 Tohoku Earthquake Sequence",
        "magnitude": 5.2,
        "place": "118 km ESE of Namie, Japan",
        "depth_km": 28.2
      }
    },
    {
      "type": "Feature",
      "geometry": {
        "type": "Point",
        "coordinates": [
          142.251,
          38.282
        ]
      },
      "properties": {
        "timestamp": "2011-03-11T22:04:13.140000+00:00",
        "label": "2011 Tohoku Earthquake Sequence",
        "magnitude": 5.4,
        "place": "84 km E of Ishinomaki, Japan",
        "depth_km": 69.2
      }
    },
    {
      "type": "Feature",
      "geometry": {
        "type": "Point",
        "coordinates": [
          141.641,
          36.634
        ]
      },
      "properties": {
        "timestamp": "2011-03-11T22:18:39.210000+00:00",
        "label": "2011 Tohoku Earthquake Sequence",
        "magnitude": 5,
        "place": "81 km ESE of Kitaibaraki, Japan",
        "depth_km": 40.5
      }
    },
    {
      "type": "Feature",
      "geometry": {
        "type": "Point",
        "coordinates": [
          143.809,
          37.081
        ]
      },
      "properties": {
        "timestamp": "2011-03-11T22:36:57.550000+00:00",
        "label": "2011 Tohoku Earthquake Sequence",
        "magnitude": 5,
        "place": "253 km E of Namie, Japan",
        "depth_km": 32.2
      }
    },
    {
      "type": "Feature",
      "geometry": {
        "type": "Point",
        "coordinates": [
          143.811,
          37.609
        ]
      },
      "properties": {
        "timestamp": "2011-03-11T22:42:59.200000+00:00",
        "label": "2011 Tohoku Earthquake Sequence",
        "magnitude": 5.1,
        "place": "238 km ESE of Ishinomaki, Japan",
        "depth_km": 34.1
      }
    },
    {
      "type": "Feature",
      "geometry": {
        "type": "Point",
        "coordinates": [
          144.827,
          37.834
        ]
      },
      "properties": {
        "timestamp": "2011-03-11T22:51:19.850000+00:00",
        "label": "2011 Tohoku Earthquake Sequence",
        "magnitude": 5.7,
        "place": "off the east coast of Honshu, Japan",
        "depth_km": 39.3
      }
    },
    {
      "type": "Feature",
      "geometry": {
        "type": "Point",
        "coordinates": [
          142.311,
          36.486
        ]
      },
      "properties": {
        "timestamp": "2011-03-11T22:54:27.530000+00:00",
        "label": "2011 Tohoku Earthquake Sequence",
        "magnitude": 5.4,
        "place": "142 km ESE of Iwaki, Japan",
        "depth_km": 20.4
      }
    },
    {
      "type": "Feature",
      "geometry": {
        "type": "Point",
        "coordinates": [
          142.623,
          39.051
        ]
      },
      "properties": {
        "timestamp": "2011-03-11T23:26:49.680000+00:00",
        "label": "2011 Tohoku Earthquake Sequence",
        "magnitude": 5.3,
        "place": "69 km ESE of Kamaishi, Japan",
        "depth_km": 24.0
      }
    },
    {
      "type": "Feature",
      "geometry": {
        "type": "Point",
        "coordinates": [
          143.524,
          37.064
        ]
      },
      "properties": {
        "timestamp": "2011-03-11T23:40:11.420000+00:00",
        "label": "2011 Tohoku Earthquake Sequence",
        "magnitude": 5,
        "place": "228 km ESE of Namie, Japan",
        "depth_km": 24.5
      }
    },
    {
      "type": "Feature",
      "geometry": {
        "type": "Point",
        "coordinates": [
          142.532,
          38.857
        ]
      },
      "properties": {
        "timestamp": "2011-03-11T23:53:29.260000+00:00",
        "label": "2011 Tohoku Earthquake Sequence",
        "magnitude": 5.1,
        "place": "73 km SE of Kamaishi, Japan",
        "depth_km": 29.1
      }
    },
    {
      "type": "Feature",
      "geometry": {
        "type": "Point",
        "coordinates": [
          143.525,
          38.397
        ]
      },
      "properties": {
        "timestamp": "2011-03-11T23:58:03.430000+00:00",
        "label": "2011 Tohoku Earthquake Sequence",
        "magnitude": 5.3,
        "place": "173 km SE of Kamaishi, Japan",
        "depth_km": 31.0
      }
    },
    {
      "type": "Feature",
      "geometry": {
        "type": "Point",
        "coordinates": [
          141.506,
          36.528
        ]
      },
      "properties": {
        "timestamp": "2011-03-11T23:59:21.080000+00:00",
        "label": "2011 Tohoku Earthquake Sequence",
        "magnitude": 5.4,
        "place": "73 km ESE of Kitaibaraki, Japan",
        "depth_km": 22.3
      }
    },
    {
      "type": "Feature",
      "geometry": {
        "type": "Point",
        "coordinates": [
          143.595,
          36.555
        ]
      },
      "properties": {
        "timestamp": "2011-03-12T00:21:24.420000+00:00",
        "label": "2011 Tohoku Earthquake Sequence",
        "magnitude": 5,
        "place": "248 km ESE of Iwaki, Japan",
        "depth_km": 22.6
      }
    },
    {
      "type": "Feature",
      "geometry": {
        "type": "Point",
        "coordinates": [
          141.885,
          37.755
        ]
      },
      "properties": {
        "timestamp": "2011-03-12T00:25:07.750000+00:00",
        "label": "2011 Tohoku Earthquake Sequence",
        "magnitude": 5,
        "place": "83 km ENE of Namie, Japan",
        "depth_km": 30.7
      }
    },
    {
      "type": "Feature",
      "geometry": {
        "type": "Point",
        "coordinates": [
          142.499,
          37.207
        ]
      },
      "properties": {
        "timestamp": "2011-03-12T00:39:38.040000+00:00",
        "label": "2011 Tohoku Earthquake Sequence",
        "magnitude": 5,
        "place": "136 km ESE of Namie, Japan",
        "depth_km": 35.0
      }
    },
    {
      "type": "Feature",
      "geometry": {
        "type": "Point",
        "coordinates": [
          141.768,
          36.112
        ]
      },
      "properties": {
        "timestamp": "2011-03-12T00:45:09.180000+00:00",
        "label": "2011 Tohoku Earthquake Sequence",
        "magnitude": 5.5,
        "place": "94 km ENE of Hasaki, Japan",
        "depth_km": 20.0
      }
    },
    {
      "type": "Feature",
      "geometry": {
        "type": "Point",
        "coordinates": [
          141.392,
          37.821
        ]
      },
      "properties": {
        "timestamp": "2011-03-12T01:03:58.700000+00:00",
        "label": "2011 Tohoku Earthquake Sequence",
        "magnitude": 5,
        "place": "51 km NE of Namie, Japan",
        "depth_km": 30.1
      }
    },
    {
      "type": "Feature",
      "geometry": {
        "type": "Point",
        "coordinates": [
          142.677,
          38.053
        ]
      },
      "properties": {
        "timestamp": "2011-03-12T01:17:00.680000+00:00",
        "label": "2011 Tohoku Earthquake Sequence",
        "magnitude": 5.4,
        "place": "127 km ESE of Ishinomaki, Japan",
        "depth_km": 20.8
      }
    },
    {
      "type": "Feature",
      "geometry": {
        "type": "Point",
        "coordinates": [
          141.665,
          36.339
        ]
      },
      "properties": {
        "timestamp": "2011-03-12T01:25:01.270000+00:00",
        "label": "2011 Tohoku Earthquake Sequence",
        "magnitude": 5,
        "place": "94 km ESE of Takahagi, Japan",
        "depth_km": 13.0
      }
    },
    {
      "type": "Feature",
      "geometry": {
        "type": "Point",
        "coordinates": [
          142.831,
          38.751
        ]
      },
      "properties": {
        "timestamp": "2011-03-12T01:34:09.620000+00:00",
        "label": "2011 Tohoku Earthquake Sequence",
        "magnitude": 5.8,
        "place": "101 km SE of Kamaishi, Japan",
        "depth_km": 22.3
      }
    },
    {
      "type": "Feature",
      "geometry": {
        "type": "Point",
        "coordinates": [
          142.941,
          39.16
        ]
      },
      "properties": {
        "timestamp": "2011-03-12T01:35:29.930000+00:00",
        "label": "2011 Tohoku Earthquake Sequence",
        "magnitude": 5.3,
        "place": "91 km ESE of Yamada, Japan",
        "depth_km": 34.9
      }
    },
    {
      "type": "Feature",
      "geometry": {
        "type": "Point",
        "coordinates": [
          142.299,
          36.532
        ]
      },
      "properties": {
        "timestamp": "2011-03-12T01:36:24.560000+00:00",
        "label": "2011 Tohoku Earthquake Sequence",
        "magnitude": 5.2,
        "place": "138 km ESE of Iwaki, Japan",
        "depth_km": 20.5
      }
    },
    {
      "type": "Feature",
      "geometry": {
        "type": "Point",
        "coordinates": [
          141.555,
          36.331
        ]
      },
      "properties": {
        "timestamp": "2011-03-12T01:43:19.860000+00:00",
        "label": "2011 Tohoku Earthquake Sequence",
        "magnitude": 5.1,
        "place": "86 km ESE of Takahagi, Japan",
        "depth_km": 28.4
      }
    },
    {
      "type": "Feature",
      "geometry": {
        "type": "Point",
        "coordinates": [
          141.754,
          37.328
        ]
      },
      "properties": {
        "timestamp": "2011-03-12T01:46:20.540000+00:00",
        "label": "2011 Tohoku Earthquake Sequence",
        "magnitude": 5.5,
        "place": "68 km ESE of Namie, Japan",
        "depth_km": 32.2
      }
    },
    {
      "type": "Feature",
      "geometry": {
        "type": "Point",
        "coordinates": [
          142.648,
          37.594
        ]
      },
      "properties": {
        "timestamp": "2011-03-12T01:47:15.400000+00:00",
        "label": "2011 Tohoku Earthquake Sequence",
        "magnitude": 6.5,
        "place": "146 km E of Namie, Japan",
        "depth_km": 20.0
      }
    },
    {
      "type": "Feature",
      "geometry": {
        "type": "Point",
        "coordinates": [
          142.802,
          37.483
        ]
      },
      "properties": {
        "timestamp": "2011-03-12T01:59:43.480000+00:00",
        "label": "2011 Tohoku Earthquake Sequence",
        "magnitude": 5.2,
        "place": "159 km E of Namie, Japan",
        "depth_km": 26.9
      }
    },
    {
      "type": "Feature",
      "geometry": {
        "type": "Point",
        "coordinates": [
          141.431,
          36.667
        ]
      },
      "properties": {
        "timestamp": "2011-03-12T02:34:05.040000+00:00",
        "label": "2011 Tohoku Earthquake Sequence",
        "magnitude": 5.2,
        "place": "62 km ESE of Kitaibaraki, Japan",
        "depth_km": 26.9
      }
    },
    {
      "type": "Feature",
      "geometry": {
        "type": "Point",
        "coordinates": [
          142.719,
          40.126
        ]
      },
      "properties": {
        "timestamp": "2011-03-12T02:37:29.450000+00:00",
        "label": "2011 Tohoku Earthquake Sequence",
        "magnitude": 5,
        "place": "85 km NE of Miyako, Japan",
        "depth_km": 18.1
      }
    },
    {
      "type": "Feature",
      "geometry": {
        "type": "Point",
        "coordinates": [
          142.304,
          39.099
        ]
      },
      "properties": {
        "timestamp": "2011-03-12T02:43:10.090000+00:00",
        "label": "2011 Tohoku Earthquake Sequence",
        "magnitude": 5,
        "place": "42 km ESE of Kamaishi, Japan",
        "depth_km": 24.6
      }
    },
    {
      "type": "Feature",
      "geometry": {
        "type": "Point",
        "coordinates": [
          143.61,
          37.6
        ]
      },
      "properties": {
        "timestamp": "2011-03-12T02:47:33.500000+00:00",
        "label": "2011 Tohoku Earthquake Sequence",
        "magnitude": 5.9,
        "place": "222 km ESE of Ishinomaki, Japan",
        "depth_km": 14.6
      }
    },
    {
      "type": "Feature",
      "geometry": {
        "type": "Point",
        "coordinates": [
          144.22,
          37.722
        ]
      },
      "properties": {
        "timestamp": "2011-03-12T02:51:47.470000+00:00",
        "label": "2011 Tohoku Earthquake Sequence",
        "magnitude": 5,
        "place": "265 km SE of ?funato, Japan",
        "depth_km": 22.2
      }
    },
    {
      "type": "Feature",
      "geometry": {
        "type": "Point",
        "coordinates": [
          142.598,
          39.549
        ]
      },
      "properties": {
        "timestamp": "2011-03-12T03:01:47.410000+00:00",
        "label": "2011 Tohoku Earthquake Sequence",
        "magnitude": 5.8,
        "place": "56 km E of Yamada, Japan",
        "depth_km": 19.9
      }
    },
    {
      "type": "Feature",
      "geometry": {
        "type": "Point",
        "coordinates": [
          141.344,
          35.952
        ]
      },
      "properties": {
        "timestamp": "2011-03-12T03:11:57.760000+00:00",
        "label": "2011 Tohoku Earthquake Sequence",
        "magnitude": 5.9,
        "place": "52 km ENE of Hasaki, Japan",
        "depth_km": 16.7
      }
    },
    {
      "type": "Feature",
      "geometry": {
        "type": "Point",
        "coordinates": [
          144.623,
          37.887
        ]
      },
      "properties": {
        "timestamp": "2011-03-12T03:29:27.810000+00:00",
        "label": "2011 Tohoku Earthquake Sequence",
        "magnitude": 5.3,
        "place": "285 km ESE of Kamaishi, Japan",
        "depth_km": 24.9
      }
    },
    {
      "type": "Feature",
      "geometry": {
        "type": "Point",
        "coordinates": [
          140.953,
          35.222
        ]
      },
      "properties": {
        "timestamp": "2011-03-12T03:34:43.920000+00:00",
        "label": "2011 Tohoku Earthquake Sequence",
        "magnitude": 5.3,
        "place": "51 km E of ?hara, Japan",
        "depth_km": 13.6
      }
    },
    {
      "type": "Feature",
      "geometry": {
        "type": "Point",
        "coordinates": [
          141.226,
          35.79
        ]
      },
      "properties": {
        "timestamp": "2011-03-12T03:54:44.740000+00:00",
        "label": "2011 Tohoku Earthquake Sequence",
        "magnitude": 5,
        "place": "36 km E of Hasaki, Japan",
        "depth_km": 8.8
      }
    },
    {
      "type": "Feature",
      "geometry": {
        "type": "Point",
        "coordinates": [
          141.779,
          38.865
        ]
      },
      "properties": {
        "timestamp": "2011-03-12T04:06:10.220000+00:00",
        "label": "2011 Tohoku Earthquake Sequence",
        "magnitude": 5.2,
        "place": "23 km SSE of ?funato, Japan",
        "depth_km": 38.2
      }
    },
    {
      "type": "Feature",
      "geometry": {
        "type": "Point",
        "coordinates": [
          141.34,
          35.905
        ]
      },
      "properties": {
        "timestamp": "2011-03-12T04:47:18.840000+00:00",
        "label": "2011 Tohoku Earthquake Sequence",
        "magnitude": 5.1,
        "place": "49 km ENE of Hasaki, Japan",
        "depth_km": 31.1
      }
    },
    {
      "type": "Feature",
      "geometry": {
        "type": "Point",
        "coordinates": [
          143.202,
          40.082
        ]
      },
      "properties": {
        "timestamp": "2011-03-12T04:52:57.130000+00:00",
        "label": "2011 Tohoku Earthquake Sequence",
        "magnitude": 5.7,
        "place": "118 km ENE of Miyako, Japan",
        "depth_km": 25.5
      }
    },
    {
      "type": "Feature",
      "geometry": {
        "type": "Point",
        "coordinates": [
          143.907,
          37.734
        ]
      },
      "properties": {
        "timestamp": "2011-03-12T05:58:55.960000+00:00",
        "label": "2011 Tohoku Earthquake Sequence",
        "magnitude": 5.1,
        "place": "240 km ESE of Ishinomaki, Japan",
        "depth_km": 16.6
      }
    },
    {
      "type": "Feature",
      "geometry": {
        "type": "Point",
        "coordinates": [
          141.73,
          36.367
        ]
      },
      "properties": {
        "timestamp": "2011-03-12T06:00:25.280000+00:00",
        "label": "2011 Tohoku Earthquake Sequence",
        "magnitude": 5.1,
        "place": "98 km ESE of Takahagi, Japan",
        "depth_km": 30.7
      }
    },
    {
      "type": "Feature",
      "geometry": {
        "type": "Point",
        "coordinates": [
          143.812,
          37.09
        ]
      },
      "properties": {
        "timestamp": "2011-03-12T06:10:17.960000+00:00",
        "label": "2011 Tohoku Earthquake Sequence",
        "magnitude": 5.1,
        "place": "253 km E of Namie, Japan",
        "depth_km": 6.9
      }
    },
    {
      "type": "Feature",
      "geometry": {
        "type": "Point",
        "coordinates": [
          143.796,
          38.494
        ]
      },
      "properties": {
        "timestamp": "2011-03-12T06:10:45.030000+00:00",
        "label": "2011 Tohoku Earthquake Sequence",
        "magnitude": 5.4,
        "place": "188 km ESE of Kamaishi, Japan",
        "depth_km": 20.1
      }
    },
    {
      "type": "Feature",
      "geometry": {
        "type": "Point",
        "coordinates": [
          142.33,
          39.171
        ]
      },
      "properties": {
        "timestamp": "2011-03-12T06:18:44.570000+00:00",
        "label": "2011 Tohoku Earthquake Sequence",
        "magnitude": 5.5,
        "place": "41 km ESE of Kamaishi, Japan",
        "depth_km": 53.7
      }
    },
    {
      "type": "Feature",
      "geometry": {
        "type": "Point",
        "coordinates": [
          143.452,
          39.597
        ]
      },
      "properties": {
        "timestamp": "2011-03-12T06:35:59.960000+00:00",
        "label": "2011 Tohoku Earthquake Sequence",
        "magnitude": 5,
        "place": "129 km E of Miyako, Japan",
        "depth_km": 28.3
      }
    },
    {
      "type": "Feature",
      "geometry": {
        "type": "Point",
        "coordinates": [
          142.007,
          37.424
        ]
      },
      "properties": {
        "timestamp": "2011-03-12T07:13:37.480000+00:00",
        "label": "2011 Tohoku Earthquake Sequence",
        "magnitude": 5,
        "place": "89 km E of Namie, Japan",
        "depth_km": 47.2
      }
    },
    {
      "type": "Feature",
      "geometry": {
        "type": "Point",
        "coordinates": [
          144.675,
          39.001
        ]
      },
      "properties": {
        "timestamp": "2011-03-12T07:18:55+00:00",
        "label": "2011 Tohoku Earthquake Sequence",
        "magnitude": 5.1,
        "place": "240 km ESE of Yamada, Japan",
        "depth_km": 29.6
      }
    },
    {
      "type": "Feature",
      "geometry": {
        "type": "Point",
        "coordinates": [
          142.575,
          37.38
        ]
      },
      "properties": {
        "timestamp": "2011-03-12T07:35:39.260000+00:00",
        "label": "2011 Tohoku Earthquake Sequence",
        "magnitude": 5,
        "place": "139 km E of Namie, Japan",
        "depth_km": 38.8
      }
    },
    {
      "type": "Feature",
      "geometry": {
        "type": "Point",
        "coordinates": [
          141.563,
          36.888
        ]
      },
      "properties": {
        "timestamp": "2011-03-12T07:36:58.940000+00:00",
        "label": "2011 Tohoku Earthquake Sequence",
        "magnitude": 5.1,
        "place": "63 km ESE of Iwaki, Japan",
        "depth_km": 54.5
      }
    },
    {
      "type": "Feature",
      "geometry": {
        "type": "Point",
        "coordinates": [
          141.45,
          35.905
        ]
      },
      "properties": {
        "timestamp": "2011-03-12T07:54:09.390000+00:00",
        "label": "2011 Tohoku Earthquake Sequence",
        "magnitude": 5.1,
        "place": "58 km ENE of Hasaki, Japan",
        "depth_km": 37.3
      }
    },
    {
      "type": "Feature",
      "geometry": {
        "type": "Point",
        "coordinates": [
          143.624,
          37.178
        ]
      },
      "properties": {
        "timestamp": "2011-03-12T08:52:47.840000+00:00",
        "label": "2011 Tohoku Earthquake Sequence",
        "magnitude": 5,
        "place": "234 km E of Namie, Japan",
        "depth_km": 23.3
      }
    },
    {
      "type": "Feature",
      "geometry": {
        "type": "Point",
        "coordinates": [
          143.571,
          37.322
        ]
      },
      "properties": {
        "timestamp": "2011-03-12T08:59:59.970000+00:00",
        "label": "2011 Tohoku Earthquake Sequence",
        "magnitude": 5.2,
        "place": "228 km E of Namie, Japan",
        "depth_km": 24.1
      }
    },
    {
      "type": "Feature",
      "geometry": {
        "type": "Point",
        "coordinates": [
          143.466,
          37.094
        ]
      },
      "properties": {
        "timestamp": "2011-03-12T09:18:53.520000+00:00",
        "label": "2011 Tohoku Earthquake Sequence",
        "magnitude": 5.2,
        "place": "222 km ESE of Namie, Japan",
        "depth_km": 10.0
      }
    },
    {
      "type": "Feature",
      "geometry": {
        "type": "Point",
        "coordinates": [
          143.704,
          37.384
        ]
      },
      "properties": {
        "timestamp": "2011-03-12T09:27:13.360000+00:00",
        "label": "2011 Tohoku Earthquake Sequence",
        "magnitude": 5,
        "place": "239 km E of Namie, Japan",
        "depth_km": 35.0
      }
    },
    {
      "type": "Feature",
      "geometry": {
        "type": "Point",
        "coordinates": [
          142.811,
          38.859
        ]
      },
      "properties": {
        "timestamp": "2011-03-12T09:40:44.550000+00:00",
        "label": "2011 Tohoku Earthquake Sequence",
        "magnitude": 5.2,
        "place": "93 km ESE of Kamaishi, Japan",
        "depth_km": 32.5
      }
    },
    {
      "type": "Feature",
      "geometry": {
        "type": "Point",
        "coordinates": [
          141.772,
          35.944
        ]
      },
      "properties": {
        "timestamp": "2011-03-12T10:00:27.220000+00:00",
        "label": "2011 Tohoku Earthquake Sequence",
        "magnitude": 5,
        "place": "87 km ENE of Hasaki, Japan",
        "depth_km": 35.0
      }
    },
    {
      "type": "Feature",
      "geometry": {
        "type": "Point",
        "coordinates": [
          143.469,
          37.151
        ]
      },
      "properties": {
        "timestamp": "2011-03-12T10:20:21.180000+00:00",
        "label": "2011 Tohoku Earthquake Sequence",
        "magnitude": 5.3,
        "place": "221 km E of Namie, Japan",
        "depth_km": 22.3
      }
    },
    {
      "type": "Feature",
      "geometry": {
        "type": "Point",
        "coordinates": [
          144.454,
          37.498
        ]
      },
      "properties": {
        "timestamp": "2011-03-12T10:34:47.390000+00:00",
        "label": "2011 Tohoku Earthquake Sequence",
        "magnitude": 5.2,
        "place": "off the east coast of Honshu, Japan",
        "depth_km": 26.9
      }
    },
    {
      "type": "Feature",
      "geometry": {
        "type": "Point",
        "coordinates": [
          141.763,
          36.699
        ]
      },
      "properties": {
        "timestamp": "2011-03-12T10:39:12.510000+00:00",
        "label": "2011 Tohoku Earthquake Sequence",
        "magnitude": 5,
        "place": "87 km ESE of Iwaki, Japan",
        "depth_km": 35.0
      }
    },
    {
      "type": "Feature",
      "geometry": {
        "type": "Point",
        "coordinates": [
          142.279,
          39.049
        ]
      },
      "properties": {
        "timestamp": "2011-03-12T10:53:30.780000+00:00",
        "label": "2011 Tohoku Earthquake Sequence",
        "magnitude": 5.7,
        "place": "43 km SE of Kamaishi, Japan",
        "depth_km": 27.0
      }
    },
    {
      "type": "Feature",
      "geometry": {
        "type": "Point",
        "coordinates": [
          141.681,
          35.743
        ]
      },
      "properties": {
        "timestamp": "2011-03-12T11:45:59.990000+00:00",
        "label": "2011 Tohoku Earthquake Sequence",
        "magnitude": 5.3,
        "place": "76 km E of Hasaki, Japan",
        "depth_km": 10.0
      }
    },
    {
      "type": "Feature",
      "geometry": {
        "type": "Point",
        "coordinates": [
          143.828,
          37.746
        ]
      },
      "properties": {
        "timestamp": "2011-03-12T12:50:29.090000+00:00",
        "label": "2011 Tohoku Earthquake Sequence",
        "magnitude": 5.1,
        "place": "233 km ESE of Ishinomaki, Japan",
        "depth_km": 35.0
      }
    },
    {
      "type": "Feature",
      "geometry": {
        "type": "Point",
        "coordinates": [
          143.506,
          37.734
        ]
      },
      "properties": {
        "timestamp": "2011-03-12T12:53:52.100000+00:00",
        "label": "2011 Tohoku Earthquake Sequence",
        "magnitude": 5.9,
        "place": "207 km ESE of Ishinomaki, Japan",
        "depth_km": 34.1
      }
    },
    {
      "type": "Feature",
      "geometry": {
        "type": "Point",
        "coordinates": [
          141.159,
          37.249
        ]
      },
      "properties": {
        "timestamp": "2011-03-12T13:15:41.650000+00:00",
        "label": "2011 Tohoku Earthquake Sequence",
        "magnitude": 6.1,
        "place": "29 km SSE of Namie, Japan",
        "depth_km": 38.0
      }
    },
    {
      "type": "Feature",
      "geometry": {
        "type": "Point",
        "coordinates": [
          141.935,
          36.204
        ]
      },
      "properties": {
        "timestamp": "2011-03-12T13:23:53.220000+00:00",
        "label": "2011 Tohoku Earthquake Sequence",
        "magnitude": 5.2,
        "place": "112 km ENE of Hasaki, Japan",
        "depth_km": 28.5
      }
    },
    {
      "type": "Feature",
      "geometry": {
        "type": "Point",
        "coordinates": [
          142.369,
          39.426
        ]
      },
      "properties": {
        "timestamp": "2011-03-12T13:26:57.340000+00:00",
        "label": "2011 Tohoku Earthquake Sequence",
        "magnitude": 5.3,
        "place": "36 km E of Yamada, Japan",
        "depth_km": 35.0
      }
    },
    {
      "type": "Feature",
      "geometry": {
        "type": "Point",
        "coordinates": [
          141.797,
          36.342
        ]
      },
      "properties": {
        "timestamp": "2011-03-12T13:57:12.670000+00:00",
        "label": "2011 Tohoku Earthquake Sequence",
        "magnitude": 5.2,
        "place": "105 km ESE of Takahagi, Japan",
        "depth_km": 35.0
      }
    },
    {
      "type": "Feature",
      "geometry": {
        "type": "Point",
        "coordinates": [
          142.549,
          38.791
        ]
      },
      "properties": {
        "timestamp": "2011-03-12T14:03:31.310000+00:00",
        "label": "2011 Tohoku Earthquake Sequence",
        "magnitude": 5.6,
        "place": "78 km ESE of ?funato, Japan",
        "depth_km": 35.0
      }
    },
    {
      "type": "Feature",
      "geometry": {
        "type": "Point",
        "coordinates": [
          141.662,
          35.776
        ]
      },
      "properties": {
        "timestamp": "2011-03-12T14:35:01.120000+00:00",
        "label": "2011 Tohoku Earthquake Sequence",
        "magnitude": 5.4,
        "place": "75 km E of Hasaki, Japan",
        "depth_km": 35.0
      }
    },
    {
      "type": "Feature",
      "geometry": {
        "type": "Point",
        "coordinates": [
          142.405,
          39.465
        ]
      },
      "properties": {
        "timestamp": "2011-03-12T14:43:10.850000+00:00",
        "label": "2011 Tohoku Earthquake Sequence",
        "magnitude": 5.8,
        "place": "39 km E of Yamada, Japan",
        "depth_km": 35.0
      }
    },
    {
      "type": "Feature",
      "geometry": {
        "type": "Point",
        "coordinates": [
          144.752,
          37.911
        ]
      },
      "properties": {
        "timestamp": "2011-03-12T16:22:09.780000+00:00",
        "label": "2011 Tohoku Earthquake Sequence",
        "magnitude": 5.1,
        "place": "293 km ESE of Kamaishi, Japan",
        "depth_km": 7.7
      }
    },
    {
      "type": "Feature",
      "geometry": {
        "type": "Point",
        "coordinates": [
          143.348,
          37.72
        ]
      },
      "properties": {
        "timestamp": "2011-03-12T17:01:19.190000+00:00",
        "label": "2011 Tohoku Earthquake Sequence",
        "magnitude": 5.1,
        "place": "195 km ESE of Ishinomaki, Japan",
        "depth_km": 16.4
      }
    },
    {
      "type": "Feature",
      "geometry": {
        "type": "Point",
        "coordinates": [
          143.943,
          37.999
        ]
      },
      "properties": {
        "timestamp": "2011-03-12T17:11:05.910000+00:00",
        "label": "2011 Tohoku Earthquake Sequence",
        "magnitude": 5.2,
        "place": "227 km ESE of ?funato, Japan",
        "depth_km": 9.9
      }
    },
    {
      "type": "Feature",
      "geometry": {
        "type": "Point",
        "coordinates": [
          142.482,
          36.517
        ]
      },
      "properties": {
        "timestamp": "2011-03-12T17:19:23.850000+00:00",
        "label": "2011 Tohoku Earthquake Sequence",
        "magnitude": 5.8,
        "place": "154 km ESE of Iwaki, Japan",
        "depth_km": 10.0
      }
    },
    {
      "type": "Feature",
      "geometry": {
        "type": "Point",
        "coordinates": [
          142.608,
          37.713
        ]
      },
      "properties": {
        "timestamp": "2011-03-12T19:11:57.050000+00:00",
        "label": "2011 Tohoku Earthquake Sequence",
        "magnitude": 5.3,
        "place": "138 km SE of Ishinomaki, Japan",
        "depth_km": 4.7
      }
    },
    {
      "type": "Feature",
      "geometry": {
        "type": "Point",
        "coordinates": [
          141.754,
          35.754
        ]
      },
      "properties": {
        "timestamp": "2011-03-12T20:08:26.970000+00:00",
        "label": "2011 Tohoku Earthquake Sequence",
        "magnitude": 5,
        "place": "83 km E of Hasaki, Japan",
        "depth_km": 36.3
      }
    },
    {
      "type": "Feature",
      "geometry": {
        "type": "Point",
        "coordinates": [
          143.993,
          36.747
        ]
      },
      "properties": {
        "timestamp": "2011-03-12T20:09:56.270000+00:00",
        "label": "2011 Tohoku Earthquake Sequence",
        "magnitude": 5.1,
        "place": "278 km ESE of Namie, Japan",
        "depth_km": 35.0
      }
    },
    {
      "type": "Feature",
      "geometry": {
        "type": "Point",
        "coordinates": [
          144.751,
          38.892
        ]
      },
      "properties": {
        "timestamp": "2011-03-12T20:14:32.080000+00:00",
        "label": "2011 Tohoku Earthquake Sequence",
        "magnitude": 5,
        "place": "250 km ESE of Yamada, Japan",
        "depth_km": 4.2
      }
    },
    {
      "type": "Feature",
      "geometry": {
        "type": "Point",
        "coordinates": [
          144.234,
          37.861
        ]
      },
      "properties": {
        "timestamp": "2011-03-12T21:38:35.680000+00:00",
        "label": "2011 Tohoku Earthquake Sequence",
        "magnitude": 5,
        "place": "257 km ESE of ?funato, Japan",
        "depth_km": 35.0
      }
    },
    {
      "type": "Feature",
      "geometry": {
        "type": "Point",
        "coordinates": [
          142.569,
          39.612
        ]
      },
      "properties": {
        "timestamp": "2011-03-12T21:48:09.620000+00:00",
        "label": "2011 Tohoku Earthquake Sequence",
        "magnitude": 5.4,
        "place": "54 km E of Miyako, Japan",
        "depth_km": 26.4
      }
    },
    {
      "type": "Feature",
      "geometry": {
        "type": "Point",
        "coordinates": [
          142.31,
          39.03
        ]
      },
      "properties": {
        "timestamp": "2011-03-12T21:58:18.870000+00:00",
        "label": "2011 Tohoku Earthquake Sequence",
        "magnitude": 5.4,
        "place": "47 km SE of Kamaishi, Japan",
        "depth_km": 44.9
      }
    },
    {
      "type": "Feature",
      "geometry": {
        "type": "Point",
        "coordinates": [
          141.889,
          37.681
        ]
      },
      "properties": {
        "timestamp": "2011-03-12T22:12:46.270000+00:00",
        "label": "2011 Tohoku Earthquake Sequence",
        "magnitude": 5.8,
        "place": "81 km ENE of Namie, Japan",
        "depth_km": 16.0
      }
    },
    {
      "type": "Feature",
      "geometry": {
        "type": "Point",
        "coordinates": [
          142.27,
          39.175
        ]
      },
      "properties": {
        "timestamp": "2011-03-12T22:31:27.320000+00:00",
        "label": "2011 Tohoku Earthquake Sequence",
        "magnitude": 5.3,
        "place": "36 km ESE of Kamaishi, Japan",
        "depth_km": 31.0
      }
    },
    {
      "type": "Feature",
      "geometry": {
        "type": "Point",
        "coordinates": [
          142.282,
          37.998
        ]
      },
      "properties": {
        "timestamp": "2011-03-12T23:20:41.040000+00:00",
        "label": "2011 Tohoku Earthquake Sequence",
        "magnitude": 5.4,
        "place": "97 km ESE of Ishinomaki, Japan",
        "depth_km": 23.5
      }
    },
    {
      "type": "Feature",
      "geometry": {
        "type": "Point",
        "coordinates": [
          141.72,
          38.047
        ]
      },
      "properties": {
        "timestamp": "2011-03-12T23:24:48.780000+00:00",
        "label": "2011 Tohoku Earthquake Sequence",
        "magnitude": 6.1,
        "place": "55 km SE of Ishinomaki, Japan",
        "depth_km": 15.0
      }
    },
    {
      "type": "Feature",
      "geometry": {
        "type": "Point",
        "coordinates": [
          142.296,
          36.732
        ]
      },
      "properties": {
        "timestamp": "2011-03-12T23:37:22.950000+00:00",
        "label": "2011 Tohoku Earthquake Sequence",
        "magnitude": 5.1,
        "place": "130 km ESE of Iwaki, Japan",
        "depth_km": 22.2
      }
    },
    {
      "type": "Feature",
      "geometry": {
        "type": "Point",
        "coordinates": [
          141.661,
          36.624
        ]
      },
      "properties": {
        "timestamp": "2011-03-12T23:40:48.800000+00:00",
        "label": "2011 Tohoku Earthquake Sequence",
        "magnitude": 5.2,
        "place": "83 km ESE of Kitaibaraki, Japan",
        "depth_km": 29.7
      }
    },
    {
      "type": "Feature",
      "geometry": {
        "type": "Point",
        "coordinates": [
          143.387,
          37.075
        ]
      },
      "properties": {
        "timestamp": "2011-03-12T23:51:23.160000+00:00",
        "label": "2011 Tohoku Earthquake Sequence",
        "magnitude": 5,
        "place": "216 km ESE of Namie, Japan",
        "depth_km": 21.0
      }
    },
    {
      "type": "Feature",
      "geometry": {
        "type": "Point",
        "coordinates": [
          143.381,
          37.681
        ]
      },
      "properties": {
        "timestamp": "2011-03-12T23:53:42.240000+00:00",
        "label": "2011 Tohoku Earthquake Sequence",
        "magnitude": 5,
        "place": "200 km ESE of Ishinomaki, Japan",
        "depth_km": 8.7
      }
    },
    {
      "type": "Feature",
      "geometry": {
        "type": "Point",
        "coordinates": [
          140.868,
          36.008
        ]
      },
      "properties": {
        "timestamp": "2011-03-13T00:32:57.240000+00:00",
        "label": "2011 Tohoku Earthquake Sequence",
        "magnitude": 5,
        "place": "20 km ENE of Kashima-shi, Japan",
        "depth_km": 24.2
      }
    },
    {
      "type": "Feature",
      "geometry": {
        "type": "Point",
        "coordinates": [
          142.712,
          38.038
        ]
      },
      "properties": {
        "timestamp": "2011-03-13T00:43:17.970000+00:00",
        "label": "2011 Tohoku Earthquake Sequence",
        "magnitude": 5,
        "place": "130 km ESE of Ishinomaki, Japan",
        "depth_km": 32.3
      }
    },
    {
      "type": "Feature",
      "geometry": {
        "type": "Point",
        "coordinates": [
          143.232,
          39.081
        ]
      },
      "properties": {
        "timestamp": "2011-03-13T00:47:06.010000+00:00",
        "label": "2011 Tohoku Earthquake Sequence",
        "magnitude": 5.2,
        "place": "118 km ESE of Yamada, Japan",
        "depth_km": 36.6
      }
    },
    {
      "type": "Feature",
      "geometry": {
        "type": "Point",
        "coordinates": [
          141.637,
          35.723
        ]
      },
      "properties": {
        "timestamp": "2011-03-13T01:26:04.250000+00:00",
        "label": "2011 Tohoku Earthquake Sequence",
        "magnitude": 6.1,
        "place": "72 km E of Hasaki, Japan",
        "depth_km": 8.0
      }
    },
    {
      "type": "Feature",
      "geometry": {
        "type": "Point",
        "coordinates": [
          143.84,
          37.511
        ]
      },
      "properties": {
        "timestamp": "2011-03-13T01:31:29.050000+00:00",
        "label": "2011 Tohoku Earthquake Sequence",
        "magnitude": 5.1,
        "place": "244 km ESE of Ishinomaki, Japan",
        "depth_km": 22.3
      }
    },
    {
      "type": "Feature",
      "geometry": {
        "type": "Point",
        "coordinates": [
          142.903,
          36.907
        ]
      },
      "properties": {
        "timestamp": "2011-03-13T01:42:51.200000+00:00",
        "label": "2011 Tohoku Earthquake Sequence",
        "magnitude": 5.2,
        "place": "180 km E of Iwaki, Japan",
        "depth_km": 7.3
      }
    },
    {
      "type": "Feature",
      "geometry": {
        "type": "Point",
        "coordinates": [
          142.344,
          36.344
        ]
      },
      "properties": {
        "timestamp": "2011-03-13T02:23:34.520000+00:00",
        "label": "2011 Tohoku Earthquake Sequence",
        "magnitude": 5.8,
        "place": "150 km ESE of Kitaibaraki, Japan",
        "depth_km": 10.1
      }
    },
    {
      "type": "Feature",
      "geometry": {
        "type": "Point",
        "coordinates": [
          144.347,
          39.689
        ]
      },
      "properties": {
        "timestamp": "2011-03-13T02:42:26.840000+00:00",
        "label": "2011 Tohoku Earthquake Sequence",
        "magnitude": 5.1,
        "place": "206 km E of Miyako, Japan",
        "depth_km": 14.3
      }
    },
    {
      "type": "Feature",
      "geometry": {
        "type": "Point",
        "coordinates": [
          142.595,
          36.851
        ]
      },
      "properties": {
        "timestamp": "2011-03-13T02:48:17.600000+00:00",
        "label": "2011 Tohoku Earthquake Sequence",
        "magnitude": 5.1,
        "place": "154 km E of Iwaki, Japan",
        "depth_km": 12.9
      }
    },
    {
      "type": "Feature",
      "geometry": {
        "type": "Point",
        "coordinates": [
          143.332,
          36.908
        ]
      },
      "properties": {
        "timestamp": "2011-03-13T02:51:22.380000+00:00",
        "label": "2011 Tohoku Earthquake Sequence",
        "magnitude": 5.3,
        "place": "216 km ESE of Namie, Japan",
        "depth_km": 12.6
      }
    },
    {
      "type": "Feature",
      "geometry": {
        "type": "Point",
        "coordinates": [
          143.266,
          39.471
        ]
      },
      "properties": {
        "timestamp": "2011-03-13T02:53:23.340000+00:00",
        "label": "2011 Tohoku Earthquake Sequence",
        "magnitude": 5.1,
        "place": "113 km E of Yamada, Japan",
        "depth_km": 21.9
      }
    },
    {
      "type": "Feature",
      "geometry": {
        "type": "Point",
        "coordinates": [
          143.296,
          36.881
        ]
      },
      "properties": {
        "timestamp": "2011-03-13T02:57:13.410000+00:00",
        "label": "2011 Tohoku Earthquake Sequence",
        "magnitude": 5.3,
        "place": "214 km ESE of Namie, Japan",
        "depth_km": 14.6
      }
    },
    {
      "type": "Feature",
      "geometry": {
        "type": "Point",
        "coordinates": [
          141.724,
          35.668
        ]
      },
      "properties": {
        "timestamp": "2011-03-13T04:12:56.710000+00:00",
        "label": "2011 Tohoku Earthquake Sequence",
        "magnitude": 5,
        "place": "80 km E of Hasaki, Japan",
        "depth_km": 35.7
      }
    },
    {
      "type": "Feature",
      "geometry": {
        "type": "Point",
        "coordinates": [
          142.969,
          38.192
        ]
      },
      "properties": {
        "timestamp": "2011-03-13T04:23:23.730000+00:00",
        "label": "2011 Tohoku Earthquake Sequence",
        "magnitude": 5.1,
        "place": "146 km SE of ?funato, Japan",
        "depth_km": 26.6
      }
    },
    {
      "type": "Feature",
      "geometry": {
        "type": "Point",
        "coordinates": [
          140.973,
          35.208
        ]
      },
      "properties": {
        "timestamp": "2011-03-13T04:36:13.350000+00:00",
        "label": "2011 Tohoku Earthquake Sequence",
        "magnitude": 5.1,
        "place": "52 km E of ?hara, Japan",
        "depth_km": 22.4
      }
    },
    {
      "type": "Feature",
      "geometry": {
        "type": "Point",
        "coordinates": [
          142.257,
          36.3
        ]
      },
      "properties": {
        "timestamp": "2011-03-13T04:40:27.120000+00:00",
        "label": "2011 Tohoku Earthquake Sequence",
        "magnitude": 5.1,
        "place": "142 km ENE of Hasaki, Japan",
        "depth_km": 12.3
      }
    },
    {
      "type": "Feature",
      "geometry": {
        "type": "Point",
        "coordinates": [
          144.019,
          38.326
        ]
      },
      "properties": {
        "timestamp": "2011-03-13T07:04:38.310000+00:00",
        "label": "2011 Tohoku Earthquake Sequence",
        "magnitude": 5.3,
        "place": "214 km ESE of Kamaishi, Japan",
        "depth_km": 35.0
      }
    },
    {
      "type": "Feature",
      "geometry": {
        "type": "Point",
        "coordinates": [
          143.181,
          39.642
        ]
      },
      "properties": {
        "timestamp": "2011-03-13T07:56:42.520000+00:00",
        "label": "2011 Tohoku Earthquake Sequence",
        "magnitude": 5.7,
        "place": "106 km E of Miyako, Japan",
        "depth_km": 13.0
      }
    },
    {
      "type": "Feature",
      "geometry": {
        "type": "Point",
        "coordinates": [
          142.4,
          37.174
        ]
      },
      "properties": {
        "timestamp": "2011-03-13T08:43:24.980000+00:00",
        "label": "2011 Tohoku Earthquake Sequence",
        "magnitude": 5,
        "place": "128 km ESE of Namie, Japan",
        "depth_km": 37.0
      }
    },
    {
      "type": "Feature",
      "geometry": {
        "type": "Point",
        "coordinates": [
          143.807,
          37.727
        ]
      },
      "properties": {
        "timestamp": "2011-03-13T09:12:56.680000+00:00",
        "label": "2011 Tohoku Earthquake Sequence",
        "magnitude": 5.1,
        "place": "232 km ESE of Ishinomaki, Japan",
        "depth_km": 14.4
      }
    },
    {
      "type": "Feature",
      "geometry": {
        "type": "Point",
        "coordinates": [
          142.441,
          39.02
        ]
      },
      "properties": {
        "timestamp": "2011-03-13T09:25:07.970000+00:00",
        "label": "2011 Tohoku Earthquake Sequence",
        "magnitude": 5.1,
        "place": "57 km ESE of Kamaishi, Japan",
        "depth_km": 25.0
      }
    },
    {
      "type": "Feature",
      "geometry": {
        "type": "Point",
        "coordinates": [
          141.858,
          38.849
        ]
      },
      "properties": {
        "timestamp": "2011-03-13T09:52:30.970000+00:00",
        "label": "2011 Tohoku Earthquake Sequence",
        "magnitude": 5.6,
        "place": "27 km SSE of ?funato, Japan",
        "depth_km": 33.0
      }
    },
    {
      "type": "Feature",
      "geometry": {
        "type": "Point",
        "coordinates": [
          142.394,
          37.348
        ]
      },
      "properties": {
        "timestamp": "2011-03-13T11:37:30.420000+00:00",
        "label": "2011 Tohoku Earthquake Sequence",
        "magnitude": 5.7,
        "place": "124 km E of Namie, Japan",
        "depth_km": 17.0
      }
    },
    {
      "type": "Feature",
      "geometry": {
        "type": "Point",
        "coordinates": [
          142.729,
          39.167
        ]
      },
      "properties": {
        "timestamp": "2011-03-13T14:31:57.140000+00:00",
        "label": "2011 Tohoku Earthquake Sequence",
        "magnitude": 5.2,
        "place": "74 km ESE of ?tsuchi, Japan",
        "depth_km": 27.2
      }
    },
    {
      "type": "Feature",
      "geometry": {
        "type": "Point",
        "coordinates": [
          142.791,
          38.282
        ]
      },
      "properties": {
        "timestamp": "2011-03-13T14:41:20.510000+00:00",
        "label": "2011 Tohoku Earthquake Sequence",
        "magnitude": 5.1,
        "place": "128 km SE of ?funato, Japan",
        "depth_km": 12.0
      }
    },
    {
      "type": "Feature",
      "geometry": {
        "type": "Point",
        "coordinates": [
          142.783,
          37.767
        ]
      },
      "properties": {
        "timestamp": "2011-03-13T14:48:01.360000+00:00",
        "label": "2011 Tohoku Earthquake Sequence",
        "magnitude": 5.4,
        "place": "148 km ESE of Ishinomaki, Japan",
        "depth_km": 17.9
      }
    },
    {
      "type": "Feature",
      "geometry": {
        "type": "Point",
        "coordinates": [
          144.471,
          36.902
        ]
      },
      "properties": {
        "timestamp": "2011-03-13T15:08:48.640000+00:00",
        "label": "2011 Tohoku Earthquake Sequence",
        "magnitude": 5.2,
        "place": "off the east coast of Honshu, Japan",
        "depth_km": 21.1
      }
    },
    {
      "type": "Feature",
      "geometry": {
        "type": "Point",
        "coordinates": [
          140.834,
          35.468
        ]
      },
      "properties": {
        "timestamp": "2011-03-13T15:10:52.460000+00:00",
        "label": "2011 Tohoku Earthquake Sequence",
        "magnitude": 5.2,
        "place": "29 km S of Hasaki, Japan",
        "depth_km": 35.0
      }
    },
    {
      "type": "Feature",
      "geometry": {
        "type": "Point",
        "coordinates": [
          142.586,
          39.445
        ]
      },
      "properties": {
        "timestamp": "2011-03-13T15:27:21.190000+00:00",
        "label": "2011 Tohoku Earthquake Sequence",
        "magnitude": 5,
        "place": "54 km E of Yamada, Japan",
        "depth_km": 36.9
      }
    },
    {
      "type": "Feature",
      "geometry": {
        "type": "Point",
        "coordinates": [
          141.149,
          35.132
        ]
      },
      "properties": {
        "timestamp": "2011-03-13T17:01:30.180000+00:00",
        "label": "2011 Tohoku Earthquake Sequence",
        "magnitude": 5.1,
        "place": "70 km E of ?hara, Japan",
        "depth_km": 16.6
      }
    },
    {
      "type": "Feature",
      "geometry": {
        "type": "Point",
        "coordinates": [
          143.597,
          37.645
        ]
      },
      "properties": {
        "timestamp": "2011-03-13T17:04:01.430000+00:00",
        "label": "2011 Tohoku Earthquake Sequence",
        "magnitude": 5.1,
        "place": "219 km ESE of Ishinomaki, Japan",
        "depth_km": 35.0
      }
    },
    {
      "type": "Feature",
      "geometry": {
        "type": "Point",
        "coordinates": [
          142.595,
          37.933
        ]
      },
      "properties": {
        "timestamp": "2011-03-13T17:40:30.060000+00:00",
        "label": "2011 Tohoku Earthquake Sequence",
        "magnitude": 5,
        "place": "125 km ESE of Ishinomaki, Japan",
        "depth_km": 20.0
      }
    },
    {
      "type": "Feature",
      "geometry": {
        "type": "Point",
        "coordinates": [
          141.1,
          35.152
        ]
      },
      "properties": {
        "timestamp": "2011-03-13T17:55:21.600000+00:00",
        "label": "2011 Tohoku Earthquake Sequence",
        "magnitude": 5.6,
        "place": "65 km E of ?hara, Japan",
        "depth_km": 9.6
      }
    },
    {
      "type": "Feature",
      "geometry": {
        "type": "Point",
        "coordinates": [
          141.906,
          36.921
        ]
      },
      "properties": {
        "timestamp": "2011-03-13T19:59:50.090000+00:00",
        "label": "2011 Tohoku Earthquake Sequence",
        "magnitude": 5.2,
        "place": "92 km E of Iwaki, Japan",
        "depth_km": 25.4
      }
    },
    {
      "type": "Feature",
      "geometry": {
        "type": "Point",
        "coordinates": [
          141.792,
          36.023
        ]
      },
      "properties": {
        "timestamp": "2011-03-13T22:20:18.100000+00:00",
        "label": "2011 Tohoku Earthquake Sequence",
        "magnitude": 5.2,
        "place": "92 km ENE of Hasaki, Japan",
        "depth_km": 21.2
      }
    },
    {
      "type": "Feature",
      "geometry": {
        "type": "Point",
        "coordinates": [
          141.861,
          35.933
        ]
      },
      "properties": {
        "timestamp": "2011-03-13T22:26:04.670000+00:00",
        "label": "2011 Tohoku Earthquake Sequence",
        "magnitude": 5,
        "place": "95 km ENE of Hasaki, Japan",
        "depth_km": 2.8
      }
    },
    {
      "type": "Feature",
      "geometry": {
        "type": "Point",
        "coordinates": [
          140.997,
          35.763
        ]
      },
      "properties": {
        "timestamp": "2011-03-13T23:53:46.390000+00:00",
        "label": "2011 Tohoku Earthquake Sequence",
        "magnitude": 5,
        "place": "15 km ENE of Hasaki, Japan",
        "depth_km": 4.6
      }
    },
    {
      "type": "Feature",
      "geometry": {
        "type": "Point",
        "coordinates": [
          141.771,
          36.905
        ]
      },
      "properties": {
        "timestamp": "2011-03-14T00:22:47.090000+00:00",
        "label": "2011 Tohoku Earthquake Sequence",
        "magnitude": 5,
        "place": "80 km ESE of Iwaki, Japan",
        "depth_km": 9.7
      }
    },
    {
      "type": "Feature",
      "geometry": {
        "type": "Point",
        "coordinates": [
          140.894,
          36.408
        ]
      },
      "properties": {
        "timestamp": "2011-03-14T01:02:38.560000+00:00",
        "label": "2011 Tohoku Earthquake Sequence",
        "magnitude": 5.5,
        "place": "29 km ENE of ?arai, Japan",
        "depth_km": 11.0
      }
    },
    {
      "type": "Feature",
      "geometry": {
        "type": "Point",
        "coordinates": [
          142.4,
          36.641
        ]
      },
      "properties": {
        "timestamp": "2011-03-14T01:57:55+00:00",
        "label": "2011 Tohoku Earthquake Sequence",
        "magnitude": 5.1,
        "place": "142 km ESE of Iwaki, Japan",
        "depth_km": 35.0
      }
    },
    {
      "type": "Feature",
      "geometry": {
        "type": "Point",
        "coordinates": [
          143.69,
          40.303
        ]
      },
      "properties": {
        "timestamp": "2011-03-14T02:05:02.330000+00:00",
        "label": "2011 Tohoku Earthquake Sequence",
        "magnitude": 5.2,
        "place": "166 km ENE of Miyako, Japan",
        "depth_km": 25.9
      }
    },
    {
      "type": "Feature",
      "geometry": {
        "type": "Point",
        "coordinates": [
          142.079,
          36.278
        ]
      },
      "properties": {
        "timestamp": "2011-03-14T03:15:50.490000+00:00",
        "label": "2011 Tohoku Earthquake Sequence",
        "magnitude": 5.4,
        "place": "127 km ENE of Hasaki, Japan",
        "depth_km": 16.0
      }
    },
    {
      "type": "Feature",
      "geometry": {
        "type": "Point",
        "coordinates": [
          144.403,
          39.157
        ]
      },
      "properties": {
        "timestamp": "2011-03-14T03:18:46.290000+00:00",
        "label": "2011 Tohoku Earthquake Sequence",
        "magnitude": 5.2,
        "place": "214 km E of Yamada, Japan",
        "depth_km": 30.2
      }
    },
    {
      "type": "Feature",
      "geometry": {
        "type": "Point",
        "coordinates": [
          141.721,
          36.642
        ]
      },
      "properties": {
        "timestamp": "2011-03-14T03:20:41.720000+00:00",
        "label": "2011 Tohoku Earthquake Sequence",
        "magnitude": 5.2,
        "place": "87 km ESE of Iwaki, Japan",
        "depth_km": 33.4
      }
    },
    {
      "type": "Feature",
      "geometry": {
        "type": "Point",
        "coordinates": [
          143.463,
          36.743
        ]
      },
      "properties": {
        "timestamp": "2011-03-14T04:57:54.330000+00:00",
        "label": "2011 Tohoku Earthquake Sequence",
        "magnitude": 5,
        "place": "232 km E of Iwaki, Japan",
        "depth_km": 16.9
      }
    },
    {
      "type": "Feature",
      "geometry": {
        "type": "Point",
        "coordinates": [
          142.456,
          37.785
        ]
      },
      "properties": {
        "timestamp": "2011-03-14T06:12:36.060000+00:00",
        "label": "2011 Tohoku Earthquake Sequence",
        "magnitude": 6,
        "place": "123 km SE of Ishinomaki, Japan",
        "depth_km": 14.0
      }
    },
    {
      "type": "Feature",
      "geometry": {
        "type": "Point",
        "coordinates": [
          141.227,
          37.451
        ]
      },
      "properties": {
        "timestamp": "2011-03-14T06:18:32.300000+00:00",
        "label": "2011 Tohoku Earthquake Sequence",
        "magnitude": 5.3,
        "place": "20 km E of Namie, Japan",
        "depth_km": 35.0
      }
    },
    {
      "type": "Feature",
      "geometry": {
        "type": "Point",
        "coordinates": [
          141.838,
          36.625
        ]
      },
      "properties": {
        "timestamp": "2011-03-14T06:27:27.280000+00:00",
        "label": "2011 Tohoku Earthquake Sequence",
        "magnitude": 5.2,
        "place": "97 km ESE of Iwaki, Japan",
        "depth_km": 35.0
      }
    },
    {
      "type": "Feature",
      "geometry": {
        "type": "Point",
        "coordinates": [
          142.307,
          39.073
        ]
      },
      "properties": {
        "timestamp": "2011-03-14T06:43:55.820000+00:00",
        "label": "2011 Tohoku Earthquake Sequence",
        "magnitude": 5.2,
        "place": "44 km ESE of Kamaishi, Japan",
        "depth_km": 41.4
      }
    },
    {
      "type": "Feature",
      "geometry": {
        "type": "Point",
        "coordinates": [
          142.895,
          37.909
        ]
      },
      "properties": {
        "timestamp": "2011-03-14T06:46:58.690000+00:00",
        "label": "2011 Tohoku Earthquake Sequence",
        "magnitude": 5.1,
        "place": "150 km ESE of Ishinomaki, Japan",
        "depth_km": 35.1
      }
    },
    {
      "type": "Feature",
      "geometry": {
        "type": "Point",
        "coordinates": [
          140.97,
          36.976
        ]
      },
      "properties": {
        "timestamp": "2011-03-14T06:52:25.130000+00:00",
        "label": "2011 Tohoku Earthquake Sequence",
        "magnitude": 5.2,
        "place": "11 km SE of Iwaki, Japan",
        "depth_km": 62.0
      }
    },
    {
      "type": "Feature",
      "geometry": {
        "type": "Point",
        "coordinates": [
          143.386,
          39.233
        ]
      },
      "properties": {
        "timestamp": "2011-03-14T07:00:14.940000+00:00",
        "label": "2011 Tohoku Earthquake Sequence",
        "magnitude": 5,
        "place": "126 km ESE of Yamada, Japan",
        "depth_km": 28.4
      }
    },
    {
      "type": "Feature",
      "geometry": {
        "type": "Point",
        "coordinates": [
          143.566,
          39.745
        ]
      },
      "properties": {
        "timestamp": "2011-03-14T07:03:30.780000+00:00",
        "label": "2011 Tohoku Earthquake Sequence",
        "magnitude": 5.2,
        "place": "139 km E of Miyako, Japan",
        "depth_km": 33.9
      }
    },
    {
      "type": "Feature",
      "geometry": {
        "type": "Point",
        "coordinates": [
          141.269,
          36.726
        ]
      },
      "properties": {
        "timestamp": "2011-03-14T07:25:11.580000+00:00",
        "label": "2011 Tohoku Earthquake Sequence",
        "magnitude": 5.2,
        "place": "46 km E of Kitaibaraki, Japan",
        "depth_km": 48.4
      }
    },
    {
      "type": "Feature",
      "geometry": {
        "type": "Point",
        "coordinates": [
          141.251,
          36.914
        ]
      },
      "properties": {
        "timestamp": "2011-03-14T09:07:49.850000+00:00",
        "label": "2011 Tohoku Earthquake Sequence",
        "magnitude": 5,
        "place": "36 km ESE of Iwaki, Japan",
        "depth_km": 40.6
      }
    },
    {
      "type": "Feature",
      "geometry": {
        "type": "Point",
        "coordinates": [
          142.177,
          37.149
        ]
      },
      "properties": {
        "timestamp": "2011-03-14T10:28:39.080000+00:00",
        "label": "2011 Tohoku Earthquake Sequence",
        "magnitude": 5.1,
        "place": "110 km ESE of Namie, Japan",
        "depth_km": 9.1
      }
    },
    {
      "type": "Feature",
      "geometry": {
        "type": "Point",
        "coordinates": [
          141.655,
          36.17
        ]
      },
      "properties": {
        "timestamp": "2011-03-14T14:22:38.840000+00:00",
        "label": "2011 Tohoku Earthquake Sequence",
        "magnitude": 5.1,
        "place": "88 km ENE of Hasaki, Japan",
        "depth_km": 38.5
      }
    },
    {
      "type": "Feature",
      "geometry": {
        "type": "Point",
        "coordinates": [
          142.148,
          38.316
        ]
      },
      "properties": {
        "timestamp": "2011-03-14T14:50:56.150000+00:00",
        "label": "2011 Tohoku Earthquake Sequence",
        "magnitude": 5.2,
        "place": "74 km E of Ishinomaki, Japan",
        "depth_km": 39.3
      }
    },
    {
      "type": "Feature",
      "geometry": {
        "type": "Point",
        "coordinates": [
          142.245,
          37.206
        ]
      },
      "properties": {
        "timestamp": "2011-03-14T17:59:41.080000+00:00",
        "label": "2011 Tohoku Earthquake Sequence",
        "magnitude": 5.6,
        "place": "109 km E of Tomioka, Japan",
        "depth_km": 20.3
      }
    },
    {
      "type": "Feature",
      "geometry": {
        "type": "Point",
        "coordinates": [
          142.357,
          37.053
        ]
      },
      "properties": {
        "timestamp": "2011-03-14T18:01:34.480000+00:00",
        "label": "2011 Tohoku Earthquake Sequence",
        "magnitude": 5.4,
        "place": "129 km ESE of Namie, Japan",
        "depth_km": 37.1
      }
    },
    {
      "type": "Feature",
      "geometry": {
        "type": "Point",
        "coordinates": [
          141.745,
          36.576
        ]
      },
      "properties": {
        "timestamp": "2011-03-14T18:41:01.470000+00:00",
        "label": "2011 Tohoku Earthquake Sequence",
        "magnitude": 5.4,
        "place": "92 km ESE of Kitaibaraki, Japan",
        "depth_km": 26.1
      }
    },
    {
      "type": "Feature",
      "geometry": {
        "type": "Point",
        "coordinates": [
          141.721,
          38.64
        ]
      },
      "properties": {
        "timestamp": "2011-03-14T19:28:28.690000+00:00",
        "label": "2011 Tohoku Earthquake Sequence",
        "magnitude": 5.1,
        "place": "44 km NE of Ishinomaki, Japan",
        "depth_km": 39.3
      }
    },
    {
      "type": "Feature",
      "geometry": {
        "type": "Point",
        "coordinates": [
          141.061,
          35.75
        ]
      },
      "properties": {
        "timestamp": "2011-03-14T22:04:11.750000+00:00",
        "label": "2011 Tohoku Earthquake Sequence",
        "magnitude": 5,
        "place": "20 km E of Hasaki, Japan",
        "depth_km": 43.8
      }
    },
    {
      "type": "Feature",
      "geometry": {
        "type": "Point",
        "coordinates": [
          143.848,
          40.393
        ]
      },
      "properties": {
        "timestamp": "2011-03-14T23:22:02.240000+00:00",
        "label": "2011 Tohoku Earthquake Sequence",
        "magnitude": 5.2,
        "place": "182 km ENE of Miyako, Japan",
        "depth_km": 35.0
      }
    },
    {
      "type": "Feature",
      "geometry": {
        "type": "Point",
        "coordinates": [
          142.981,
          39.874
        ]
      },
      "properties": {
        "timestamp": "2011-03-14T23:23:11.540000+00:00",
        "label": "2011 Tohoku Earthquake Sequence",
        "magnitude": 5,
        "place": "92 km ENE of Miyako, Japan",
        "depth_km": 23.9
      }
    },
    {
      "type": "Feature",
      "geometry": {
        "type": "Point",
        "coordinates": [
          143.938,
          37.705
        ]
      },
      "properties": {
        "timestamp": "2011-03-15T03:21:35.270000+00:00",
        "label": "2011 Tohoku Earthquake Sequence",
        "magnitude": 5,
        "place": "244 km ESE of Ishinomaki, Japan",
        "depth_km": 26.0
      }
    },
    {
      "type": "Feature",
      "geometry": {
        "type": "Point",
        "coordinates": [
          142.2,
          38.341
        ]
      },
      "properties": {
        "timestamp": "2011-03-15T07:08:30.850000+00:00",
        "label": "2011 Tohoku Earthquake Sequence",
        "magnitude": 5,
        "place": "79 km E of Ishinomaki, Japan",
        "depth_km": 43.8
      }
    },
    {
      "type": "Feature",
      "geometry": {
        "type": "Point",
        "coordinates": [
          143.24,
          40.401
        ]
      },
      "properties": {
        "timestamp": "2011-03-15T08:01:43.760000+00:00",
        "label": "2011 Tohoku Earthquake Sequence",
        "magnitude": 5.4,
        "place": "138 km NE of Miyako, Japan",
        "depth_km": 12.0
      }
    },
    {
      "type": "Feature",
      "geometry": {
        "type": "Point",
        "coordinates": [
          143.547,
          37.519
        ]
      },
      "properties": {
        "timestamp": "2011-03-15T08:48:24.130000+00:00",
        "label": "2011 Tohoku Earthquake Sequence",
        "magnitude": 5.1,
        "place": "221 km ESE of Ishinomaki, Japan",
        "depth_km": 34.2
      }
    },
    {
      "type": "Feature",
      "geometry": {
        "type": "Point",
        "coordinates": [
          142.301,
          37.367
        ]
      },
      "properties": {
        "timestamp": "2011-03-15T09:49:52.640000+00:00",
        "label": "2011 Tohoku Earthquake Sequence",
        "magnitude": 5.8,
        "place": "115 km E of Namie, Japan",
        "depth_km": 8.0
      }
    },
    {
      "type": "Feature",
      "geometry": {
        "type": "Point",
        "coordinates": [
          141.876,
          35.578
        ]
      },
      "properties": {
        "timestamp": "2011-03-15T10:50:01.050000+00:00",
        "label": "2011 Tohoku Earthquake Sequence",
        "magnitude": 5.2,
        "place": "95 km E of Hasaki, Japan",
        "depth_km": 35.0
      }
    },
    {
      "type": "Feature",
      "geometry": {
        "type": "Point",
        "coordinates": [
          142.375,
          37.145
        ]
      },
      "properties": {
        "timestamp": "2011-03-15T11:06:15.910000+00:00",
        "label": "2011 Tohoku Earthquake Sequence",
        "magnitude": 5.1,
        "place": "127 km ESE of Namie, Japan",
        "depth_km": 22.5
      }
    },
    {
      "type": "Feature",
      "geometry": {
        "type": "Point",
        "coordinates": [
          142.959,
          40.419
        ]
      },
      "properties": {
        "timestamp": "2011-03-15T11:46:21.020000+00:00",
        "label": "2011 Tohoku Earthquake Sequence",
        "magnitude": 5.5,
        "place": "122 km NE of Miyako, Japan",
        "depth_km": 35.3
      }
    },
    {
      "type": "Feature",
      "geometry": {
        "type": "Point",
        "coordinates": [
          142.237,
          37.576
        ]
      },
      "properties": {
        "timestamp": "2011-03-15T13:27:56.630000+00:00",
        "label": "2011 Tohoku Earthquake Sequence",
        "magnitude": 6,
        "place": "109 km E of Namie, Japan",
        "depth_km": 28.0
      }
    },
    {
      "type": "Feature",
      "geometry": {
        "type": "Point",
        "coordinates": [
          141.941,
          37.674
        ]
      },
      "properties": {
        "timestamp": "2011-03-15T13:37:57.090000+00:00",
        "label": "2011 Tohoku Earthquake Sequence",
        "magnitude": 5.1,
        "place": "85 km ENE of Namie, Japan",
        "depth_km": 44.8
      }
    },
    {
      "type": "Feature",
      "geometry": {
        "type": "Point",
        "coordinates": [
          142.153,
          37.35
        ]
      },
      "properties": {
        "timestamp": "2011-03-15T13:47:09.870000+00:00",
        "label": "2011 Tohoku Earthquake Sequence",
        "magnitude": 5,
        "place": "103 km E of Namie, Japan",
        "depth_km": 35.0
      }
    },
    {
      "type": "Feature",
      "geometry": {
        "type": "Point",
        "coordinates": [
          143.288,
          40.335
        ]
      },
      "properties": {
        "timestamp": "2011-03-15T15:23:53.850000+00:00",
        "label": "2011 Tohoku Earthquake Sequence",
        "magnitude": 6.1,
        "place": "138 km ENE of Miyako, Japan",
        "depth_km": 18.0
      }
    },
    {
      "type": "Feature",
      "geometry": {
        "type": "Point",
        "coordinates": [
          141.934,
          38.132
        ]
      },
      "properties": {
        "timestamp": "2011-03-15T19:01:30.540000+00:00",
        "label": "2011 Tohoku Earthquake Sequence",
        "magnitude": 5.4,
        "place": "63 km ESE of Ishinomaki, Japan",
        "depth_km": 10.0
      }
    },
    {
      "type": "Feature",
      "geometry": {
        "type": "Point",
        "coordinates": [
          143.453,
          37.69
        ]
      },
      "properties": {
        "timestamp": "2011-03-15T20:14:33.490000+00:00",
        "label": "2011 Tohoku Earthquake Sequence",
        "magnitude": 5,
        "place": "205 km ESE of Ishinomaki, Japan",
        "depth_km": 22.5
      }
    },
    {
      "type": "Feature",
      "geometry": {
        "type": "Point",
        "coordinates": [
          140.994,
          35.209
        ]
      },
      "properties": {
        "timestamp": "2011-03-15T20:29:59.820000+00:00",
        "label": "2011 Tohoku Earthquake Sequence",
        "magnitude": 5.7,
        "place": "54 km E of ?hara, Japan",
        "depth_km": 19.4
      }
    },
    {
      "type": "Feature",
      "geometry": {
        "type": "Point",
        "coordinates": [
          140.286,
          36.744
        ]
      },
      "properties": {
        "timestamp": "2011-03-15T21:04:54.340000+00:00",
        "label": "2011 Tohoku Earthquake Sequence",
        "magnitude": 5,
        "place": "6 km WSW of Daigo, Japan",
        "depth_km": 50.3
      }
    },
    {
      "type": "Feature",
      "geometry": {
        "type": "Point",
        "coordinates": [
          144.141,
          37.37
        ]
      },
      "properties": {
        "timestamp": "2011-03-15T22:37:13.930000+00:00",
        "label": "2011 Tohoku Earthquake Sequence",
        "magnitude": 5.2,
        "place": "275 km ESE of Ishinomaki, Japan",
        "depth_km": 10.0
      }
    },
    {
      "type": "Feature",
      "geometry": {
        "type": "Point",
        "coordinates": [
          140.71,
          35.747
        ]
      },
      "properties": {
        "timestamp": "2011-03-16T03:52:02.970000+00:00",
        "label": "2011 Tohoku Earthquake Sequence",
        "magnitude": 5.7,
        "place": "6 km ENE of Asahi, Japan",
        "depth_km": 10.0
      }
    },
    {
      "type": "Feature",
      "geometry": {
        "type": "Point",
        "coordinates": [
          141.429,
          37.552
        ]
      },
      "properties": {
        "timestamp": "2011-03-16T04:14:30.520000+00:00",
        "label": "2011 Tohoku Earthquake Sequence",
        "magnitude": 5.4,
        "place": "38 km E of Namie, Japan",
        "depth_km": 16.6
      }
    },
    {
      "type": "Feature",
      "geometry": {
        "type": "Point",
        "coordinates": [
          142.019,
          39.887
        ]
      },
      "properties": {
        "timestamp": "2011-03-16T06:29:03.250000+00:00",
        "label": "2011 Tohoku Earthquake Sequence",
        "magnitude": 5.7,
        "place": "27 km NNE of Miyako, Japan",
        "depth_km": 36.0
      }
    },
    {
      "type": "Feature",
      "geometry": {
        "type": "Point",
        "coordinates": [
          143.426,
          39.799
        ]
      },
      "properties": {
        "timestamp": "2011-03-16T10:16:12.460000+00:00",
        "label": "2011 Tohoku Earthquake Sequence",
        "magnitude": 5.2,
        "place": "128 km E of Miyako, Japan",
        "depth_km": 24.8
      }
    },
    {
      "type": "Feature",
      "geometry": {
        "type": "Point",
        "coordinates": [
          141.49,
          37.662
        ]
      },
      "properties": {
        "timestamp": "2011-03-16T11:44:57.350000+00:00",
        "label": "2011 Tohoku Earthquake Sequence",
        "magnitude": 5,
        "place": "47 km ENE of Namie, Japan",
        "depth_km": 35.0
      }
    },
    {
      "type": "Feature",
      "geometry": {
        "type": "Point",
        "coordinates": [
          140.466,
          36.916
        ]
      },
      "properties": {
        "timestamp": "2011-03-16T13:38:41.010000+00:00",
        "label": "2011 Tohoku Earthquake Sequence",
        "magnitude": 5,
        "place": "19 km NNE of Daigo, Japan",
        "depth_km": 28.7
      }
    },
    {
      "type": "Feature",
      "geometry": {
        "type": "Point",
        "coordinates": [
          140.306,
          35.823
        ]
      },
      "properties": {
        "timestamp": "2011-03-16T13:39:05.310000+00:00",
        "label": "2011 Tohoku Earthquake Sequence",
        "magnitude": 5.3,
        "place": "4 km NNW of Narita, Japan",
        "depth_km": 84.8
      }
    },
    {
      "type": "Feature",
      "geometry": {
        "type": "Point",
        "coordinates": [
          141.657,
          38.541
        ]
      },
      "properties": {
        "timestamp": "2011-03-16T14:46:11.450000+00:00",
        "label": "2011 Tohoku Earthquake Sequence",
        "magnitude": 5.2,
        "place": "34 km ENE of Ishinomaki, Japan",
        "depth_km": 62.2
      }
    },
    {
      "type": "Feature",
      "geometry": {
        "type": "Point",
        "coordinates": [
          142.495,
          36.247
        ]
      },
      "properties": {
        "timestamp": "2011-03-16T15:27:03.140000+00:00",
        "label": "2011 Tohoku Earthquake Sequence",
        "magnitude": 5,
        "place": "160 km ENE of Hasaki, Japan",
        "depth_km": 36.2
      }
    },
    {
      "type": "Feature",
      "geometry": {
        "type": "Point",
        "coordinates": [
          142.173,
          37.123
        ]
      },
      "properties": {
        "timestamp": "2011-03-16T18:12:57.420000+00:00",
        "label": "2011 Tohoku Earthquake Sequence",
        "magnitude": 5.1,
        "place": "111 km ESE of Namie, Japan",
        "depth_km": 21.0
      }
    },
    {
      "type": "Feature",
      "geometry": {
        "type": "Point",
        "coordinates": [
          143.639,
          37.336
        ]
      },
      "properties": {
        "timestamp": "2011-03-16T20:44:41.200000+00:00",
        "label": "2011 Tohoku Earthquake Sequence",
        "magnitude": 5.1,
        "place": "234 km E of Namie, Japan",
        "depth_km": 10.4
      }
    },
    {
      "type": "Feature",
      "geometry": {
        "type": "Point",
        "coordinates": [
          142.533,
          39.131
        ]
      },
      "properties": {
        "timestamp": "2011-03-16T23:38:20.410000+00:00",
        "label": "2011 Tohoku Earthquake Sequence",
        "magnitude": 5.3,
        "place": "59 km ESE of Kamaishi, Japan",
        "depth_km": 34.6
      }
    },
    {
      "type": "Feature",
      "geometry": {
        "type": "Point",
        "coordinates": [
          142.892,
          36.31
        ]
      },
      "properties": {
        "timestamp": "2011-03-17T03:50:52.020000+00:00",
        "label": "2011 Tohoku Earthquake Sequence",
        "magnitude": 5.2,
        "place": "196 km ENE of Hasaki, Japan",
        "depth_km": 12.9
      }
    },
    {
      "type": "Feature",
      "geometry": {
        "type": "Point",
        "coordinates": [
          142.168,
          40.136
        ]
      },
      "properties": {
        "timestamp": "2011-03-17T04:13:56.780000+00:00",
        "label": "2011 Tohoku Earthquake Sequence",
        "magnitude": 6.2,
        "place": "57 km NNE of Miyako, Japan",
        "depth_km": 29.0
      }
    },
    {
      "type": "Feature",
      "geometry": {
        "type": "Point",
        "coordinates": [
          143.521,
          38.019
        ]
      },
      "properties": {
        "timestamp": "2011-03-17T05:06:59.910000+00:00",
        "label": "2011 Tohoku Earthquake Sequence",
        "magnitude": 5.3,
        "place": "195 km SE of ?funato, Japan",
        "depth_km": 21.2
      }
    },
    {
      "type": "Feature",
      "geometry": {
        "type": "Point",
        "coordinates": [
          143.443,
          37.709
        ]
      },
      "properties": {
        "timestamp": "2011-03-17T06:12:41.550000+00:00",
        "label": "2011 Tohoku Earthquake Sequence",
        "magnitude": 5.6,
        "place": "203 km ESE of Ishinomaki, Japan",
        "depth_km": 16.5
      }
    },
    {
      "type": "Feature",
      "geometry": {
        "type": "Point",
        "coordinates": [
          142.07,
          37.261
        ]
      },
      "properties": {
        "timestamp": "2011-03-17T06:24:33.390000+00:00",
        "label": "2011 Tohoku Earthquake Sequence",
        "magnitude": 5.2,
        "place": "97 km ESE of Namie, Japan",
        "depth_km": 41.2
      }
    },
    {
      "type": "Feature",
      "geometry": {
        "type": "Point",
        "coordinates": [
          143.927,
          38.666
        ]
      },
      "properties": {
        "timestamp": "2011-03-17T06:42:45.750000+00:00",
        "label": "2011 Tohoku Earthquake Sequence",
        "magnitude": 5.2,
        "place": "190 km ESE of Kamaishi, Japan",
        "depth_km": 35.4
      }
    },
    {
      "type": "Feature",
      "geometry": {
        "type": "Point",
        "coordinates": [
          141.631,
          36.658
        ]
      },
      "properties": {
        "timestamp": "2011-03-17T08:25:28.490000+00:00",
        "label": "2011 Tohoku Earthquake Sequence",
        "magnitude": 5.3,
        "place": "79 km ESE of Iwaki, Japan",
        "depth_km": 52.0
      }
    },
    {
      "type": "Feature",
      "geometry": {
        "type": "Point",
        "coordinates": [
          142.409,
          40.254
        ]
      },
      "properties": {
        "timestamp": "2011-03-17T08:59:43.220000+00:00",
        "label": "2011 Tohoku Earthquake Sequence",
        "magnitude": 5.2,
        "place": "78 km NNE of Miyako, Japan",
        "depth_km": 53.1
      }
    },
    {
      "type": "Feature",
      "geometry": {
        "type": "Point",
        "coordinates": [
          142.336,
          40.255
        ]
      },
      "properties": {
        "timestamp": "2011-03-17T09:05:59.470000+00:00",
        "label": "2011 Tohoku Earthquake Sequence",
        "magnitude": 5.1,
        "place": "75 km NNE of Miyako, Japan",
        "depth_km": 35.0
      }
    },
    {
      "type": "Feature",
      "geometry": {
        "type": "Point",
        "coordinates": [
          140.763,
          35.496
        ]
      },
      "properties": {
        "timestamp": "2011-03-17T12:32:04.610000+00:00",
        "label": "2011 Tohoku Earthquake Sequence",
        "magnitude": 5.5,
        "place": "26 km SSE of Asahi, Japan",
        "depth_km": 35.8
      }
    },
    {
      "type": "Feature",
      "geometry": {
        "type": "Point",
        "coordinates": [
          140.877,
          35.481
        ]
      },
      "properties": {
        "timestamp": "2011-03-17T12:33:25+00:00",
        "label": "2011 Tohoku Earthquake Sequence",
        "magnitude": 5.4,
        "place": "near the east coast of Honshu, Japan",
        "depth_km": 34.3
      }
    },
    {
      "type": "Feature",
      "geometry": {
        "type": "Point",
        "coordinates": [
          141.202,
          36.757
        ]
      },
      "properties": {
        "timestamp": "2011-03-17T12:54:52.640000+00:00",
        "label": "2011 Tohoku Earthquake Sequence",
        "magnitude": 5.8,
        "place": "40 km E of Kitaibaraki, Japan",
        "depth_km": 29.0
      }
    },
    {
      "type": "Feature",
      "geometry": {
        "type": "Point",
        "coordinates": [
          142.335,
          37.125
        ]
      },
      "properties": {
        "timestamp": "2011-03-17T18:55:36.930000+00:00",
        "label": "2011 Tohoku Earthquake Sequence",
        "magnitude": 5.5,
        "place": "124 km ESE of Namie, Japan",
        "depth_km": 26.0
      }
    },
    {
      "type": "Feature",
      "geometry": {
        "type": "Point",
        "coordinates": [
          142.286,
          38.239
        ]
      },
      "properties": {
        "timestamp": "2011-03-17T19:02:56.120000+00:00",
        "label": "2011 Tohoku Earthquake Sequence",
        "magnitude": 5,
        "place": "88 km ESE of Ishinomaki, Japan",
        "depth_km": 45.9
      }
    },
    {
      "type": "Feature",
      "geometry": {
        "type": "Point",
        "coordinates": [
          141.772,
          36.203
        ]
      },
      "properties": {
        "timestamp": "2011-03-17T19:05:42.590000+00:00",
        "label": "2011 Tohoku Earthquake Sequence",
        "magnitude": 5.1,
        "place": "99 km ENE of Hasaki, Japan",
        "depth_km": 26.0
      }
    }
  ]
}