{
  "type": "FeatureCollection",
  "features": [
    {
      "type": "Feature",
      "geometry": {
        "type": "Point",
        "coordinates": [
          139.7040372,
          35.6587605
        ]
      },
      "properties": {
        "timestamp": "2026-04-20T09:19:50Z"
      }
    },
    {
      "type": "Feature",
      "geometry": {
        "type": "Point",
        "coordinates": [
          139.7019741,
          35.6584715
        ]
      },
      "properties": {
        "timestamp": "2026-04-20T09:21:05Z"
      }
    },
    {
      "type": "Feature",
      "geometry": {
        "type": "Point",
        "coordinates": [
          139.7020315,
          35.6584498
        ]
      },
      "properties": {
        "timestamp": "2026-04-20T09:21:06Z"
      }
    },
    {
      "type": "Feature",
      "geometry": {
        "type": "Point",
        "coordinates": [
          139.7020399,
          35.6584469
        ]
      },
      "properties": {
        "timestamp": "2026-04-20T09:21:07Z"
      }
    },
    {
      "type": "Feature",
      "geometry": {
        "type": "Point",
        "coordinates": [
          139.7020302,
          35.6584672
        ]
      },
      "properties": {
        "timestamp": "2026-04-20T09:21:08Z"
      }
    },
    {
      "type": "Feature",
      "geometry": {
        "type": "Point",
        "coordinates": [
          139.7020353,
          35.6584731
        ]
      },
      "properties": {
        "timestamp": "2026-04-20T09:21:09Z"
      }
    },
    {
      "type": "Feature",
      "geometry": {
        "type": "Point",
        "coordinates": [
          139.7020258,
          35.658477
        ]
      },
      "properties": {
        "timestamp": "2026-04-20T09:21:10Z"
      }
    },
    {
      "type": "Feature",
      "geometry": {
        "type": "Point",
        "coordinates": [
          139.7020256,
          35.6584809
        ]
      },
      "properties": {
        "timestamp": "2026-04-20T09:21:11Z"
      }
    },
    {
      "type": "Feature",
      "geometry": {
        "type": "Point",
        "coordinates": [
          139.7020308,
          35.6584661
        ]
      },
      "properties": {
        "timestamp": "2026-04-20T09:21:12Z"
      }
    },
    {
      "type": "Feature",
      "geometry": {
        "type": "Point",
        "coordinates": [
          139.7020356,
          35.6584639
        ]
      },
      "properties": {
        "timestamp": "2026-04-20T09:21:13Z"
      }
    },
    {
      "type": "Feature",
      "geometry": {
        "type": "Point",
        "coordinates": [
          139.7020417,
          35.6584745
        ]
      },
      "properties": {
        "timestamp": "2026-04-20T09:21:14Z"
      }
    },
    {
      "type": "Feature",
      "geometry": {
        "type": "Point",
        "coordinates": [
          139.7020461,
          35.6584832
        ]
      },
      "properties": {
        "timestamp": "2026-04-20T09:21:15Z"
      }
    },
    {
      "type": "Feature",
      "geometry": {
        "type": "Point",
        "coordinates": [
          139.7020541,
          35.6585122
        ]
      },
      "properties": {
        "timestamp": "2026-04-20T09:21:16Z"
      }
    },
    {
      "type": "Feature",
      "geometry": {
        "type": "Point",
        "coordinates": [
          139.7020582,
          35.6585257
        ]
      },
      "properties": {
        "timestamp": "2026-04-20T09:21:17Z"
      }
    },
    {
      "type": "Feature",
      "geometry": {
        "type": "Point",
        "coordinates": [
          139.7020596,
          35.6585327
        ]
      },
      "properties": {
        "timestamp": "2026-04-20T09:21:18Z"
      }
    },
    {
      "type": "Feature",
      "geometry": {
        "type": "Point",
        "coordinates": [
          139.7020559,
          35.6585328
        ]
      },
      "properties": {
        "timestamp": "2026-04-20T09:21:19Z"
      }
    },
    {
      "type": "Feature",
      "geometry": {
        "type": "Point",
        "coordinates": [
          139.7020495,
          35.6585332
        ]
      },
      "properties": {
        "timestamp": "2026-04-20T09:21:20Z"
      }
    },
    {
      "type": "Feature",
      "geometry": {
        "type": "Point",
        "coordinates": [
          139.7020534,
          35.6585393
        ]
      },
      "properties": {
        "timestamp": "2026-04-20T09:21:21Z"
      }
    },
    {
      "type": "Feature",
      "geometry": {
        "type": "Point",
        "coordinates": [
          139.7020567,
          35.6585373
        ]
      },
      "properties": {
        "timestamp": "2026-04-20T09:21:22Z"
      }
    },
    {
      "type": "Feature",
      "geometry": {
        "type": "Point",
        "coordinates": [
          139.7020604,
          35.6585487
        ]
      },
      "properties": {
        "timestamp": "2026-04-20T09:21:23Z"
      }
    },
    {
      "type": "Feature",
      "geometry": {
        "type": "Point",
        "coordinates": [
          139.7020613,
          35.6585451
        ]
      },
      "properties": {
        "timestamp": "2026-04-20T09:21:24Z"
      }
    },
    {
      "type": "Feature",
      "geometry": {
        "type": "Point",
        "coordinates": [
          139.7020739,
          35.6585453
        ]
      },
      "properties": {
        "timestamp": "2026-04-20T09:21:25Z"
      }
    },
    {
      "type": "Feature",
      "geometry": {
        "type": "Point",
        "coordinates": [
          139.7020764,
          35.6585389
        ]
      },
      "properties": {
        "timestamp": "2026-04-20T09:21:26Z"
      }
    },
    {
      "type": "Feature",
      "geometry": {
        "type": "Point",
        "coordinates": [
          139.7020717,
          35.6585311
        ]
      },
      "properties": {
        "timestamp": "2026-04-20T09:21:27Z"
      }
    },
    {
      "type": "Feature",
      "geometry": {
        "type": "Point",
        "coordinates": [
          139.7020706,
          35.6585345
        ]
      },
      "properties": {
        "timestamp": "2026-04-20T09:21:28Z"
      }
    },
    {
      "type": "Feature",
      "geometry": {
        "type": "Point",
        "coordinates": [
          139.7020719,
          35.6585349
        ]
      },
      "properties": {
        "timestamp": "2026-04-20T09:21:29Z"
      }
    },
    {
      "type": "Feature",
      "geometry": {
        "type": "Point",
        "coordinates": [
          139.7020772,
          35.6585344
        ]
      },
      "properties": {
        "timestamp": "2026-04-20T09:21:30Z"
      }
    },
    {
      "type": "Feature",
      "geometry": {
        "type": "Point",
        "coordinates": [
          139.7020822,
          35.6585371
        ]
      },
      "properties": {
        "timestamp": "2026-04-20T09:21:31Z"
      }
    },
    {
      "type": "Feature",
      "geometry": {
        "type": "Point",
        "coordinates": [
          139.7020829,
          35.6585379
        ]
      },
      "properties": {
        "timestamp": "2026-04-20T09:21:32Z"
      }
    },
    {
      "type": "Feature",
      "geometry": {
        "type": "Point",
        "coordinates": [
          139.7020839,
          35.6585394
        ]
      },
      "properties": {
        "timestamp": "2026-04-20T09:21:33Z"
      }
    },
    {
      "type": "Feature",
      "geometry": {
        "type": "Point",
        "coordinates": [
          139.7020805,
          35.6585462
        ]
      },
      "properties": {
        "timestamp": "2026-04-20T09:21:34Z"
      }
    },
    {
      "type": "Feature",
      "geometry": {
        "type": "Point",
        "coordinates": [
          139.7020833,
          35.6585513
        ]
      },
      "properties": {
        "timestamp": "2026-04-20T09:21:35Z"
      }
    },
    {
      "type": "Feature",
      "geometry": {
        "type": "Point",
        "coordinates": [
          139.7020884,
          35.6585502
        ]
      },
      "properties": {
        "timestamp": "2026-04-20T09:21:36Z"
      }
    },
    {
      "type": "Feature",
      "geometry": {
        "type": "Point",
        "coordinates": [
          139.702089,
          35.6585482
        ]
      },
      "properties": {
        "timestamp": "2026-04-20T09:21:37Z"
      }
    },
    {
      "type": "Feature",
      "geometry": {
        "type": "Point",
        "coordinates": [
          139.7020895,
          35.6585526
        ]
      },
      "properties": {
        "timestamp": "2026-04-20T09:21:38Z"
      }
    },
    {
      "type": "Feature",
      "geometry": {
        "type": "Point",
        "coordinates": [
          139.7020867,
          35.6585552
        ]
      },
      "properties": {
        "timestamp": "2026-04-20T09:21:39Z"
      }
    },
    {
      "type": "Feature",
      "geometry": {
        "type": "Point",
        "coordinates": [
          139.7020903,
          35.6585625
        ]
      },
      "properties": {
        "timestamp": "2026-04-20T09:21:40Z"
      }
    },
    {
      "type": "Feature",
      "geometry": {
        "type": "Point",
        "coordinates": [
          139.7020914,
          35.658563
        ]
      },
      "properties": {
        "timestamp": "2026-04-20T09:21:41Z"
      }
    },
    {
      "type": "Feature",
      "geometry": {
        "type": "Point",
        "coordinates": [
          139.7020926,
          35.6585671
        ]
      },
      "properties": {
        "timestamp": "2026-04-20T09:21:42Z"
      }
    },
    {
      "type": "Feature",
      "geometry": {
        "type": "Point",
        "coordinates": [
          139.7020896,
          35.6585701
        ]
      },
      "properties": {
        "timestamp": "2026-04-20T09:21:43Z"
      }
    },
    {
      "type": "Feature",
      "geometry": {
        "type": "Point",
        "coordinates": [
          139.7020914,
          35.6585788
        ]
      },
      "properties": {
        "timestamp": "2026-04-20T09:21:44Z"
      }
    },
    {
      "type": "Feature",
      "geometry": {
        "type": "Point",
        "coordinates": [
          139.7020955,
          35.6585803
        ]
      },
      "properties": {
        "timestamp": "2026-04-20T09:21:45Z"
      }
    },
    {
      "type": "Feature",
      "geometry": {
        "type": "Point",
        "coordinates": [
          139.7020971,
          35.6585806
        ]
      },
      "properties": {
        "timestamp": "2026-04-20T09:21:46Z"
      }
    },
    {
      "type": "Feature",
      "geometry": {
        "type": "Point",
        "coordinates": [
          139.7020981,
          35.6585822
        ]
      },
      "properties": {
        "timestamp": "2026-04-20T09:21:47Z"
      }
    },
    {
      "type": "Feature",
      "geometry": {
        "type": "Point",
        "coordinates": [
          139.702101,
          35.6585799
        ]
      },
      "properties": {
        "timestamp": "2026-04-20T09:21:48Z"
      }
    },
    {
      "type": "Feature",
      "geometry": {
        "type": "Point",
        "coordinates": [
          139.702108,
          35.6585802
        ]
      },
      "properties": {
        "timestamp": "2026-04-20T09:21:49Z"
      }
    },
    {
      "type": "Feature",
      "geometry": {
        "type": "Point",
        "coordinates": [
          139.7021149,
          35.6585831
        ]
      },
      "properties": {
        "timestamp": "2026-04-20T09:21:50Z"
      }
    },
    {
      "type": "Feature",
      "geometry": {
        "type": "Point",
        "coordinates": [
          139.702112,
          35.6585785
        ]
      },
      "properties": {
        "timestamp": "2026-04-20T09:21:51Z"
      }
    },
    {
      "type": "Feature",
      "geometry": {
        "type": "Point",
        "coordinates": [
          139.7021121,
          35.6585741
        ]
      },
      "properties": {
        "timestamp": "2026-04-20T09:21:52Z"
      }
    },
    {
      "type": "Feature",
      "geometry": {
        "type": "Point",
        "coordinates": [
          139.7021146,
          35.6585714
        ]
      },
      "properties": {
        "timestamp": "2026-04-20T09:21:53Z"
      }
    },
    {
      "type": "Feature",
      "geometry": {
        "type": "Point",
        "coordinates": [
          139.7021185,
          35.6585677
        ]
      },
      "properties": {
        "timestamp": "2026-04-20T09:21:54Z"
      }
    },
    {
      "type": "Feature",
      "geometry": {
        "type": "Point",
        "coordinates": [
          139.7021271,
          35.6585664
        ]
      },
      "properties": {
        "timestamp": "2026-04-20T09:21:55Z"
      }
    },
    {
      "type": "Feature",
      "geometry": {
        "type": "Point",
        "coordinates": [
          139.7021261,
          35.6585673
        ]
      },
      "properties": {
        "timestamp": "2026-04-20T09:21:56Z"
      }
    },
    {
      "type": "Feature",
      "geometry": {
        "type": "Point",
        "coordinates": [
          139.7021293,
          35.6585692
        ]
      },
      "properties": {
        "timestamp": "2026-04-20T09:21:57Z"
      }
    },
    {
      "type": "Feature",
      "geometry": {
        "type": "Point",
        "coordinates": [
          139.7021272,
          35.6585717
        ]
      },
      "properties": {
        "timestamp": "2026-04-20T09:21:58Z"
      }
    },
    {
      "type": "Feature",
      "geometry": {
        "type": "Point",
        "coordinates": [
          139.7021269,
          35.6585791
        ]
      },
      "properties": {
        "timestamp": "2026-04-20T09:21:59Z"
      }
    },
    {
      "type": "Feature",
      "geometry": {
        "type": "Point",
        "coordinates": [
          139.7021264,
          35.6585838
        ]
      },
      "properties": {
        "timestamp": "2026-04-20T09:22:00Z"
      }
    },
    {
      "type": "Feature",
      "geometry": {
        "type": "Point",
        "coordinates": [
          139.7021321,
          35.6585878
        ]
      },
      "properties": {
        "timestamp": "2026-04-20T09:22:01Z"
      }
    },
    {
      "type": "Feature",
      "geometry": {
        "type": "Point",
        "coordinates": [
          139.70214,
          35.658593
        ]
      },
      "properties": {
        "timestamp": "2026-04-20T09:22:02Z"
      }
    },
    {
      "type": "Feature",
      "geometry": {
        "type": "Point",
        "coordinates": [
          139.7021482,
          35.6585977
        ]
      },
      "properties": {
        "timestamp": "2026-04-20T09:22:03Z"
      }
    },
    {
      "type": "Feature",
      "geometry": {
        "type": "Point",
        "coordinates": [
          139.7021582,
          35.6585983
        ]
      },
      "properties": {
        "timestamp": "2026-04-20T09:22:04Z"
      }
    },
    {
      "type": "Feature",
      "geometry": {
        "type": "Point",
        "coordinates": [
          139.7021604,
          35.6585991
        ]
      },
      "properties": {
        "timestamp": "2026-04-20T09:22:05Z"
      }
    },
    {
      "type": "Feature",
      "geometry": {
        "type": "Point",
        "coordinates": [
          139.7021605,
          35.6585994
        ]
      },
      "properties": {
        "timestamp": "2026-04-20T09:22:06Z"
      }
    },
    {
      "type": "Feature",
      "geometry": {
        "type": "Point",
        "coordinates": [
          139.7021592,
          35.6585982
        ]
      },
      "properties": {
        "timestamp": "2026-04-20T09:22:07Z"
      }
    },
    {
      "type": "Feature",
      "geometry": {
        "type": "Point",
        "coordinates": [
          139.7021575,
          35.6586039
        ]
      },
      "properties": {
        "timestamp": "2026-04-20T09:22:08Z"
      }
    },
    {
      "type": "Feature",
      "geometry": {
        "type": "Point",
        "coordinates": [
          139.7021542,
          35.6586046
        ]
      },
      "properties": {
        "timestamp": "2026-04-20T09:22:09Z"
      }
    },
    {
      "type": "Feature",
      "geometry": {
        "type": "Point",
        "coordinates": [
          139.7021544,
          35.6586056
        ]
      },
      "properties": {
        "timestamp": "2026-04-20T09:22:10Z"
      }
    },
    {
      "type": "Feature",
      "geometry": {
        "type": "Point",
        "coordinates": [
          139.7021562,
          35.6586144
        ]
      },
      "properties": {
        "timestamp": "2026-04-20T09:22:11Z"
      }
    },
    {
      "type": "Feature",
      "geometry": {
        "type": "Point",
        "coordinates": [
          139.7021647,
          35.6586147
        ]
      },
      "properties": {
        "timestamp": "2026-04-20T09:22:12Z"
      }
    },
    {
      "type": "Feature",
      "geometry": {
        "type": "Point",
        "coordinates": [
          139.7021742,
          35.6586143
        ]
      },
      "properties": {
        "timestamp": "2026-04-20T09:22:13Z"
      }
    },
    {
      "type": "Feature",
      "geometry": {
        "type": "Point",
        "coordinates": [
          139.7021805,
          35.6586114
        ]
      },
      "properties": {
        "timestamp": "2026-04-20T09:22:14Z"
      }
    },
    {
      "type": "Feature",
      "geometry": {
        "type": "Point",
        "coordinates": [
          139.7021774,
          35.6586087
        ]
      },
      "properties": {
        "timestamp": "2026-04-20T09:22:15Z"
      }
    },
    {
      "type": "Feature",
      "geometry": {
        "type": "Point",
        "coordinates": [
          139.7021767,
          35.6586124
        ]
      },
      "properties": {
        "timestamp": "2026-04-20T09:22:16Z"
      }
    },
    {
      "type": "Feature",
      "geometry": {
        "type": "Point",
        "coordinates": [
          139.7021762,
          35.6586125
        ]
      },
      "properties": {
        "timestamp": "2026-04-20T09:22:17Z"
      }
    },
    {
      "type": "Feature",
      "geometry": {
        "type": "Point",
        "coordinates": [
          139.7021802,
          35.6586135
        ]
      },
      "properties": {
        "timestamp": "2026-04-20T09:22:18Z"
      }
    },
    {
      "type": "Feature",
      "geometry": {
        "type": "Point",
        "coordinates": [
          139.7021758,
          35.6586171
        ]
      },
      "properties": {
        "timestamp": "2026-04-20T09:22:19Z"
      }
    },
    {
      "type": "Feature",
      "geometry": {
        "type": "Point",
        "coordinates": [
          139.7021813,
          35.6586248
        ]
      },
      "properties": {
        "timestamp": "2026-04-20T09:22:20Z"
      }
    },
    {
      "type": "Feature",
      "geometry": {
        "type": "Point",
        "coordinates": [
          139.7021804,
          35.6586281
        ]
      },
      "properties": {
        "timestamp": "2026-04-20T09:22:21Z"
      }
    },
    {
      "type": "Feature",
      "geometry": {
        "type": "Point",
        "coordinates": [
          139.7021887,
          35.6586372
        ]
      },
      "properties": {
        "timestamp": "2026-04-20T09:22:22Z"
      }
    },
    {
      "type": "Feature",
      "geometry": {
        "type": "Point",
        "coordinates": [
          139.7021948,
          35.6586371
        ]
      },
      "properties": {
        "timestamp": "2026-04-20T09:22:23Z"
      }
    },
    {
      "type": "Feature",
      "geometry": {
        "type": "Point",
        "coordinates": [
          139.7022015,
          35.6586347
        ]
      },
      "properties": {
        "timestamp": "2026-04-20T09:22:24Z"
      }
    },
    {
      "type": "Feature",
      "geometry": {
        "type": "Point",
        "coordinates": [
          139.7022085,
          35.6586302
        ]
      },
      "properties": {
        "timestamp": "2026-04-20T09:22:25Z"
      }
    },
    {
      "type": "Feature",
      "geometry": {
        "type": "Point",
        "coordinates": [
          139.7022198,
          35.6586298
        ]
      },
      "properties": {
        "timestamp": "2026-04-20T09:22:26Z"
      }
    },
    {
      "type": "Feature",
      "geometry": {
        "type": "Point",
        "coordinates": [
          139.7022236,
          35.6586291
        ]
      },
      "properties": {
        "timestamp": "2026-04-20T09:22:27Z"
      }
    },
    {
      "type": "Feature",
      "geometry": {
        "type": "Point",
        "coordinates": [
          139.7022333,
          35.6586338
        ]
      },
      "properties": {
        "timestamp": "2026-04-20T09:22:28Z"
      }
    },
    {
      "type": "Feature",
      "geometry": {
        "type": "Point",
        "coordinates": [
          139.7022494,
          35.6586373
        ]
      },
      "properties": {
        "timestamp": "2026-04-20T09:22:29Z"
      }
    },
    {
      "type": "Feature",
      "geometry": {
        "type": "Point",
        "coordinates": [
          139.7022611,
          35.6586409
        ]
      },
      "properties": {
        "timestamp": "2026-04-20T09:22:30Z"
      }
    },
    {
      "type": "Feature",
      "geometry": {
        "type": "Point",
        "coordinates": [
          139.7022693,
          35.6586476
        ]
      },
      "properties": {
        "timestamp": "2026-04-20T09:22:31Z"
      }
    },
    {
      "type": "Feature",
      "geometry": {
        "type": "Point",
        "coordinates": [
          139.7022818,
          35.6586507
        ]
      },
      "properties": {
        "timestamp": "2026-04-20T09:22:32Z"
      }
    },
    {
      "type": "Feature",
      "geometry": {
        "type": "Point",
        "coordinates": [
          139.7022864,
          35.6586471
        ]
      },
      "properties": {
        "timestamp": "2026-04-20T09:22:33Z"
      }
    },
    {
      "type": "Feature",
      "geometry": {
        "type": "Point",
        "coordinates": [
          139.7022987,
          35.6586413
        ]
      },
      "properties": {
        "timestamp": "2026-04-20T09:22:34Z"
      }
    },
    {
      "type": "Feature",
      "geometry": {
        "type": "Point",
        "coordinates": [
          139.7023138,
          35.6586435
        ]
      },
      "properties": {
        "timestamp": "2026-04-20T09:22:35Z"
      }
    },
    {
      "type": "Feature",
      "geometry": {
        "type": "Point",
        "coordinates": [
          139.7023238,
          35.6586409
        ]
      },
      "properties": {
        "timestamp": "2026-04-20T09:22:36Z"
      }
    },
    {
      "type": "Feature",
      "geometry": {
        "type": "Point",
        "coordinates": [
          139.7023225,
          35.6586366
        ]
      },
      "properties": {
        "timestamp": "2026-04-20T09:22:37Z"
      }
    },
    {
      "type": "Feature",
      "geometry": {
        "type": "Point",
        "coordinates": [
          139.702329,
          35.6586373
        ]
      },
      "properties": {
        "timestamp": "2026-04-20T09:22:38Z"
      }
    },
    {
      "type": "Feature",
      "geometry": {
        "type": "Point",
        "coordinates": [
          139.7023374,
          35.6586352
        ]
      },
      "properties": {
        "timestamp": "2026-04-20T09:22:39Z"
      }
    },
    {
      "type": "Feature",
      "geometry": {
        "type": "Point",
        "coordinates": [
          139.7023504,
          35.6586341
        ]
      },
      "properties": {
        "timestamp": "2026-04-20T09:22:40Z"
      }
    },
    {
      "type": "Feature",
      "geometry": {
        "type": "Point",
        "coordinates": [
          139.7023553,
          35.6586339
        ]
      },
      "properties": {
        "timestamp": "2026-04-20T09:22:41Z"
      }
    },
    {
      "type": "Feature",
      "geometry": {
        "type": "Point",
        "coordinates": [
          139.7023584,
          35.6586324
        ]
      },
      "properties": {
        "timestamp": "2026-04-20T09:22:42Z"
      }
    },
    {
      "type": "Feature",
      "geometry": {
        "type": "Point",
        "coordinates": [
          139.7023633,
          35.6586312
        ]
      },
      "properties": {
        "timestamp": "2026-04-20T09:22:43Z"
      }
    },
    {
      "type": "Feature",
      "geometry": {
        "type": "Point",
        "coordinates": [
          139.7023679,
          35.658629
        ]
      },
      "properties": {
        "timestamp": "2026-04-20T09:22:44Z"
      }
    },
    {
      "type": "Feature",
      "geometry": {
        "type": "Point",
        "coordinates": [
          139.7023751,
          35.6586269
        ]
      },
      "properties": {
        "timestamp": "2026-04-20T09:22:45Z"
      }
    },
    {
      "type": "Feature",
      "geometry": {
        "type": "Point",
        "coordinates": [
          139.7023782,
          35.6586251
        ]
      },
      "properties": {
        "timestamp": "2026-04-20T09:22:46Z"
      }
    },
    {
      "type": "Feature",
      "geometry": {
        "type": "Point",
        "coordinates": [
          139.7023903,
          35.6586108
        ]
      },
      "properties": {
        "timestamp": "2026-04-20T09:22:47Z"
      }
    },
    {
      "type": "Feature",
      "geometry": {
        "type": "Point",
        "coordinates": [
          139.7024017,
          35.6586119
        ]
      },
      "properties": {
        "timestamp": "2026-04-20T09:22:48Z"
      }
    },
    {
      "type": "Feature",
      "geometry": {
        "type": "Point",
        "coordinates": [
          139.7024136,
          35.6586068
        ]
      },
      "properties": {
        "timestamp": "2026-04-20T09:22:49Z"
      }
    },
    {
      "type": "Feature",
      "geometry": {
        "type": "Point",
        "coordinates": [
          139.7024248,
          35.6586064
        ]
      },
      "properties": {
        "timestamp": "2026-04-20T09:22:50Z"
      }
    },
    {
      "type": "Feature",
      "geometry": {
        "type": "Point",
        "coordinates": [
          139.7024268,
          35.6586058
        ]
      },
      "properties": {
        "timestamp": "2026-04-20T09:22:51Z"
      }
    },
    {
      "type": "Feature",
      "geometry": {
        "type": "Point",
        "coordinates": [
          139.7024318,
          35.6586055
        ]
      },
      "properties": {
        "timestamp": "2026-04-20T09:22:52Z"
      }
    },
    {
      "type": "Feature",
      "geometry": {
        "type": "Point",
        "coordinates": [
          139.7024328,
          35.6586073
        ]
      },
      "properties": {
        "timestamp": "2026-04-20T09:22:53Z"
      }
    },
    {
      "type": "Feature",
      "geometry": {
        "type": "Point",
        "coordinates": [
          139.7024316,
          35.658599
        ]
      },
      "properties": {
        "timestamp": "2026-04-20T09:22:54Z"
      }
    },
    {
      "type": "Feature",
      "geometry": {
        "type": "Point",
        "coordinates": [
          139.7024354,
          35.6585992
        ]
      },
      "properties": {
        "timestamp": "2026-04-20T09:22:55Z"
      }
    },
    {
      "type": "Feature",
      "geometry": {
        "type": "Point",
        "coordinates": [
          139.7024496,
          35.6586027
        ]
      },
      "properties": {
        "timestamp": "2026-04-20T09:22:56Z"
      }
    },
    {
      "type": "Feature",
      "geometry": {
        "type": "Point",
        "coordinates": [
          139.7024498,
          35.6586025
        ]
      },
      "properties": {
        "timestamp": "2026-04-20T09:22:57Z"
      }
    },
    {
      "type": "Feature",
      "geometry": {
        "type": "Point",
        "coordinates": [
          139.7024498,
          35.6586025
        ]
      },
      "properties": {
        "timestamp": "2026-04-20T09:22:58Z"
      }
    },
    {
      "type": "Feature",
      "geometry": {
        "type": "Point",
        "coordinates": [
          139.7024498,
          35.6586025
        ]
      },
      "properties": {
        "timestamp": "2026-04-20T09:22:59Z"
      }
    },
    {
      "type": "Feature",
      "geometry": {
        "type": "Point",
        "coordinates": [
          139.7024498,
          35.6586025
        ]
      },
      "properties": {
        "timestamp": "2026-04-20T09:23:00Z"
      }
    },
    {
      "type": "Feature",
      "geometry": {
        "type": "Point",
        "coordinates": [
          139.7024498,
          35.6586025
        ]
      },
      "properties": {
        "timestamp": "2026-04-20T09:23:01Z"
      }
    },
    {
      "type": "Feature",
      "geometry": {
        "type": "Point",
        "coordinates": [
          139.7024498,
          35.6586025
        ]
      },
      "properties": {
        "timestamp": "2026-04-20T09:23:02Z"
      }
    },
    {
      "type": "Feature",
      "geometry": {
        "type": "Point",
        "coordinates": [
          139.7024498,
          35.6586025
        ]
      },
      "properties": {
        "timestamp": "2026-04-20T09:23:03Z"
      }
    },
    {
      "type": "Feature",
      "geometry": {
        "type": "Point",
        "coordinates": [
          139.7024498,
          35.6586025
        ]
      },
      "properties": {
        "timestamp": "2026-04-20T09:23:04Z"
      }
    },
    {
      "type": "Feature",
      "geometry": {
        "type": "Point",
        "coordinates": [
          139.702443,
          35.6586023
        ]
      },
      "properties": {
        "timestamp": "2026-04-20T09:23:05Z"
      }
    },
    {
      "type": "Feature",
      "geometry": {
        "type": "Point",
        "coordinates": [
          139.7024432,
          35.6586021
        ]
      },
      "properties": {
        "timestamp": "2026-04-20T09:23:06Z"
      }
    },
    {
      "type": "Feature",
      "geometry": {
        "type": "Point",
        "coordinates": [
          139.7024432,
          35.6586021
        ]
      },
      "properties": {
        "timestamp": "2026-04-20T09:23:07Z"
      }
    },
    {
      "type": "Feature",
      "geometry": {
        "type": "Point",
        "coordinates": [
          139.7024432,
          35.6586021
        ]
      },
      "properties": {
        "timestamp": "2026-04-20T09:23:08Z"
      }
    },
    {
      "type": "Feature",
      "geometry": {
        "type": "Point",
        "coordinates": [
          139.7024432,
          35.6586021
        ]
      },
      "properties": {
        "timestamp": "2026-04-20T09:23:09Z"
      }
    },
    {
      "type": "Feature",
      "geometry": {
        "type": "Point",
        "coordinates": [
          139.7024432,
          35.6586021
        ]
      },
      "properties": {
        "timestamp": "2026-04-20T09:23:10Z"
      }
    },
    {
      "type": "Feature",
      "geometry": {
        "type": "Point",
        "coordinates": [
          139.7024432,
          35.6586021
        ]
      },
      "properties": {
        "timestamp": "2026-04-20T09:23:11Z"
      }
    },
    {
      "type": "Feature",
      "geometry": {
        "type": "Point",
        "coordinates": [
          139.7024481,
          35.6586026
        ]
      },
      "properties": {
        "timestamp": "2026-04-20T09:23:12Z"
      }
    },
    {
      "type": "Feature",
      "geometry": {
        "type": "Point",
        "coordinates": [
          139.7024482,
          35.6586025
        ]
      },
      "properties": {
        "timestamp": "2026-04-20T09:23:13Z"
      }
    },
    {
      "type": "Feature",
      "geometry": {
        "type": "Point",
        "coordinates": [
          139.7024482,
          35.6586025
        ]
      },
      "properties": {
        "timestamp": "2026-04-20T09:23:14Z"
      }
    },
    {
      "type": "Feature",
      "geometry": {
        "type": "Point",
        "coordinates": [
          139.7024482,
          35.6586025
        ]
      },
      "properties": {
        "timestamp": "2026-04-20T09:23:15Z"
      }
    },
    {
      "type": "Feature",
      "geometry": {
        "type": "Point",
        "coordinates": [
          139.7024482,
          35.6586025
        ]
      },
      "properties": {
        "timestamp": "2026-04-20T09:23:16Z"
      }
    },
    {
      "type": "Feature",
      "geometry": {
        "type": "Point",
        "coordinates": [
          139.7024482,
          35.6586025
        ]
      },
      "properties": {
        "timestamp": "2026-04-20T09:23:17Z"
      }
    },
    {
      "type": "Feature",
      "geometry": {
        "type": "Point",
        "coordinates": [
          139.7024479,
          35.6586026
        ]
      },
      "properties": {
        "timestamp": "2026-04-20T09:23:18Z"
      }
    },
    {
      "type": "Feature",
      "geometry": {
        "type": "Point",
        "coordinates": [
          139.7024442,
          35.658609
        ]
      },
      "properties": {
        "timestamp": "2026-04-20T09:23:19Z"
      }
    },
    {
      "type": "Feature",
      "geometry": {
        "type": "Point",
        "coordinates": [
          139.7024455,
          35.6586139
        ]
      },
      "properties": {
        "timestamp": "2026-04-20T09:23:20Z"
      }
    },
    {
      "type": "Feature",
      "geometry": {
        "type": "Point",
        "coordinates": [
          139.7024452,
          35.6586138
        ]
      },
      "properties": {
        "timestamp": "2026-04-20T09:23:21Z"
      }
    },
    {
      "type": "Feature",
      "geometry": {
        "type": "Point",
        "coordinates": [
          139.7024453,
          35.6586185
        ]
      },
      "properties": {
        "timestamp": "2026-04-20T09:23:22Z"
      }
    },
    {
      "type": "Feature",
      "geometry": {
        "type": "Point",
        "coordinates": [
          139.7024371,
          35.6586205
        ]
      },
      "properties": {
        "timestamp": "2026-04-20T09:23:23Z"
      }
    },
    {
      "type": "Feature",
      "geometry": {
        "type": "Point",
        "coordinates": [
          139.7024379,
          35.6586202
        ]
      },
      "properties": {
        "timestamp": "2026-04-20T09:23:24Z"
      }
    },
    {
      "type": "Feature",
      "geometry": {
        "type": "Point",
        "coordinates": [
          139.7024379,
          35.6586202
        ]
      },
      "properties": {
        "timestamp": "2026-04-20T09:23:25Z"
      }
    },
    {
      "type": "Feature",
      "geometry": {
        "type": "Point",
        "coordinates": [
          139.7024379,
          35.6586202
        ]
      },
      "properties": {
        "timestamp": "2026-04-20T09:23:26Z"
      }
    },
    {
      "type": "Feature",
      "geometry": {
        "type": "Point",
        "coordinates": [
          139.7024379,
          35.6586202
        ]
      },
      "properties": {
        "timestamp": "2026-04-20T09:23:27Z"
      }
    },
    {
      "type": "Feature",
      "geometry": {
        "type": "Point",
        "coordinates": [
          139.7024403,
          35.6586196
        ]
      },
      "properties": {
        "timestamp": "2026-04-20T09:23:28Z"
      }
    },
    {
      "type": "Feature",
      "geometry": {
        "type": "Point",
        "coordinates": [
          139.7024414,
          35.6586136
        ]
      },
      "properties": {
        "timestamp": "2026-04-20T09:23:29Z"
      }
    },
    {
      "type": "Feature",
      "geometry": {
        "type": "Point",
        "coordinates": [
          139.7024398,
          35.6586098
        ]
      },
      "properties": {
        "timestamp": "2026-04-20T09:23:30Z"
      }
    },
    {
      "type": "Feature",
      "geometry": {
        "type": "Point",
        "coordinates": [
          139.7024317,
          35.6586124
        ]
      },
      "properties": {
        "timestamp": "2026-04-20T09:23:31Z"
      }
    },
    {
      "type": "Feature",
      "geometry": {
        "type": "Point",
        "coordinates": [
          139.7024344,
          35.6586163
        ]
      },
      "properties": {
        "timestamp": "2026-04-20T09:23:32Z"
      }
    },
    {
      "type": "Feature",
      "geometry": {
        "type": "Point",
        "coordinates": [
          139.702437,
          35.6586146
        ]
      },
      "properties": {
        "timestamp": "2026-04-20T09:23:33Z"
      }
    },
    {
      "type": "Feature",
      "geometry": {
        "type": "Point",
        "coordinates": [
          139.702442,
          35.6586129
        ]
      },
      "properties": {
        "timestamp": "2026-04-20T09:23:34Z"
      }
    },
    {
      "type": "Feature",
      "geometry": {
        "type": "Point",
        "coordinates": [
          139.7024455,
          35.6586095
        ]
      },
      "properties": {
        "timestamp": "2026-04-20T09:23:35Z"
      }
    },
    {
      "type": "Feature",
      "geometry": {
        "type": "Point",
        "coordinates": [
          139.7024481,
          35.6586048
        ]
      },
      "properties": {
        "timestamp": "2026-04-20T09:23:36Z"
      }
    },
    {
      "type": "Feature",
      "geometry": {
        "type": "Point",
        "coordinates": [
          139.7024501,
          35.6585956
        ]
      },
      "properties": {
        "timestamp": "2026-04-20T09:23:37Z"
      }
    },
    {
      "type": "Feature",
      "geometry": {
        "type": "Point",
        "coordinates": [
          139.7024564,
          35.6585887
        ]
      },
      "properties": {
        "timestamp": "2026-04-20T09:23:38Z"
      }
    },
    {
      "type": "Feature",
      "geometry": {
        "type": "Point",
        "coordinates": [
          139.7024595,
          35.6585815
        ]
      },
      "properties": {
        "timestamp": "2026-04-20T09:23:39Z"
      }
    },
    {
      "type": "Feature",
      "geometry": {
        "type": "Point",
        "coordinates": [
          139.7024578,
          35.6585726
        ]
      },
      "properties": {
        "timestamp": "2026-04-20T09:23:40Z"
      }
    },
    {
      "type": "Feature",
      "geometry": {
        "type": "Point",
        "coordinates": [
          139.7024618,
          35.658571
        ]
      },
      "properties": {
        "timestamp": "2026-04-20T09:23:41Z"
      }
    },
    {
      "type": "Feature",
      "geometry": {
        "type": "Point",
        "coordinates": [
          139.7024614,
          35.6585678
        ]
      },
      "properties": {
        "timestamp": "2026-04-20T09:23:42Z"
      }
    },
    {
      "type": "Feature",
      "geometry": {
        "type": "Point",
        "coordinates": [
          139.702468,
          35.6585634
        ]
      },
      "properties": {
        "timestamp": "2026-04-20T09:23:43Z"
      }
    },
    {
      "type": "Feature",
      "geometry": {
        "type": "Point",
        "coordinates": [
          139.7024649,
          35.6585511
        ]
      },
      "properties": {
        "timestamp": "2026-04-20T09:23:44Z"
      }
    },
    {
      "type": "Feature",
      "geometry": {
        "type": "Point",
        "coordinates": [
          139.7024608,
          35.6585508
        ]
      },
      "properties": {
        "timestamp": "2026-04-20T09:23:45Z"
      }
    },
    {
      "type": "Feature",
      "geometry": {
        "type": "Point",
        "coordinates": [
          139.7024561,
          35.6585503
        ]
      },
      "properties": {
        "timestamp": "2026-04-20T09:23:46Z"
      }
    },
    {
      "type": "Feature",
      "geometry": {
        "type": "Point",
        "coordinates": [
          139.7024577,
          35.6585465
        ]
      },
      "properties": {
        "timestamp": "2026-04-20T09:23:47Z"
      }
    },
    {
      "type": "Feature",
      "geometry": {
        "type": "Point",
        "coordinates": [
          139.702451,
          35.6585341
        ]
      },
      "properties": {
        "timestamp": "2026-04-20T09:23:48Z"
      }
    },
    {
      "type": "Feature",
      "geometry": {
        "type": "Point",
        "coordinates": [
          139.702453,
          35.6585307
        ]
      },
      "properties": {
        "timestamp": "2026-04-20T09:23:49Z"
      }
    },
    {
      "type": "Feature",
      "geometry": {
        "type": "Point",
        "coordinates": [
          139.7024573,
          35.6585323
        ]
      },
      "properties": {
        "timestamp": "2026-04-20T09:23:50Z"
      }
    },
    {
      "type": "Feature",
      "geometry": {
        "type": "Point",
        "coordinates": [
          139.702457,
          35.6585326
        ]
      },
      "properties": {
        "timestamp": "2026-04-20T09:23:51Z"
      }
    },
    {
      "type": "Feature",
      "geometry": {
        "type": "Point",
        "coordinates": [
          139.702457,
          35.6585326
        ]
      },
      "properties": {
        "timestamp": "2026-04-20T09:23:52Z"
      }
    },
    {
      "type": "Feature",
      "geometry": {
        "type": "Point",
        "coordinates": [
          139.7024594,
          35.6585307
        ]
      },
      "properties": {
        "timestamp": "2026-04-20T09:23:53Z"
      }
    },
    {
      "type": "Feature",
      "geometry": {
        "type": "Point",
        "coordinates": [
          139.7024588,
          35.6585246
        ]
      },
      "properties": {
        "timestamp": "2026-04-20T09:23:54Z"
      }
    },
    {
      "type": "Feature",
      "geometry": {
        "type": "Point",
        "coordinates": [
          139.7024653,
          35.6585172
        ]
      },
      "properties": {
        "timestamp": "2026-04-20T09:23:55Z"
      }
    },
    {
      "type": "Feature",
      "geometry": {
        "type": "Point",
        "coordinates": [
          139.7024735,
          35.6585103
        ]
      },
      "properties": {
        "timestamp": "2026-04-20T09:23:56Z"
      }
    },
    {
      "type": "Feature",
      "geometry": {
        "type": "Point",
        "coordinates": [
          139.7024778,
          35.658507
        ]
      },
      "properties": {
        "timestamp": "2026-04-20T09:23:57Z"
      }
    },
    {
      "type": "Feature",
      "geometry": {
        "type": "Point",
        "coordinates": [
          139.7024863,
          35.6585041
        ]
      },
      "properties": {
        "timestamp": "2026-04-20T09:23:58Z"
      }
    },
    {
      "type": "Feature",
      "geometry": {
        "type": "Point",
        "coordinates": [
          139.7024888,
          35.6585017
        ]
      },
      "properties": {
        "timestamp": "2026-04-20T09:23:59Z"
      }
    },
    {
      "type": "Feature",
      "geometry": {
        "type": "Point",
        "coordinates": [
          139.7024825,
          35.6585023
        ]
      },
      "properties": {
        "timestamp": "2026-04-20T09:24:00Z"
      }
    },
    {
      "type": "Feature",
      "geometry": {
        "type": "Point",
        "coordinates": [
          139.7024798,
          35.6585029
        ]
      },
      "properties": {
        "timestamp": "2026-04-20T09:24:01Z"
      }
    },
    {
      "type": "Feature",
      "geometry": {
        "type": "Point",
        "coordinates": [
          139.7024785,
          35.6584944
        ]
      },
      "properties": {
        "timestamp": "2026-04-20T09:24:02Z"
      }
    },
    {
      "type": "Feature",
      "geometry": {
        "type": "Point",
        "coordinates": [
          139.7024828,
          35.6584929
        ]
      },
      "properties": {
        "timestamp": "2026-04-20T09:24:03Z"
      }
    },
    {
      "type": "Feature",
      "geometry": {
        "type": "Point",
        "coordinates": [
          139.7024865,
          35.6584982
        ]
      },
      "properties": {
        "timestamp": "2026-04-20T09:24:04Z"
      }
    },
    {
      "type": "Feature",
      "geometry": {
        "type": "Point",
        "coordinates": [
          139.7024866,
          35.6584984
        ]
      },
      "properties": {
        "timestamp": "2026-04-20T09:24:05Z"
      }
    },
    {
      "type": "Feature",
      "geometry": {
        "type": "Point",
        "coordinates": [
          139.7024908,
          35.658495
        ]
      },
      "properties": {
        "timestamp": "2026-04-20T09:24:06Z"
      }
    },
    {
      "type": "Feature",
      "geometry": {
        "type": "Point",
        "coordinates": [
          139.7024907,
          35.6584951
        ]
      },
      "properties": {
        "timestamp": "2026-04-20T09:24:07Z"
      }
    },
    {
      "type": "Feature",
      "geometry": {
        "type": "Point",
        "coordinates": [
          139.7024882,
          35.6584931
        ]
      },
      "properties": {
        "timestamp": "2026-04-20T09:24:08Z"
      }
    },
    {
      "type": "Feature",
      "geometry": {
        "type": "Point",
        "coordinates": [
          139.7024896,
          35.6584904
        ]
      },
      "properties": {
        "timestamp": "2026-04-20T09:24:09Z"
      }
    },
    {
      "type": "Feature",
      "geometry": {
        "type": "Point",
        "coordinates": [
          139.7024897,
          35.6584904
        ]
      },
      "properties": {
        "timestamp": "2026-04-20T09:24:10Z"
      }
    },
    {
      "type": "Feature",
      "geometry": {
        "type": "Point",
        "coordinates": [
          139.70249,
          35.6584871
        ]
      },
      "properties": {
        "timestamp": "2026-04-20T09:24:11Z"
      }
    },
    {
      "type": "Feature",
      "geometry": {
        "type": "Point",
        "coordinates": [
          139.7024895,
          35.6584871
        ]
      },
      "properties": {
        "timestamp": "2026-04-20T09:24:12Z"
      }
    },
    {
      "type": "Feature",
      "geometry": {
        "type": "Point",
        "coordinates": [
          139.7024874,
          35.6584888
        ]
      },
      "properties": {
        "timestamp": "2026-04-20T09:24:13Z"
      }
    },
    {
      "type": "Feature",
      "geometry": {
        "type": "Point",
        "coordinates": [
          139.7024915,
          35.6584887
        ]
      },
      "properties": {
        "timestamp": "2026-04-20T09:24:14Z"
      }
    },
    {
      "type": "Feature",
      "geometry": {
        "type": "Point",
        "coordinates": [
          139.7024904,
          35.6584887
        ]
      },
      "properties": {
        "timestamp": "2026-04-20T09:24:15Z"
      }
    },
    {
      "type": "Feature",
      "geometry": {
        "type": "Point",
        "coordinates": [
          139.702495,
          35.6584905
        ]
      },
      "properties": {
        "timestamp": "2026-04-20T09:24:16Z"
      }
    },
    {
      "type": "Feature",
      "geometry": {
        "type": "Point",
        "coordinates": [
          139.7025014,
          35.6584936
        ]
      },
      "properties": {
        "timestamp": "2026-04-20T09:24:17Z"
      }
    },
    {
      "type": "Feature",
      "geometry": {
        "type": "Point",
        "coordinates": [
          139.702504,
          35.6584956
        ]
      },
      "properties": {
        "timestamp": "2026-04-20T09:24:18Z"
      }
    },
    {
      "type": "Feature",
      "geometry": {
        "type": "Point",
        "coordinates": [
          139.7025027,
          35.6584933
        ]
      },
      "properties": {
        "timestamp": "2026-04-20T09:24:19Z"
      }
    },
    {
      "type": "Feature",
      "geometry": {
        "type": "Point",
        "coordinates": [
          139.7025061,
          35.6584911
        ]
      },
      "properties": {
        "timestamp": "2026-04-20T09:24:20Z"
      }
    },
    {
      "type": "Feature",
      "geometry": {
        "type": "Point",
        "coordinates": [
          139.7025041,
          35.6584912
        ]
      },
      "properties": {
        "timestamp": "2026-04-20T09:24:21Z"
      }
    },
    {
      "type": "Feature",
      "geometry": {
        "type": "Point",
        "coordinates": [
          139.7024987,
          35.6584982
        ]
      },
      "properties": {
        "timestamp": "2026-04-20T09:24:22Z"
      }
    },
    {
      "type": "Feature",
      "geometry": {
        "type": "Point",
        "coordinates": [
          139.7024947,
          35.6585015
        ]
      },
      "properties": {
        "timestamp": "2026-04-20T09:24:23Z"
      }
    },
    {
      "type": "Feature",
      "geometry": {
        "type": "Point",
        "coordinates": [
          139.7024943,
          35.6585003
        ]
      },
      "properties": {
        "timestamp": "2026-04-20T09:24:24Z"
      }
    },
    {
      "type": "Feature",
      "geometry": {
        "type": "Point",
        "coordinates": [
          139.7024934,
          35.6585059
        ]
      },
      "properties": {
        "timestamp": "2026-04-20T09:24:25Z"
      }
    },
    {
      "type": "Feature",
      "geometry": {
        "type": "Point",
        "coordinates": [
          139.7024928,
          35.6585051
        ]
      },
      "properties": {
        "timestamp": "2026-04-20T09:24:26Z"
      }
    },
    {
      "type": "Feature",
      "geometry": {
        "type": "Point",
        "coordinates": [
          139.7024966,
          35.6585029
        ]
      },
      "properties": {
        "timestamp": "2026-04-20T09:24:27Z"
      }
    },
    {
      "type": "Feature",
      "geometry": {
        "type": "Point",
        "coordinates": [
          139.7024978,
          35.658507
        ]
      },
      "properties": {
        "timestamp": "2026-04-20T09:24:28Z"
      }
    },
    {
      "type": "Feature",
      "geometry": {
        "type": "Point",
        "coordinates": [
          139.7024992,
          35.6585102
        ]
      },
      "properties": {
        "timestamp": "2026-04-20T09:24:29Z"
      }
    },
    {
      "type": "Feature",
      "geometry": {
        "type": "Point",
        "coordinates": [
          139.7024999,
          35.6585076
        ]
      },
      "properties": {
        "timestamp": "2026-04-20T09:24:30Z"
      }
    },
    {
      "type": "Feature",
      "geometry": {
        "type": "Point",
        "coordinates": [
          139.702499,
          35.6585035
        ]
      },
      "properties": {
        "timestamp": "2026-04-20T09:24:31Z"
      }
    },
    {
      "type": "Feature",
      "geometry": {
        "type": "Point",
        "coordinates": [
          139.7025,
          35.6585068
        ]
      },
      "properties": {
        "timestamp": "2026-04-20T09:24:32Z"
      }
    },
    {
      "type": "Feature",
      "geometry": {
        "type": "Point",
        "coordinates": [
          139.7025012,
          35.6585017
        ]
      },
      "properties": {
        "timestamp": "2026-04-20T09:24:33Z"
      }
    },
    {
      "type": "Feature",
      "geometry": {
        "type": "Point",
        "coordinates": [
          139.7025008,
          35.6584935
        ]
      },
      "properties": {
        "timestamp": "2026-04-20T09:24:34Z"
      }
    },
    {
      "type": "Feature",
      "geometry": {
        "type": "Point",
        "coordinates": [
          139.7025008,
          35.6584938
        ]
      },
      "properties": {
        "timestamp": "2026-04-20T09:24:35Z"
      }
    },
    {
      "type": "Feature",
      "geometry": {
        "type": "Point",
        "coordinates": [
          139.7025008,
          35.6584938
        ]
      },
      "properties": {
        "timestamp": "2026-04-20T09:24:36Z"
      }
    },
    {
      "type": "Feature",
      "geometry": {
        "type": "Point",
        "coordinates": [
          139.7025008,
          35.6584938
        ]
      },
      "properties": {
        "timestamp": "2026-04-20T09:24:37Z"
      }
    },
    {
      "type": "Feature",
      "geometry": {
        "type": "Point",
        "coordinates": [
          139.7025008,
          35.6584938
        ]
      },
      "properties": {
        "timestamp": "2026-04-20T09:24:38Z"
      }
    },
    {
      "type": "Feature",
      "geometry": {
        "type": "Point",
        "coordinates": [
          139.7025008,
          35.6584938
        ]
      },
      "properties": {
        "timestamp": "2026-04-20T09:24:39Z"
      }
    },
    {
      "type": "Feature",
      "geometry": {
        "type": "Point",
        "coordinates": [
          139.7025008,
          35.6584938
        ]
      },
      "properties": {
        "timestamp": "2026-04-20T09:24:40Z"
      }
    },
    {
      "type": "Feature",
      "geometry": {
        "type": "Point",
        "coordinates": [
          139.7025008,
          35.6584938
        ]
      },
      "properties": {
        "timestamp": "2026-04-20T09:24:41Z"
      }
    },
    {
      "type": "Feature",
      "geometry": {
        "type": "Point",
        "coordinates": [
          139.7025027,
          35.6584926
        ]
      },
      "properties": {
        "timestamp": "2026-04-20T09:24:42Z"
      }
    },
    {
      "type": "Feature",
      "geometry": {
        "type": "Point",
        "coordinates": [
          139.7025022,
          35.658493
        ]
      },
      "properties": {
        "timestamp": "2026-04-20T09:24:43Z"
      }
    },
    {
      "type": "Feature",
      "geometry": {
        "type": "Point",
        "coordinates": [
          139.702498,
          35.658493
        ]
      },
      "properties": {
        "timestamp": "2026-04-20T09:24:44Z"
      }
    },
    {
      "type": "Feature",
      "geometry": {
        "type": "Point",
        "coordinates": [
          139.7024964,
          35.658493
        ]
      },
      "properties": {
        "timestamp": "2026-04-20T09:24:45Z"
      }
    },
    {
      "type": "Feature",
      "geometry": {
        "type": "Point",
        "coordinates": [
          139.7024952,
          35.6584942
        ]
      },
      "properties": {
        "timestamp": "2026-04-20T09:24:46Z"
      }
    },
    {
      "type": "Feature",
      "geometry": {
        "type": "Point",
        "coordinates": [
          139.7024905,
          35.6584962
        ]
      },
      "properties": {
        "timestamp": "2026-04-20T09:24:47Z"
      }
    },
    {
      "type": "Feature",
      "geometry": {
        "type": "Point",
        "coordinates": [
          139.7024834,
          35.6584977
        ]
      },
      "properties": {
        "timestamp": "2026-04-20T09:24:48Z"
      }
    },
    {
      "type": "Feature",
      "geometry": {
        "type": "Point",
        "coordinates": [
          139.7024775,
          35.6584986
        ]
      },
      "properties": {
        "timestamp": "2026-04-20T09:24:49Z"
      }
    },
    {
      "type": "Feature",
      "geometry": {
        "type": "Point",
        "coordinates": [
          139.7024696,
          35.6585021
        ]
      },
      "properties": {
        "timestamp": "2026-04-20T09:24:50Z"
      }
    },
    {
      "type": "Feature",
      "geometry": {
        "type": "Point",
        "coordinates": [
          139.7024662,
          35.6585034
        ]
      },
      "properties": {
        "timestamp": "2026-04-20T09:24:51Z"
      }
    },
    {
      "type": "Feature",
      "geometry": {
        "type": "Point",
        "coordinates": [
          139.7024669,
          35.6585053
        ]
      },
      "properties": {
        "timestamp": "2026-04-20T09:24:52Z"
      }
    },
    {
      "type": "Feature",
      "geometry": {
        "type": "Point",
        "coordinates": [
          139.7024644,
          35.6585022
        ]
      },
      "properties": {
        "timestamp": "2026-04-20T09:24:53Z"
      }
    },
    {
      "type": "Feature",
      "geometry": {
        "type": "Point",
        "coordinates": [
          139.7024682,
          35.6585013
        ]
      },
      "properties": {
        "timestamp": "2026-04-20T09:24:54Z"
      }
    },
    {
      "type": "Feature",
      "geometry": {
        "type": "Point",
        "coordinates": [
          139.7024697,
          35.6584993
        ]
      },
      "properties": {
        "timestamp": "2026-04-20T09:24:55Z"
      }
    },
    {
      "type": "Feature",
      "geometry": {
        "type": "Point",
        "coordinates": [
          139.7024682,
          35.6584985
        ]
      },
      "properties": {
        "timestamp": "2026-04-20T09:24:56Z"
      }
    },
    {
      "type": "Feature",
      "geometry": {
        "type": "Point",
        "coordinates": [
          139.7024649,
          35.6584988
        ]
      },
      "properties": {
        "timestamp": "2026-04-20T09:24:57Z"
      }
    },
    {
      "type": "Feature",
      "geometry": {
        "type": "Point",
        "coordinates": [
          139.7024674,
          35.6584981
        ]
      },
      "properties": {
        "timestamp": "2026-04-20T09:24:58Z"
      }
    },
    {
      "type": "Feature",
      "geometry": {
        "type": "Point",
        "coordinates": [
          139.7024676,
          35.6584927
        ]
      },
      "properties": {
        "timestamp": "2026-04-20T09:24:59Z"
      }
    },
    {
      "type": "Feature",
      "geometry": {
        "type": "Point",
        "coordinates": [
          139.7024676,
          35.658482
        ]
      },
      "properties": {
        "timestamp": "2026-04-20T09:25:00Z"
      }
    },
    {
      "type": "Feature",
      "geometry": {
        "type": "Point",
        "coordinates": [
          139.7024682,
          35.6584777
        ]
      },
      "properties": {
        "timestamp": "2026-04-20T09:25:01Z"
      }
    },
    {
      "type": "Feature",
      "geometry": {
        "type": "Point",
        "coordinates": [
          139.7024648,
          35.6584723
        ]
      },
      "properties": {
        "timestamp": "2026-04-20T09:25:02Z"
      }
    },
    {
      "type": "Feature",
      "geometry": {
        "type": "Point",
        "coordinates": [
          139.7024575,
          35.6584696
        ]
      },
      "properties": {
        "timestamp": "2026-04-20T09:25:03Z"
      }
    },
    {
      "type": "Feature",
      "geometry": {
        "type": "Point",
        "coordinates": [
          139.7024517,
          35.6584632
        ]
      },
      "properties": {
        "timestamp": "2026-04-20T09:25:04Z"
      }
    },
    {
      "type": "Feature",
      "geometry": {
        "type": "Point",
        "coordinates": [
          139.7024462,
          35.6584606
        ]
      },
      "properties": {
        "timestamp": "2026-04-20T09:25:05Z"
      }
    },
    {
      "type": "Feature",
      "geometry": {
        "type": "Point",
        "coordinates": [
          139.7024502,
          35.6584594
        ]
      },
      "properties": {
        "timestamp": "2026-04-20T09:25:06Z"
      }
    },
    {
      "type": "Feature",
      "geometry": {
        "type": "Point",
        "coordinates": [
          139.7024543,
          35.6584533
        ]
      },
      "properties": {
        "timestamp": "2026-04-20T09:25:07Z"
      }
    },
    {
      "type": "Feature",
      "geometry": {
        "type": "Point",
        "coordinates": [
          139.702453,
          35.658445
        ]
      },
      "properties": {
        "timestamp": "2026-04-20T09:25:08Z"
      }
    },
    {
      "type": "Feature",
      "geometry": {
        "type": "Point",
        "coordinates": [
          139.7024598,
          35.6584381
        ]
      },
      "properties": {
        "timestamp": "2026-04-20T09:25:09Z"
      }
    },
    {
      "type": "Feature",
      "geometry": {
        "type": "Point",
        "coordinates": [
          139.7024613,
          35.6584434
        ]
      },
      "properties": {
        "timestamp": "2026-04-20T09:25:10Z"
      }
    },
    {
      "type": "Feature",
      "geometry": {
        "type": "Point",
        "coordinates": [
          139.7024594,
          35.6584444
        ]
      },
      "properties": {
        "timestamp": "2026-04-20T09:25:11Z"
      }
    },
    {
      "type": "Feature",
      "geometry": {
        "type": "Point",
        "coordinates": [
          139.7024647,
          35.6584409
        ]
      },
      "properties": {
        "timestamp": "2026-04-20T09:25:12Z"
      }
    },
    {
      "type": "Feature",
      "geometry": {
        "type": "Point",
        "coordinates": [
          139.702479,
          35.6584425
        ]
      },
      "properties": {
        "timestamp": "2026-04-20T09:25:13Z"
      }
    },
    {
      "type": "Feature",
      "geometry": {
        "type": "Point",
        "coordinates": [
          139.7024905,
          35.6584383
        ]
      },
      "properties": {
        "timestamp": "2026-04-20T09:25:14Z"
      }
    },
    {
      "type": "Feature",
      "geometry": {
        "type": "Point",
        "coordinates": [
          139.7025015,
          35.6584369
        ]
      },
      "properties": {
        "timestamp": "2026-04-20T09:25:15Z"
      }
    },
    {
      "type": "Feature",
      "geometry": {
        "type": "Point",
        "coordinates": [
          139.7025079,
          35.6584397
        ]
      },
      "properties": {
        "timestamp": "2026-04-20T09:25:16Z"
      }
    },
    {
      "type": "Feature",
      "geometry": {
        "type": "Point",
        "coordinates": [
          139.7025162,
          35.6584399
        ]
      },
      "properties": {
        "timestamp": "2026-04-20T09:25:17Z"
      }
    },
    {
      "type": "Feature",
      "geometry": {
        "type": "Point",
        "coordinates": [
          139.7025209,
          35.6584436
        ]
      },
      "properties": {
        "timestamp": "2026-04-20T09:25:18Z"
      }
    },
    {
      "type": "Feature",
      "geometry": {
        "type": "Point",
        "coordinates": [
          139.7025186,
          35.6584485
        ]
      },
      "properties": {
        "timestamp": "2026-04-20T09:25:19Z"
      }
    },
    {
      "type": "Feature",
      "geometry": {
        "type": "Point",
        "coordinates": [
          139.7025185,
          35.6584488
        ]
      },
      "properties": {
        "timestamp": "2026-04-20T09:25:20Z"
      }
    },
    {
      "type": "Feature",
      "geometry": {
        "type": "Point",
        "coordinates": [
          139.7025185,
          35.6584488
        ]
      },
      "properties": {
        "timestamp": "2026-04-20T09:25:21Z"
      }
    },
    {
      "type": "Feature",
      "geometry": {
        "type": "Point",
        "coordinates": [
          139.7025185,
          35.6584488
        ]
      },
      "properties": {
        "timestamp": "2026-04-20T09:25:22Z"
      }
    },
    {
      "type": "Feature",
      "geometry": {
        "type": "Point",
        "coordinates": [
          139.7025185,
          35.6584488
        ]
      },
      "properties": {
        "timestamp": "2026-04-20T09:25:23Z"
      }
    },
    {
      "type": "Feature",
      "geometry": {
        "type": "Point",
        "coordinates": [
          139.7025185,
          35.6584488
        ]
      },
      "properties": {
        "timestamp": "2026-04-20T09:25:24Z"
      }
    },
    {
      "type": "Feature",
      "geometry": {
        "type": "Point",
        "coordinates": [
          139.7025185,
          35.6584488
        ]
      },
      "properties": {
        "timestamp": "2026-04-20T09:25:25Z"
      }
    },
    {
      "type": "Feature",
      "geometry": {
        "type": "Point",
        "coordinates": [
          139.7025193,
          35.6584521
        ]
      },
      "properties": {
        "timestamp": "2026-04-20T09:25:26Z"
      }
    },
    {
      "type": "Feature",
      "geometry": {
        "type": "Point",
        "coordinates": [
          139.7025193,
          35.6584518
        ]
      },
      "properties": {
        "timestamp": "2026-04-20T09:25:27Z"
      }
    },
    {
      "type": "Feature",
      "geometry": {
        "type": "Point",
        "coordinates": [
          139.7025193,
          35.6584518
        ]
      },
      "properties": {
        "timestamp": "2026-04-20T09:25:28Z"
      }
    },
    {
      "type": "Feature",
      "geometry": {
        "type": "Point",
        "coordinates": [
          139.7025193,
          35.6584518
        ]
      },
      "properties": {
        "timestamp": "2026-04-20T09:25:29Z"
      }
    },
    {
      "type": "Feature",
      "geometry": {
        "type": "Point",
        "coordinates": [
          139.7025193,
          35.6584518
        ]
      },
      "properties": {
        "timestamp": "2026-04-20T09:25:30Z"
      }
    },
    {
      "type": "Feature",
      "geometry": {
        "type": "Point",
        "coordinates": [
          139.7025193,
          35.6584518
        ]
      },
      "properties": {
        "timestamp": "2026-04-20T09:25:31Z"
      }
    },
    {
      "type": "Feature",
      "geometry": {
        "type": "Point",
        "coordinates": [
          139.7025193,
          35.6584518
        ]
      },
      "properties": {
        "timestamp": "2026-04-20T09:25:32Z"
      }
    },
    {
      "type": "Feature",
      "geometry": {
        "type": "Point",
        "coordinates": [
          139.7025193,
          35.6584518
        ]
      },
      "properties": {
        "timestamp": "2026-04-20T09:25:33Z"
      }
    },
    {
      "type": "Feature",
      "geometry": {
        "type": "Point",
        "coordinates": [
          139.7025193,
          35.6584518
        ]
      },
      "properties": {
        "timestamp": "2026-04-20T09:25:34Z"
      }
    },
    {
      "type": "Feature",
      "geometry": {
        "type": "Point",
        "coordinates": [
          139.7025193,
          35.6584518
        ]
      },
      "properties": {
        "timestamp": "2026-04-20T09:25:35Z"
      }
    },
    {
      "type": "Feature",
      "geometry": {
        "type": "Point",
        "coordinates": [
          139.7025193,
          35.6584518
        ]
      },
      "properties": {
        "timestamp": "2026-04-20T09:25:36Z"
      }
    },
    {
      "type": "Feature",
      "geometry": {
        "type": "Point",
        "coordinates": [
          139.7025193,
          35.6584518
        ]
      },
      "properties": {
        "timestamp": "2026-04-20T09:25:37Z"
      }
    },
    {
      "type": "Feature",
      "geometry": {
        "type": "Point",
        "coordinates": [
          139.7025193,
          35.6584518
        ]
      },
      "properties": {
        "timestamp": "2026-04-20T09:25:38Z"
      }
    },
    {
      "type": "Feature",
      "geometry": {
        "type": "Point",
        "coordinates": [
          139.7025193,
          35.6584518
        ]
      },
      "properties": {
        "timestamp": "2026-04-20T09:25:39Z"
      }
    },
    {
      "type": "Feature",
      "geometry": {
        "type": "Point",
        "coordinates": [
          139.7025193,
          35.6584518
        ]
      },
      "properties": {
        "timestamp": "2026-04-20T09:25:40Z"
      }
    },
    {
      "type": "Feature",
      "geometry": {
        "type": "Point",
        "coordinates": [
          139.7025193,
          35.6584518
        ]
      },
      "properties": {
        "timestamp": "2026-04-20T09:25:41Z"
      }
    },
    {
      "type": "Feature",
      "geometry": {
        "type": "Point",
        "coordinates": [
          139.7025193,
          35.6584518
        ]
      },
      "properties": {
        "timestamp": "2026-04-20T09:25:42Z"
      }
    },
    {
      "type": "Feature",
      "geometry": {
        "type": "Point",
        "coordinates": [
          139.7025193,
          35.6584518
        ]
      },
      "properties": {
        "timestamp": "2026-04-20T09:25:43Z"
      }
    },
    {
      "type": "Feature",
      "geometry": {
        "type": "Point",
        "coordinates": [
          139.702529,
          35.6584458
        ]
      },
      "properties": {
        "timestamp": "2026-04-20T09:25:44Z"
      }
    },
    {
      "type": "Feature",
      "geometry": {
        "type": "Point",
        "coordinates": [
          139.7025291,
          35.6584439
        ]
      },
      "properties": {
        "timestamp": "2026-04-20T09:25:45Z"
      }
    },
    {
      "type": "Feature",
      "geometry": {
        "type": "Point",
        "coordinates": [
          139.7025287,
          35.6584439
        ]
      },
      "properties": {
        "timestamp": "2026-04-20T09:25:46Z"
      }
    },
    {
      "type": "Feature",
      "geometry": {
        "type": "Point",
        "coordinates": [
          139.7025287,
          35.6584439
        ]
      },
      "properties": {
        "timestamp": "2026-04-20T09:25:47Z"
      }
    },
    {
      "type": "Feature",
      "geometry": {
        "type": "Point",
        "coordinates": [
          139.702519,
          35.6584465
        ]
      },
      "properties": {
        "timestamp": "2026-04-20T09:25:48Z"
      }
    },
    {
      "type": "Feature",
      "geometry": {
        "type": "Point",
        "coordinates": [
          139.702508,
          35.658447
        ]
      },
      "properties": {
        "timestamp": "2026-04-20T09:25:49Z"
      }
    },
    {
      "type": "Feature",
      "geometry": {
        "type": "Point",
        "coordinates": [
          139.7024999,
          35.6584514
        ]
      },
      "properties": {
        "timestamp": "2026-04-20T09:25:50Z"
      }
    },
    {
      "type": "Feature",
      "geometry": {
        "type": "Point",
        "coordinates": [
          139.702497,
          35.6584491
        ]
      },
      "properties": {
        "timestamp": "2026-04-20T09:25:51Z"
      }
    },
    {
      "type": "Feature",
      "geometry": {
        "type": "Point",
        "coordinates": [
          139.7024968,
          35.6584491
        ]
      },
      "properties": {
        "timestamp": "2026-04-20T09:25:52Z"
      }
    },
    {
      "type": "Feature",
      "geometry": {
        "type": "Point",
        "coordinates": [
          139.7024963,
          35.6584498
        ]
      },
      "properties": {
        "timestamp": "2026-04-20T09:25:53Z"
      }
    },
    {
      "type": "Feature",
      "geometry": {
        "type": "Point",
        "coordinates": [
          139.7024949,
          35.6584485
        ]
      },
      "properties": {
        "timestamp": "2026-04-20T09:25:54Z"
      }
    },
    {
      "type": "Feature",
      "geometry": {
        "type": "Point",
        "coordinates": [
          139.7024972,
          35.6584511
        ]
      },
      "properties": {
        "timestamp": "2026-04-20T09:25:55Z"
      }
    },
    {
      "type": "Feature",
      "geometry": {
        "type": "Point",
        "coordinates": [
          139.7024894,
          35.6584549
        ]
      },
      "properties": {
        "timestamp": "2026-04-20T09:25:56Z"
      }
    },
    {
      "type": "Feature",
      "geometry": {
        "type": "Point",
        "coordinates": [
          139.7024885,
          35.6584562
        ]
      },
      "properties": {
        "timestamp": "2026-04-20T09:25:57Z"
      }
    },
    {
      "type": "Feature",
      "geometry": {
        "type": "Point",
        "coordinates": [
          139.7024863,
          35.6584587
        ]
      },
      "properties": {
        "timestamp": "2026-04-20T09:25:58Z"
      }
    },
    {
      "type": "Feature",
      "geometry": {
        "type": "Point",
        "coordinates": [
          139.7024852,
          35.6584617
        ]
      },
      "properties": {
        "timestamp": "2026-04-20T09:25:59Z"
      }
    },
    {
      "type": "Feature",
      "geometry": {
        "type": "Point",
        "coordinates": [
          139.7024855,
          35.6584649
        ]
      },
      "properties": {
        "timestamp": "2026-04-20T09:26:00Z"
      }
    },
    {
      "type": "Feature",
      "geometry": {
        "type": "Point",
        "coordinates": [
          139.7024847,
          35.6584683
        ]
      },
      "properties": {
        "timestamp": "2026-04-20T09:26:01Z"
      }
    },
    {
      "type": "Feature",
      "geometry": {
        "type": "Point",
        "coordinates": [
          139.7024851,
          35.658471
        ]
      },
      "properties": {
        "timestamp": "2026-04-20T09:26:02Z"
      }
    },
    {
      "type": "Feature",
      "geometry": {
        "type": "Point",
        "coordinates": [
          139.7024894,
          35.6584733
        ]
      },
      "properties": {
        "timestamp": "2026-04-20T09:26:03Z"
      }
    },
    {
      "type": "Feature",
      "geometry": {
        "type": "Point",
        "coordinates": [
          139.702494,
          35.6584722
        ]
      },
      "properties": {
        "timestamp": "2026-04-20T09:26:04Z"
      }
    },
    {
      "type": "Feature",
      "geometry": {
        "type": "Point",
        "coordinates": [
          139.7024977,
          35.65847
        ]
      },
      "properties": {
        "timestamp": "2026-04-20T09:26:05Z"
      }
    },
    {
      "type": "Feature",
      "geometry": {
        "type": "Point",
        "coordinates": [
          139.7024993,
          35.6584658
        ]
      },
      "properties": {
        "timestamp": "2026-04-20T09:26:06Z"
      }
    },
    {
      "type": "Feature",
      "geometry": {
        "type": "Point",
        "coordinates": [
          139.7024961,
          35.6584696
        ]
      },
      "properties": {
        "timestamp": "2026-04-20T09:26:07Z"
      }
    },
    {
      "type": "Feature",
      "geometry": {
        "type": "Point",
        "coordinates": [
          139.7024957,
          35.6584748
        ]
      },
      "properties": {
        "timestamp": "2026-04-20T09:26:08Z"
      }
    },
    {
      "type": "Feature",
      "geometry": {
        "type": "Point",
        "coordinates": [
          139.702496,
          35.6584732
        ]
      },
      "properties": {
        "timestamp": "2026-04-20T09:26:09Z"
      }
    },
    {
      "type": "Feature",
      "geometry": {
        "type": "Point",
        "coordinates": [
          139.7024965,
          35.658477
        ]
      },
      "properties": {
        "timestamp": "2026-04-20T09:26:10Z"
      }
    },
    {
      "type": "Feature",
      "geometry": {
        "type": "Point",
        "coordinates": [
          139.7025011,
          35.6584722
        ]
      },
      "properties": {
        "timestamp": "2026-04-20T09:26:11Z"
      }
    },
    {
      "type": "Feature",
      "geometry": {
        "type": "Point",
        "coordinates": [
          139.7025002,
          35.6584696
        ]
      },
      "properties": {
        "timestamp": "2026-04-20T09:26:12Z"
      }
    },
    {
      "type": "Feature",
      "geometry": {
        "type": "Point",
        "coordinates": [
          139.7025039,
          35.658465
        ]
      },
      "properties": {
        "timestamp": "2026-04-20T09:26:13Z"
      }
    },
    {
      "type": "Feature",
      "geometry": {
        "type": "Point",
        "coordinates": [
          139.7025058,
          35.6584635
        ]
      },
      "properties": {
        "timestamp": "2026-04-20T09:26:14Z"
      }
    },
    {
      "type": "Feature",
      "geometry": {
        "type": "Point",
        "coordinates": [
          139.7025022,
          35.6584615
        ]
      },
      "properties": {
        "timestamp": "2026-04-20T09:26:15Z"
      }
    },
    {
      "type": "Feature",
      "geometry": {
        "type": "Point",
        "coordinates": [
          139.7025015,
          35.658463
        ]
      },
      "properties": {
        "timestamp": "2026-04-20T09:26:16Z"
      }
    },
    {
      "type": "Feature",
      "geometry": {
        "type": "Point",
        "coordinates": [
          139.7024988,
          35.6584586
        ]
      },
      "properties": {
        "timestamp": "2026-04-20T09:26:17Z"
      }
    },
    {
      "type": "Feature",
      "geometry": {
        "type": "Point",
        "coordinates": [
          139.7024955,
          35.65846
        ]
      },
      "properties": {
        "timestamp": "2026-04-20T09:26:18Z"
      }
    },
    {
      "type": "Feature",
      "geometry": {
        "type": "Point",
        "coordinates": [
          139.7024887,
          35.6584606
        ]
      },
      "properties": {
        "timestamp": "2026-04-20T09:26:19Z"
      }
    },
    {
      "type": "Feature",
      "geometry": {
        "type": "Point",
        "coordinates": [
          139.7024913,
          35.6584632
        ]
      },
      "properties": {
        "timestamp": "2026-04-20T09:26:20Z"
      }
    },
    {
      "type": "Feature",
      "geometry": {
        "type": "Point",
        "coordinates": [
          139.702491,
          35.6584594
        ]
      },
      "properties": {
        "timestamp": "2026-04-20T09:26:21Z"
      }
    },
    {
      "type": "Feature",
      "geometry": {
        "type": "Point",
        "coordinates": [
          139.7024941,
          35.6584566
        ]
      },
      "properties": {
        "timestamp": "2026-04-20T09:26:22Z"
      }
    },
    {
      "type": "Feature",
      "geometry": {
        "type": "Point",
        "coordinates": [
          139.7024919,
          35.6584565
        ]
      },
      "properties": {
        "timestamp": "2026-04-20T09:26:23Z"
      }
    },
    {
      "type": "Feature",
      "geometry": {
        "type": "Point",
        "coordinates": [
          139.7024932,
          35.6584543
        ]
      },
      "properties": {
        "timestamp": "2026-04-20T09:26:24Z"
      }
    },
    {
      "type": "Feature",
      "geometry": {
        "type": "Point",
        "coordinates": [
          139.7024931,
          35.6584581
        ]
      },
      "properties": {
        "timestamp": "2026-04-20T09:26:25Z"
      }
    },
    {
      "type": "Feature",
      "geometry": {
        "type": "Point",
        "coordinates": [
          139.7024925,
          35.6584625
        ]
      },
      "properties": {
        "timestamp": "2026-04-20T09:26:26Z"
      }
    },
    {
      "type": "Feature",
      "geometry": {
        "type": "Point",
        "coordinates": [
          139.7024924,
          35.6584659
        ]
      },
      "properties": {
        "timestamp": "2026-04-20T09:26:27Z"
      }
    },
    {
      "type": "Feature",
      "geometry": {
        "type": "Point",
        "coordinates": [
          139.7024874,
          35.6584646
        ]
      },
      "properties": {
        "timestamp": "2026-04-20T09:26:28Z"
      }
    },
    {
      "type": "Feature",
      "geometry": {
        "type": "Point",
        "coordinates": [
          139.7024888,
          35.6584683
        ]
      },
      "properties": {
        "timestamp": "2026-04-20T09:26:29Z"
      }
    },
    {
      "type": "Feature",
      "geometry": {
        "type": "Point",
        "coordinates": [
          139.7024905,
          35.6584601
        ]
      },
      "properties": {
        "timestamp": "2026-04-20T09:26:30Z"
      }
    },
    {
      "type": "Feature",
      "geometry": {
        "type": "Point",
        "coordinates": [
          139.7024852,
          35.6584615
        ]
      },
      "properties": {
        "timestamp": "2026-04-20T09:26:31Z"
      }
    },
    {
      "type": "Feature",
      "geometry": {
        "type": "Point",
        "coordinates": [
          139.7024912,
          35.6584635
        ]
      },
      "properties": {
        "timestamp": "2026-04-20T09:26:32Z"
      }
    },
    {
      "type": "Feature",
      "geometry": {
        "type": "Point",
        "coordinates": [
          139.7024956,
          35.6584609
        ]
      },
      "properties": {
        "timestamp": "2026-04-20T09:26:33Z"
      }
    },
    {
      "type": "Feature",
      "geometry": {
        "type": "Point",
        "coordinates": [
          139.7025042,
          35.6584618
        ]
      },
      "properties": {
        "timestamp": "2026-04-20T09:26:34Z"
      }
    },
    {
      "type": "Feature",
      "geometry": {
        "type": "Point",
        "coordinates": [
          139.7025007,
          35.6584652
        ]
      },
      "properties": {
        "timestamp": "2026-04-20T09:26:35Z"
      }
    },
    {
      "type": "Feature",
      "geometry": {
        "type": "Point",
        "coordinates": [
          139.7025025,
          35.6584654
        ]
      },
      "properties": {
        "timestamp": "2026-04-20T09:26:36Z"
      }
    },
    {
      "type": "Feature",
      "geometry": {
        "type": "Point",
        "coordinates": [
          139.7025029,
          35.6584667
        ]
      },
      "properties": {
        "timestamp": "2026-04-20T09:26:37Z"
      }
    },
    {
      "type": "Feature",
      "geometry": {
        "type": "Point",
        "coordinates": [
          139.7025067,
          35.6584643
        ]
      },
      "properties": {
        "timestamp": "2026-04-20T09:26:38Z"
      }
    },
    {
      "type": "Feature",
      "geometry": {
        "type": "Point",
        "coordinates": [
          139.7025064,
          35.6584659
        ]
      },
      "properties": {
        "timestamp": "2026-04-20T09:26:39Z"
      }
    },
    {
      "type": "Feature",
      "geometry": {
        "type": "Point",
        "coordinates": [
          139.7025027,
          35.6584634
        ]
      },
      "properties": {
        "timestamp": "2026-04-20T09:26:40Z"
      }
    },
    {
      "type": "Feature",
      "geometry": {
        "type": "Point",
        "coordinates": [
          139.702501,
          35.6584633
        ]
      },
      "properties": {
        "timestamp": "2026-04-20T09:26:41Z"
      }
    },
    {
      "type": "Feature",
      "geometry": {
        "type": "Point",
        "coordinates": [
          139.7025023,
          35.6584627
        ]
      },
      "properties": {
        "timestamp": "2026-04-20T09:26:42Z"
      }
    },
    {
      "type": "Feature",
      "geometry": {
        "type": "Point",
        "coordinates": [
          139.7025015,
          35.6584542
        ]
      },
      "properties": {
        "timestamp": "2026-04-20T09:26:43Z"
      }
    },
    {
      "type": "Feature",
      "geometry": {
        "type": "Point",
        "coordinates": [
          139.7025017,
          35.6584537
        ]
      },
      "properties": {
        "timestamp": "2026-04-20T09:26:44Z"
      }
    },
    {
      "type": "Feature",
      "geometry": {
        "type": "Point",
        "coordinates": [
          139.7025053,
          35.65845
        ]
      },
      "properties": {
        "timestamp": "2026-04-20T09:26:45Z"
      }
    },
    {
      "type": "Feature",
      "geometry": {
        "type": "Point",
        "coordinates": [
          139.7025072,
          35.6584537
        ]
      },
      "properties": {
        "timestamp": "2026-04-20T09:26:46Z"
      }
    },
    {
      "type": "Feature",
      "geometry": {
        "type": "Point",
        "coordinates": [
          139.7025078,
          35.6584521
        ]
      },
      "properties": {
        "timestamp": "2026-04-20T09:26:47Z"
      }
    },
    {
      "type": "Feature",
      "geometry": {
        "type": "Point",
        "coordinates": [
          139.7025019,
          35.658453
        ]
      },
      "properties": {
        "timestamp": "2026-04-20T09:26:48Z"
      }
    },
    {
      "type": "Feature",
      "geometry": {
        "type": "Point",
        "coordinates": [
          139.7025053,
          35.6584508
        ]
      },
      "properties": {
        "timestamp": "2026-04-20T09:26:49Z"
      }
    },
    {
      "type": "Feature",
      "geometry": {
        "type": "Point",
        "coordinates": [
          139.702504,
          35.6584496
        ]
      },
      "properties": {
        "timestamp": "2026-04-20T09:26:50Z"
      }
    },
    {
      "type": "Feature",
      "geometry": {
        "type": "Point",
        "coordinates": [
          139.7024989,
          35.6584544
        ]
      },
      "properties": {
        "timestamp": "2026-04-20T09:26:51Z"
      }
    },
    {
      "type": "Feature",
      "geometry": {
        "type": "Point",
        "coordinates": [
          139.7024991,
          35.6584546
        ]
      },
      "properties": {
        "timestamp": "2026-04-20T09:26:52Z"
      }
    },
    {
      "type": "Feature",
      "geometry": {
        "type": "Point",
        "coordinates": [
          139.7024991,
          35.6584546
        ]
      },
      "properties": {
        "timestamp": "2026-04-20T09:26:53Z"
      }
    },
    {
      "type": "Feature",
      "geometry": {
        "type": "Point",
        "coordinates": [
          139.7024991,
          35.6584546
        ]
      },
      "properties": {
        "timestamp": "2026-04-20T09:26:54Z"
      }
    },
    {
      "type": "Feature",
      "geometry": {
        "type": "Point",
        "coordinates": [
          139.7024934,
          35.6584569
        ]
      },
      "properties": {
        "timestamp": "2026-04-20T09:26:55Z"
      }
    },
    {
      "type": "Feature",
      "geometry": {
        "type": "Point",
        "coordinates": [
          139.702493,
          35.6584568
        ]
      },
      "properties": {
        "timestamp": "2026-04-20T09:26:56Z"
      }
    },
    {
      "type": "Feature",
      "geometry": {
        "type": "Point",
        "coordinates": [
          139.702493,
          35.6584568
        ]
      },
      "properties": {
        "timestamp": "2026-04-20T09:26:57Z"
      }
    },
    {
      "type": "Feature",
      "geometry": {
        "type": "Point",
        "coordinates": [
          139.702493,
          35.6584568
        ]
      },
      "properties": {
        "timestamp": "2026-04-20T09:26:58Z"
      }
    },
    {
      "type": "Feature",
      "geometry": {
        "type": "Point",
        "coordinates": [
          139.702493,
          35.6584568
        ]
      },
      "properties": {
        "timestamp": "2026-04-20T09:26:59Z"
      }
    },
    {
      "type": "Feature",
      "geometry": {
        "type": "Point",
        "coordinates": [
          139.702493,
          35.6584568
        ]
      },
      "properties": {
        "timestamp": "2026-04-20T09:27:00Z"
      }
    },
    {
      "type": "Feature",
      "geometry": {
        "type": "Point",
        "coordinates": [
          139.702493,
          35.6584568
        ]
      },
      "properties": {
        "timestamp": "2026-04-20T09:27:01Z"
      }
    },
    {
      "type": "Feature",
      "geometry": {
        "type": "Point",
        "coordinates": [
          139.702493,
          35.6584568
        ]
      },
      "properties": {
        "timestamp": "2026-04-20T09:27:02Z"
      }
    },
    {
      "type": "Feature",
      "geometry": {
        "type": "Point",
        "coordinates": [
          139.702493,
          35.6584568
        ]
      },
      "properties": {
        "timestamp": "2026-04-20T09:27:03Z"
      }
    },
    {
      "type": "Feature",
      "geometry": {
        "type": "Point",
        "coordinates": [
          139.702493,
          35.6584568
        ]
      },
      "properties": {
        "timestamp": "2026-04-20T09:27:04Z"
      }
    },
    {
      "type": "Feature",
      "geometry": {
        "type": "Point",
        "coordinates": [
          139.702493,
          35.6584568
        ]
      },
      "properties": {
        "timestamp": "2026-04-20T09:27:05Z"
      }
    },
    {
      "type": "Feature",
      "geometry": {
        "type": "Point",
        "coordinates": [
          139.7024946,
          35.6584612
        ]
      },
      "properties": {
        "timestamp": "2026-04-20T09:27:06Z"
      }
    },
    {
      "type": "Feature",
      "geometry": {
        "type": "Point",
        "coordinates": [
          139.7024945,
          35.6584612
        ]
      },
      "properties": {
        "timestamp": "2026-04-20T09:27:07Z"
      }
    },
    {
      "type": "Feature",
      "geometry": {
        "type": "Point",
        "coordinates": [
          139.702496,
          35.6584628
        ]
      },
      "properties": {
        "timestamp": "2026-04-20T09:27:08Z"
      }
    },
    {
      "type": "Feature",
      "geometry": {
        "type": "Point",
        "coordinates": [
          139.702496,
          35.6584629
        ]
      },
      "properties": {
        "timestamp": "2026-04-20T09:27:09Z"
      }
    },
    {
      "type": "Feature",
      "geometry": {
        "type": "Point",
        "coordinates": [
          139.702496,
          35.6584629
        ]
      },
      "properties": {
        "timestamp": "2026-04-20T09:27:10Z"
      }
    },
    {
      "type": "Feature",
      "geometry": {
        "type": "Point",
        "coordinates": [
          139.702496,
          35.6584629
        ]
      },
      "properties": {
        "timestamp": "2026-04-20T09:27:11Z"
      }
    },
    {
      "type": "Feature",
      "geometry": {
        "type": "Point",
        "coordinates": [
          139.702496,
          35.6584629
        ]
      },
      "properties": {
        "timestamp": "2026-04-20T09:27:12Z"
      }
    },
    {
      "type": "Feature",
      "geometry": {
        "type": "Point",
        "coordinates": [
          139.702496,
          35.6584629
        ]
      },
      "properties": {
        "timestamp": "2026-04-20T09:27:13Z"
      }
    },
    {
      "type": "Feature",
      "geometry": {
        "type": "Point",
        "coordinates": [
          139.702496,
          35.6584629
        ]
      },
      "properties": {
        "timestamp": "2026-04-20T09:27:14Z"
      }
    },
    {
      "type": "Feature",
      "geometry": {
        "type": "Point",
        "coordinates": [
          139.702496,
          35.6584629
        ]
      },
      "properties": {
        "timestamp": "2026-04-20T09:27:15Z"
      }
    },
    {
      "type": "Feature",
      "geometry": {
        "type": "Point",
        "coordinates": [
          139.702496,
          35.6584629
        ]
      },
      "properties": {
        "timestamp": "2026-04-20T09:27:16Z"
      }
    },
    {
      "type": "Feature",
      "geometry": {
        "type": "Point",
        "coordinates": [
          139.7024941,
          35.6584609
        ]
      },
      "properties": {
        "timestamp": "2026-04-20T09:27:17Z"
      }
    },
    {
      "type": "Feature",
      "geometry": {
        "type": "Point",
        "coordinates": [
          139.7024946,
          35.6584585
        ]
      },
      "properties": {
        "timestamp": "2026-04-20T09:27:18Z"
      }
    },
    {
      "type": "Feature",
      "geometry": {
        "type": "Point",
        "coordinates": [
          139.7024952,
          35.6584584
        ]
      },
      "properties": {
        "timestamp": "2026-04-20T09:27:19Z"
      }
    },
    {
      "type": "Feature",
      "geometry": {
        "type": "Point",
        "coordinates": [
          139.7024892,
          35.6584571
        ]
      },
      "properties": {
        "timestamp": "2026-04-20T09:27:20Z"
      }
    },
    {
      "type": "Feature",
      "geometry": {
        "type": "Point",
        "coordinates": [
          139.7024909,
          35.6584552
        ]
      },
      "properties": {
        "timestamp": "2026-04-20T09:27:21Z"
      }
    },
    {
      "type": "Feature",
      "geometry": {
        "type": "Point",
        "coordinates": [
          139.7024955,
          35.6584552
        ]
      },
      "properties": {
        "timestamp": "2026-04-20T09:27:22Z"
      }
    },
    {
      "type": "Feature",
      "geometry": {
        "type": "Point",
        "coordinates": [
          139.7025011,
          35.658458
        ]
      },
      "properties": {
        "timestamp": "2026-04-20T09:27:23Z"
      }
    },
    {
      "type": "Feature",
      "geometry": {
        "type": "Point",
        "coordinates": [
          139.7024947,
          35.6584553
        ]
      },
      "properties": {
        "timestamp": "2026-04-20T09:27:24Z"
      }
    },
    {
      "type": "Feature",
      "geometry": {
        "type": "Point",
        "coordinates": [
          139.7024927,
          35.6584514
        ]
      },
      "properties": {
        "timestamp": "2026-04-20T09:27:25Z"
      }
    },
    {
      "type": "Feature",
      "geometry": {
        "type": "Point",
        "coordinates": [
          139.7024858,
          35.6584457
        ]
      },
      "properties": {
        "timestamp": "2026-04-20T09:27:26Z"
      }
    },
    {
      "type": "Feature",
      "geometry": {
        "type": "Point",
        "coordinates": [
          139.7024825,
          35.6584396
        ]
      },
      "properties": {
        "timestamp": "2026-04-20T09:27:27Z"
      }
    },
    {
      "type": "Feature",
      "geometry": {
        "type": "Point",
        "coordinates": [
          139.7024794,
          35.6584399
        ]
      },
      "properties": {
        "timestamp": "2026-04-20T09:27:28Z"
      }
    },
    {
      "type": "Feature",
      "geometry": {
        "type": "Point",
        "coordinates": [
          139.7024779,
          35.6584388
        ]
      },
      "properties": {
        "timestamp": "2026-04-20T09:27:29Z"
      }
    },
    {
      "type": "Feature",
      "geometry": {
        "type": "Point",
        "coordinates": [
          139.7024797,
          35.6584357
        ]
      },
      "properties": {
        "timestamp": "2026-04-20T09:27:30Z"
      }
    },
    {
      "type": "Feature",
      "geometry": {
        "type": "Point",
        "coordinates": [
          139.7024842,
          35.6584336
        ]
      },
      "properties": {
        "timestamp": "2026-04-20T09:27:31Z"
      }
    },
    {
      "type": "Feature",
      "geometry": {
        "type": "Point",
        "coordinates": [
          139.7024846,
          35.6584306
        ]
      },
      "properties": {
        "timestamp": "2026-04-20T09:27:32Z"
      }
    },
    {
      "type": "Feature",
      "geometry": {
        "type": "Point",
        "coordinates": [
          139.7024852,
          35.6584265
        ]
      },
      "properties": {
        "timestamp": "2026-04-20T09:27:33Z"
      }
    },
    {
      "type": "Feature",
      "geometry": {
        "type": "Point",
        "coordinates": [
          139.7024877,
          35.6584237
        ]
      },
      "properties": {
        "timestamp": "2026-04-20T09:27:34Z"
      }
    },
    {
      "type": "Feature",
      "geometry": {
        "type": "Point",
        "coordinates": [
          139.7024882,
          35.6584202
        ]
      },
      "properties": {
        "timestamp": "2026-04-20T09:27:35Z"
      }
    },
    {
      "type": "Feature",
      "geometry": {
        "type": "Point",
        "coordinates": [
          139.7024892,
          35.6584191
        ]
      },
      "properties": {
        "timestamp": "2026-04-20T09:27:36Z"
      }
    },
    {
      "type": "Feature",
      "geometry": {
        "type": "Point",
        "coordinates": [
          139.702489,
          35.6584189
        ]
      },
      "properties": {
        "timestamp": "2026-04-20T09:27:37Z"
      }
    },
    {
      "type": "Feature",
      "geometry": {
        "type": "Point",
        "coordinates": [
          139.7024926,
          35.6584124
        ]
      },
      "properties": {
        "timestamp": "2026-04-20T09:27:38Z"
      }
    },
    {
      "type": "Feature",
      "geometry": {
        "type": "Point",
        "coordinates": [
          139.7024913,
          35.6584051
        ]
      },
      "properties": {
        "timestamp": "2026-04-20T09:27:39Z"
      }
    },
    {
      "type": "Feature",
      "geometry": {
        "type": "Point",
        "coordinates": [
          139.7024966,
          35.6584037
        ]
      },
      "properties": {
        "timestamp": "2026-04-20T09:27:40Z"
      }
    },
    {
      "type": "Feature",
      "geometry": {
        "type": "Point",
        "coordinates": [
          139.702494,
          35.6584004
        ]
      },
      "properties": {
        "timestamp": "2026-04-20T09:27:41Z"
      }
    },
    {
      "type": "Feature",
      "geometry": {
        "type": "Point",
        "coordinates": [
          139.7025001,
          35.6583963
        ]
      },
      "properties": {
        "timestamp": "2026-04-20T09:27:42Z"
      }
    },
    {
      "type": "Feature",
      "geometry": {
        "type": "Point",
        "coordinates": [
          139.7025071,
          35.6583955
        ]
      },
      "properties": {
        "timestamp": "2026-04-20T09:27:43Z"
      }
    },
    {
      "type": "Feature",
      "geometry": {
        "type": "Point",
        "coordinates": [
          139.7025136,
          35.6583904
        ]
      },
      "properties": {
        "timestamp": "2026-04-20T09:27:44Z"
      }
    },
    {
      "type": "Feature",
      "geometry": {
        "type": "Point",
        "coordinates": [
          139.7025115,
          35.6583871
        ]
      },
      "properties": {
        "timestamp": "2026-04-20T09:27:45Z"
      }
    },
    {
      "type": "Feature",
      "geometry": {
        "type": "Point",
        "coordinates": [
          139.7025213,
          35.6583866
        ]
      },
      "properties": {
        "timestamp": "2026-04-20T09:27:46Z"
      }
    },
    {
      "type": "Feature",
      "geometry": {
        "type": "Point",
        "coordinates": [
          139.7025224,
          35.658389
        ]
      },
      "properties": {
        "timestamp": "2026-04-20T09:27:47Z"
      }
    },
    {
      "type": "Feature",
      "geometry": {
        "type": "Point",
        "coordinates": [
          139.7025251,
          35.6583794
        ]
      },
      "properties": {
        "timestamp": "2026-04-20T09:27:48Z"
      }
    },
    {
      "type": "Feature",
      "geometry": {
        "type": "Point",
        "coordinates": [
          139.7025221,
          35.6583736
        ]
      },
      "properties": {
        "timestamp": "2026-04-20T09:27:49Z"
      }
    },
    {
      "type": "Feature",
      "geometry": {
        "type": "Point",
        "coordinates": [
          139.702524,
          35.6583683
        ]
      },
      "properties": {
        "timestamp": "2026-04-20T09:27:50Z"
      }
    },
    {
      "type": "Feature",
      "geometry": {
        "type": "Point",
        "coordinates": [
          139.7025261,
          35.6583663
        ]
      },
      "properties": {
        "timestamp": "2026-04-20T09:27:51Z"
      }
    },
    {
      "type": "Feature",
      "geometry": {
        "type": "Point",
        "coordinates": [
          139.7025333,
          35.6583665
        ]
      },
      "properties": {
        "timestamp": "2026-04-20T09:27:52Z"
      }
    },
    {
      "type": "Feature",
      "geometry": {
        "type": "Point",
        "coordinates": [
          139.7025321,
          35.6583677
        ]
      },
      "properties": {
        "timestamp": "2026-04-20T09:27:53Z"
      }
    },
    {
      "type": "Feature",
      "geometry": {
        "type": "Point",
        "coordinates": [
          139.7025319,
          35.6583656
        ]
      },
      "properties": {
        "timestamp": "2026-04-20T09:27:54Z"
      }
    },
    {
      "type": "Feature",
      "geometry": {
        "type": "Point",
        "coordinates": [
          139.7025351,
          35.6583572
        ]
      },
      "properties": {
        "timestamp": "2026-04-20T09:27:55Z"
      }
    },
    {
      "type": "Feature",
      "geometry": {
        "type": "Point",
        "coordinates": [
          139.702535,
          35.6583546
        ]
      },
      "properties": {
        "timestamp": "2026-04-20T09:27:56Z"
      }
    },
    {
      "type": "Feature",
      "geometry": {
        "type": "Point",
        "coordinates": [
          139.702535,
          35.6583548
        ]
      },
      "properties": {
        "timestamp": "2026-04-20T09:27:57Z"
      }
    },
    {
      "type": "Feature",
      "geometry": {
        "type": "Point",
        "coordinates": [
          139.7025345,
          35.6583533
        ]
      },
      "properties": {
        "timestamp": "2026-04-20T09:27:58Z"
      }
    },
    {
      "type": "Feature",
      "geometry": {
        "type": "Point",
        "coordinates": [
          139.7025374,
          35.6583495
        ]
      },
      "properties": {
        "timestamp": "2026-04-20T09:27:59Z"
      }
    },
    {
      "type": "Feature",
      "geometry": {
        "type": "Point",
        "coordinates": [
          139.7025317,
          35.658353
        ]
      },
      "properties": {
        "timestamp": "2026-04-20T09:28:00Z"
      }
    },
    {
      "type": "Feature",
      "geometry": {
        "type": "Point",
        "coordinates": [
          139.7025391,
          35.6583524
        ]
      },
      "properties": {
        "timestamp": "2026-04-20T09:28:01Z"
      }
    },
    {
      "type": "Feature",
      "geometry": {
        "type": "Point",
        "coordinates": [
          139.7025449,
          35.6583608
        ]
      },
      "properties": {
        "timestamp": "2026-04-20T09:28:02Z"
      }
    },
    {
      "type": "Feature",
      "geometry": {
        "type": "Point",
        "coordinates": [
          139.7025487,
          35.6583584
        ]
      },
      "properties": {
        "timestamp": "2026-04-20T09:28:03Z"
      }
    },
    {
      "type": "Feature",
      "geometry": {
        "type": "Point",
        "coordinates": [
          139.7025493,
          35.6583584
        ]
      },
      "properties": {
        "timestamp": "2026-04-20T09:28:04Z"
      }
    },
    {
      "type": "Feature",
      "geometry": {
        "type": "Point",
        "coordinates": [
          139.7025493,
          35.6583584
        ]
      },
      "properties": {
        "timestamp": "2026-04-20T09:28:05Z"
      }
    },
    {
      "type": "Feature",
      "geometry": {
        "type": "Point",
        "coordinates": [
          139.7025493,
          35.6583584
        ]
      },
      "properties": {
        "timestamp": "2026-04-20T09:28:06Z"
      }
    },
    {
      "type": "Feature",
      "geometry": {
        "type": "Point",
        "coordinates": [
          139.7025493,
          35.6583584
        ]
      },
      "properties": {
        "timestamp": "2026-04-20T09:28:07Z"
      }
    },
    {
      "type": "Feature",
      "geometry": {
        "type": "Point",
        "coordinates": [
          139.7025493,
          35.6583584
        ]
      },
      "properties": {
        "timestamp": "2026-04-20T09:28:08Z"
      }
    },
    {
      "type": "Feature",
      "geometry": {
        "type": "Point",
        "coordinates": [
          139.7025492,
          35.6583586
        ]
      },
      "properties": {
        "timestamp": "2026-04-20T09:28:09Z"
      }
    },
    {
      "type": "Feature",
      "geometry": {
        "type": "Point",
        "coordinates": [
          139.7025441,
          35.6583535
        ]
      },
      "properties": {
        "timestamp": "2026-04-20T09:28:10Z"
      }
    },
    {
      "type": "Feature",
      "geometry": {
        "type": "Point",
        "coordinates": [
          139.7025443,
          35.6583537
        ]
      },
      "properties": {
        "timestamp": "2026-04-20T09:28:11Z"
      }
    },
    {
      "type": "Feature",
      "geometry": {
        "type": "Point",
        "coordinates": [
          139.7025443,
          35.6583537
        ]
      },
      "properties": {
        "timestamp": "2026-04-20T09:28:12Z"
      }
    },
    {
      "type": "Feature",
      "geometry": {
        "type": "Point",
        "coordinates": [
          139.7025528,
          35.6583515
        ]
      },
      "properties": {
        "timestamp": "2026-04-20T09:28:13Z"
      }
    },
    {
      "type": "Feature",
      "geometry": {
        "type": "Point",
        "coordinates": [
          139.7025498,
          35.6583469
        ]
      },
      "properties": {
        "timestamp": "2026-04-20T09:28:14Z"
      }
    },
    {
      "type": "Feature",
      "geometry": {
        "type": "Point",
        "coordinates": [
          139.7025488,
          35.6583459
        ]
      },
      "properties": {
        "timestamp": "2026-04-20T09:28:15Z"
      }
    },
    {
      "type": "Feature",
      "geometry": {
        "type": "Point",
        "coordinates": [
          139.7025488,
          35.6583459
        ]
      },
      "properties": {
        "timestamp": "2026-04-20T09:28:16Z"
      }
    },
    {
      "type": "Feature",
      "geometry": {
        "type": "Point",
        "coordinates": [
          139.7025456,
          35.6583457
        ]
      },
      "properties": {
        "timestamp": "2026-04-20T09:28:17Z"
      }
    },
    {
      "type": "Feature",
      "geometry": {
        "type": "Point",
        "coordinates": [
          139.7025442,
          35.6583488
        ]
      },
      "properties": {
        "timestamp": "2026-04-20T09:28:18Z"
      }
    },
    {
      "type": "Feature",
      "geometry": {
        "type": "Point",
        "coordinates": [
          139.7025378,
          35.6583553
        ]
      },
      "properties": {
        "timestamp": "2026-04-20T09:28:19Z"
      }
    },
    {
      "type": "Feature",
      "geometry": {
        "type": "Point",
        "coordinates": [
          139.7025391,
          35.6583654
        ]
      },
      "properties": {
        "timestamp": "2026-04-20T09:28:20Z"
      }
    },
    {
      "type": "Feature",
      "geometry": {
        "type": "Point",
        "coordinates": [
          139.7025396,
          35.6583667
        ]
      },
      "properties": {
        "timestamp": "2026-04-20T09:28:21Z"
      }
    },
    {
      "type": "Feature",
      "geometry": {
        "type": "Point",
        "coordinates": [
          139.7025447,
          35.6583624
        ]
      },
      "properties": {
        "timestamp": "2026-04-20T09:28:22Z"
      }
    },
    {
      "type": "Feature",
      "geometry": {
        "type": "Point",
        "coordinates": [
          139.7025382,
          35.6583631
        ]
      },
      "properties": {
        "timestamp": "2026-04-20T09:28:23Z"
      }
    },
    {
      "type": "Feature",
      "geometry": {
        "type": "Point",
        "coordinates": [
          139.7025406,
          35.6583613
        ]
      },
      "properties": {
        "timestamp": "2026-04-20T09:28:24Z"
      }
    },
    {
      "type": "Feature",
      "geometry": {
        "type": "Point",
        "coordinates": [
          139.7025463,
          35.6583607
        ]
      },
      "properties": {
        "timestamp": "2026-04-20T09:28:25Z"
      }
    },
    {
      "type": "Feature",
      "geometry": {
        "type": "Point",
        "coordinates": [
          139.7025425,
          35.6583591
        ]
      },
      "properties": {
        "timestamp": "2026-04-20T09:28:26Z"
      }
    },
    {
      "type": "Feature",
      "geometry": {
        "type": "Point",
        "coordinates": [
          139.7025355,
          35.6583579
        ]
      },
      "properties": {
        "timestamp": "2026-04-20T09:28:27Z"
      }
    },
    {
      "type": "Feature",
      "geometry": {
        "type": "Point",
        "coordinates": [
          139.7025349,
          35.6583579
        ]
      },
      "properties": {
        "timestamp": "2026-04-20T09:28:28Z"
      }
    },
    {
      "type": "Feature",
      "geometry": {
        "type": "Point",
        "coordinates": [
          139.7025349,
          35.6583579
        ]
      },
      "properties": {
        "timestamp": "2026-04-20T09:28:29Z"
      }
    },
    {
      "type": "Feature",
      "geometry": {
        "type": "Point",
        "coordinates": [
          139.7025349,
          35.6583579
        ]
      },
      "properties": {
        "timestamp": "2026-04-20T09:28:30Z"
      }
    },
    {
      "type": "Feature",
      "geometry": {
        "type": "Point",
        "coordinates": [
          139.7025349,
          35.6583579
        ]
      },
      "properties": {
        "timestamp": "2026-04-20T09:28:31Z"
      }
    },
    {
      "type": "Feature",
      "geometry": {
        "type": "Point",
        "coordinates": [
          139.7025349,
          35.6583579
        ]
      },
      "properties": {
        "timestamp": "2026-04-20T09:28:32Z"
      }
    },
    {
      "type": "Feature",
      "geometry": {
        "type": "Point",
        "coordinates": [
          139.7025349,
          35.6583579
        ]
      },
      "properties": {
        "timestamp": "2026-04-20T09:28:33Z"
      }
    },
    {
      "type": "Feature",
      "geometry": {
        "type": "Point",
        "coordinates": [
          139.7025349,
          35.6583579
        ]
      },
      "properties": {
        "timestamp": "2026-04-20T09:28:34Z"
      }
    },
    {
      "type": "Feature",
      "geometry": {
        "type": "Point",
        "coordinates": [
          139.7025349,
          35.6583579
        ]
      },
      "properties": {
        "timestamp": "2026-04-20T09:28:35Z"
      }
    },
    {
      "type": "Feature",
      "geometry": {
        "type": "Point",
        "coordinates": [
          139.7025349,
          35.6583579
        ]
      },
      "properties": {
        "timestamp": "2026-04-20T09:28:36Z"
      }
    },
    {
      "type": "Feature",
      "geometry": {
        "type": "Point",
        "coordinates": [
          139.7025281,
          35.6583608
        ]
      },
      "properties": {
        "timestamp": "2026-04-20T09:28:37Z"
      }
    },
    {
      "type": "Feature",
      "geometry": {
        "type": "Point",
        "coordinates": [
          139.7025199,
          35.6583631
        ]
      },
      "properties": {
        "timestamp": "2026-04-20T09:28:38Z"
      }
    },
    {
      "type": "Feature",
      "geometry": {
        "type": "Point",
        "coordinates": [
          139.7025197,
          35.6583629
        ]
      },
      "properties": {
        "timestamp": "2026-04-20T09:28:39Z"
      }
    },
    {
      "type": "Feature",
      "geometry": {
        "type": "Point",
        "coordinates": [
          139.7025197,
          35.6583629
        ]
      },
      "properties": {
        "timestamp": "2026-04-20T09:28:40Z"
      }
    },
    {
      "type": "Feature",
      "geometry": {
        "type": "Point",
        "coordinates": [
          139.7025197,
          35.6583629
        ]
      },
      "properties": {
        "timestamp": "2026-04-20T09:28:41Z"
      }
    },
    {
      "type": "Feature",
      "geometry": {
        "type": "Point",
        "coordinates": [
          139.7025257,
          35.6583645
        ]
      },
      "properties": {
        "timestamp": "2026-04-20T09:28:42Z"
      }
    },
    {
      "type": "Feature",
      "geometry": {
        "type": "Point",
        "coordinates": [
          139.7025223,
          35.6583661
        ]
      },
      "properties": {
        "timestamp": "2026-04-20T09:28:43Z"
      }
    },
    {
      "type": "Feature",
      "geometry": {
        "type": "Point",
        "coordinates": [
          139.7025232,
          35.6583683
        ]
      },
      "properties": {
        "timestamp": "2026-04-20T09:28:44Z"
      }
    },
    {
      "type": "Feature",
      "geometry": {
        "type": "Point",
        "coordinates": [
          139.7025257,
          35.6583617
        ]
      },
      "properties": {
        "timestamp": "2026-04-20T09:28:45Z"
      }
    },
    {
      "type": "Feature",
      "geometry": {
        "type": "Point",
        "coordinates": [
          139.702534,
          35.6583572
        ]
      },
      "properties": {
        "timestamp": "2026-04-20T09:28:46Z"
      }
    },
    {
      "type": "Feature",
      "geometry": {
        "type": "Point",
        "coordinates": [
          139.7025412,
          35.6583558
        ]
      },
      "properties": {
        "timestamp": "2026-04-20T09:28:47Z"
      }
    },
    {
      "type": "Feature",
      "geometry": {
        "type": "Point",
        "coordinates": [
          139.7025424,
          35.6583557
        ]
      },
      "properties": {
        "timestamp": "2026-04-20T09:28:48Z"
      }
    },
    {
      "type": "Feature",
      "geometry": {
        "type": "Point",
        "coordinates": [
          139.7025419,
          35.658354
        ]
      },
      "properties": {
        "timestamp": "2026-04-20T09:28:49Z"
      }
    },
    {
      "type": "Feature",
      "geometry": {
        "type": "Point",
        "coordinates": [
          139.702543,
          35.6583486
        ]
      },
      "properties": {
        "timestamp": "2026-04-20T09:28:50Z"
      }
    },
    {
      "type": "Feature",
      "geometry": {
        "type": "Point",
        "coordinates": [
          139.7025383,
          35.6583464
        ]
      },
      "properties": {
        "timestamp": "2026-04-20T09:28:51Z"
      }
    },
    {
      "type": "Feature",
      "geometry": {
        "type": "Point",
        "coordinates": [
          139.7025401,
          35.6583425
        ]
      },
      "properties": {
        "timestamp": "2026-04-20T09:28:52Z"
      }
    },
    {
      "type": "Feature",
      "geometry": {
        "type": "Point",
        "coordinates": [
          139.7025393,
          35.6583415
        ]
      },
      "properties": {
        "timestamp": "2026-04-20T09:28:53Z"
      }
    },
    {
      "type": "Feature",
      "geometry": {
        "type": "Point",
        "coordinates": [
          139.7025407,
          35.6583415
        ]
      },
      "properties": {
        "timestamp": "2026-04-20T09:28:54Z"
      }
    },
    {
      "type": "Feature",
      "geometry": {
        "type": "Point",
        "coordinates": [
          139.7025374,
          35.6583384
        ]
      },
      "properties": {
        "timestamp": "2026-04-20T09:28:55Z"
      }
    },
    {
      "type": "Feature",
      "geometry": {
        "type": "Point",
        "coordinates": [
          139.7025427,
          35.6583367
        ]
      },
      "properties": {
        "timestamp": "2026-04-20T09:28:56Z"
      }
    },
    {
      "type": "Feature",
      "geometry": {
        "type": "Point",
        "coordinates": [
          139.7025451,
          35.6583376
        ]
      },
      "properties": {
        "timestamp": "2026-04-20T09:28:57Z"
      }
    },
    {
      "type": "Feature",
      "geometry": {
        "type": "Point",
        "coordinates": [
          139.7025526,
          35.6583372
        ]
      },
      "properties": {
        "timestamp": "2026-04-20T09:28:58Z"
      }
    },
    {
      "type": "Feature",
      "geometry": {
        "type": "Point",
        "coordinates": [
          139.7025553,
          35.6583381
        ]
      },
      "properties": {
        "timestamp": "2026-04-20T09:28:59Z"
      }
    },
    {
      "type": "Feature",
      "geometry": {
        "type": "Point",
        "coordinates": [
          139.7025631,
          35.6583376
        ]
      },
      "properties": {
        "timestamp": "2026-04-20T09:29:00Z"
      }
    },
    {
      "type": "Feature",
      "geometry": {
        "type": "Point",
        "coordinates": [
          139.7025678,
          35.6583393
        ]
      },
      "properties": {
        "timestamp": "2026-04-20T09:29:01Z"
      }
    },
    {
      "type": "Feature",
      "geometry": {
        "type": "Point",
        "coordinates": [
          139.7025691,
          35.6583408
        ]
      },
      "properties": {
        "timestamp": "2026-04-20T09:29:02Z"
      }
    },
    {
      "type": "Feature",
      "geometry": {
        "type": "Point",
        "coordinates": [
          139.7025667,
          35.6583385
        ]
      },
      "properties": {
        "timestamp": "2026-04-20T09:29:03Z"
      }
    },
    {
      "type": "Feature",
      "geometry": {
        "type": "Point",
        "coordinates": [
          139.7025724,
          35.6583401
        ]
      },
      "properties": {
        "timestamp": "2026-04-20T09:29:04Z"
      }
    },
    {
      "type": "Feature",
      "geometry": {
        "type": "Point",
        "coordinates": [
          139.7025688,
          35.6583341
        ]
      },
      "properties": {
        "timestamp": "2026-04-20T09:29:05Z"
      }
    },
    {
      "type": "Feature",
      "geometry": {
        "type": "Point",
        "coordinates": [
          139.7025669,
          35.6583327
        ]
      },
      "properties": {
        "timestamp": "2026-04-20T09:29:06Z"
      }
    },
    {
      "type": "Feature",
      "geometry": {
        "type": "Point",
        "coordinates": [
          139.7025708,
          35.658331
        ]
      },
      "properties": {
        "timestamp": "2026-04-20T09:29:07Z"
      }
    },
    {
      "type": "Feature",
      "geometry": {
        "type": "Point",
        "coordinates": [
          139.7025781,
          35.6583315
        ]
      },
      "properties": {
        "timestamp": "2026-04-20T09:29:08Z"
      }
    },
    {
      "type": "Feature",
      "geometry": {
        "type": "Point",
        "coordinates": [
          139.7025828,
          35.6583262
        ]
      },
      "properties": {
        "timestamp": "2026-04-20T09:29:09Z"
      }
    },
    {
      "type": "Feature",
      "geometry": {
        "type": "Point",
        "coordinates": [
          139.7025922,
          35.6583143
        ]
      },
      "properties": {
        "timestamp": "2026-04-20T09:29:10Z"
      }
    },
    {
      "type": "Feature",
      "geometry": {
        "type": "Point",
        "coordinates": [
          139.7025954,
          35.6583078
        ]
      },
      "properties": {
        "timestamp": "2026-04-20T09:29:11Z"
      }
    },
    {
      "type": "Feature",
      "geometry": {
        "type": "Point",
        "coordinates": [
          139.7026003,
          35.6583112
        ]
      },
      "properties": {
        "timestamp": "2026-04-20T09:29:12Z"
      }
    },
    {
      "type": "Feature",
      "geometry": {
        "type": "Point",
        "coordinates": [
          139.7026006,
          35.6583089
        ]
      },
      "properties": {
        "timestamp": "2026-04-20T09:29:13Z"
      }
    },
    {
      "type": "Feature",
      "geometry": {
        "type": "Point",
        "coordinates": [
          139.7026054,
          35.6583081
        ]
      },
      "properties": {
        "timestamp": "2026-04-20T09:29:14Z"
      }
    },
    {
      "type": "Feature",
      "geometry": {
        "type": "Point",
        "coordinates": [
          139.7026007,
          35.6583033
        ]
      },
      "properties": {
        "timestamp": "2026-04-20T09:29:15Z"
      }
    },
    {
      "type": "Feature",
      "geometry": {
        "type": "Point",
        "coordinates": [
          139.7026051,
          35.6582975
        ]
      },
      "properties": {
        "timestamp": "2026-04-20T09:29:16Z"
      }
    },
    {
      "type": "Feature",
      "geometry": {
        "type": "Point",
        "coordinates": [
          139.7026113,
          35.6582973
        ]
      },
      "properties": {
        "timestamp": "2026-04-20T09:29:17Z"
      }
    },
    {
      "type": "Feature",
      "geometry": {
        "type": "Point",
        "coordinates": [
          139.7026094,
          35.658294
        ]
      },
      "properties": {
        "timestamp": "2026-04-20T09:29:18Z"
      }
    },
    {
      "type": "Feature",
      "geometry": {
        "type": "Point",
        "coordinates": [
          139.7026099,
          35.6582863
        ]
      },
      "properties": {
        "timestamp": "2026-04-20T09:29:19Z"
      }
    },
    {
      "type": "Feature",
      "geometry": {
        "type": "Point",
        "coordinates": [
          139.7026139,
          35.6582851
        ]
      },
      "properties": {
        "timestamp": "2026-04-20T09:29:20Z"
      }
    },
    {
      "type": "Feature",
      "geometry": {
        "type": "Point",
        "coordinates": [
          139.7026094,
          35.6582815
        ]
      },
      "properties": {
        "timestamp": "2026-04-20T09:29:21Z"
      }
    },
    {
      "type": "Feature",
      "geometry": {
        "type": "Point",
        "coordinates": [
          139.7026122,
          35.6582822
        ]
      },
      "properties": {
        "timestamp": "2026-04-20T09:29:22Z"
      }
    },
    {
      "type": "Feature",
      "geometry": {
        "type": "Point",
        "coordinates": [
          139.7025999,
          35.6582818
        ]
      },
      "properties": {
        "timestamp": "2026-04-20T09:29:23Z"
      }
    },
    {
      "type": "Feature",
      "geometry": {
        "type": "Point",
        "coordinates": [
          139.7025954,
          35.6582781
        ]
      },
      "properties": {
        "timestamp": "2026-04-20T09:29:24Z"
      }
    },
    {
      "type": "Feature",
      "geometry": {
        "type": "Point",
        "coordinates": [
          139.7025934,
          35.6582737
        ]
      },
      "properties": {
        "timestamp": "2026-04-20T09:29:25Z"
      }
    },
    {
      "type": "Feature",
      "geometry": {
        "type": "Point",
        "coordinates": [
          139.7025887,
          35.6582684
        ]
      },
      "properties": {
        "timestamp": "2026-04-20T09:29:26Z"
      }
    },
    {
      "type": "Feature",
      "geometry": {
        "type": "Point",
        "coordinates": [
          139.7025861,
          35.658265
        ]
      },
      "properties": {
        "timestamp": "2026-04-20T09:29:27Z"
      }
    },
    {
      "type": "Feature",
      "geometry": {
        "type": "Point",
        "coordinates": [
          139.7025849,
          35.6582659
        ]
      },
      "properties": {
        "timestamp": "2026-04-20T09:29:28Z"
      }
    },
    {
      "type": "Feature",
      "geometry": {
        "type": "Point",
        "coordinates": [
          139.7025887,
          35.6582632
        ]
      },
      "properties": {
        "timestamp": "2026-04-20T09:29:29Z"
      }
    },
    {
      "type": "Feature",
      "geometry": {
        "type": "Point",
        "coordinates": [
          139.702585,
          35.65826
        ]
      },
      "properties": {
        "timestamp": "2026-04-20T09:29:30Z"
      }
    },
    {
      "type": "Feature",
      "geometry": {
        "type": "Point",
        "coordinates": [
          139.7025907,
          35.6582538
        ]
      },
      "properties": {
        "timestamp": "2026-04-20T09:29:31Z"
      }
    },
    {
      "type": "Feature",
      "geometry": {
        "type": "Point",
        "coordinates": [
          139.7025946,
          35.6582534
        ]
      },
      "properties": {
        "timestamp": "2026-04-20T09:29:32Z"
      }
    },
    {
      "type": "Feature",
      "geometry": {
        "type": "Point",
        "coordinates": [
          139.7025965,
          35.6582551
        ]
      },
      "properties": {
        "timestamp": "2026-04-20T09:29:33Z"
      }
    },
    {
      "type": "Feature",
      "geometry": {
        "type": "Point",
        "coordinates": [
          139.7025957,
          35.6582568
        ]
      },
      "properties": {
        "timestamp": "2026-04-20T09:29:34Z"
      }
    },
    {
      "type": "Feature",
      "geometry": {
        "type": "Point",
        "coordinates": [
          139.7025915,
          35.6582576
        ]
      },
      "properties": {
        "timestamp": "2026-04-20T09:29:35Z"
      }
    },
    {
      "type": "Feature",
      "geometry": {
        "type": "Point",
        "coordinates": [
          139.7025934,
          35.6582535
        ]
      },
      "properties": {
        "timestamp": "2026-04-20T09:29:36Z"
      }
    },
    {
      "type": "Feature",
      "geometry": {
        "type": "Point",
        "coordinates": [
          139.7025871,
          35.658255
        ]
      },
      "properties": {
        "timestamp": "2026-04-20T09:29:37Z"
      }
    },
    {
      "type": "Feature",
      "geometry": {
        "type": "Point",
        "coordinates": [
          139.7025936,
          35.6582485
        ]
      },
      "properties": {
        "timestamp": "2026-04-20T09:29:38Z"
      }
    },
    {
      "type": "Feature",
      "geometry": {
        "type": "Point",
        "coordinates": [
          139.7025905,
          35.6582439
        ]
      },
      "properties": {
        "timestamp": "2026-04-20T09:29:39Z"
      }
    },
    {
      "type": "Feature",
      "geometry": {
        "type": "Point",
        "coordinates": [
          139.7025899,
          35.6582441
        ]
      },
      "properties": {
        "timestamp": "2026-04-20T09:29:40Z"
      }
    },
    {
      "type": "Feature",
      "geometry": {
        "type": "Point",
        "coordinates": [
          139.7025929,
          35.6582456
        ]
      },
      "properties": {
        "timestamp": "2026-04-20T09:29:41Z"
      }
    },
    {
      "type": "Feature",
      "geometry": {
        "type": "Point",
        "coordinates": [
          139.7026006,
          35.6582464
        ]
      },
      "properties": {
        "timestamp": "2026-04-20T09:29:42Z"
      }
    },
    {
      "type": "Feature",
      "geometry": {
        "type": "Point",
        "coordinates": [
          139.7026032,
          35.6582467
        ]
      },
      "properties": {
        "timestamp": "2026-04-20T09:29:43Z"
      }
    },
    {
      "type": "Feature",
      "geometry": {
        "type": "Point",
        "coordinates": [
          139.702604,
          35.6582474
        ]
      },
      "properties": {
        "timestamp": "2026-04-20T09:29:44Z"
      }
    },
    {
      "type": "Feature",
      "geometry": {
        "type": "Point",
        "coordinates": [
          139.7026051,
          35.6582442
        ]
      },
      "properties": {
        "timestamp": "2026-04-20T09:29:45Z"
      }
    },
    {
      "type": "Feature",
      "geometry": {
        "type": "Point",
        "coordinates": [
          139.7026068,
          35.658244
        ]
      },
      "properties": {
        "timestamp": "2026-04-20T09:29:46Z"
      }
    },
    {
      "type": "Feature",
      "geometry": {
        "type": "Point",
        "coordinates": [
          139.7026085,
          35.6582439
        ]
      },
      "properties": {
        "timestamp": "2026-04-20T09:29:47Z"
      }
    },
    {
      "type": "Feature",
      "geometry": {
        "type": "Point",
        "coordinates": [
          139.7026121,
          35.658244
        ]
      },
      "properties": {
        "timestamp": "2026-04-20T09:29:48Z"
      }
    },
    {
      "type": "Feature",
      "geometry": {
        "type": "Point",
        "coordinates": [
          139.7026044,
          35.6582426
        ]
      },
      "properties": {
        "timestamp": "2026-04-20T09:29:49Z"
      }
    },
    {
      "type": "Feature",
      "geometry": {
        "type": "Point",
        "coordinates": [
          139.7026015,
          35.6582391
        ]
      },
      "properties": {
        "timestamp": "2026-04-20T09:29:50Z"
      }
    },
    {
      "type": "Feature",
      "geometry": {
        "type": "Point",
        "coordinates": [
          139.7026025,
          35.6582385
        ]
      },
      "properties": {
        "timestamp": "2026-04-20T09:29:51Z"
      }
    },
    {
      "type": "Feature",
      "geometry": {
        "type": "Point",
        "coordinates": [
          139.7026003,
          35.6582332
        ]
      },
      "properties": {
        "timestamp": "2026-04-20T09:29:52Z"
      }
    },
    {
      "type": "Feature",
      "geometry": {
        "type": "Point",
        "coordinates": [
          139.7026002,
          35.6582408
        ]
      },
      "properties": {
        "timestamp": "2026-04-20T09:29:53Z"
      }
    },
    {
      "type": "Feature",
      "geometry": {
        "type": "Point",
        "coordinates": [
          139.7025993,
          35.6582394
        ]
      },
      "properties": {
        "timestamp": "2026-04-20T09:29:54Z"
      }
    },
    {
      "type": "Feature",
      "geometry": {
        "type": "Point",
        "coordinates": [
          139.7026002,
          35.6582369
        ]
      },
      "properties": {
        "timestamp": "2026-04-20T09:29:55Z"
      }
    },
    {
      "type": "Feature",
      "geometry": {
        "type": "Point",
        "coordinates": [
          139.7026054,
          35.658237
        ]
      },
      "properties": {
        "timestamp": "2026-04-20T09:29:56Z"
      }
    },
    {
      "type": "Feature",
      "geometry": {
        "type": "Point",
        "coordinates": [
          139.7026144,
          35.6582354
        ]
      },
      "properties": {
        "timestamp": "2026-04-20T09:29:57Z"
      }
    },
    {
      "type": "Feature",
      "geometry": {
        "type": "Point",
        "coordinates": [
          139.7026244,
          35.6582322
        ]
      },
      "properties": {
        "timestamp": "2026-04-20T09:29:58Z"
      }
    },
    {
      "type": "Feature",
      "geometry": {
        "type": "Point",
        "coordinates": [
          139.702634,
          35.658234
        ]
      },
      "properties": {
        "timestamp": "2026-04-20T09:29:59Z"
      }
    },
    {
      "type": "Feature",
      "geometry": {
        "type": "Point",
        "coordinates": [
          139.7026336,
          35.6582342
        ]
      },
      "properties": {
        "timestamp": "2026-04-20T09:30:00Z"
      }
    },
    {
      "type": "Feature",
      "geometry": {
        "type": "Point",
        "coordinates": [
          139.7026356,
          35.6582342
        ]
      },
      "properties": {
        "timestamp": "2026-04-20T09:30:01Z"
      }
    },
    {
      "type": "Feature",
      "geometry": {
        "type": "Point",
        "coordinates": [
          139.7026358,
          35.6582343
        ]
      },
      "properties": {
        "timestamp": "2026-04-20T09:30:02Z"
      }
    },
    {
      "type": "Feature",
      "geometry": {
        "type": "Point",
        "coordinates": [
          139.7026323,
          35.6582393
        ]
      },
      "properties": {
        "timestamp": "2026-04-20T09:30:03Z"
      }
    },
    {
      "type": "Feature",
      "geometry": {
        "type": "Point",
        "coordinates": [
          139.7026282,
          35.6582401
        ]
      },
      "properties": {
        "timestamp": "2026-04-20T09:30:04Z"
      }
    },
    {
      "type": "Feature",
      "geometry": {
        "type": "Point",
        "coordinates": [
          139.7026296,
          35.6582413
        ]
      },
      "properties": {
        "timestamp": "2026-04-20T09:30:05Z"
      }
    },
    {
      "type": "Feature",
      "geometry": {
        "type": "Point",
        "coordinates": [
          139.7026337,
          35.6582471
        ]
      },
      "properties": {
        "timestamp": "2026-04-20T09:30:06Z"
      }
    },
    {
      "type": "Feature",
      "geometry": {
        "type": "Point",
        "coordinates": [
          139.7026358,
          35.6582549
        ]
      },
      "properties": {
        "timestamp": "2026-04-20T09:30:07Z"
      }
    },
    {
      "type": "Feature",
      "geometry": {
        "type": "Point",
        "coordinates": [
          139.7026401,
          35.6582589
        ]
      },
      "properties": {
        "timestamp": "2026-04-20T09:30:08Z"
      }
    },
    {
      "type": "Feature",
      "geometry": {
        "type": "Point",
        "coordinates": [
          139.7026452,
          35.6582576
        ]
      },
      "properties": {
        "timestamp": "2026-04-20T09:30:09Z"
      }
    },
    {
      "type": "Feature",
      "geometry": {
        "type": "Point",
        "coordinates": [
          139.7026507,
          35.6582614
        ]
      },
      "properties": {
        "timestamp": "2026-04-20T09:30:10Z"
      }
    },
    {
      "type": "Feature",
      "geometry": {
        "type": "Point",
        "coordinates": [
          139.7026557,
          35.6582617
        ]
      },
      "properties": {
        "timestamp": "2026-04-20T09:30:11Z"
      }
    },
    {
      "type": "Feature",
      "geometry": {
        "type": "Point",
        "coordinates": [
          139.7026561,
          35.6582618
        ]
      },
      "properties": {
        "timestamp": "2026-04-20T09:30:12Z"
      }
    },
    {
      "type": "Feature",
      "geometry": {
        "type": "Point",
        "coordinates": [
          139.7026574,
          35.6582601
        ]
      },
      "properties": {
        "timestamp": "2026-04-20T09:30:13Z"
      }
    },
    {
      "type": "Feature",
      "geometry": {
        "type": "Point",
        "coordinates": [
          139.7026595,
          35.6582547
        ]
      },
      "properties": {
        "timestamp": "2026-04-20T09:30:14Z"
      }
    },
    {
      "type": "Feature",
      "geometry": {
        "type": "Point",
        "coordinates": [
          139.7026628,
          35.6582533
        ]
      },
      "properties": {
        "timestamp": "2026-04-20T09:30:15Z"
      }
    },
    {
      "type": "Feature",
      "geometry": {
        "type": "Point",
        "coordinates": [
          139.7026625,
          35.6582533
        ]
      },
      "properties": {
        "timestamp": "2026-04-20T09:30:16Z"
      }
    },
    {
      "type": "Feature",
      "geometry": {
        "type": "Point",
        "coordinates": [
          139.7026625,
          35.6582533
        ]
      },
      "properties": {
        "timestamp": "2026-04-20T09:30:17Z"
      }
    },
    {
      "type": "Feature",
      "geometry": {
        "type": "Point",
        "coordinates": [
          139.7026625,
          35.6582533
        ]
      },
      "properties": {
        "timestamp": "2026-04-20T09:30:18Z"
      }
    },
    {
      "type": "Feature",
      "geometry": {
        "type": "Point",
        "coordinates": [
          139.7026597,
          35.658253
        ]
      },
      "properties": {
        "timestamp": "2026-04-20T09:30:19Z"
      }
    },
    {
      "type": "Feature",
      "geometry": {
        "type": "Point",
        "coordinates": [
          139.7026584,
          35.6582535
        ]
      },
      "properties": {
        "timestamp": "2026-04-20T09:30:20Z"
      }
    },
    {
      "type": "Feature",
      "geometry": {
        "type": "Point",
        "coordinates": [
          139.7026586,
          35.6582535
        ]
      },
      "properties": {
        "timestamp": "2026-04-20T09:30:21Z"
      }
    },
    {
      "type": "Feature",
      "geometry": {
        "type": "Point",
        "coordinates": [
          139.7026586,
          35.6582535
        ]
      },
      "properties": {
        "timestamp": "2026-04-20T09:30:22Z"
      }
    },
    {
      "type": "Feature",
      "geometry": {
        "type": "Point",
        "coordinates": [
          139.7026586,
          35.6582535
        ]
      },
      "properties": {
        "timestamp": "2026-04-20T09:30:23Z"
      }
    },
    {
      "type": "Feature",
      "geometry": {
        "type": "Point",
        "coordinates": [
          139.7026586,
          35.6582535
        ]
      },
      "properties": {
        "timestamp": "2026-04-20T09:30:24Z"
      }
    },
    {
      "type": "Feature",
      "geometry": {
        "type": "Point",
        "coordinates": [
          139.7026586,
          35.6582535
        ]
      },
      "properties": {
        "timestamp": "2026-04-20T09:30:25Z"
      }
    },
    {
      "type": "Feature",
      "geometry": {
        "type": "Point",
        "coordinates": [
          139.7026586,
          35.6582535
        ]
      },
      "properties": {
        "timestamp": "2026-04-20T09:30:26Z"
      }
    },
    {
      "type": "Feature",
      "geometry": {
        "type": "Point",
        "coordinates": [
          139.7026586,
          35.6582535
        ]
      },
      "properties": {
        "timestamp": "2026-04-20T09:30:27Z"
      }
    },
    {
      "type": "Feature",
      "geometry": {
        "type": "Point",
        "coordinates": [
          139.7026586,
          35.6582535
        ]
      },
      "properties": {
        "timestamp": "2026-04-20T09:30:28Z"
      }
    },
    {
      "type": "Feature",
      "geometry": {
        "type": "Point",
        "coordinates": [
          139.7026586,
          35.6582535
        ]
      },
      "properties": {
        "timestamp": "2026-04-20T09:30:29Z"
      }
    },
    {
      "type": "Feature",
      "geometry": {
        "type": "Point",
        "coordinates": [
          139.7026586,
          35.6582535
        ]
      },
      "properties": {
        "timestamp": "2026-04-20T09:30:30Z"
      }
    },
    {
      "type": "Feature",
      "geometry": {
        "type": "Point",
        "coordinates": [
          139.7026526,
          35.658249
        ]
      },
      "properties": {
        "timestamp": "2026-04-20T09:30:31Z"
      }
    },
    {
      "type": "Feature",
      "geometry": {
        "type": "Point",
        "coordinates": [
          139.702654,
          35.6582491
        ]
      },
      "properties": {
        "timestamp": "2026-04-20T09:30:32Z"
      }
    },
    {
      "type": "Feature",
      "geometry": {
        "type": "Point",
        "coordinates": [
          139.7026552,
          35.6582469
        ]
      },
      "properties": {
        "timestamp": "2026-04-20T09:30:33Z"
      }
    },
    {
      "type": "Feature",
      "geometry": {
        "type": "Point",
        "coordinates": [
          139.702655,
          35.6582467
        ]
      },
      "properties": {
        "timestamp": "2026-04-20T09:30:34Z"
      }
    },
    {
      "type": "Feature",
      "geometry": {
        "type": "Point",
        "coordinates": [
          139.702655,
          35.6582467
        ]
      },
      "properties": {
        "timestamp": "2026-04-20T09:30:35Z"
      }
    },
    {
      "type": "Feature",
      "geometry": {
        "type": "Point",
        "coordinates": [
          139.702655,
          35.6582467
        ]
      },
      "properties": {
        "timestamp": "2026-04-20T09:30:36Z"
      }
    },
    {
      "type": "Feature",
      "geometry": {
        "type": "Point",
        "coordinates": [
          139.7026508,
          35.6582434
        ]
      },
      "properties": {
        "timestamp": "2026-04-20T09:30:37Z"
      }
    },
    {
      "type": "Feature",
      "geometry": {
        "type": "Point",
        "coordinates": [
          139.702654,
          35.6582441
        ]
      },
      "properties": {
        "timestamp": "2026-04-20T09:30:38Z"
      }
    },
    {
      "type": "Feature",
      "geometry": {
        "type": "Point",
        "coordinates": [
          139.7026549,
          35.65824
        ]
      },
      "properties": {
        "timestamp": "2026-04-20T09:30:39Z"
      }
    },
    {
      "type": "Feature",
      "geometry": {
        "type": "Point",
        "coordinates": [
          139.7026565,
          35.6582363
        ]
      },
      "properties": {
        "timestamp": "2026-04-20T09:30:40Z"
      }
    },
    {
      "type": "Feature",
      "geometry": {
        "type": "Point",
        "coordinates": [
          139.7026562,
          35.6582363
        ]
      },
      "properties": {
        "timestamp": "2026-04-20T09:30:41Z"
      }
    },
    {
      "type": "Feature",
      "geometry": {
        "type": "Point",
        "coordinates": [
          139.7026562,
          35.6582363
        ]
      },
      "properties": {
        "timestamp": "2026-04-20T09:30:42Z"
      }
    },
    {
      "type": "Feature",
      "geometry": {
        "type": "Point",
        "coordinates": [
          139.7026562,
          35.6582363
        ]
      },
      "properties": {
        "timestamp": "2026-04-20T09:30:43Z"
      }
    },
    {
      "type": "Feature",
      "geometry": {
        "type": "Point",
        "coordinates": [
          139.7026562,
          35.6582363
        ]
      },
      "properties": {
        "timestamp": "2026-04-20T09:30:44Z"
      }
    },
    {
      "type": "Feature",
      "geometry": {
        "type": "Point",
        "coordinates": [
          139.7026562,
          35.6582392
        ]
      },
      "properties": {
        "timestamp": "2026-04-20T09:30:45Z"
      }
    },
    {
      "type": "Feature",
      "geometry": {
        "type": "Point",
        "coordinates": [
          139.7026559,
          35.6582407
        ]
      },
      "properties": {
        "timestamp": "2026-04-20T09:30:46Z"
      }
    },
    {
      "type": "Feature",
      "geometry": {
        "type": "Point",
        "coordinates": [
          139.7026507,
          35.658239
        ]
      },
      "properties": {
        "timestamp": "2026-04-20T09:30:47Z"
      }
    },
    {
      "type": "Feature",
      "geometry": {
        "type": "Point",
        "coordinates": [
          139.7026496,
          35.6582384
        ]
      },
      "properties": {
        "timestamp": "2026-04-20T09:30:48Z"
      }
    },
    {
      "type": "Feature",
      "geometry": {
        "type": "Point",
        "coordinates": [
          139.7026478,
          35.6582396
        ]
      },
      "properties": {
        "timestamp": "2026-04-20T09:30:49Z"
      }
    },
    {
      "type": "Feature",
      "geometry": {
        "type": "Point",
        "coordinates": [
          139.7026481,
          35.658242
        ]
      },
      "properties": {
        "timestamp": "2026-04-20T09:30:50Z"
      }
    },
    {
      "type": "Feature",
      "geometry": {
        "type": "Point",
        "coordinates": [
          139.7026459,
          35.6582458
        ]
      },
      "properties": {
        "timestamp": "2026-04-20T09:30:51Z"
      }
    },
    {
      "type": "Feature",
      "geometry": {
        "type": "Point",
        "coordinates": [
          139.7026414,
          35.6582486
        ]
      },
      "properties": {
        "timestamp": "2026-04-20T09:30:52Z"
      }
    },
    {
      "type": "Feature",
      "geometry": {
        "type": "Point",
        "coordinates": [
          139.7026436,
          35.6582504
        ]
      },
      "properties": {
        "timestamp": "2026-04-20T09:30:53Z"
      }
    },
    {
      "type": "Feature",
      "geometry": {
        "type": "Point",
        "coordinates": [
          139.7026439,
          35.6582533
        ]
      },
      "properties": {
        "timestamp": "2026-04-20T09:30:54Z"
      }
    },
    {
      "type": "Feature",
      "geometry": {
        "type": "Point",
        "coordinates": [
          139.7026473,
          35.6582548
        ]
      },
      "properties": {
        "timestamp": "2026-04-20T09:30:55Z"
      }
    },
    {
      "type": "Feature",
      "geometry": {
        "type": "Point",
        "coordinates": [
          139.7026486,
          35.6582559
        ]
      },
      "properties": {
        "timestamp": "2026-04-20T09:30:56Z"
      }
    },
    {
      "type": "Feature",
      "geometry": {
        "type": "Point",
        "coordinates": [
          139.7026487,
          35.6582559
        ]
      },
      "properties": {
        "timestamp": "2026-04-20T09:30:57Z"
      }
    },
    {
      "type": "Feature",
      "geometry": {
        "type": "Point",
        "coordinates": [
          139.7026487,
          35.6582559
        ]
      },
      "properties": {
        "timestamp": "2026-04-20T09:30:58Z"
      }
    },
    {
      "type": "Feature",
      "geometry": {
        "type": "Point",
        "coordinates": [
          139.7026487,
          35.6582559
        ]
      },
      "properties": {
        "timestamp": "2026-04-20T09:30:59Z"
      }
    },
    {
      "type": "Feature",
      "geometry": {
        "type": "Point",
        "coordinates": [
          139.7026487,
          35.6582559
        ]
      },
      "properties": {
        "timestamp": "2026-04-20T09:31:00Z"
      }
    },
    {
      "type": "Feature",
      "geometry": {
        "type": "Point",
        "coordinates": [
          139.7026487,
          35.6582559
        ]
      },
      "properties": {
        "timestamp": "2026-04-20T09:31:01Z"
      }
    },
    {
      "type": "Feature",
      "geometry": {
        "type": "Point",
        "coordinates": [
          139.7026487,
          35.6582559
        ]
      },
      "properties": {
        "timestamp": "2026-04-20T09:31:02Z"
      }
    },
    {
      "type": "Feature",
      "geometry": {
        "type": "Point",
        "coordinates": [
          139.7026487,
          35.6582559
        ]
      },
      "properties": {
        "timestamp": "2026-04-20T09:31:03Z"
      }
    },
    {
      "type": "Feature",
      "geometry": {
        "type": "Point",
        "coordinates": [
          139.7026487,
          35.6582559
        ]
      },
      "properties": {
        "timestamp": "2026-04-20T09:31:04Z"
      }
    },
    {
      "type": "Feature",
      "geometry": {
        "type": "Point",
        "coordinates": [
          139.7026487,
          35.6582559
        ]
      },
      "properties": {
        "timestamp": "2026-04-20T09:31:05Z"
      }
    },
    {
      "type": "Feature",
      "geometry": {
        "type": "Point",
        "coordinates": [
          139.7026488,
          35.6582596
        ]
      },
      "properties": {
        "timestamp": "2026-04-20T09:31:06Z"
      }
    },
    {
      "type": "Feature",
      "geometry": {
        "type": "Point",
        "coordinates": [
          139.7026479,
          35.6582606
        ]
      },
      "properties": {
        "timestamp": "2026-04-20T09:31:07Z"
      }
    },
    {
      "type": "Feature",
      "geometry": {
        "type": "Point",
        "coordinates": [
          139.7026477,
          35.6582607
        ]
      },
      "properties": {
        "timestamp": "2026-04-20T09:31:08Z"
      }
    },
    {
      "type": "Feature",
      "geometry": {
        "type": "Point",
        "coordinates": [
          139.7026477,
          35.6582607
        ]
      },
      "properties": {
        "timestamp": "2026-04-20T09:31:09Z"
      }
    },
    {
      "type": "Feature",
      "geometry": {
        "type": "Point",
        "coordinates": [
          139.7026463,
          35.6582595
        ]
      },
      "properties": {
        "timestamp": "2026-04-20T09:31:10Z"
      }
    },
    {
      "type": "Feature",
      "geometry": {
        "type": "Point",
        "coordinates": [
          139.7026439,
          35.6582577
        ]
      },
      "properties": {
        "timestamp": "2026-04-20T09:31:11Z"
      }
    },
    {
      "type": "Feature",
      "geometry": {
        "type": "Point",
        "coordinates": [
          139.7026406,
          35.6582585
        ]
      },
      "properties": {
        "timestamp": "2026-04-20T09:31:12Z"
      }
    },
    {
      "type": "Feature",
      "geometry": {
        "type": "Point",
        "coordinates": [
          139.7026405,
          35.6582589
        ]
      },
      "properties": {
        "timestamp": "2026-04-20T09:31:13Z"
      }
    },
    {
      "type": "Feature",
      "geometry": {
        "type": "Point",
        "coordinates": [
          139.7026384,
          35.658265
        ]
      },
      "properties": {
        "timestamp": "2026-04-20T09:31:14Z"
      }
    },
    {
      "type": "Feature",
      "geometry": {
        "type": "Point",
        "coordinates": [
          139.7026384,
          35.6582654
        ]
      },
      "properties": {
        "timestamp": "2026-04-20T09:31:15Z"
      }
    },
    {
      "type": "Feature",
      "geometry": {
        "type": "Point",
        "coordinates": [
          139.702633,
          35.6582641
        ]
      },
      "properties": {
        "timestamp": "2026-04-20T09:31:16Z"
      }
    },
    {
      "type": "Feature",
      "geometry": {
        "type": "Point",
        "coordinates": [
          139.7026265,
          35.6582654
        ]
      },
      "properties": {
        "timestamp": "2026-04-20T09:31:17Z"
      }
    },
    {
      "type": "Feature",
      "geometry": {
        "type": "Point",
        "coordinates": [
          139.7026214,
          35.6582672
        ]
      },
      "properties": {
        "timestamp": "2026-04-20T09:31:18Z"
      }
    },
    {
      "type": "Feature",
      "geometry": {
        "type": "Point",
        "coordinates": [
          139.7026177,
          35.658268
        ]
      },
      "properties": {
        "timestamp": "2026-04-20T09:31:19Z"
      }
    },
    {
      "type": "Feature",
      "geometry": {
        "type": "Point",
        "coordinates": [
          139.7026161,
          35.6582678
        ]
      },
      "properties": {
        "timestamp": "2026-04-20T09:31:20Z"
      }
    },
    {
      "type": "Feature",
      "geometry": {
        "type": "Point",
        "coordinates": [
          139.7026136,
          35.658265
        ]
      },
      "properties": {
        "timestamp": "2026-04-20T09:31:21Z"
      }
    },
    {
      "type": "Feature",
      "geometry": {
        "type": "Point",
        "coordinates": [
          139.7026113,
          35.658262
        ]
      },
      "properties": {
        "timestamp": "2026-04-20T09:31:22Z"
      }
    },
    {
      "type": "Feature",
      "geometry": {
        "type": "Point",
        "coordinates": [
          139.7026099,
          35.6582655
        ]
      },
      "properties": {
        "timestamp": "2026-04-20T09:31:23Z"
      }
    },
    {
      "type": "Feature",
      "geometry": {
        "type": "Point",
        "coordinates": [
          139.7026069,
          35.6582676
        ]
      },
      "properties": {
        "timestamp": "2026-04-20T09:31:24Z"
      }
    },
    {
      "type": "Feature",
      "geometry": {
        "type": "Point",
        "coordinates": [
          139.7026023,
          35.6582696
        ]
      },
      "properties": {
        "timestamp": "2026-04-20T09:31:25Z"
      }
    },
    {
      "type": "Feature",
      "geometry": {
        "type": "Point",
        "coordinates": [
          139.7025965,
          35.6582758
        ]
      },
      "properties": {
        "timestamp": "2026-04-20T09:31:26Z"
      }
    },
    {
      "type": "Feature",
      "geometry": {
        "type": "Point",
        "coordinates": [
          139.7025914,
          35.6582737
        ]
      },
      "properties": {
        "timestamp": "2026-04-20T09:31:27Z"
      }
    },
    {
      "type": "Feature",
      "geometry": {
        "type": "Point",
        "coordinates": [
          139.7025863,
          35.6582728
        ]
      },
      "properties": {
        "timestamp": "2026-04-20T09:31:28Z"
      }
    },
    {
      "type": "Feature",
      "geometry": {
        "type": "Point",
        "coordinates": [
          139.7025831,
          35.6582721
        ]
      },
      "properties": {
        "timestamp": "2026-04-20T09:31:29Z"
      }
    },
    {
      "type": "Feature",
      "geometry": {
        "type": "Point",
        "coordinates": [
          139.702583,
          35.6582721
        ]
      },
      "properties": {
        "timestamp": "2026-04-20T09:31:30Z"
      }
    },
    {
      "type": "Feature",
      "geometry": {
        "type": "Point",
        "coordinates": [
          139.702583,
          35.6582721
        ]
      },
      "properties": {
        "timestamp": "2026-04-20T09:31:31Z"
      }
    },
    {
      "type": "Feature",
      "geometry": {
        "type": "Point",
        "coordinates": [
          139.702583,
          35.6582721
        ]
      },
      "properties": {
        "timestamp": "2026-04-20T09:31:32Z"
      }
    },
    {
      "type": "Feature",
      "geometry": {
        "type": "Point",
        "coordinates": [
          139.7025804,
          35.6582704
        ]
      },
      "properties": {
        "timestamp": "2026-04-20T09:31:33Z"
      }
    },
    {
      "type": "Feature",
      "geometry": {
        "type": "Point",
        "coordinates": [
          139.7025737,
          35.6582661
        ]
      },
      "properties": {
        "timestamp": "2026-04-20T09:31:34Z"
      }
    },
    {
      "type": "Feature",
      "geometry": {
        "type": "Point",
        "coordinates": [
          139.702568,
          35.6582677
        ]
      },
      "properties": {
        "timestamp": "2026-04-20T09:31:35Z"
      }
    },
    {
      "type": "Feature",
      "geometry": {
        "type": "Point",
        "coordinates": [
          139.7025636,
          35.6582629
        ]
      },
      "properties": {
        "timestamp": "2026-04-20T09:31:36Z"
      }
    },
    {
      "type": "Feature",
      "geometry": {
        "type": "Point",
        "coordinates": [
          139.7025633,
          35.6582631
        ]
      },
      "properties": {
        "timestamp": "2026-04-20T09:31:37Z"
      }
    },
    {
      "type": "Feature",
      "geometry": {
        "type": "Point",
        "coordinates": [
          139.7025583,
          35.6582588
        ]
      },
      "properties": {
        "timestamp": "2026-04-20T09:31:38Z"
      }
    },
    {
      "type": "Feature",
      "geometry": {
        "type": "Point",
        "coordinates": [
          139.7025554,
          35.6582573
        ]
      },
      "properties": {
        "timestamp": "2026-04-20T09:31:39Z"
      }
    },
    {
      "type": "Feature",
      "geometry": {
        "type": "Point",
        "coordinates": [
          139.7025583,
          35.6582565
        ]
      },
      "properties": {
        "timestamp": "2026-04-20T09:31:40Z"
      }
    },
    {
      "type": "Feature",
      "geometry": {
        "type": "Point",
        "coordinates": [
          139.7025559,
          35.6582607
        ]
      },
      "properties": {
        "timestamp": "2026-04-20T09:31:41Z"
      }
    },
    {
      "type": "Feature",
      "geometry": {
        "type": "Point",
        "coordinates": [
          139.7025491,
          35.6582587
        ]
      },
      "properties": {
        "timestamp": "2026-04-20T09:31:42Z"
      }
    },
    {
      "type": "Feature",
      "geometry": {
        "type": "Point",
        "coordinates": [
          139.7025437,
          35.6582584
        ]
      },
      "properties": {
        "timestamp": "2026-04-20T09:31:43Z"
      }
    },
    {
      "type": "Feature",
      "geometry": {
        "type": "Point",
        "coordinates": [
          139.7025422,
          35.6582627
        ]
      },
      "properties": {
        "timestamp": "2026-04-20T09:31:44Z"
      }
    },
    {
      "type": "Feature",
      "geometry": {
        "type": "Point",
        "coordinates": [
          139.7025456,
          35.658262
        ]
      },
      "properties": {
        "timestamp": "2026-04-20T09:31:45Z"
      }
    },
    {
      "type": "Feature",
      "geometry": {
        "type": "Point",
        "coordinates": [
          139.7025448,
          35.6582638
        ]
      },
      "properties": {
        "timestamp": "2026-04-20T09:31:46Z"
      }
    },
    {
      "type": "Feature",
      "geometry": {
        "type": "Point",
        "coordinates": [
          139.7025445,
          35.658264
        ]
      },
      "properties": {
        "timestamp": "2026-04-20T09:31:47Z"
      }
    },
    {
      "type": "Feature",
      "geometry": {
        "type": "Point",
        "coordinates": [
          139.7025445,
          35.658264
        ]
      },
      "properties": {
        "timestamp": "2026-04-20T09:31:48Z"
      }
    },
    {
      "type": "Feature",
      "geometry": {
        "type": "Point",
        "coordinates": [
          139.7025445,
          35.658264
        ]
      },
      "properties": {
        "timestamp": "2026-04-20T09:31:49Z"
      }
    },
    {
      "type": "Feature",
      "geometry": {
        "type": "Point",
        "coordinates": [
          139.7025445,
          35.658264
        ]
      },
      "properties": {
        "timestamp": "2026-04-20T09:31:50Z"
      }
    },
    {
      "type": "Feature",
      "geometry": {
        "type": "Point",
        "coordinates": [
          139.7025445,
          35.658264
        ]
      },
      "properties": {
        "timestamp": "2026-04-20T09:31:51Z"
      }
    },
    {
      "type": "Feature",
      "geometry": {
        "type": "Point",
        "coordinates": [
          139.7025445,
          35.658264
        ]
      },
      "properties": {
        "timestamp": "2026-04-20T09:31:52Z"
      }
    },
    {
      "type": "Feature",
      "geometry": {
        "type": "Point",
        "coordinates": [
          139.7025441,
          35.6582713
        ]
      },
      "properties": {
        "timestamp": "2026-04-20T09:31:53Z"
      }
    },
    {
      "type": "Feature",
      "geometry": {
        "type": "Point",
        "coordinates": [
          139.7025432,
          35.6582669
        ]
      },
      "properties": {
        "timestamp": "2026-04-20T09:31:54Z"
      }
    },
    {
      "type": "Feature",
      "geometry": {
        "type": "Point",
        "coordinates": [
          139.7025428,
          35.6582586
        ]
      },
      "properties": {
        "timestamp": "2026-04-20T09:31:55Z"
      }
    },
    {
      "type": "Feature",
      "geometry": {
        "type": "Point",
        "coordinates": [
          139.7025369,
          35.6582581
        ]
      },
      "properties": {
        "timestamp": "2026-04-20T09:31:56Z"
      }
    },
    {
      "type": "Feature",
      "geometry": {
        "type": "Point",
        "coordinates": [
          139.7025276,
          35.6582495
        ]
      },
      "properties": {
        "timestamp": "2026-04-20T09:31:57Z"
      }
    },
    {
      "type": "Feature",
      "geometry": {
        "type": "Point",
        "coordinates": [
          139.7025155,
          35.6582497
        ]
      },
      "properties": {
        "timestamp": "2026-04-20T09:31:58Z"
      }
    },
    {
      "type": "Feature",
      "geometry": {
        "type": "Point",
        "coordinates": [
          139.702516,
          35.6582498
        ]
      },
      "properties": {
        "timestamp": "2026-04-20T09:31:59Z"
      }
    },
    {
      "type": "Feature",
      "geometry": {
        "type": "Point",
        "coordinates": [
          139.7025141,
          35.6582475
        ]
      },
      "properties": {
        "timestamp": "2026-04-20T09:32:00Z"
      }
    },
    {
      "type": "Feature",
      "geometry": {
        "type": "Point",
        "coordinates": [
          139.7025106,
          35.6582465
        ]
      },
      "properties": {
        "timestamp": "2026-04-20T09:32:01Z"
      }
    },
    {
      "type": "Feature",
      "geometry": {
        "type": "Point",
        "coordinates": [
          139.7025105,
          35.6582466
        ]
      },
      "properties": {
        "timestamp": "2026-04-20T09:32:02Z"
      }
    },
    {
      "type": "Feature",
      "geometry": {
        "type": "Point",
        "coordinates": [
          139.702505,
          35.6582439
        ]
      },
      "properties": {
        "timestamp": "2026-04-20T09:32:03Z"
      }
    },
    {
      "type": "Feature",
      "geometry": {
        "type": "Point",
        "coordinates": [
          139.7025048,
          35.658244
        ]
      },
      "properties": {
        "timestamp": "2026-04-20T09:32:04Z"
      }
    },
    {
      "type": "Feature",
      "geometry": {
        "type": "Point",
        "coordinates": [
          139.7025048,
          35.658244
        ]
      },
      "properties": {
        "timestamp": "2026-04-20T09:32:05Z"
      }
    },
    {
      "type": "Feature",
      "geometry": {
        "type": "Point",
        "coordinates": [
          139.7025048,
          35.658244
        ]
      },
      "properties": {
        "timestamp": "2026-04-20T09:32:06Z"
      }
    },
    {
      "type": "Feature",
      "geometry": {
        "type": "Point",
        "coordinates": [
          139.7025048,
          35.658244
        ]
      },
      "properties": {
        "timestamp": "2026-04-20T09:32:07Z"
      }
    },
    {
      "type": "Feature",
      "geometry": {
        "type": "Point",
        "coordinates": [
          139.7025048,
          35.658244
        ]
      },
      "properties": {
        "timestamp": "2026-04-20T09:32:08Z"
      }
    },
    {
      "type": "Feature",
      "geometry": {
        "type": "Point",
        "coordinates": [
          139.7025048,
          35.658244
        ]
      },
      "properties": {
        "timestamp": "2026-04-20T09:32:09Z"
      }
    },
    {
      "type": "Feature",
      "geometry": {
        "type": "Point",
        "coordinates": [
          139.7025048,
          35.658244
        ]
      },
      "properties": {
        "timestamp": "2026-04-20T09:32:10Z"
      }
    },
    {
      "type": "Feature",
      "geometry": {
        "type": "Point",
        "coordinates": [
          139.7025048,
          35.658244
        ]
      },
      "properties": {
        "timestamp": "2026-04-20T09:32:11Z"
      }
    },
    {
      "type": "Feature",
      "geometry": {
        "type": "Point",
        "coordinates": [
          139.7025048,
          35.658244
        ]
      },
      "properties": {
        "timestamp": "2026-04-20T09:32:12Z"
      }
    },
    {
      "type": "Feature",
      "geometry": {
        "type": "Point",
        "coordinates": [
          139.7025048,
          35.658244
        ]
      },
      "properties": {
        "timestamp": "2026-04-20T09:32:13Z"
      }
    },
    {
      "type": "Feature",
      "geometry": {
        "type": "Point",
        "coordinates": [
          139.7025048,
          35.658244
        ]
      },
      "properties": {
        "timestamp": "2026-04-20T09:32:14Z"
      }
    },
    {
      "type": "Feature",
      "geometry": {
        "type": "Point",
        "coordinates": [
          139.7025048,
          35.658244
        ]
      },
      "properties": {
        "timestamp": "2026-04-20T09:32:15Z"
      }
    },
    {
      "type": "Feature",
      "geometry": {
        "type": "Point",
        "coordinates": [
          139.7025048,
          35.658244
        ]
      },
      "properties": {
        "timestamp": "2026-04-20T09:32:16Z"
      }
    },
    {
      "type": "Feature",
      "geometry": {
        "type": "Point",
        "coordinates": [
          139.7025048,
          35.658244
        ]
      },
      "properties": {
        "timestamp": "2026-04-20T09:32:17Z"
      }
    },
    {
      "type": "Feature",
      "geometry": {
        "type": "Point",
        "coordinates": [
          139.7025043,
          35.6582385
        ]
      },
      "properties": {
        "timestamp": "2026-04-20T09:32:18Z"
      }
    },
    {
      "type": "Feature",
      "geometry": {
        "type": "Point",
        "coordinates": [
          139.7025041,
          35.6582383
        ]
      },
      "properties": {
        "timestamp": "2026-04-20T09:32:19Z"
      }
    },
    {
      "type": "Feature",
      "geometry": {
        "type": "Point",
        "coordinates": [
          139.7025041,
          35.6582383
        ]
      },
      "properties": {
        "timestamp": "2026-04-20T09:32:20Z"
      }
    },
    {
      "type": "Feature",
      "geometry": {
        "type": "Point",
        "coordinates": [
          139.7025041,
          35.6582383
        ]
      },
      "properties": {
        "timestamp": "2026-04-20T09:32:21Z"
      }
    },
    {
      "type": "Feature",
      "geometry": {
        "type": "Point",
        "coordinates": [
          139.7025041,
          35.6582383
        ]
      },
      "properties": {
        "timestamp": "2026-04-20T09:32:22Z"
      }
    },
    {
      "type": "Feature",
      "geometry": {
        "type": "Point",
        "coordinates": [
          139.7025041,
          35.6582383
        ]
      },
      "properties": {
        "timestamp": "2026-04-20T09:32:23Z"
      }
    },
    {
      "type": "Feature",
      "geometry": {
        "type": "Point",
        "coordinates": [
          139.7025041,
          35.6582383
        ]
      },
      "properties": {
        "timestamp": "2026-04-20T09:32:24Z"
      }
    },
    {
      "type": "Feature",
      "geometry": {
        "type": "Point",
        "coordinates": [
          139.7025041,
          35.6582383
        ]
      },
      "properties": {
        "timestamp": "2026-04-20T09:32:25Z"
      }
    },
    {
      "type": "Feature",
      "geometry": {
        "type": "Point",
        "coordinates": [
          139.7025041,
          35.6582383
        ]
      },
      "properties": {
        "timestamp": "2026-04-20T09:32:26Z"
      }
    },
    {
      "type": "Feature",
      "geometry": {
        "type": "Point",
        "coordinates": [
          139.7025041,
          35.6582383
        ]
      },
      "properties": {
        "timestamp": "2026-04-20T09:32:27Z"
      }
    },
    {
      "type": "Feature",
      "geometry": {
        "type": "Point",
        "coordinates": [
          139.7025041,
          35.6582383
        ]
      },
      "properties": {
        "timestamp": "2026-04-20T09:32:28Z"
      }
    },
    {
      "type": "Feature",
      "geometry": {
        "type": "Point",
        "coordinates": [
          139.7025041,
          35.6582383
        ]
      },
      "properties": {
        "timestamp": "2026-04-20T09:32:29Z"
      }
    },
    {
      "type": "Feature",
      "geometry": {
        "type": "Point",
        "coordinates": [
          139.7025041,
          35.6582383
        ]
      },
      "properties": {
        "timestamp": "2026-04-20T09:32:30Z"
      }
    },
    {
      "type": "Feature",
      "geometry": {
        "type": "Point",
        "coordinates": [
          139.7025041,
          35.6582383
        ]
      },
      "properties": {
        "timestamp": "2026-04-20T09:32:31Z"
      }
    },
    {
      "type": "Feature",
      "geometry": {
        "type": "Point",
        "coordinates": [
          139.7025041,
          35.6582383
        ]
      },
      "properties": {
        "timestamp": "2026-04-20T09:32:32Z"
      }
    },
    {
      "type": "Feature",
      "geometry": {
        "type": "Point",
        "coordinates": [
          139.7025041,
          35.6582383
        ]
      },
      "properties": {
        "timestamp": "2026-04-20T09:32:33Z"
      }
    },
    {
      "type": "Feature",
      "geometry": {
        "type": "Point",
        "coordinates": [
          139.7025041,
          35.6582383
        ]
      },
      "properties": {
        "timestamp": "2026-04-20T09:32:34Z"
      }
    },
    {
      "type": "Feature",
      "geometry": {
        "type": "Point",
        "coordinates": [
          139.7025041,
          35.6582383
        ]
      },
      "properties": {
        "timestamp": "2026-04-20T09:32:35Z"
      }
    },
    {
      "type": "Feature",
      "geometry": {
        "type": "Point",
        "coordinates": [
          139.7025041,
          35.6582383
        ]
      },
      "properties": {
        "timestamp": "2026-04-20T09:32:36Z"
      }
    },
    {
      "type": "Feature",
      "geometry": {
        "type": "Point",
        "coordinates": [
          139.7025041,
          35.6582383
        ]
      },
      "properties": {
        "timestamp": "2026-04-20T09:32:37Z"
      }
    },
    {
      "type": "Feature",
      "geometry": {
        "type": "Point",
        "coordinates": [
          139.7025041,
          35.6582383
        ]
      },
      "properties": {
        "timestamp": "2026-04-20T09:32:38Z"
      }
    },
    {
      "type": "Feature",
      "geometry": {
        "type": "Point",
        "coordinates": [
          139.7025041,
          35.6582383
        ]
      },
      "properties": {
        "timestamp": "2026-04-20T09:32:39Z"
      }
    },
    {
      "type": "Feature",
      "geometry": {
        "type": "Point",
        "coordinates": [
          139.7025041,
          35.6582383
        ]
      },
      "properties": {
        "timestamp": "2026-04-20T09:32:40Z"
      }
    },
    {
      "type": "Feature",
      "geometry": {
        "type": "Point",
        "coordinates": [
          139.7025041,
          35.6582383
        ]
      },
      "properties": {
        "timestamp": "2026-04-20T09:32:41Z"
      }
    },
    {
      "type": "Feature",
      "geometry": {
        "type": "Point",
        "coordinates": [
          139.7025041,
          35.6582383
        ]
      },
      "properties": {
        "timestamp": "2026-04-20T09:32:42Z"
      }
    },
    {
      "type": "Feature",
      "geometry": {
        "type": "Point",
        "coordinates": [
          139.7025041,
          35.6582383
        ]
      },
      "properties": {
        "timestamp": "2026-04-20T09:32:43Z"
      }
    },
    {
      "type": "Feature",
      "geometry": {
        "type": "Point",
        "coordinates": [
          139.7025041,
          35.6582383
        ]
      },
      "properties": {
        "timestamp": "2026-04-20T09:32:44Z"
      }
    },
    {
      "type": "Feature",
      "geometry": {
        "type": "Point",
        "coordinates": [
          139.7025041,
          35.6582383
        ]
      },
      "properties": {
        "timestamp": "2026-04-20T09:32:45Z"
      }
    },
    {
      "type": "Feature",
      "geometry": {
        "type": "Point",
        "coordinates": [
          139.7025041,
          35.6582383
        ]
      },
      "properties": {
        "timestamp": "2026-04-20T09:32:46Z"
      }
    },
    {
      "type": "Feature",
      "geometry": {
        "type": "Point",
        "coordinates": [
          139.7025041,
          35.6582383
        ]
      },
      "properties": {
        "timestamp": "2026-04-20T09:32:47Z"
      }
    },
    {
      "type": "Feature",
      "geometry": {
        "type": "Point",
        "coordinates": [
          139.7025041,
          35.6582383
        ]
      },
      "properties": {
        "timestamp": "2026-04-20T09:32:48Z"
      }
    },
    {
      "type": "Feature",
      "geometry": {
        "type": "Point",
        "coordinates": [
          139.7025041,
          35.6582383
        ]
      },
      "properties": {
        "timestamp": "2026-04-20T09:32:49Z"
      }
    },
    {
      "type": "Feature",
      "geometry": {
        "type": "Point",
        "coordinates": [
          139.7025041,
          35.6582383
        ]
      },
      "properties": {
        "timestamp": "2026-04-20T09:32:50Z"
      }
    },
    {
      "type": "Feature",
      "geometry": {
        "type": "Point",
        "coordinates": [
          139.7025041,
          35.6582383
        ]
      },
      "properties": {
        "timestamp": "2026-04-20T09:32:51Z"
      }
    },
    {
      "type": "Feature",
      "geometry": {
        "type": "Point",
        "coordinates": [
          139.7025041,
          35.6582383
        ]
      },
      "properties": {
        "timestamp": "2026-04-20T09:32:52Z"
      }
    },
    {
      "type": "Feature",
      "geometry": {
        "type": "Point",
        "coordinates": [
          139.7025041,
          35.6582383
        ]
      },
      "properties": {
        "timestamp": "2026-04-20T09:32:53Z"
      }
    },
    {
      "type": "Feature",
      "geometry": {
        "type": "Point",
        "coordinates": [
          139.7025041,
          35.6582383
        ]
      },
      "properties": {
        "timestamp": "2026-04-20T09:32:54Z"
      }
    },
    {
      "type": "Feature",
      "geometry": {
        "type": "Point",
        "coordinates": [
          139.7025041,
          35.6582383
        ]
      },
      "properties": {
        "timestamp": "2026-04-20T09:32:55Z"
      }
    },
    {
      "type": "Feature",
      "geometry": {
        "type": "Point",
        "coordinates": [
          139.7025041,
          35.6582383
        ]
      },
      "properties": {
        "timestamp": "2026-04-20T09:32:56Z"
      }
    },
    {
      "type": "Feature",
      "geometry": {
        "type": "Point",
        "coordinates": [
          139.7025048,
          35.6582406
        ]
      },
      "properties": {
        "timestamp": "2026-04-20T09:32:57Z"
      }
    },
    {
      "type": "Feature",
      "geometry": {
        "type": "Point",
        "coordinates": [
          139.7024987,
          35.6582428
        ]
      },
      "properties": {
        "timestamp": "2026-04-20T09:32:58Z"
      }
    },
    {
      "type": "Feature",
      "geometry": {
        "type": "Point",
        "coordinates": [
          139.7024934,
          35.6582421
        ]
      },
      "properties": {
        "timestamp": "2026-04-20T09:32:59Z"
      }
    },
    {
      "type": "Feature",
      "geometry": {
        "type": "Point",
        "coordinates": [
          139.7024935,
          35.6582421
        ]
      },
      "properties": {
        "timestamp": "2026-04-20T09:33:00Z"
      }
    },
    {
      "type": "Feature",
      "geometry": {
        "type": "Point",
        "coordinates": [
          139.7024935,
          35.6582421
        ]
      },
      "properties": {
        "timestamp": "2026-04-20T09:33:01Z"
      }
    },
    {
      "type": "Feature",
      "geometry": {
        "type": "Point",
        "coordinates": [
          139.7024889,
          35.6582443
        ]
      },
      "properties": {
        "timestamp": "2026-04-20T09:33:02Z"
      }
    },
    {
      "type": "Feature",
      "geometry": {
        "type": "Point",
        "coordinates": [
          139.7024887,
          35.6582442
        ]
      },
      "properties": {
        "timestamp": "2026-04-20T09:33:03Z"
      }
    },
    {
      "type": "Feature",
      "geometry": {
        "type": "Point",
        "coordinates": [
          139.7024887,
          35.6582442
        ]
      },
      "properties": {
        "timestamp": "2026-04-20T09:33:04Z"
      }
    },
    {
      "type": "Feature",
      "geometry": {
        "type": "Point",
        "coordinates": [
          139.7024887,
          35.6582442
        ]
      },
      "properties": {
        "timestamp": "2026-04-20T09:33:05Z"
      }
    },
    {
      "type": "Feature",
      "geometry": {
        "type": "Point",
        "coordinates": [
          139.7024887,
          35.6582442
        ]
      },
      "properties": {
        "timestamp": "2026-04-20T09:33:06Z"
      }
    },
    {
      "type": "Feature",
      "geometry": {
        "type": "Point",
        "coordinates": [
          139.702489,
          35.6582406
        ]
      },
      "properties": {
        "timestamp": "2026-04-20T09:33:07Z"
      }
    },
    {
      "type": "Feature",
      "geometry": {
        "type": "Point",
        "coordinates": [
          139.7024889,
          35.6582404
        ]
      },
      "properties": {
        "timestamp": "2026-04-20T09:33:08Z"
      }
    },
    {
      "type": "Feature",
      "geometry": {
        "type": "Point",
        "coordinates": [
          139.7024889,
          35.6582404
        ]
      },
      "properties": {
        "timestamp": "2026-04-20T09:33:09Z"
      }
    },
    {
      "type": "Feature",
      "geometry": {
        "type": "Point",
        "coordinates": [
          139.7024889,
          35.6582404
        ]
      },
      "properties": {
        "timestamp": "2026-04-20T09:33:10Z"
      }
    },
    {
      "type": "Feature",
      "geometry": {
        "type": "Point",
        "coordinates": [
          139.7024889,
          35.6582404
        ]
      },
      "properties": {
        "timestamp": "2026-04-20T09:33:11Z"
      }
    },
    {
      "type": "Feature",
      "geometry": {
        "type": "Point",
        "coordinates": [
          139.7024889,
          35.6582404
        ]
      },
      "properties": {
        "timestamp": "2026-04-20T09:33:12Z"
      }
    },
    {
      "type": "Feature",
      "geometry": {
        "type": "Point",
        "coordinates": [
          139.7024889,
          35.6582404
        ]
      },
      "properties": {
        "timestamp": "2026-04-20T09:33:13Z"
      }
    },
    {
      "type": "Feature",
      "geometry": {
        "type": "Point",
        "coordinates": [
          139.7024889,
          35.6582404
        ]
      },
      "properties": {
        "timestamp": "2026-04-20T09:33:14Z"
      }
    },
    {
      "type": "Feature",
      "geometry": {
        "type": "Point",
        "coordinates": [
          139.7024889,
          35.6582404
        ]
      },
      "properties": {
        "timestamp": "2026-04-20T09:33:15Z"
      }
    },
    {
      "type": "Feature",
      "geometry": {
        "type": "Point",
        "coordinates": [
          139.7024889,
          35.6582404
        ]
      },
      "properties": {
        "timestamp": "2026-04-20T09:33:16Z"
      }
    },
    {
      "type": "Feature",
      "geometry": {
        "type": "Point",
        "coordinates": [
          139.7024889,
          35.6582404
        ]
      },
      "properties": {
        "timestamp": "2026-04-20T09:33:17Z"
      }
    },
    {
      "type": "Feature",
      "geometry": {
        "type": "Point",
        "coordinates": [
          139.7024889,
          35.6582404
        ]
      },
      "properties": {
        "timestamp": "2026-04-20T09:33:18Z"
      }
    },
    {
      "type": "Feature",
      "geometry": {
        "type": "Point",
        "coordinates": [
          139.7024887,
          35.6582387
        ]
      },
      "properties": {
        "timestamp": "2026-04-20T09:33:19Z"
      }
    },
    {
      "type": "Feature",
      "geometry": {
        "type": "Point",
        "coordinates": [
          139.7024887,
          35.6582389
        ]
      },
      "properties": {
        "timestamp": "2026-04-20T09:33:20Z"
      }
    },
    {
      "type": "Feature",
      "geometry": {
        "type": "Point",
        "coordinates": [
          139.7024887,
          35.6582389
        ]
      },
      "properties": {
        "timestamp": "2026-04-20T09:33:21Z"
      }
    },
    {
      "type": "Feature",
      "geometry": {
        "type": "Point",
        "coordinates": [
          139.7024887,
          35.6582389
        ]
      },
      "properties": {
        "timestamp": "2026-04-20T09:33:22Z"
      }
    },
    {
      "type": "Feature",
      "geometry": {
        "type": "Point",
        "coordinates": [
          139.7024887,
          35.6582389
        ]
      },
      "properties": {
        "timestamp": "2026-04-20T09:33:23Z"
      }
    },
    {
      "type": "Feature",
      "geometry": {
        "type": "Point",
        "coordinates": [
          139.7024887,
          35.6582389
        ]
      },
      "properties": {
        "timestamp": "2026-04-20T09:33:24Z"
      }
    },
    {
      "type": "Feature",
      "geometry": {
        "type": "Point",
        "coordinates": [
          139.7024887,
          35.6582389
        ]
      },
      "properties": {
        "timestamp": "2026-04-20T09:33:25Z"
      }
    },
    {
      "type": "Feature",
      "geometry": {
        "type": "Point",
        "coordinates": [
          139.7024887,
          35.6582389
        ]
      },
      "properties": {
        "timestamp": "2026-04-20T09:33:26Z"
      }
    },
    {
      "type": "Feature",
      "geometry": {
        "type": "Point",
        "coordinates": [
          139.7024887,
          35.6582389
        ]
      },
      "properties": {
        "timestamp": "2026-04-20T09:33:27Z"
      }
    },
    {
      "type": "Feature",
      "geometry": {
        "type": "Point",
        "coordinates": [
          139.7024887,
          35.6582389
        ]
      },
      "properties": {
        "timestamp": "2026-04-20T09:33:28Z"
      }
    },
    {
      "type": "Feature",
      "geometry": {
        "type": "Point",
        "coordinates": [
          139.7024887,
          35.6582389
        ]
      },
      "properties": {
        "timestamp": "2026-04-20T09:33:29Z"
      }
    },
    {
      "type": "Feature",
      "geometry": {
        "type": "Point",
        "coordinates": [
          139.7024887,
          35.6582389
        ]
      },
      "properties": {
        "timestamp": "2026-04-20T09:33:30Z"
      }
    },
    {
      "type": "Feature",
      "geometry": {
        "type": "Point",
        "coordinates": [
          139.7024887,
          35.6582389
        ]
      },
      "properties": {
        "timestamp": "2026-04-20T09:33:31Z"
      }
    },
    {
      "type": "Feature",
      "geometry": {
        "type": "Point",
        "coordinates": [
          139.7024852,
          35.6582369
        ]
      },
      "properties": {
        "timestamp": "2026-04-20T09:33:32Z"
      }
    },
    {
      "type": "Feature",
      "geometry": {
        "type": "Point",
        "coordinates": [
          139.7024819,
          35.6582394
        ]
      },
      "properties": {
        "timestamp": "2026-04-20T09:33:33Z"
      }
    },
    {
      "type": "Feature",
      "geometry": {
        "type": "Point",
        "coordinates": [
          139.702482,
          35.658238
        ]
      },
      "properties": {
        "timestamp": "2026-04-20T09:33:34Z"
      }
    },
    {
      "type": "Feature",
      "geometry": {
        "type": "Point",
        "coordinates": [
          139.7024858,
          35.6582369
        ]
      },
      "properties": {
        "timestamp": "2026-04-20T09:33:35Z"
      }
    },
    {
      "type": "Feature",
      "geometry": {
        "type": "Point",
        "coordinates": [
          139.7024857,
          35.6582382
        ]
      },
      "properties": {
        "timestamp": "2026-04-20T09:33:36Z"
      }
    },
    {
      "type": "Feature",
      "geometry": {
        "type": "Point",
        "coordinates": [
          139.7024878,
          35.6582414
        ]
      },
      "properties": {
        "timestamp": "2026-04-20T09:33:37Z"
      }
    },
    {
      "type": "Feature",
      "geometry": {
        "type": "Point",
        "coordinates": [
          139.7024795,
          35.6582251
        ]
      },
      "properties": {
        "timestamp": "2026-04-20T09:33:38Z"
      }
    },
    {
      "type": "Feature",
      "geometry": {
        "type": "Point",
        "coordinates": [
          139.7024784,
          35.6582244
        ]
      },
      "properties": {
        "timestamp": "2026-04-20T09:33:39Z"
      }
    },
    {
      "type": "Feature",
      "geometry": {
        "type": "Point",
        "coordinates": [
          139.7024784,
          35.6582244
        ]
      },
      "properties": {
        "timestamp": "2026-04-20T09:33:40Z"
      }
    },
    {
      "type": "Feature",
      "geometry": {
        "type": "Point",
        "coordinates": [
          139.7024784,
          35.6582244
        ]
      },
      "properties": {
        "timestamp": "2026-04-20T09:33:41Z"
      }
    },
    {
      "type": "Feature",
      "geometry": {
        "type": "Point",
        "coordinates": [
          139.7024784,
          35.6582244
        ]
      },
      "properties": {
        "timestamp": "2026-04-20T09:33:42Z"
      }
    },
    {
      "type": "Feature",
      "geometry": {
        "type": "Point",
        "coordinates": [
          139.7025152,
          35.6582276
        ]
      },
      "properties": {
        "timestamp": "2026-04-20T09:33:43Z"
      }
    },
    {
      "type": "Feature",
      "geometry": {
        "type": "Point",
        "coordinates": [
          139.7025301,
          35.6582335
        ]
      },
      "properties": {
        "timestamp": "2026-04-20T09:33:44Z"
      }
    },
    {
      "type": "Feature",
      "geometry": {
        "type": "Point",
        "coordinates": [
          139.7025334,
          35.6582237
        ]
      },
      "properties": {
        "timestamp": "2026-04-20T09:33:45Z"
      }
    },
    {
      "type": "Feature",
      "geometry": {
        "type": "Point",
        "coordinates": [
          139.7025338,
          35.6582234
        ]
      },
      "properties": {
        "timestamp": "2026-04-20T09:33:46Z"
      }
    },
    {
      "type": "Feature",
      "geometry": {
        "type": "Point",
        "coordinates": [
          139.7025338,
          35.6582234
        ]
      },
      "properties": {
        "timestamp": "2026-04-20T09:33:47Z"
      }
    },
    {
      "type": "Feature",
      "geometry": {
        "type": "Point",
        "coordinates": [
          139.7025126,
          35.6582243
        ]
      },
      "properties": {
        "timestamp": "2026-04-20T09:33:48Z"
      }
    },
    {
      "type": "Feature",
      "geometry": {
        "type": "Point",
        "coordinates": [
          139.7025111,
          35.6582252
        ]
      },
      "properties": {
        "timestamp": "2026-04-20T09:33:49Z"
      }
    },
    {
      "type": "Feature",
      "geometry": {
        "type": "Point",
        "coordinates": [
          139.7025089,
          35.6582237
        ]
      },
      "properties": {
        "timestamp": "2026-04-20T09:33:50Z"
      }
    },
    {
      "type": "Feature",
      "geometry": {
        "type": "Point",
        "coordinates": [
          139.7025093,
          35.6582239
        ]
      },
      "properties": {
        "timestamp": "2026-04-20T09:33:51Z"
      }
    },
    {
      "type": "Feature",
      "geometry": {
        "type": "Point",
        "coordinates": [
          139.7025093,
          35.6582239
        ]
      },
      "properties": {
        "timestamp": "2026-04-20T09:33:52Z"
      }
    },
    {
      "type": "Feature",
      "geometry": {
        "type": "Point",
        "coordinates": [
          139.7025093,
          35.6582239
        ]
      },
      "properties": {
        "timestamp": "2026-04-20T09:33:53Z"
      }
    },
    {
      "type": "Feature",
      "geometry": {
        "type": "Point",
        "coordinates": [
          139.7025089,
          35.6582286
        ]
      },
      "properties": {
        "timestamp": "2026-04-20T09:33:54Z"
      }
    },
    {
      "type": "Feature",
      "geometry": {
        "type": "Point",
        "coordinates": [
          139.7025086,
          35.6582321
        ]
      },
      "properties": {
        "timestamp": "2026-04-20T09:33:55Z"
      }
    },
    {
      "type": "Feature",
      "geometry": {
        "type": "Point",
        "coordinates": [
          139.7025079,
          35.6582328
        ]
      },
      "properties": {
        "timestamp": "2026-04-20T09:33:56Z"
      }
    },
    {
      "type": "Feature",
      "geometry": {
        "type": "Point",
        "coordinates": [
          139.7025029,
          35.6582304
        ]
      },
      "properties": {
        "timestamp": "2026-04-20T09:33:57Z"
      }
    },
    {
      "type": "Feature",
      "geometry": {
        "type": "Point",
        "coordinates": [
          139.7025107,
          35.6582306
        ]
      },
      "properties": {
        "timestamp": "2026-04-20T09:33:58Z"
      }
    },
    {
      "type": "Feature",
      "geometry": {
        "type": "Point",
        "coordinates": [
          139.7025151,
          35.6582344
        ]
      },
      "properties": {
        "timestamp": "2026-04-20T09:33:59Z"
      }
    },
    {
      "type": "Feature",
      "geometry": {
        "type": "Point",
        "coordinates": [
          139.702515,
          35.6582343
        ]
      },
      "properties": {
        "timestamp": "2026-04-20T09:34:00Z"
      }
    },
    {
      "type": "Feature",
      "geometry": {
        "type": "Point",
        "coordinates": [
          139.7025172,
          35.6582262
        ]
      },
      "properties": {
        "timestamp": "2026-04-20T09:34:01Z"
      }
    },
    {
      "type": "Feature",
      "geometry": {
        "type": "Point",
        "coordinates": [
          139.702517,
          35.6582228
        ]
      },
      "properties": {
        "timestamp": "2026-04-20T09:34:02Z"
      }
    },
    {
      "type": "Feature",
      "geometry": {
        "type": "Point",
        "coordinates": [
          139.7025139,
          35.6582213
        ]
      },
      "properties": {
        "timestamp": "2026-04-20T09:34:03Z"
      }
    },
    {
      "type": "Feature",
      "geometry": {
        "type": "Point",
        "coordinates": [
          139.7025044,
          35.6582195
        ]
      },
      "properties": {
        "timestamp": "2026-04-20T09:34:04Z"
      }
    },
    {
      "type": "Feature",
      "geometry": {
        "type": "Point",
        "coordinates": [
          139.7024959,
          35.6582156
        ]
      },
      "properties": {
        "timestamp": "2026-04-20T09:34:05Z"
      }
    },
    {
      "type": "Feature",
      "geometry": {
        "type": "Point",
        "coordinates": [
          139.7024882,
          35.6582114
        ]
      },
      "properties": {
        "timestamp": "2026-04-20T09:34:06Z"
      }
    },
    {
      "type": "Feature",
      "geometry": {
        "type": "Point",
        "coordinates": [
          139.7024792,
          35.6582041
        ]
      },
      "properties": {
        "timestamp": "2026-04-20T09:34:07Z"
      }
    },
    {
      "type": "Feature",
      "geometry": {
        "type": "Point",
        "coordinates": [
          139.7024664,
          35.6582004
        ]
      },
      "properties": {
        "timestamp": "2026-04-20T09:34:08Z"
      }
    },
    {
      "type": "Feature",
      "geometry": {
        "type": "Point",
        "coordinates": [
          139.7024587,
          35.6582032
        ]
      },
      "properties": {
        "timestamp": "2026-04-20T09:34:09Z"
      }
    },
    {
      "type": "Feature",
      "geometry": {
        "type": "Point",
        "coordinates": [
          139.7024541,
          35.6582017
        ]
      },
      "properties": {
        "timestamp": "2026-04-20T09:34:10Z"
      }
    },
    {
      "type": "Feature",
      "geometry": {
        "type": "Point",
        "coordinates": [
          139.7024478,
          35.6582013
        ]
      },
      "properties": {
        "timestamp": "2026-04-20T09:34:11Z"
      }
    },
    {
      "type": "Feature",
      "geometry": {
        "type": "Point",
        "coordinates": [
          139.7024453,
          35.6581974
        ]
      },
      "properties": {
        "timestamp": "2026-04-20T09:34:12Z"
      }
    },
    {
      "type": "Feature",
      "geometry": {
        "type": "Point",
        "coordinates": [
          139.7024463,
          35.6581934
        ]
      },
      "properties": {
        "timestamp": "2026-04-20T09:34:13Z"
      }
    },
    {
      "type": "Feature",
      "geometry": {
        "type": "Point",
        "coordinates": [
          139.7024475,
          35.6581965
        ]
      },
      "properties": {
        "timestamp": "2026-04-20T09:34:14Z"
      }
    },
    {
      "type": "Feature",
      "geometry": {
        "type": "Point",
        "coordinates": [
          139.7024475,
          35.6581929
        ]
      },
      "properties": {
        "timestamp": "2026-04-20T09:34:15Z"
      }
    },
    {
      "type": "Feature",
      "geometry": {
        "type": "Point",
        "coordinates": [
          139.7024415,
          35.6581914
        ]
      },
      "properties": {
        "timestamp": "2026-04-20T09:34:16Z"
      }
    },
    {
      "type": "Feature",
      "geometry": {
        "type": "Point",
        "coordinates": [
          139.702441,
          35.658187
        ]
      },
      "properties": {
        "timestamp": "2026-04-20T09:34:17Z"
      }
    },
    {
      "type": "Feature",
      "geometry": {
        "type": "Point",
        "coordinates": [
          139.7024453,
          35.6581837
        ]
      },
      "properties": {
        "timestamp": "2026-04-20T09:34:18Z"
      }
    },
    {
      "type": "Feature",
      "geometry": {
        "type": "Point",
        "coordinates": [
          139.7024401,
          35.6581823
        ]
      },
      "properties": {
        "timestamp": "2026-04-20T09:34:19Z"
      }
    },
    {
      "type": "Feature",
      "geometry": {
        "type": "Point",
        "coordinates": [
          139.7024327,
          35.6581821
        ]
      },
      "properties": {
        "timestamp": "2026-04-20T09:34:20Z"
      }
    },
    {
      "type": "Feature",
      "geometry": {
        "type": "Point",
        "coordinates": [
          139.7024342,
          35.6581816
        ]
      },
      "properties": {
        "timestamp": "2026-04-20T09:34:21Z"
      }
    },
    {
      "type": "Feature",
      "geometry": {
        "type": "Point",
        "coordinates": [
          139.702435,
          35.6581782
        ]
      },
      "properties": {
        "timestamp": "2026-04-20T09:34:22Z"
      }
    },
    {
      "type": "Feature",
      "geometry": {
        "type": "Point",
        "coordinates": [
          139.7024325,
          35.6581822
        ]
      },
      "properties": {
        "timestamp": "2026-04-20T09:34:23Z"
      }
    },
    {
      "type": "Feature",
      "geometry": {
        "type": "Point",
        "coordinates": [
          139.7024322,
          35.658182
        ]
      },
      "properties": {
        "timestamp": "2026-04-20T09:34:24Z"
      }
    },
    {
      "type": "Feature",
      "geometry": {
        "type": "Point",
        "coordinates": [
          139.7024322,
          35.658182
        ]
      },
      "properties": {
        "timestamp": "2026-04-20T09:34:25Z"
      }
    },
    {
      "type": "Feature",
      "geometry": {
        "type": "Point",
        "coordinates": [
          139.7024291,
          35.6581791
        ]
      },
      "properties": {
        "timestamp": "2026-04-20T09:34:26Z"
      }
    },
    {
      "type": "Feature",
      "geometry": {
        "type": "Point",
        "coordinates": [
          139.7024294,
          35.658179
        ]
      },
      "properties": {
        "timestamp": "2026-04-20T09:34:27Z"
      }
    },
    {
      "type": "Feature",
      "geometry": {
        "type": "Point",
        "coordinates": [
          139.7024294,
          35.658179
        ]
      },
      "properties": {
        "timestamp": "2026-04-20T09:34:28Z"
      }
    },
    {
      "type": "Feature",
      "geometry": {
        "type": "Point",
        "coordinates": [
          139.7024294,
          35.658179
        ]
      },
      "properties": {
        "timestamp": "2026-04-20T09:34:29Z"
      }
    },
    {
      "type": "Feature",
      "geometry": {
        "type": "Point",
        "coordinates": [
          139.7024294,
          35.658179
        ]
      },
      "properties": {
        "timestamp": "2026-04-20T09:34:30Z"
      }
    },
    {
      "type": "Feature",
      "geometry": {
        "type": "Point",
        "coordinates": [
          139.7024294,
          35.658179
        ]
      },
      "properties": {
        "timestamp": "2026-04-20T09:34:31Z"
      }
    },
    {
      "type": "Feature",
      "geometry": {
        "type": "Point",
        "coordinates": [
          139.7024294,
          35.658179
        ]
      },
      "properties": {
        "timestamp": "2026-04-20T09:34:32Z"
      }
    },
    {
      "type": "Feature",
      "geometry": {
        "type": "Point",
        "coordinates": [
          139.7024294,
          35.658179
        ]
      },
      "properties": {
        "timestamp": "2026-04-20T09:34:33Z"
      }
    },
    {
      "type": "Feature",
      "geometry": {
        "type": "Point",
        "coordinates": [
          139.7024331,
          35.6581787
        ]
      },
      "properties": {
        "timestamp": "2026-04-20T09:34:34Z"
      }
    },
    {
      "type": "Feature",
      "geometry": {
        "type": "Point",
        "coordinates": [
          139.7024297,
          35.6581771
        ]
      },
      "properties": {
        "timestamp": "2026-04-20T09:34:35Z"
      }
    },
    {
      "type": "Feature",
      "geometry": {
        "type": "Point",
        "coordinates": [
          139.7024289,
          35.6581745
        ]
      },
      "properties": {
        "timestamp": "2026-04-20T09:34:36Z"
      }
    },
    {
      "type": "Feature",
      "geometry": {
        "type": "Point",
        "coordinates": [
          139.7024293,
          35.6581773
        ]
      },
      "properties": {
        "timestamp": "2026-04-20T09:34:37Z"
      }
    },
    {
      "type": "Feature",
      "geometry": {
        "type": "Point",
        "coordinates": [
          139.7024288,
          35.6581781
        ]
      },
      "properties": {
        "timestamp": "2026-04-20T09:34:38Z"
      }
    },
    {
      "type": "Feature",
      "geometry": {
        "type": "Point",
        "coordinates": [
          139.7024288,
          35.658176
        ]
      },
      "properties": {
        "timestamp": "2026-04-20T09:34:39Z"
      }
    },
    {
      "type": "Feature",
      "geometry": {
        "type": "Point",
        "coordinates": [
          139.7024265,
          35.6581712
        ]
      },
      "properties": {
        "timestamp": "2026-04-20T09:34:40Z"
      }
    },
    {
      "type": "Feature",
      "geometry": {
        "type": "Point",
        "coordinates": [
          139.7024266,
          35.6581707
        ]
      },
      "properties": {
        "timestamp": "2026-04-20T09:34:41Z"
      }
    },
    {
      "type": "Feature",
      "geometry": {
        "type": "Point",
        "coordinates": [
          139.7024255,
          35.6581714
        ]
      },
      "properties": {
        "timestamp": "2026-04-20T09:34:42Z"
      }
    },
    {
      "type": "Feature",
      "geometry": {
        "type": "Point",
        "coordinates": [
          139.7024263,
          35.6581751
        ]
      },
      "properties": {
        "timestamp": "2026-04-20T09:34:43Z"
      }
    },
    {
      "type": "Feature",
      "geometry": {
        "type": "Point",
        "coordinates": [
          139.7024244,
          35.6581773
        ]
      },
      "properties": {
        "timestamp": "2026-04-20T09:34:44Z"
      }
    },
    {
      "type": "Feature",
      "geometry": {
        "type": "Point",
        "coordinates": [
          139.7024235,
          35.6581771
        ]
      },
      "properties": {
        "timestamp": "2026-04-20T09:34:45Z"
      }
    },
    {
      "type": "Feature",
      "geometry": {
        "type": "Point",
        "coordinates": [
          139.7024235,
          35.6581771
        ]
      },
      "properties": {
        "timestamp": "2026-04-20T09:34:46Z"
      }
    },
    {
      "type": "Feature",
      "geometry": {
        "type": "Point",
        "coordinates": [
          139.7024235,
          35.6581771
        ]
      },
      "properties": {
        "timestamp": "2026-04-20T09:34:47Z"
      }
    },
    {
      "type": "Feature",
      "geometry": {
        "type": "Point",
        "coordinates": [
          139.7024235,
          35.6581771
        ]
      },
      "properties": {
        "timestamp": "2026-04-20T09:34:48Z"
      }
    },
    {
      "type": "Feature",
      "geometry": {
        "type": "Point",
        "coordinates": [
          139.7024235,
          35.6581771
        ]
      },
      "properties": {
        "timestamp": "2026-04-20T09:34:49Z"
      }
    },
    {
      "type": "Feature",
      "geometry": {
        "type": "Point",
        "coordinates": [
          139.7024244,
          35.6581753
        ]
      },
      "properties": {
        "timestamp": "2026-04-20T09:34:50Z"
      }
    },
    {
      "type": "Feature",
      "geometry": {
        "type": "Point",
        "coordinates": [
          139.7024198,
          35.6581763
        ]
      },
      "properties": {
        "timestamp": "2026-04-20T09:34:51Z"
      }
    },
    {
      "type": "Feature",
      "geometry": {
        "type": "Point",
        "coordinates": [
          139.7024121,
          35.658182
        ]
      },
      "properties": {
        "timestamp": "2026-04-20T09:34:52Z"
      }
    },
    {
      "type": "Feature",
      "geometry": {
        "type": "Point",
        "coordinates": [
          139.7024139,
          35.6581805
        ]
      },
      "properties": {
        "timestamp": "2026-04-20T09:34:53Z"
      }
    },
    {
      "type": "Feature",
      "geometry": {
        "type": "Point",
        "coordinates": [
          139.702429,
          35.6581846
        ]
      },
      "properties": {
        "timestamp": "2026-04-20T09:34:54Z"
      }
    },
    {
      "type": "Feature",
      "geometry": {
        "type": "Point",
        "coordinates": [
          139.7024244,
          35.658186
        ]
      },
      "properties": {
        "timestamp": "2026-04-20T09:34:55Z"
      }
    },
    {
      "type": "Feature",
      "geometry": {
        "type": "Point",
        "coordinates": [
          139.70243,
          35.6581918
        ]
      },
      "properties": {
        "timestamp": "2026-04-20T09:34:56Z"
      }
    },
    {
      "type": "Feature",
      "geometry": {
        "type": "Point",
        "coordinates": [
          139.7024348,
          35.658194
        ]
      },
      "properties": {
        "timestamp": "2026-04-20T09:34:57Z"
      }
    },
    {
      "type": "Feature",
      "geometry": {
        "type": "Point",
        "coordinates": [
          139.702435,
          35.6581976
        ]
      },
      "properties": {
        "timestamp": "2026-04-20T09:34:58Z"
      }
    },
    {
      "type": "Feature",
      "geometry": {
        "type": "Point",
        "coordinates": [
          139.7024335,
          35.6581974
        ]
      },
      "properties": {
        "timestamp": "2026-04-20T09:34:59Z"
      }
    },
    {
      "type": "Feature",
      "geometry": {
        "type": "Point",
        "coordinates": [
          139.7024334,
          35.6581976
        ]
      },
      "properties": {
        "timestamp": "2026-04-20T09:35:00Z"
      }
    },
    {
      "type": "Feature",
      "geometry": {
        "type": "Point",
        "coordinates": [
          139.7024294,
          35.6581991
        ]
      },
      "properties": {
        "timestamp": "2026-04-20T09:35:01Z"
      }
    },
    {
      "type": "Feature",
      "geometry": {
        "type": "Point",
        "coordinates": [
          139.7024195,
          35.658203
        ]
      },
      "properties": {
        "timestamp": "2026-04-20T09:35:02Z"
      }
    },
    {
      "type": "Feature",
      "geometry": {
        "type": "Point",
        "coordinates": [
          139.7024151,
          35.6582067
        ]
      },
      "properties": {
        "timestamp": "2026-04-20T09:35:03Z"
      }
    },
    {
      "type": "Feature",
      "geometry": {
        "type": "Point",
        "coordinates": [
          139.7024149,
          35.6582071
        ]
      },
      "properties": {
        "timestamp": "2026-04-20T09:35:04Z"
      }
    },
    {
      "type": "Feature",
      "geometry": {
        "type": "Point",
        "coordinates": [
          139.7024149,
          35.6582071
        ]
      },
      "properties": {
        "timestamp": "2026-04-20T09:35:05Z"
      }
    },
    {
      "type": "Feature",
      "geometry": {
        "type": "Point",
        "coordinates": [
          139.7024149,
          35.6582071
        ]
      },
      "properties": {
        "timestamp": "2026-04-20T09:35:06Z"
      }
    },
    {
      "type": "Feature",
      "geometry": {
        "type": "Point",
        "coordinates": [
          139.7024149,
          35.6582071
        ]
      },
      "properties": {
        "timestamp": "2026-04-20T09:35:07Z"
      }
    },
    {
      "type": "Feature",
      "geometry": {
        "type": "Point",
        "coordinates": [
          139.7024149,
          35.6582071
        ]
      },
      "properties": {
        "timestamp": "2026-04-20T09:35:08Z"
      }
    },
    {
      "type": "Feature",
      "geometry": {
        "type": "Point",
        "coordinates": [
          139.7024149,
          35.6582071
        ]
      },
      "properties": {
        "timestamp": "2026-04-20T09:35:09Z"
      }
    },
    {
      "type": "Feature",
      "geometry": {
        "type": "Point",
        "coordinates": [
          139.7024149,
          35.6582071
        ]
      },
      "properties": {
        "timestamp": "2026-04-20T09:35:10Z"
      }
    },
    {
      "type": "Feature",
      "geometry": {
        "type": "Point",
        "coordinates": [
          139.7024149,
          35.6582071
        ]
      },
      "properties": {
        "timestamp": "2026-04-20T09:35:11Z"
      }
    },
    {
      "type": "Feature",
      "geometry": {
        "type": "Point",
        "coordinates": [
          139.7024149,
          35.6582071
        ]
      },
      "properties": {
        "timestamp": "2026-04-20T09:35:12Z"
      }
    },
    {
      "type": "Feature",
      "geometry": {
        "type": "Point",
        "coordinates": [
          139.7024163,
          35.6582079
        ]
      },
      "properties": {
        "timestamp": "2026-04-20T09:35:13Z"
      }
    },
    {
      "type": "Feature",
      "geometry": {
        "type": "Point",
        "coordinates": [
          139.7024152,
          35.6582044
        ]
      },
      "properties": {
        "timestamp": "2026-04-20T09:35:14Z"
      }
    },
    {
      "type": "Feature",
      "geometry": {
        "type": "Point",
        "coordinates": [
          139.7024068,
          35.6582014
        ]
      },
      "properties": {
        "timestamp": "2026-04-20T09:35:15Z"
      }
    },
    {
      "type": "Feature",
      "geometry": {
        "type": "Point",
        "coordinates": [
          139.7024,
          35.658204
        ]
      },
      "properties": {
        "timestamp": "2026-04-20T09:35:16Z"
      }
    },
    {
      "type": "Feature",
      "geometry": {
        "type": "Point",
        "coordinates": [
          139.7023964,
          35.6582111
        ]
      },
      "properties": {
        "timestamp": "2026-04-20T09:35:17Z"
      }
    },
    {
      "type": "Feature",
      "geometry": {
        "type": "Point",
        "coordinates": [
          139.702398,
          35.6582204
        ]
      },
      "properties": {
        "timestamp": "2026-04-20T09:35:18Z"
      }
    },
    {
      "type": "Feature",
      "geometry": {
        "type": "Point",
        "coordinates": [
          139.7023923,
          35.658224
        ]
      },
      "properties": {
        "timestamp": "2026-04-20T09:35:19Z"
      }
    },
    {
      "type": "Feature",
      "geometry": {
        "type": "Point",
        "coordinates": [
          139.7023923,
          35.6582242
        ]
      },
      "properties": {
        "timestamp": "2026-04-20T09:35:20Z"
      }
    },
    {
      "type": "Feature",
      "geometry": {
        "type": "Point",
        "coordinates": [
          139.7023923,
          35.6582242
        ]
      },
      "properties": {
        "timestamp": "2026-04-20T09:35:21Z"
      }
    },
    {
      "type": "Feature",
      "geometry": {
        "type": "Point",
        "coordinates": [
          139.7023923,
          35.6582242
        ]
      },
      "properties": {
        "timestamp": "2026-04-20T09:35:22Z"
      }
    },
    {
      "type": "Feature",
      "geometry": {
        "type": "Point",
        "coordinates": [
          139.7023929,
          35.6582231
        ]
      },
      "properties": {
        "timestamp": "2026-04-20T09:35:23Z"
      }
    },
    {
      "type": "Feature",
      "geometry": {
        "type": "Point",
        "coordinates": [
          139.7023862,
          35.6582229
        ]
      },
      "properties": {
        "timestamp": "2026-04-20T09:35:24Z"
      }
    },
    {
      "type": "Feature",
      "geometry": {
        "type": "Point",
        "coordinates": [
          139.7023835,
          35.6582245
        ]
      },
      "properties": {
        "timestamp": "2026-04-20T09:35:25Z"
      }
    },
    {
      "type": "Feature",
      "geometry": {
        "type": "Point",
        "coordinates": [
          139.7023764,
          35.6582219
        ]
      },
      "properties": {
        "timestamp": "2026-04-20T09:35:26Z"
      }
    },
    {
      "type": "Feature",
      "geometry": {
        "type": "Point",
        "coordinates": [
          139.7023634,
          35.6582181
        ]
      },
      "properties": {
        "timestamp": "2026-04-20T09:35:27Z"
      }
    },
    {
      "type": "Feature",
      "geometry": {
        "type": "Point",
        "coordinates": [
          139.7023635,
          35.6582185
        ]
      },
      "properties": {
        "timestamp": "2026-04-20T09:35:28Z"
      }
    },
    {
      "type": "Feature",
      "geometry": {
        "type": "Point",
        "coordinates": [
          139.7023597,
          35.6582252
        ]
      },
      "properties": {
        "timestamp": "2026-04-20T09:35:29Z"
      }
    },
    {
      "type": "Feature",
      "geometry": {
        "type": "Point",
        "coordinates": [
          139.7023584,
          35.6582341
        ]
      },
      "properties": {
        "timestamp": "2026-04-20T09:35:30Z"
      }
    },
    {
      "type": "Feature",
      "geometry": {
        "type": "Point",
        "coordinates": [
          139.7023551,
          35.658242
        ]
      },
      "properties": {
        "timestamp": "2026-04-20T09:35:31Z"
      }
    },
    {
      "type": "Feature",
      "geometry": {
        "type": "Point",
        "coordinates": [
          139.7023543,
          35.6582513
        ]
      },
      "properties": {
        "timestamp": "2026-04-20T09:35:32Z"
      }
    },
    {
      "type": "Feature",
      "geometry": {
        "type": "Point",
        "coordinates": [
          139.7023361,
          35.6582517
        ]
      },
      "properties": {
        "timestamp": "2026-04-20T09:35:33Z"
      }
    },
    {
      "type": "Feature",
      "geometry": {
        "type": "Point",
        "coordinates": [
          139.702334,
          35.6582514
        ]
      },
      "properties": {
        "timestamp": "2026-04-20T09:35:34Z"
      }
    },
    {
      "type": "Feature",
      "geometry": {
        "type": "Point",
        "coordinates": [
          139.7023266,
          35.6582548
        ]
      },
      "properties": {
        "timestamp": "2026-04-20T09:35:35Z"
      }
    },
    {
      "type": "Feature",
      "geometry": {
        "type": "Point",
        "coordinates": [
          139.7023272,
          35.6582572
        ]
      },
      "properties": {
        "timestamp": "2026-04-20T09:35:36Z"
      }
    },
    {
      "type": "Feature",
      "geometry": {
        "type": "Point",
        "coordinates": [
          139.7023257,
          35.6582555
        ]
      },
      "properties": {
        "timestamp": "2026-04-20T09:35:37Z"
      }
    },
    {
      "type": "Feature",
      "geometry": {
        "type": "Point",
        "coordinates": [
          139.7023173,
          35.658265
        ]
      },
      "properties": {
        "timestamp": "2026-04-20T09:35:38Z"
      }
    },
    {
      "type": "Feature",
      "geometry": {
        "type": "Point",
        "coordinates": [
          139.7023172,
          35.6582672
        ]
      },
      "properties": {
        "timestamp": "2026-04-20T09:35:39Z"
      }
    },
    {
      "type": "Feature",
      "geometry": {
        "type": "Point",
        "coordinates": [
          139.702319,
          35.6582674
        ]
      },
      "properties": {
        "timestamp": "2026-04-20T09:35:40Z"
      }
    },
    {
      "type": "Feature",
      "geometry": {
        "type": "Point",
        "coordinates": [
          139.7023235,
          35.6582659
        ]
      },
      "properties": {
        "timestamp": "2026-04-20T09:35:41Z"
      }
    },
    {
      "type": "Feature",
      "geometry": {
        "type": "Point",
        "coordinates": [
          139.702324,
          35.6582687
        ]
      },
      "properties": {
        "timestamp": "2026-04-20T09:35:42Z"
      }
    },
    {
      "type": "Feature",
      "geometry": {
        "type": "Point",
        "coordinates": [
          139.7023246,
          35.6582714
        ]
      },
      "properties": {
        "timestamp": "2026-04-20T09:35:43Z"
      }
    },
    {
      "type": "Feature",
      "geometry": {
        "type": "Point",
        "coordinates": [
          139.7023249,
          35.6582739
        ]
      },
      "properties": {
        "timestamp": "2026-04-20T09:35:44Z"
      }
    },
    {
      "type": "Feature",
      "geometry": {
        "type": "Point",
        "coordinates": [
          139.7023227,
          35.6582752
        ]
      },
      "properties": {
        "timestamp": "2026-04-20T09:35:45Z"
      }
    },
    {
      "type": "Feature",
      "geometry": {
        "type": "Point",
        "coordinates": [
          139.702319,
          35.6582743
        ]
      },
      "properties": {
        "timestamp": "2026-04-20T09:35:46Z"
      }
    },
    {
      "type": "Feature",
      "geometry": {
        "type": "Point",
        "coordinates": [
          139.7023165,
          35.6582735
        ]
      },
      "properties": {
        "timestamp": "2026-04-20T09:35:47Z"
      }
    },
    {
      "type": "Feature",
      "geometry": {
        "type": "Point",
        "coordinates": [
          139.7023218,
          35.6582725
        ]
      },
      "properties": {
        "timestamp": "2026-04-20T09:35:48Z"
      }
    },
    {
      "type": "Feature",
      "geometry": {
        "type": "Point",
        "coordinates": [
          139.7023268,
          35.658275
        ]
      },
      "properties": {
        "timestamp": "2026-04-20T09:35:49Z"
      }
    },
    {
      "type": "Feature",
      "geometry": {
        "type": "Point",
        "coordinates": [
          139.7023214,
          35.6582743
        ]
      },
      "properties": {
        "timestamp": "2026-04-20T09:35:50Z"
      }
    },
    {
      "type": "Feature",
      "geometry": {
        "type": "Point",
        "coordinates": [
          139.7023214,
          35.6582742
        ]
      },
      "properties": {
        "timestamp": "2026-04-20T09:35:51Z"
      }
    },
    {
      "type": "Feature",
      "geometry": {
        "type": "Point",
        "coordinates": [
          139.7023252,
          35.6582737
        ]
      },
      "properties": {
        "timestamp": "2026-04-20T09:35:52Z"
      }
    },
    {
      "type": "Feature",
      "geometry": {
        "type": "Point",
        "coordinates": [
          139.702325,
          35.6582734
        ]
      },
      "properties": {
        "timestamp": "2026-04-20T09:35:53Z"
      }
    },
    {
      "type": "Feature",
      "geometry": {
        "type": "Point",
        "coordinates": [
          139.7023283,
          35.6582697
        ]
      },
      "properties": {
        "timestamp": "2026-04-20T09:35:54Z"
      }
    },
    {
      "type": "Feature",
      "geometry": {
        "type": "Point",
        "coordinates": [
          139.7023343,
          35.6582634
        ]
      },
      "properties": {
        "timestamp": "2026-04-20T09:35:55Z"
      }
    },
    {
      "type": "Feature",
      "geometry": {
        "type": "Point",
        "coordinates": [
          139.7023333,
          35.6582662
        ]
      },
      "properties": {
        "timestamp": "2026-04-20T09:35:56Z"
      }
    },
    {
      "type": "Feature",
      "geometry": {
        "type": "Point",
        "coordinates": [
          139.7023332,
          35.6582663
        ]
      },
      "properties": {
        "timestamp": "2026-04-20T09:35:57Z"
      }
    },
    {
      "type": "Feature",
      "geometry": {
        "type": "Point",
        "coordinates": [
          139.7023332,
          35.6582663
        ]
      },
      "properties": {
        "timestamp": "2026-04-20T09:35:58Z"
      }
    },
    {
      "type": "Feature",
      "geometry": {
        "type": "Point",
        "coordinates": [
          139.7023332,
          35.6582663
        ]
      },
      "properties": {
        "timestamp": "2026-04-20T09:35:59Z"
      }
    },
    {
      "type": "Feature",
      "geometry": {
        "type": "Point",
        "coordinates": [
          139.7023332,
          35.6582663
        ]
      },
      "properties": {
        "timestamp": "2026-04-20T09:36:00Z"
      }
    },
    {
      "type": "Feature",
      "geometry": {
        "type": "Point",
        "coordinates": [
          139.7023278,
          35.6582734
        ]
      },
      "properties": {
        "timestamp": "2026-04-20T09:36:01Z"
      }
    },
    {
      "type": "Feature",
      "geometry": {
        "type": "Point",
        "coordinates": [
          139.7023211,
          35.6582823
        ]
      },
      "properties": {
        "timestamp": "2026-04-20T09:36:02Z"
      }
    },
    {
      "type": "Feature",
      "geometry": {
        "type": "Point",
        "coordinates": [
          139.7023147,
          35.6582894
        ]
      },
      "properties": {
        "timestamp": "2026-04-20T09:36:03Z"
      }
    },
    {
      "type": "Feature",
      "geometry": {
        "type": "Point",
        "coordinates": [
          139.7023106,
          35.6582957
        ]
      },
      "properties": {
        "timestamp": "2026-04-20T09:36:04Z"
      }
    },
    {
      "type": "Feature",
      "geometry": {
        "type": "Point",
        "coordinates": [
          139.7023118,
          35.658301
        ]
      },
      "properties": {
        "timestamp": "2026-04-20T09:36:05Z"
      }
    },
    {
      "type": "Feature",
      "geometry": {
        "type": "Point",
        "coordinates": [
          139.7023062,
          35.658306
        ]
      },
      "properties": {
        "timestamp": "2026-04-20T09:36:06Z"
      }
    },
    {
      "type": "Feature",
      "geometry": {
        "type": "Point",
        "coordinates": [
          139.7022955,
          35.6583123
        ]
      },
      "properties": {
        "timestamp": "2026-04-20T09:36:07Z"
      }
    },
    {
      "type": "Feature",
      "geometry": {
        "type": "Point",
        "coordinates": [
          139.7022934,
          35.6583182
        ]
      },
      "properties": {
        "timestamp": "2026-04-20T09:36:08Z"
      }
    },
    {
      "type": "Feature",
      "geometry": {
        "type": "Point",
        "coordinates": [
          139.7022898,
          35.658318
        ]
      },
      "properties": {
        "timestamp": "2026-04-20T09:36:09Z"
      }
    },
    {
      "type": "Feature",
      "geometry": {
        "type": "Point",
        "coordinates": [
          139.7022846,
          35.6583176
        ]
      },
      "properties": {
        "timestamp": "2026-04-20T09:36:10Z"
      }
    },
    {
      "type": "Feature",
      "geometry": {
        "type": "Point",
        "coordinates": [
          139.7022848,
          35.6583197
        ]
      },
      "properties": {
        "timestamp": "2026-04-20T09:36:11Z"
      }
    },
    {
      "type": "Feature",
      "geometry": {
        "type": "Point",
        "coordinates": [
          139.7022879,
          35.6583165
        ]
      },
      "properties": {
        "timestamp": "2026-04-20T09:36:12Z"
      }
    },
    {
      "type": "Feature",
      "geometry": {
        "type": "Point",
        "coordinates": [
          139.7022915,
          35.6583139
        ]
      },
      "properties": {
        "timestamp": "2026-04-20T09:36:13Z"
      }
    },
    {
      "type": "Feature",
      "geometry": {
        "type": "Point",
        "coordinates": [
          139.7022908,
          35.6583161
        ]
      },
      "properties": {
        "timestamp": "2026-04-20T09:36:14Z"
      }
    },
    {
      "type": "Feature",
      "geometry": {
        "type": "Point",
        "coordinates": [
          139.7022899,
          35.6583233
        ]
      },
      "properties": {
        "timestamp": "2026-04-20T09:36:15Z"
      }
    },
    {
      "type": "Feature",
      "geometry": {
        "type": "Point",
        "coordinates": [
          139.7022867,
          35.6583337
        ]
      },
      "properties": {
        "timestamp": "2026-04-20T09:36:16Z"
      }
    },
    {
      "type": "Feature",
      "geometry": {
        "type": "Point",
        "coordinates": [
          139.7022891,
          35.6583407
        ]
      },
      "properties": {
        "timestamp": "2026-04-20T09:36:17Z"
      }
    },
    {
      "type": "Feature",
      "geometry": {
        "type": "Point",
        "coordinates": [
          139.7022943,
          35.6583407
        ]
      },
      "properties": {
        "timestamp": "2026-04-20T09:36:18Z"
      }
    },
    {
      "type": "Feature",
      "geometry": {
        "type": "Point",
        "coordinates": [
          139.7022962,
          35.6583413
        ]
      },
      "properties": {
        "timestamp": "2026-04-20T09:36:19Z"
      }
    },
    {
      "type": "Feature",
      "geometry": {
        "type": "Point",
        "coordinates": [
          139.7022946,
          35.6583431
        ]
      },
      "properties": {
        "timestamp": "2026-04-20T09:36:20Z"
      }
    },
    {
      "type": "Feature",
      "geometry": {
        "type": "Point",
        "coordinates": [
          139.7022942,
          35.6583391
        ]
      },
      "properties": {
        "timestamp": "2026-04-20T09:36:21Z"
      }
    },
    {
      "type": "Feature",
      "geometry": {
        "type": "Point",
        "coordinates": [
          139.7022846,
          35.6583404
        ]
      },
      "properties": {
        "timestamp": "2026-04-20T09:36:22Z"
      }
    },
    {
      "type": "Feature",
      "geometry": {
        "type": "Point",
        "coordinates": [
          139.7022841,
          35.65834
        ]
      },
      "properties": {
        "timestamp": "2026-04-20T09:36:23Z"
      }
    },
    {
      "type": "Feature",
      "geometry": {
        "type": "Point",
        "coordinates": [
          139.7022834,
          35.6583408
        ]
      },
      "properties": {
        "timestamp": "2026-04-20T09:36:24Z"
      }
    },
    {
      "type": "Feature",
      "geometry": {
        "type": "Point",
        "coordinates": [
          139.702283,
          35.6583404
        ]
      },
      "properties": {
        "timestamp": "2026-04-20T09:36:25Z"
      }
    },
    {
      "type": "Feature",
      "geometry": {
        "type": "Point",
        "coordinates": [
          139.7022775,
          35.6583449
        ]
      },
      "properties": {
        "timestamp": "2026-04-20T09:36:26Z"
      }
    },
    {
      "type": "Feature",
      "geometry": {
        "type": "Point",
        "coordinates": [
          139.7022729,
          35.6583444
        ]
      },
      "properties": {
        "timestamp": "2026-04-20T09:36:27Z"
      }
    },
    {
      "type": "Feature",
      "geometry": {
        "type": "Point",
        "coordinates": [
          139.7022716,
          35.6583434
        ]
      },
      "properties": {
        "timestamp": "2026-04-20T09:36:28Z"
      }
    },
    {
      "type": "Feature",
      "geometry": {
        "type": "Point",
        "coordinates": [
          139.7022717,
          35.6583436
        ]
      },
      "properties": {
        "timestamp": "2026-04-20T09:36:29Z"
      }
    },
    {
      "type": "Feature",
      "geometry": {
        "type": "Point",
        "coordinates": [
          139.7022737,
          35.6583413
        ]
      },
      "properties": {
        "timestamp": "2026-04-20T09:36:30Z"
      }
    },
    {
      "type": "Feature",
      "geometry": {
        "type": "Point",
        "coordinates": [
          139.7022701,
          35.6583437
        ]
      },
      "properties": {
        "timestamp": "2026-04-20T09:36:31Z"
      }
    },
    {
      "type": "Feature",
      "geometry": {
        "type": "Point",
        "coordinates": [
          139.7022665,
          35.6583447
        ]
      },
      "properties": {
        "timestamp": "2026-04-20T09:36:32Z"
      }
    },
    {
      "type": "Feature",
      "geometry": {
        "type": "Point",
        "coordinates": [
          139.7022623,
          35.6583458
        ]
      },
      "properties": {
        "timestamp": "2026-04-20T09:36:33Z"
      }
    },
    {
      "type": "Feature",
      "geometry": {
        "type": "Point",
        "coordinates": [
          139.7022587,
          35.658345
        ]
      },
      "properties": {
        "timestamp": "2026-04-20T09:36:34Z"
      }
    },
    {
      "type": "Feature",
      "geometry": {
        "type": "Point",
        "coordinates": [
          139.7022546,
          35.6583441
        ]
      },
      "properties": {
        "timestamp": "2026-04-20T09:36:35Z"
      }
    },
    {
      "type": "Feature",
      "geometry": {
        "type": "Point",
        "coordinates": [
          139.7022478,
          35.6583388
        ]
      },
      "properties": {
        "timestamp": "2026-04-20T09:36:36Z"
      }
    },
    {
      "type": "Feature",
      "geometry": {
        "type": "Point",
        "coordinates": [
          139.7022429,
          35.658341
        ]
      },
      "properties": {
        "timestamp": "2026-04-20T09:36:37Z"
      }
    },
    {
      "type": "Feature",
      "geometry": {
        "type": "Point",
        "coordinates": [
          139.7022476,
          35.658344
        ]
      },
      "properties": {
        "timestamp": "2026-04-20T09:36:38Z"
      }
    },
    {
      "type": "Feature",
      "geometry": {
        "type": "Point",
        "coordinates": [
          139.70225,
          35.6583456
        ]
      },
      "properties": {
        "timestamp": "2026-04-20T09:36:39Z"
      }
    },
    {
      "type": "Feature",
      "geometry": {
        "type": "Point",
        "coordinates": [
          139.7022488,
          35.6583465
        ]
      },
      "properties": {
        "timestamp": "2026-04-20T09:36:40Z"
      }
    },
    {
      "type": "Feature",
      "geometry": {
        "type": "Point",
        "coordinates": [
          139.7022458,
          35.6583452
        ]
      },
      "properties": {
        "timestamp": "2026-04-20T09:36:41Z"
      }
    },
    {
      "type": "Feature",
      "geometry": {
        "type": "Point",
        "coordinates": [
          139.7022489,
          35.658344
        ]
      },
      "properties": {
        "timestamp": "2026-04-20T09:36:42Z"
      }
    },
    {
      "type": "Feature",
      "geometry": {
        "type": "Point",
        "coordinates": [
          139.7022491,
          35.6583443
        ]
      },
      "properties": {
        "timestamp": "2026-04-20T09:36:43Z"
      }
    },
    {
      "type": "Feature",
      "geometry": {
        "type": "Point",
        "coordinates": [
          139.7022513,
          35.6583433
        ]
      },
      "properties": {
        "timestamp": "2026-04-20T09:36:44Z"
      }
    },
    {
      "type": "Feature",
      "geometry": {
        "type": "Point",
        "coordinates": [
          139.7022539,
          35.6583435
        ]
      },
      "properties": {
        "timestamp": "2026-04-20T09:36:45Z"
      }
    },
    {
      "type": "Feature",
      "geometry": {
        "type": "Point",
        "coordinates": [
          139.702261,
          35.6583375
        ]
      },
      "properties": {
        "timestamp": "2026-04-20T09:36:46Z"
      }
    },
    {
      "type": "Feature",
      "geometry": {
        "type": "Point",
        "coordinates": [
          139.7022634,
          35.6583378
        ]
      },
      "properties": {
        "timestamp": "2026-04-20T09:36:47Z"
      }
    },
    {
      "type": "Feature",
      "geometry": {
        "type": "Point",
        "coordinates": [
          139.7022642,
          35.6583407
        ]
      },
      "properties": {
        "timestamp": "2026-04-20T09:36:48Z"
      }
    },
    {
      "type": "Feature",
      "geometry": {
        "type": "Point",
        "coordinates": [
          139.7022639,
          35.658341
        ]
      },
      "properties": {
        "timestamp": "2026-04-20T09:36:49Z"
      }
    },
    {
      "type": "Feature",
      "geometry": {
        "type": "Point",
        "coordinates": [
          139.7022639,
          35.658341
        ]
      },
      "properties": {
        "timestamp": "2026-04-20T09:36:50Z"
      }
    },
    {
      "type": "Feature",
      "geometry": {
        "type": "Point",
        "coordinates": [
          139.7022613,
          35.6583489
        ]
      },
      "properties": {
        "timestamp": "2026-04-20T09:36:51Z"
      }
    },
    {
      "type": "Feature",
      "geometry": {
        "type": "Point",
        "coordinates": [
          139.702261,
          35.6583484
        ]
      },
      "properties": {
        "timestamp": "2026-04-20T09:36:52Z"
      }
    },
    {
      "type": "Feature",
      "geometry": {
        "type": "Point",
        "coordinates": [
          139.702261,
          35.6583484
        ]
      },
      "properties": {
        "timestamp": "2026-04-20T09:36:53Z"
      }
    },
    {
      "type": "Feature",
      "geometry": {
        "type": "Point",
        "coordinates": [
          139.7022636,
          35.6583524
        ]
      },
      "properties": {
        "timestamp": "2026-04-20T09:36:54Z"
      }
    },
    {
      "type": "Feature",
      "geometry": {
        "type": "Point",
        "coordinates": [
          139.7022636,
          35.6583525
        ]
      },
      "properties": {
        "timestamp": "2026-04-20T09:36:55Z"
      }
    },
    {
      "type": "Feature",
      "geometry": {
        "type": "Point",
        "coordinates": [
          139.7022636,
          35.6583525
        ]
      },
      "properties": {
        "timestamp": "2026-04-20T09:36:56Z"
      }
    },
    {
      "type": "Feature",
      "geometry": {
        "type": "Point",
        "coordinates": [
          139.7022636,
          35.6583525
        ]
      },
      "properties": {
        "timestamp": "2026-04-20T09:36:57Z"
      }
    },
    {
      "type": "Feature",
      "geometry": {
        "type": "Point",
        "coordinates": [
          139.7022636,
          35.6583525
        ]
      },
      "properties": {
        "timestamp": "2026-04-20T09:36:58Z"
      }
    },
    {
      "type": "Feature",
      "geometry": {
        "type": "Point",
        "coordinates": [
          139.7022636,
          35.6583525
        ]
      },
      "properties": {
        "timestamp": "2026-04-20T09:36:59Z"
      }
    },
    {
      "type": "Feature",
      "geometry": {
        "type": "Point",
        "coordinates": [
          139.7022636,
          35.6583525
        ]
      },
      "properties": {
        "timestamp": "2026-04-20T09:37:00Z"
      }
    },
    {
      "type": "Feature",
      "geometry": {
        "type": "Point",
        "coordinates": [
          139.7022647,
          35.6583501
        ]
      },
      "properties": {
        "timestamp": "2026-04-20T09:37:01Z"
      }
    },
    {
      "type": "Feature",
      "geometry": {
        "type": "Point",
        "coordinates": [
          139.7022674,
          35.6583437
        ]
      },
      "properties": {
        "timestamp": "2026-04-20T09:37:02Z"
      }
    },
    {
      "type": "Feature",
      "geometry": {
        "type": "Point",
        "coordinates": [
          139.7022674,
          35.6583439
        ]
      },
      "properties": {
        "timestamp": "2026-04-20T09:37:03Z"
      }
    },
    {
      "type": "Feature",
      "geometry": {
        "type": "Point",
        "coordinates": [
          139.7022674,
          35.6583439
        ]
      },
      "properties": {
        "timestamp": "2026-04-20T09:37:04Z"
      }
    },
    {
      "type": "Feature",
      "geometry": {
        "type": "Point",
        "coordinates": [
          139.7022674,
          35.6583439
        ]
      },
      "properties": {
        "timestamp": "2026-04-20T09:37:05Z"
      }
    },
    {
      "type": "Feature",
      "geometry": {
        "type": "Point",
        "coordinates": [
          139.7022704,
          35.6583453
        ]
      },
      "properties": {
        "timestamp": "2026-04-20T09:37:06Z"
      }
    },
    {
      "type": "Feature",
      "geometry": {
        "type": "Point",
        "coordinates": [
          139.7022704,
          35.6583454
        ]
      },
      "properties": {
        "timestamp": "2026-04-20T09:37:07Z"
      }
    },
    {
      "type": "Feature",
      "geometry": {
        "type": "Point",
        "coordinates": [
          139.7022704,
          35.6583454
        ]
      },
      "properties": {
        "timestamp": "2026-04-20T09:37:08Z"
      }
    },
    {
      "type": "Feature",
      "geometry": {
        "type": "Point",
        "coordinates": [
          139.7022704,
          35.6583454
        ]
      },
      "properties": {
        "timestamp": "2026-04-20T09:37:09Z"
      }
    },
    {
      "type": "Feature",
      "geometry": {
        "type": "Point",
        "coordinates": [
          139.7022704,
          35.6583454
        ]
      },
      "properties": {
        "timestamp": "2026-04-20T09:37:10Z"
      }
    },
    {
      "type": "Feature",
      "geometry": {
        "type": "Point",
        "coordinates": [
          139.7022704,
          35.6583454
        ]
      },
      "properties": {
        "timestamp": "2026-04-20T09:37:11Z"
      }
    },
    {
      "type": "Feature",
      "geometry": {
        "type": "Point",
        "coordinates": [
          139.7022704,
          35.6583454
        ]
      },
      "properties": {
        "timestamp": "2026-04-20T09:37:12Z"
      }
    },
    {
      "type": "Feature",
      "geometry": {
        "type": "Point",
        "coordinates": [
          139.7022704,
          35.6583454
        ]
      },
      "properties": {
        "timestamp": "2026-04-20T09:37:13Z"
      }
    },
    {
      "type": "Feature",
      "geometry": {
        "type": "Point",
        "coordinates": [
          139.7022704,
          35.6583454
        ]
      },
      "properties": {
        "timestamp": "2026-04-20T09:37:14Z"
      }
    },
    {
      "type": "Feature",
      "geometry": {
        "type": "Point",
        "coordinates": [
          139.702274,
          35.6583453
        ]
      },
      "properties": {
        "timestamp": "2026-04-20T09:37:15Z"
      }
    },
    {
      "type": "Feature",
      "geometry": {
        "type": "Point",
        "coordinates": [
          139.7022725,
          35.6583457
        ]
      },
      "properties": {
        "timestamp": "2026-04-20T09:37:16Z"
      }
    },
    {
      "type": "Feature",
      "geometry": {
        "type": "Point",
        "coordinates": [
          139.7022696,
          35.6583502
        ]
      },
      "properties": {
        "timestamp": "2026-04-20T09:37:17Z"
      }
    },
    {
      "type": "Feature",
      "geometry": {
        "type": "Point",
        "coordinates": [
          139.7022727,
          35.6583486
        ]
      },
      "properties": {
        "timestamp": "2026-04-20T09:37:18Z"
      }
    },
    {
      "type": "Feature",
      "geometry": {
        "type": "Point",
        "coordinates": [
          139.702276,
          35.6583497
        ]
      },
      "properties": {
        "timestamp": "2026-04-20T09:37:19Z"
      }
    },
    {
      "type": "Feature",
      "geometry": {
        "type": "Point",
        "coordinates": [
          139.7022772,
          35.6583496
        ]
      },
      "properties": {
        "timestamp": "2026-04-20T09:37:20Z"
      }
    },
    {
      "type": "Feature",
      "geometry": {
        "type": "Point",
        "coordinates": [
          139.7022774,
          35.6583476
        ]
      },
      "properties": {
        "timestamp": "2026-04-20T09:37:21Z"
      }
    },
    {
      "type": "Feature",
      "geometry": {
        "type": "Point",
        "coordinates": [
          139.702278,
          35.6583478
        ]
      },
      "properties": {
        "timestamp": "2026-04-20T09:37:22Z"
      }
    },
    {
      "type": "Feature",
      "geometry": {
        "type": "Point",
        "coordinates": [
          139.702278,
          35.6583478
        ]
      },
      "properties": {
        "timestamp": "2026-04-20T09:37:23Z"
      }
    },
    {
      "type": "Feature",
      "geometry": {
        "type": "Point",
        "coordinates": [
          139.7022787,
          35.6583485
        ]
      },
      "properties": {
        "timestamp": "2026-04-20T09:37:24Z"
      }
    },
    {
      "type": "Feature",
      "geometry": {
        "type": "Point",
        "coordinates": [
          139.7022783,
          35.6583529
        ]
      },
      "properties": {
        "timestamp": "2026-04-20T09:37:25Z"
      }
    },
    {
      "type": "Feature",
      "geometry": {
        "type": "Point",
        "coordinates": [
          139.7022697,
          35.658356
        ]
      },
      "properties": {
        "timestamp": "2026-04-20T09:37:26Z"
      }
    },
    {
      "type": "Feature",
      "geometry": {
        "type": "Point",
        "coordinates": [
          139.7022698,
          35.6583559
        ]
      },
      "properties": {
        "timestamp": "2026-04-20T09:37:27Z"
      }
    },
    {
      "type": "Feature",
      "geometry": {
        "type": "Point",
        "coordinates": [
          139.7022698,
          35.6583559
        ]
      },
      "properties": {
        "timestamp": "2026-04-20T09:37:28Z"
      }
    },
    {
      "type": "Feature",
      "geometry": {
        "type": "Point",
        "coordinates": [
          139.7022698,
          35.6583559
        ]
      },
      "properties": {
        "timestamp": "2026-04-20T09:37:29Z"
      }
    },
    {
      "type": "Feature",
      "geometry": {
        "type": "Point",
        "coordinates": [
          139.7022698,
          35.6583559
        ]
      },
      "properties": {
        "timestamp": "2026-04-20T09:37:30Z"
      }
    },
    {
      "type": "Feature",
      "geometry": {
        "type": "Point",
        "coordinates": [
          139.7022698,
          35.6583559
        ]
      },
      "properties": {
        "timestamp": "2026-04-20T09:37:31Z"
      }
    },
    {
      "type": "Feature",
      "geometry": {
        "type": "Point",
        "coordinates": [
          139.7022698,
          35.6583559
        ]
      },
      "properties": {
        "timestamp": "2026-04-20T09:37:32Z"
      }
    },
    {
      "type": "Feature",
      "geometry": {
        "type": "Point",
        "coordinates": [
          139.702269,
          35.6583558
        ]
      },
      "properties": {
        "timestamp": "2026-04-20T09:37:33Z"
      }
    },
    {
      "type": "Feature",
      "geometry": {
        "type": "Point",
        "coordinates": [
          139.7022689,
          35.6583561
        ]
      },
      "properties": {
        "timestamp": "2026-04-20T09:37:34Z"
      }
    },
    {
      "type": "Feature",
      "geometry": {
        "type": "Point",
        "coordinates": [
          139.7022689,
          35.6583561
        ]
      },
      "properties": {
        "timestamp": "2026-04-20T09:37:35Z"
      }
    },
    {
      "type": "Feature",
      "geometry": {
        "type": "Point",
        "coordinates": [
          139.7022689,
          35.6583561
        ]
      },
      "properties": {
        "timestamp": "2026-04-20T09:37:36Z"
      }
    },
    {
      "type": "Feature",
      "geometry": {
        "type": "Point",
        "coordinates": [
          139.7022689,
          35.6583561
        ]
      },
      "properties": {
        "timestamp": "2026-04-20T09:37:37Z"
      }
    },
    {
      "type": "Feature",
      "geometry": {
        "type": "Point",
        "coordinates": [
          139.7022689,
          35.6583561
        ]
      },
      "properties": {
        "timestamp": "2026-04-20T09:37:38Z"
      }
    },
    {
      "type": "Feature",
      "geometry": {
        "type": "Point",
        "coordinates": [
          139.7022689,
          35.6583561
        ]
      },
      "properties": {
        "timestamp": "2026-04-20T09:37:39Z"
      }
    },
    {
      "type": "Feature",
      "geometry": {
        "type": "Point",
        "coordinates": [
          139.7022689,
          35.6583561
        ]
      },
      "properties": {
        "timestamp": "2026-04-20T09:37:40Z"
      }
    },
    {
      "type": "Feature",
      "geometry": {
        "type": "Point",
        "coordinates": [
          139.7022689,
          35.6583561
        ]
      },
      "properties": {
        "timestamp": "2026-04-20T09:37:41Z"
      }
    },
    {
      "type": "Feature",
      "geometry": {
        "type": "Point",
        "coordinates": [
          139.7022689,
          35.6583561
        ]
      },
      "properties": {
        "timestamp": "2026-04-20T09:37:42Z"
      }
    },
    {
      "type": "Feature",
      "geometry": {
        "type": "Point",
        "coordinates": [
          139.7022654,
          35.6583571
        ]
      },
      "properties": {
        "timestamp": "2026-04-20T09:37:43Z"
      }
    },
    {
      "type": "Feature",
      "geometry": {
        "type": "Point",
        "coordinates": [
          139.7022619,
          35.6583558
        ]
      },
      "properties": {
        "timestamp": "2026-04-20T09:37:44Z"
      }
    },
    {
      "type": "Feature",
      "geometry": {
        "type": "Point",
        "coordinates": [
          139.7022595,
          35.6583528
        ]
      },
      "properties": {
        "timestamp": "2026-04-20T09:37:45Z"
      }
    },
    {
      "type": "Feature",
      "geometry": {
        "type": "Point",
        "coordinates": [
          139.7022556,
          35.6583484
        ]
      },
      "properties": {
        "timestamp": "2026-04-20T09:37:46Z"
      }
    },
    {
      "type": "Feature",
      "geometry": {
        "type": "Point",
        "coordinates": [
          139.7022554,
          35.658348
        ]
      },
      "properties": {
        "timestamp": "2026-04-20T09:37:47Z"
      }
    },
    {
      "type": "Feature",
      "geometry": {
        "type": "Point",
        "coordinates": [
          139.7022554,
          35.658348
        ]
      },
      "properties": {
        "timestamp": "2026-04-20T09:37:48Z"
      }
    },
    {
      "type": "Feature",
      "geometry": {
        "type": "Point",
        "coordinates": [
          139.7022554,
          35.658348
        ]
      },
      "properties": {
        "timestamp": "2026-04-20T09:37:49Z"
      }
    },
    {
      "type": "Feature",
      "geometry": {
        "type": "Point",
        "coordinates": [
          139.7022554,
          35.658348
        ]
      },
      "properties": {
        "timestamp": "2026-04-20T09:37:50Z"
      }
    },
    {
      "type": "Feature",
      "geometry": {
        "type": "Point",
        "coordinates": [
          139.7022554,
          35.658348
        ]
      },
      "properties": {
        "timestamp": "2026-04-20T09:37:51Z"
      }
    },
    {
      "type": "Feature",
      "geometry": {
        "type": "Point",
        "coordinates": [
          139.7022589,
          35.6583511
        ]
      },
      "properties": {
        "timestamp": "2026-04-20T09:37:52Z"
      }
    },
    {
      "type": "Feature",
      "geometry": {
        "type": "Point",
        "coordinates": [
          139.7022549,
          35.6583483
        ]
      },
      "properties": {
        "timestamp": "2026-04-20T09:37:53Z"
      }
    },
    {
      "type": "Feature",
      "geometry": {
        "type": "Point",
        "coordinates": [
          139.702255,
          35.6583483
        ]
      },
      "properties": {
        "timestamp": "2026-04-20T09:37:54Z"
      }
    },
    {
      "type": "Feature",
      "geometry": {
        "type": "Point",
        "coordinates": [
          139.7022582,
          35.6583455
        ]
      },
      "properties": {
        "timestamp": "2026-04-20T09:37:55Z"
      }
    },
    {
      "type": "Feature",
      "geometry": {
        "type": "Point",
        "coordinates": [
          139.7022596,
          35.6583382
        ]
      },
      "properties": {
        "timestamp": "2026-04-20T09:37:56Z"
      }
    },
    {
      "type": "Feature",
      "geometry": {
        "type": "Point",
        "coordinates": [
          139.7022528,
          35.6583335
        ]
      },
      "properties": {
        "timestamp": "2026-04-20T09:37:57Z"
      }
    },
    {
      "type": "Feature",
      "geometry": {
        "type": "Point",
        "coordinates": [
          139.7022503,
          35.6583287
        ]
      },
      "properties": {
        "timestamp": "2026-04-20T09:37:58Z"
      }
    },
    {
      "type": "Feature",
      "geometry": {
        "type": "Point",
        "coordinates": [
          139.702253,
          35.658329
        ]
      },
      "properties": {
        "timestamp": "2026-04-20T09:37:59Z"
      }
    },
    {
      "type": "Feature",
      "geometry": {
        "type": "Point",
        "coordinates": [
          139.7022551,
          35.6583271
        ]
      },
      "properties": {
        "timestamp": "2026-04-20T09:38:00Z"
      }
    },
    {
      "type": "Feature",
      "geometry": {
        "type": "Point",
        "coordinates": [
          139.7022545,
          35.6583268
        ]
      },
      "properties": {
        "timestamp": "2026-04-20T09:38:01Z"
      }
    },
    {
      "type": "Feature",
      "geometry": {
        "type": "Point",
        "coordinates": [
          139.7022545,
          35.6583232
        ]
      },
      "properties": {
        "timestamp": "2026-04-20T09:38:02Z"
      }
    },
    {
      "type": "Feature",
      "geometry": {
        "type": "Point",
        "coordinates": [
          139.7022533,
          35.6583228
        ]
      },
      "properties": {
        "timestamp": "2026-04-20T09:38:03Z"
      }
    },
    {
      "type": "Feature",
      "geometry": {
        "type": "Point",
        "coordinates": [
          139.7022525,
          35.6583269
        ]
      },
      "properties": {
        "timestamp": "2026-04-20T09:38:04Z"
      }
    },
    {
      "type": "Feature",
      "geometry": {
        "type": "Point",
        "coordinates": [
          139.7022485,
          35.6583286
        ]
      },
      "properties": {
        "timestamp": "2026-04-20T09:38:05Z"
      }
    },
    {
      "type": "Feature",
      "geometry": {
        "type": "Point",
        "coordinates": [
          139.7022433,
          35.6583298
        ]
      },
      "properties": {
        "timestamp": "2026-04-20T09:38:06Z"
      }
    },
    {
      "type": "Feature",
      "geometry": {
        "type": "Point",
        "coordinates": [
          139.7022406,
          35.6583279
        ]
      },
      "properties": {
        "timestamp": "2026-04-20T09:38:07Z"
      }
    },
    {
      "type": "Feature",
      "geometry": {
        "type": "Point",
        "coordinates": [
          139.7022432,
          35.6583267
        ]
      },
      "properties": {
        "timestamp": "2026-04-20T09:38:08Z"
      }
    },
    {
      "type": "Feature",
      "geometry": {
        "type": "Point",
        "coordinates": [
          139.7022387,
          35.6583276
        ]
      },
      "properties": {
        "timestamp": "2026-04-20T09:38:09Z"
      }
    },
    {
      "type": "Feature",
      "geometry": {
        "type": "Point",
        "coordinates": [
          139.7022303,
          35.6583282
        ]
      },
      "properties": {
        "timestamp": "2026-04-20T09:38:10Z"
      }
    },
    {
      "type": "Feature",
      "geometry": {
        "type": "Point",
        "coordinates": [
          139.7022186,
          35.6583272
        ]
      },
      "properties": {
        "timestamp": "2026-04-20T09:38:11Z"
      }
    },
    {
      "type": "Feature",
      "geometry": {
        "type": "Point",
        "coordinates": [
          139.7022186,
          35.6583276
        ]
      },
      "properties": {
        "timestamp": "2026-04-20T09:38:12Z"
      }
    },
    {
      "type": "Feature",
      "geometry": {
        "type": "Point",
        "coordinates": [
          139.7022147,
          35.6583291
        ]
      },
      "properties": {
        "timestamp": "2026-04-20T09:38:13Z"
      }
    },
    {
      "type": "Feature",
      "geometry": {
        "type": "Point",
        "coordinates": [
          139.7022143,
          35.6583293
        ]
      },
      "properties": {
        "timestamp": "2026-04-20T09:38:14Z"
      }
    },
    {
      "type": "Feature",
      "geometry": {
        "type": "Point",
        "coordinates": [
          139.702212,
          35.6583319
        ]
      },
      "properties": {
        "timestamp": "2026-04-20T09:38:15Z"
      }
    },
    {
      "type": "Feature",
      "geometry": {
        "type": "Point",
        "coordinates": [
          139.7022079,
          35.6583338
        ]
      },
      "properties": {
        "timestamp": "2026-04-20T09:38:16Z"
      }
    },
    {
      "type": "Feature",
      "geometry": {
        "type": "Point",
        "coordinates": [
          139.7021976,
          35.6583356
        ]
      },
      "properties": {
        "timestamp": "2026-04-20T09:38:17Z"
      }
    },
    {
      "type": "Feature",
      "geometry": {
        "type": "Point",
        "coordinates": [
          139.7021958,
          35.6583358
        ]
      },
      "properties": {
        "timestamp": "2026-04-20T09:38:18Z"
      }
    },
    {
      "type": "Feature",
      "geometry": {
        "type": "Point",
        "coordinates": [
          139.7021939,
          35.6583363
        ]
      },
      "properties": {
        "timestamp": "2026-04-20T09:38:19Z"
      }
    },
    {
      "type": "Feature",
      "geometry": {
        "type": "Point",
        "coordinates": [
          139.7021917,
          35.6583357
        ]
      },
      "properties": {
        "timestamp": "2026-04-20T09:38:20Z"
      }
    },
    {
      "type": "Feature",
      "geometry": {
        "type": "Point",
        "coordinates": [
          139.7021866,
          35.6583377
        ]
      },
      "properties": {
        "timestamp": "2026-04-20T09:38:21Z"
      }
    },
    {
      "type": "Feature",
      "geometry": {
        "type": "Point",
        "coordinates": [
          139.702187,
          35.6583373
        ]
      },
      "properties": {
        "timestamp": "2026-04-20T09:38:22Z"
      }
    },
    {
      "type": "Feature",
      "geometry": {
        "type": "Point",
        "coordinates": [
          139.7021878,
          35.6583423
        ]
      },
      "properties": {
        "timestamp": "2026-04-20T09:38:23Z"
      }
    },
    {
      "type": "Feature",
      "geometry": {
        "type": "Point",
        "coordinates": [
          139.7021908,
          35.6583341
        ]
      },
      "properties": {
        "timestamp": "2026-04-20T09:38:24Z"
      }
    },
    {
      "type": "Feature",
      "geometry": {
        "type": "Point",
        "coordinates": [
          139.7021965,
          35.6583271
        ]
      },
      "properties": {
        "timestamp": "2026-04-20T09:38:25Z"
      }
    },
    {
      "type": "Feature",
      "geometry": {
        "type": "Point",
        "coordinates": [
          139.7021986,
          35.6583179
        ]
      },
      "properties": {
        "timestamp": "2026-04-20T09:38:26Z"
      }
    },
    {
      "type": "Feature",
      "geometry": {
        "type": "Point",
        "coordinates": [
          139.702204,
          35.6583097
        ]
      },
      "properties": {
        "timestamp": "2026-04-20T09:38:27Z"
      }
    },
    {
      "type": "Feature",
      "geometry": {
        "type": "Point",
        "coordinates": [
          139.7022081,
          35.6583014
        ]
      },
      "properties": {
        "timestamp": "2026-04-20T09:38:28Z"
      }
    },
    {
      "type": "Feature",
      "geometry": {
        "type": "Point",
        "coordinates": [
          139.7022131,
          35.6582879
        ]
      },
      "properties": {
        "timestamp": "2026-04-20T09:38:29Z"
      }
    },
    {
      "type": "Feature",
      "geometry": {
        "type": "Point",
        "coordinates": [
          139.702221,
          35.6582739
        ]
      },
      "properties": {
        "timestamp": "2026-04-20T09:38:30Z"
      }
    },
    {
      "type": "Feature",
      "geometry": {
        "type": "Point",
        "coordinates": [
          139.7022237,
          35.6582651
        ]
      },
      "properties": {
        "timestamp": "2026-04-20T09:38:31Z"
      }
    },
    {
      "type": "Feature",
      "geometry": {
        "type": "Point",
        "coordinates": [
          139.7022276,
          35.6582598
        ]
      },
      "properties": {
        "timestamp": "2026-04-20T09:38:32Z"
      }
    },
    {
      "type": "Feature",
      "geometry": {
        "type": "Point",
        "coordinates": [
          139.7022311,
          35.6582521
        ]
      },
      "properties": {
        "timestamp": "2026-04-20T09:38:33Z"
      }
    },
    {
      "type": "Feature",
      "geometry": {
        "type": "Point",
        "coordinates": [
          139.7022345,
          35.6582473
        ]
      },
      "properties": {
        "timestamp": "2026-04-20T09:38:34Z"
      }
    },
    {
      "type": "Feature",
      "geometry": {
        "type": "Point",
        "coordinates": [
          139.7022336,
          35.6582418
        ]
      },
      "properties": {
        "timestamp": "2026-04-20T09:38:35Z"
      }
    },
    {
      "type": "Feature",
      "geometry": {
        "type": "Point",
        "coordinates": [
          139.702234,
          35.6582331
        ]
      },
      "properties": {
        "timestamp": "2026-04-20T09:38:36Z"
      }
    },
    {
      "type": "Feature",
      "geometry": {
        "type": "Point",
        "coordinates": [
          139.7022373,
          35.6582314
        ]
      },
      "properties": {
        "timestamp": "2026-04-20T09:38:37Z"
      }
    },
    {
      "type": "Feature",
      "geometry": {
        "type": "Point",
        "coordinates": [
          139.7022314,
          35.6582284
        ]
      },
      "properties": {
        "timestamp": "2026-04-20T09:38:38Z"
      }
    },
    {
      "type": "Feature",
      "geometry": {
        "type": "Point",
        "coordinates": [
          139.7022314,
          35.6582279
        ]
      },
      "properties": {
        "timestamp": "2026-04-20T09:38:39Z"
      }
    },
    {
      "type": "Feature",
      "geometry": {
        "type": "Point",
        "coordinates": [
          139.702232,
          35.6582258
        ]
      },
      "properties": {
        "timestamp": "2026-04-20T09:38:40Z"
      }
    },
    {
      "type": "Feature",
      "geometry": {
        "type": "Point",
        "coordinates": [
          139.7022319,
          35.6582258
        ]
      },
      "properties": {
        "timestamp": "2026-04-20T09:38:41Z"
      }
    },
    {
      "type": "Feature",
      "geometry": {
        "type": "Point",
        "coordinates": [
          139.7022319,
          35.6582258
        ]
      },
      "properties": {
        "timestamp": "2026-04-20T09:38:42Z"
      }
    },
    {
      "type": "Feature",
      "geometry": {
        "type": "Point",
        "coordinates": [
          139.7022319,
          35.6582258
        ]
      },
      "properties": {
        "timestamp": "2026-04-20T09:38:43Z"
      }
    },
    {
      "type": "Feature",
      "geometry": {
        "type": "Point",
        "coordinates": [
          139.7022319,
          35.6582258
        ]
      },
      "properties": {
        "timestamp": "2026-04-20T09:38:44Z"
      }
    },
    {
      "type": "Feature",
      "geometry": {
        "type": "Point",
        "coordinates": [
          139.7022345,
          35.6582255
        ]
      },
      "properties": {
        "timestamp": "2026-04-20T09:38:45Z"
      }
    },
    {
      "type": "Feature",
      "geometry": {
        "type": "Point",
        "coordinates": [
          139.7022344,
          35.6582255
        ]
      },
      "properties": {
        "timestamp": "2026-04-20T09:38:46Z"
      }
    },
    {
      "type": "Feature",
      "geometry": {
        "type": "Point",
        "coordinates": [
          139.7022344,
          35.6582255
        ]
      },
      "properties": {
        "timestamp": "2026-04-20T09:38:47Z"
      }
    },
    {
      "type": "Feature",
      "geometry": {
        "type": "Point",
        "coordinates": [
          139.7022344,
          35.6582255
        ]
      },
      "properties": {
        "timestamp": "2026-04-20T09:38:48Z"
      }
    },
    {
      "type": "Feature",
      "geometry": {
        "type": "Point",
        "coordinates": [
          139.702232,
          35.6582246
        ]
      },
      "properties": {
        "timestamp": "2026-04-20T09:38:49Z"
      }
    },
    {
      "type": "Feature",
      "geometry": {
        "type": "Point",
        "coordinates": [
          139.702231,
          35.6582227
        ]
      },
      "properties": {
        "timestamp": "2026-04-20T09:38:50Z"
      }
    },
    {
      "type": "Feature",
      "geometry": {
        "type": "Point",
        "coordinates": [
          139.7022333,
          35.6582195
        ]
      },
      "properties": {
        "timestamp": "2026-04-20T09:38:51Z"
      }
    },
    {
      "type": "Feature",
      "geometry": {
        "type": "Point",
        "coordinates": [
          139.7022337,
          35.6582198
        ]
      },
      "properties": {
        "timestamp": "2026-04-20T09:38:52Z"
      }
    },
    {
      "type": "Feature",
      "geometry": {
        "type": "Point",
        "coordinates": [
          139.7022337,
          35.6582198
        ]
      },
      "properties": {
        "timestamp": "2026-04-20T09:38:53Z"
      }
    },
    {
      "type": "Feature",
      "geometry": {
        "type": "Point",
        "coordinates": [
          139.7022331,
          35.6582158
        ]
      },
      "properties": {
        "timestamp": "2026-04-20T09:38:54Z"
      }
    },
    {
      "type": "Feature",
      "geometry": {
        "type": "Point",
        "coordinates": [
          139.7022358,
          35.6582151
        ]
      },
      "properties": {
        "timestamp": "2026-04-20T09:38:55Z"
      }
    },
    {
      "type": "Feature",
      "geometry": {
        "type": "Point",
        "coordinates": [
          139.7022304,
          35.6582153
        ]
      },
      "properties": {
        "timestamp": "2026-04-20T09:38:56Z"
      }
    },
    {
      "type": "Feature",
      "geometry": {
        "type": "Point",
        "coordinates": [
          139.7022305,
          35.6582154
        ]
      },
      "properties": {
        "timestamp": "2026-04-20T09:38:57Z"
      }
    },
    {
      "type": "Feature",
      "geometry": {
        "type": "Point",
        "coordinates": [
          139.7022327,
          35.6582167
        ]
      },
      "properties": {
        "timestamp": "2026-04-20T09:38:58Z"
      }
    },
    {
      "type": "Feature",
      "geometry": {
        "type": "Point",
        "coordinates": [
          139.7022316,
          35.658217
        ]
      },
      "properties": {
        "timestamp": "2026-04-20T09:38:59Z"
      }
    },
    {
      "type": "Feature",
      "geometry": {
        "type": "Point",
        "coordinates": [
          139.7022297,
          35.6582138
        ]
      },
      "properties": {
        "timestamp": "2026-04-20T09:39:00Z"
      }
    },
    {
      "type": "Feature",
      "geometry": {
        "type": "Point",
        "coordinates": [
          139.7022249,
          35.6582111
        ]
      },
      "properties": {
        "timestamp": "2026-04-20T09:39:01Z"
      }
    },
    {
      "type": "Feature",
      "geometry": {
        "type": "Point",
        "coordinates": [
          139.7022285,
          35.6582129
        ]
      },
      "properties": {
        "timestamp": "2026-04-20T09:39:02Z"
      }
    },
    {
      "type": "Feature",
      "geometry": {
        "type": "Point",
        "coordinates": [
          139.7022283,
          35.6582136
        ]
      },
      "properties": {
        "timestamp": "2026-04-20T09:39:03Z"
      }
    },
    {
      "type": "Feature",
      "geometry": {
        "type": "Point",
        "coordinates": [
          139.7022281,
          35.6582144
        ]
      },
      "properties": {
        "timestamp": "2026-04-20T09:39:04Z"
      }
    },
    {
      "type": "Feature",
      "geometry": {
        "type": "Point",
        "coordinates": [
          139.7022273,
          35.6582167
        ]
      },
      "properties": {
        "timestamp": "2026-04-20T09:39:05Z"
      }
    },
    {
      "type": "Feature",
      "geometry": {
        "type": "Point",
        "coordinates": [
          139.7022282,
          35.6582154
        ]
      },
      "properties": {
        "timestamp": "2026-04-20T09:39:06Z"
      }
    },
    {
      "type": "Feature",
      "geometry": {
        "type": "Point",
        "coordinates": [
          139.7022282,
          35.6582154
        ]
      },
      "properties": {
        "timestamp": "2026-04-20T09:39:07Z"
      }
    },
    {
      "type": "Feature",
      "geometry": {
        "type": "Point",
        "coordinates": [
          139.7022282,
          35.6582154
        ]
      },
      "properties": {
        "timestamp": "2026-04-20T09:39:08Z"
      }
    },
    {
      "type": "Feature",
      "geometry": {
        "type": "Point",
        "coordinates": [
          139.7022299,
          35.6582183
        ]
      },
      "properties": {
        "timestamp": "2026-04-20T09:39:09Z"
      }
    },
    {
      "type": "Feature",
      "geometry": {
        "type": "Point",
        "coordinates": [
          139.7022289,
          35.658219
        ]
      },
      "properties": {
        "timestamp": "2026-04-20T09:39:10Z"
      }
    },
    {
      "type": "Feature",
      "geometry": {
        "type": "Point",
        "coordinates": [
          139.7022297,
          35.6582245
        ]
      },
      "properties": {
        "timestamp": "2026-04-20T09:39:11Z"
      }
    },
    {
      "type": "Feature",
      "geometry": {
        "type": "Point",
        "coordinates": [
          139.7022298,
          35.6582247
        ]
      },
      "properties": {
        "timestamp": "2026-04-20T09:39:12Z"
      }
    },
    {
      "type": "Feature",
      "geometry": {
        "type": "Point",
        "coordinates": [
          139.7022298,
          35.6582247
        ]
      },
      "properties": {
        "timestamp": "2026-04-20T09:39:13Z"
      }
    },
    {
      "type": "Feature",
      "geometry": {
        "type": "Point",
        "coordinates": [
          139.7022298,
          35.6582247
        ]
      },
      "properties": {
        "timestamp": "2026-04-20T09:39:14Z"
      }
    },
    {
      "type": "Feature",
      "geometry": {
        "type": "Point",
        "coordinates": [
          139.7022298,
          35.6582247
        ]
      },
      "properties": {
        "timestamp": "2026-04-20T09:39:15Z"
      }
    },
    {
      "type": "Feature",
      "geometry": {
        "type": "Point",
        "coordinates": [
          139.7022298,
          35.6582247
        ]
      },
      "properties": {
        "timestamp": "2026-04-20T09:39:16Z"
      }
    },
    {
      "type": "Feature",
      "geometry": {
        "type": "Point",
        "coordinates": [
          139.7022298,
          35.6582247
        ]
      },
      "properties": {
        "timestamp": "2026-04-20T09:39:17Z"
      }
    },
    {
      "type": "Feature",
      "geometry": {
        "type": "Point",
        "coordinates": [
          139.7022298,
          35.6582247
        ]
      },
      "properties": {
        "timestamp": "2026-04-20T09:39:18Z"
      }
    },
    {
      "type": "Feature",
      "geometry": {
        "type": "Point",
        "coordinates": [
          139.7022298,
          35.6582247
        ]
      },
      "properties": {
        "timestamp": "2026-04-20T09:39:19Z"
      }
    },
    {
      "type": "Feature",
      "geometry": {
        "type": "Point",
        "coordinates": [
          139.7022299,
          35.6582247
        ]
      },
      "properties": {
        "timestamp": "2026-04-20T09:39:20Z"
      }
    },
    {
      "type": "Feature",
      "geometry": {
        "type": "Point",
        "coordinates": [
          139.7022285,
          35.658227
        ]
      },
      "properties": {
        "timestamp": "2026-04-20T09:39:21Z"
      }
    },
    {
      "type": "Feature",
      "geometry": {
        "type": "Point",
        "coordinates": [
          139.7022318,
          35.658232
        ]
      },
      "properties": {
        "timestamp": "2026-04-20T09:39:22Z"
      }
    },
    {
      "type": "Feature",
      "geometry": {
        "type": "Point",
        "coordinates": [
          139.702238,
          35.6582361
        ]
      },
      "properties": {
        "timestamp": "2026-04-20T09:39:23Z"
      }
    },
    {
      "type": "Feature",
      "geometry": {
        "type": "Point",
        "coordinates": [
          139.7022435,
          35.6582424
        ]
      },
      "properties": {
        "timestamp": "2026-04-20T09:39:24Z"
      }
    },
    {
      "type": "Feature",
      "geometry": {
        "type": "Point",
        "coordinates": [
          139.7022395,
          35.6582451
        ]
      },
      "properties": {
        "timestamp": "2026-04-20T09:39:25Z"
      }
    },
    {
      "type": "Feature",
      "geometry": {
        "type": "Point",
        "coordinates": [
          139.7022376,
          35.6582473
        ]
      },
      "properties": {
        "timestamp": "2026-04-20T09:39:26Z"
      }
    },
    {
      "type": "Feature",
      "geometry": {
        "type": "Point",
        "coordinates": [
          139.7022439,
          35.658252
        ]
      },
      "properties": {
        "timestamp": "2026-04-20T09:39:27Z"
      }
    },
    {
      "type": "Feature",
      "geometry": {
        "type": "Point",
        "coordinates": [
          139.7022499,
          35.6582463
        ]
      },
      "properties": {
        "timestamp": "2026-04-20T09:39:28Z"
      }
    },
    {
      "type": "Feature",
      "geometry": {
        "type": "Point",
        "coordinates": [
          139.7022525,
          35.6582444
        ]
      },
      "properties": {
        "timestamp": "2026-04-20T09:39:29Z"
      }
    },
    {
      "type": "Feature",
      "geometry": {
        "type": "Point",
        "coordinates": [
          139.7022526,
          35.6582447
        ]
      },
      "properties": {
        "timestamp": "2026-04-20T09:39:30Z"
      }
    },
    {
      "type": "Feature",
      "geometry": {
        "type": "Point",
        "coordinates": [
          139.7022526,
          35.6582447
        ]
      },
      "properties": {
        "timestamp": "2026-04-20T09:39:31Z"
      }
    },
    {
      "type": "Feature",
      "geometry": {
        "type": "Point",
        "coordinates": [
          139.7022526,
          35.6582447
        ]
      },
      "properties": {
        "timestamp": "2026-04-20T09:39:32Z"
      }
    },
    {
      "type": "Feature",
      "geometry": {
        "type": "Point",
        "coordinates": [
          139.7022526,
          35.6582447
        ]
      },
      "properties": {
        "timestamp": "2026-04-20T09:39:33Z"
      }
    },
    {
      "type": "Feature",
      "geometry": {
        "type": "Point",
        "coordinates": [
          139.702252,
          35.6582428
        ]
      },
      "properties": {
        "timestamp": "2026-04-20T09:39:34Z"
      }
    },
    {
      "type": "Feature",
      "geometry": {
        "type": "Point",
        "coordinates": [
          139.7022527,
          35.6582439
        ]
      },
      "properties": {
        "timestamp": "2026-04-20T09:39:35Z"
      }
    },
    {
      "type": "Feature",
      "geometry": {
        "type": "Point",
        "coordinates": [
          139.7022535,
          35.6582421
        ]
      },
      "properties": {
        "timestamp": "2026-04-20T09:39:36Z"
      }
    },
    {
      "type": "Feature",
      "geometry": {
        "type": "Point",
        "coordinates": [
          139.702255,
          35.658239
        ]
      },
      "properties": {
        "timestamp": "2026-04-20T09:39:37Z"
      }
    },
    {
      "type": "Feature",
      "geometry": {
        "type": "Point",
        "coordinates": [
          139.7022596,
          35.6582364
        ]
      },
      "properties": {
        "timestamp": "2026-04-20T09:39:38Z"
      }
    },
    {
      "type": "Feature",
      "geometry": {
        "type": "Point",
        "coordinates": [
          139.7022654,
          35.6582362
        ]
      },
      "properties": {
        "timestamp": "2026-04-20T09:39:39Z"
      }
    },
    {
      "type": "Feature",
      "geometry": {
        "type": "Point",
        "coordinates": [
          139.7022695,
          35.6582307
        ]
      },
      "properties": {
        "timestamp": "2026-04-20T09:39:40Z"
      }
    },
    {
      "type": "Feature",
      "geometry": {
        "type": "Point",
        "coordinates": [
          139.7022743,
          35.6582286
        ]
      },
      "properties": {
        "timestamp": "2026-04-20T09:39:41Z"
      }
    },
    {
      "type": "Feature",
      "geometry": {
        "type": "Point",
        "coordinates": [
          139.7022793,
          35.6582244
        ]
      },
      "properties": {
        "timestamp": "2026-04-20T09:39:42Z"
      }
    },
    {
      "type": "Feature",
      "geometry": {
        "type": "Point",
        "coordinates": [
          139.7022811,
          35.6582231
        ]
      },
      "properties": {
        "timestamp": "2026-04-20T09:39:43Z"
      }
    },
    {
      "type": "Feature",
      "geometry": {
        "type": "Point",
        "coordinates": [
          139.7022771,
          35.65823
        ]
      },
      "properties": {
        "timestamp": "2026-04-20T09:39:44Z"
      }
    },
    {
      "type": "Feature",
      "geometry": {
        "type": "Point",
        "coordinates": [
          139.7022765,
          35.658241
        ]
      },
      "properties": {
        "timestamp": "2026-04-20T09:39:45Z"
      }
    },
    {
      "type": "Feature",
      "geometry": {
        "type": "Point",
        "coordinates": [
          139.7022753,
          35.6582573
        ]
      },
      "properties": {
        "timestamp": "2026-04-20T09:39:46Z"
      }
    },
    {
      "type": "Feature",
      "geometry": {
        "type": "Point",
        "coordinates": [
          139.7022814,
          35.6582638
        ]
      },
      "properties": {
        "timestamp": "2026-04-20T09:39:47Z"
      }
    },
    {
      "type": "Feature",
      "geometry": {
        "type": "Point",
        "coordinates": [
          139.7022857,
          35.65827
        ]
      },
      "properties": {
        "timestamp": "2026-04-20T09:39:48Z"
      }
    },
    {
      "type": "Feature",
      "geometry": {
        "type": "Point",
        "coordinates": [
          139.7022956,
          35.6582701
        ]
      },
      "properties": {
        "timestamp": "2026-04-20T09:39:49Z"
      }
    },
    {
      "type": "Feature",
      "geometry": {
        "type": "Point",
        "coordinates": [
          139.7023048,
          35.6582662
        ]
      },
      "properties": {
        "timestamp": "2026-04-20T09:39:50Z"
      }
    },
    {
      "type": "Feature",
      "geometry": {
        "type": "Point",
        "coordinates": [
          139.7023126,
          35.6582637
        ]
      },
      "properties": {
        "timestamp": "2026-04-20T09:39:51Z"
      }
    },
    {
      "type": "Feature",
      "geometry": {
        "type": "Point",
        "coordinates": [
          139.702323,
          35.6582651
        ]
      },
      "properties": {
        "timestamp": "2026-04-20T09:39:52Z"
      }
    },
    {
      "type": "Feature",
      "geometry": {
        "type": "Point",
        "coordinates": [
          139.702339,
          35.6582654
        ]
      },
      "properties": {
        "timestamp": "2026-04-20T09:39:53Z"
      }
    },
    {
      "type": "Feature",
      "geometry": {
        "type": "Point",
        "coordinates": [
          139.7023556,
          35.6582691
        ]
      },
      "properties": {
        "timestamp": "2026-04-20T09:39:54Z"
      }
    },
    {
      "type": "Feature",
      "geometry": {
        "type": "Point",
        "coordinates": [
          139.7023643,
          35.6582663
        ]
      },
      "properties": {
        "timestamp": "2026-04-20T09:39:55Z"
      }
    },
    {
      "type": "Feature",
      "geometry": {
        "type": "Point",
        "coordinates": [
          139.7023648,
          35.6582673
        ]
      },
      "properties": {
        "timestamp": "2026-04-20T09:39:56Z"
      }
    },
    {
      "type": "Feature",
      "geometry": {
        "type": "Point",
        "coordinates": [
          139.7023648,
          35.6582673
        ]
      },
      "properties": {
        "timestamp": "2026-04-20T09:39:57Z"
      }
    },
    {
      "type": "Feature",
      "geometry": {
        "type": "Point",
        "coordinates": [
          139.7023735,
          35.6582712
        ]
      },
      "properties": {
        "timestamp": "2026-04-20T09:39:58Z"
      }
    },
    {
      "type": "Feature",
      "geometry": {
        "type": "Point",
        "coordinates": [
          139.7023819,
          35.6582682
        ]
      },
      "properties": {
        "timestamp": "2026-04-20T09:39:59Z"
      }
    },
    {
      "type": "Feature",
      "geometry": {
        "type": "Point",
        "coordinates": [
          139.7023881,
          35.6582608
        ]
      },
      "properties": {
        "timestamp": "2026-04-20T09:40:00Z"
      }
    },
    {
      "type": "Feature",
      "geometry": {
        "type": "Point",
        "coordinates": [
          139.7023863,
          35.6582606
        ]
      },
      "properties": {
        "timestamp": "2026-04-20T09:40:01Z"
      }
    },
    {
      "type": "Feature",
      "geometry": {
        "type": "Point",
        "coordinates": [
          139.7023828,
          35.6582623
        ]
      },
      "properties": {
        "timestamp": "2026-04-20T09:40:02Z"
      }
    },
    {
      "type": "Feature",
      "geometry": {
        "type": "Point",
        "coordinates": [
          139.7023796,
          35.6582654
        ]
      },
      "properties": {
        "timestamp": "2026-04-20T09:40:03Z"
      }
    },
    {
      "type": "Feature",
      "geometry": {
        "type": "Point",
        "coordinates": [
          139.7023835,
          35.6582629
        ]
      },
      "properties": {
        "timestamp": "2026-04-20T09:40:04Z"
      }
    },
    {
      "type": "Feature",
      "geometry": {
        "type": "Point",
        "coordinates": [
          139.7023873,
          35.658257
        ]
      },
      "properties": {
        "timestamp": "2026-04-20T09:40:05Z"
      }
    },
    {
      "type": "Feature",
      "geometry": {
        "type": "Point",
        "coordinates": [
          139.7023862,
          35.6582507
        ]
      },
      "properties": {
        "timestamp": "2026-04-20T09:40:06Z"
      }
    },
    {
      "type": "Feature",
      "geometry": {
        "type": "Point",
        "coordinates": [
          139.702383,
          35.6582449
        ]
      },
      "properties": {
        "timestamp": "2026-04-20T09:40:07Z"
      }
    },
    {
      "type": "Feature",
      "geometry": {
        "type": "Point",
        "coordinates": [
          139.7023835,
          35.6582402
        ]
      },
      "properties": {
        "timestamp": "2026-04-20T09:40:08Z"
      }
    },
    {
      "type": "Feature",
      "geometry": {
        "type": "Point",
        "coordinates": [
          139.7023844,
          35.658231
        ]
      },
      "properties": {
        "timestamp": "2026-04-20T09:40:09Z"
      }
    },
    {
      "type": "Feature",
      "geometry": {
        "type": "Point",
        "coordinates": [
          139.7023898,
          35.6582228
        ]
      },
      "properties": {
        "timestamp": "2026-04-20T09:40:10Z"
      }
    },
    {
      "type": "Feature",
      "geometry": {
        "type": "Point",
        "coordinates": [
          139.7023956,
          35.6582184
        ]
      },
      "properties": {
        "timestamp": "2026-04-20T09:40:11Z"
      }
    },
    {
      "type": "Feature",
      "geometry": {
        "type": "Point",
        "coordinates": [
          139.7024036,
          35.6582132
        ]
      },
      "properties": {
        "timestamp": "2026-04-20T09:40:12Z"
      }
    },
    {
      "type": "Feature",
      "geometry": {
        "type": "Point",
        "coordinates": [
          139.7024172,
          35.6582111
        ]
      },
      "properties": {
        "timestamp": "2026-04-20T09:40:13Z"
      }
    },
    {
      "type": "Feature",
      "geometry": {
        "type": "Point",
        "coordinates": [
          139.7024171,
          35.6582104
        ]
      },
      "properties": {
        "timestamp": "2026-04-20T09:40:14Z"
      }
    },
    {
      "type": "Feature",
      "geometry": {
        "type": "Point",
        "coordinates": [
          139.7024154,
          35.6582128
        ]
      },
      "properties": {
        "timestamp": "2026-04-20T09:40:15Z"
      }
    },
    {
      "type": "Feature",
      "geometry": {
        "type": "Point",
        "coordinates": [
          139.7024158,
          35.6582129
        ]
      },
      "properties": {
        "timestamp": "2026-04-20T09:40:16Z"
      }
    },
    {
      "type": "Feature",
      "geometry": {
        "type": "Point",
        "coordinates": [
          139.7024158,
          35.6582129
        ]
      },
      "properties": {
        "timestamp": "2026-04-20T09:40:17Z"
      }
    },
    {
      "type": "Feature",
      "geometry": {
        "type": "Point",
        "coordinates": [
          139.7024158,
          35.6582129
        ]
      },
      "properties": {
        "timestamp": "2026-04-20T09:40:18Z"
      }
    },
    {
      "type": "Feature",
      "geometry": {
        "type": "Point",
        "coordinates": [
          139.7024158,
          35.6582129
        ]
      },
      "properties": {
        "timestamp": "2026-04-20T09:40:19Z"
      }
    },
    {
      "type": "Feature",
      "geometry": {
        "type": "Point",
        "coordinates": [
          139.7024158,
          35.6582129
        ]
      },
      "properties": {
        "timestamp": "2026-04-20T09:40:20Z"
      }
    },
    {
      "type": "Feature",
      "geometry": {
        "type": "Point",
        "coordinates": [
          139.7024158,
          35.6582129
        ]
      },
      "properties": {
        "timestamp": "2026-04-20T09:40:21Z"
      }
    },
    {
      "type": "Feature",
      "geometry": {
        "type": "Point",
        "coordinates": [
          139.7024158,
          35.6582129
        ]
      },
      "properties": {
        "timestamp": "2026-04-20T09:40:22Z"
      }
    },
    {
      "type": "Feature",
      "geometry": {
        "type": "Point",
        "coordinates": [
          139.7024157,
          35.6582094
        ]
      },
      "properties": {
        "timestamp": "2026-04-20T09:40:23Z"
      }
    },
    {
      "type": "Feature",
      "geometry": {
        "type": "Point",
        "coordinates": [
          139.7024168,
          35.658211
        ]
      },
      "properties": {
        "timestamp": "2026-04-20T09:40:24Z"
      }
    },
    {
      "type": "Feature",
      "geometry": {
        "type": "Point",
        "coordinates": [
          139.7024222,
          35.6582114
        ]
      },
      "properties": {
        "timestamp": "2026-04-20T09:40:25Z"
      }
    },
    {
      "type": "Feature",
      "geometry": {
        "type": "Point",
        "coordinates": [
          139.702429,
          35.6582066
        ]
      },
      "properties": {
        "timestamp": "2026-04-20T09:40:26Z"
      }
    },
    {
      "type": "Feature",
      "geometry": {
        "type": "Point",
        "coordinates": [
          139.7024297,
          35.6582037
        ]
      },
      "properties": {
        "timestamp": "2026-04-20T09:40:27Z"
      }
    },
    {
      "type": "Feature",
      "geometry": {
        "type": "Point",
        "coordinates": [
          139.7024386,
          35.6582016
        ]
      },
      "properties": {
        "timestamp": "2026-04-20T09:40:28Z"
      }
    },
    {
      "type": "Feature",
      "geometry": {
        "type": "Point",
        "coordinates": [
          139.7024462,
          35.6581975
        ]
      },
      "properties": {
        "timestamp": "2026-04-20T09:40:29Z"
      }
    },
    {
      "type": "Feature",
      "geometry": {
        "type": "Point",
        "coordinates": [
          139.702455,
          35.6581952
        ]
      },
      "properties": {
        "timestamp": "2026-04-20T09:40:30Z"
      }
    },
    {
      "type": "Feature",
      "geometry": {
        "type": "Point",
        "coordinates": [
          139.7024574,
          35.6581891
        ]
      },
      "properties": {
        "timestamp": "2026-04-20T09:40:31Z"
      }
    },
    {
      "type": "Feature",
      "geometry": {
        "type": "Point",
        "coordinates": [
          139.7024571,
          35.6581891
        ]
      },
      "properties": {
        "timestamp": "2026-04-20T09:40:32Z"
      }
    },
    {
      "type": "Feature",
      "geometry": {
        "type": "Point",
        "coordinates": [
          139.7024571,
          35.6581891
        ]
      },
      "properties": {
        "timestamp": "2026-04-20T09:40:33Z"
      }
    },
    {
      "type": "Feature",
      "geometry": {
        "type": "Point",
        "coordinates": [
          139.7024615,
          35.6581877
        ]
      },
      "properties": {
        "timestamp": "2026-04-20T09:40:34Z"
      }
    },
    {
      "type": "Feature",
      "geometry": {
        "type": "Point",
        "coordinates": [
          139.7024644,
          35.6581823
        ]
      },
      "properties": {
        "timestamp": "2026-04-20T09:40:35Z"
      }
    },
    {
      "type": "Feature",
      "geometry": {
        "type": "Point",
        "coordinates": [
          139.7024697,
          35.658179
        ]
      },
      "properties": {
        "timestamp": "2026-04-20T09:40:36Z"
      }
    },
    {
      "type": "Feature",
      "geometry": {
        "type": "Point",
        "coordinates": [
          139.7024719,
          35.6581801
        ]
      },
      "properties": {
        "timestamp": "2026-04-20T09:40:37Z"
      }
    },
    {
      "type": "Feature",
      "geometry": {
        "type": "Point",
        "coordinates": [
          139.7024742,
          35.6581802
        ]
      },
      "properties": {
        "timestamp": "2026-04-20T09:40:38Z"
      }
    },
    {
      "type": "Feature",
      "geometry": {
        "type": "Point",
        "coordinates": [
          139.7024686,
          35.6581796
        ]
      },
      "properties": {
        "timestamp": "2026-04-20T09:40:39Z"
      }
    },
    {
      "type": "Feature",
      "geometry": {
        "type": "Point",
        "coordinates": [
          139.7024644,
          35.6581789
        ]
      },
      "properties": {
        "timestamp": "2026-04-20T09:40:40Z"
      }
    },
    {
      "type": "Feature",
      "geometry": {
        "type": "Point",
        "coordinates": [
          139.7024678,
          35.6581782
        ]
      },
      "properties": {
        "timestamp": "2026-04-20T09:40:41Z"
      }
    },
    {
      "type": "Feature",
      "geometry": {
        "type": "Point",
        "coordinates": [
          139.7024697,
          35.6581773
        ]
      },
      "properties": {
        "timestamp": "2026-04-20T09:40:42Z"
      }
    },
    {
      "type": "Feature",
      "geometry": {
        "type": "Point",
        "coordinates": [
          139.7024749,
          35.6581794
        ]
      },
      "properties": {
        "timestamp": "2026-04-20T09:40:43Z"
      }
    },
    {
      "type": "Feature",
      "geometry": {
        "type": "Point",
        "coordinates": [
          139.7024835,
          35.6581795
        ]
      },
      "properties": {
        "timestamp": "2026-04-20T09:40:44Z"
      }
    },
    {
      "type": "Feature",
      "geometry": {
        "type": "Point",
        "coordinates": [
          139.7024882,
          35.6581786
        ]
      },
      "properties": {
        "timestamp": "2026-04-20T09:40:45Z"
      }
    },
    {
      "type": "Feature",
      "geometry": {
        "type": "Point",
        "coordinates": [
          139.7024876,
          35.658179
        ]
      },
      "properties": {
        "timestamp": "2026-04-20T09:40:46Z"
      }
    },
    {
      "type": "Feature",
      "geometry": {
        "type": "Point",
        "coordinates": [
          139.7024876,
          35.658179
        ]
      },
      "properties": {
        "timestamp": "2026-04-20T09:40:47Z"
      }
    },
    {
      "type": "Feature",
      "geometry": {
        "type": "Point",
        "coordinates": [
          139.7024876,
          35.658179
        ]
      },
      "properties": {
        "timestamp": "2026-04-20T09:40:48Z"
      }
    },
    {
      "type": "Feature",
      "geometry": {
        "type": "Point",
        "coordinates": [
          139.7024876,
          35.658179
        ]
      },
      "properties": {
        "timestamp": "2026-04-20T09:40:49Z"
      }
    },
    {
      "type": "Feature",
      "geometry": {
        "type": "Point",
        "coordinates": [
          139.7024876,
          35.658179
        ]
      },
      "properties": {
        "timestamp": "2026-04-20T09:40:50Z"
      }
    },
    {
      "type": "Feature",
      "geometry": {
        "type": "Point",
        "coordinates": [
          139.7024876,
          35.658179
        ]
      },
      "properties": {
        "timestamp": "2026-04-20T09:40:51Z"
      }
    },
    {
      "type": "Feature",
      "geometry": {
        "type": "Point",
        "coordinates": [
          139.7024876,
          35.658179
        ]
      },
      "properties": {
        "timestamp": "2026-04-20T09:40:52Z"
      }
    },
    {
      "type": "Feature",
      "geometry": {
        "type": "Point",
        "coordinates": [
          139.7024876,
          35.658179
        ]
      },
      "properties": {
        "timestamp": "2026-04-20T09:40:53Z"
      }
    },
    {
      "type": "Feature",
      "geometry": {
        "type": "Point",
        "coordinates": [
          139.7024876,
          35.658179
        ]
      },
      "properties": {
        "timestamp": "2026-04-20T09:40:54Z"
      }
    },
    {
      "type": "Feature",
      "geometry": {
        "type": "Point",
        "coordinates": [
          139.7024876,
          35.658179
        ]
      },
      "properties": {
        "timestamp": "2026-04-20T09:40:55Z"
      }
    },
    {
      "type": "Feature",
      "geometry": {
        "type": "Point",
        "coordinates": [
          139.702484,
          35.6581801
        ]
      },
      "properties": {
        "timestamp": "2026-04-20T09:40:56Z"
      }
    },
    {
      "type": "Feature",
      "geometry": {
        "type": "Point",
        "coordinates": [
          139.702482,
          35.6581796
        ]
      },
      "properties": {
        "timestamp": "2026-04-20T09:40:57Z"
      }
    },
    {
      "type": "Feature",
      "geometry": {
        "type": "Point",
        "coordinates": [
          139.7024829,
          35.6581794
        ]
      },
      "properties": {
        "timestamp": "2026-04-20T09:40:58Z"
      }
    },
    {
      "type": "Feature",
      "geometry": {
        "type": "Point",
        "coordinates": [
          139.702482,
          35.6581735
        ]
      },
      "properties": {
        "timestamp": "2026-04-20T09:40:59Z"
      }
    },
    {
      "type": "Feature",
      "geometry": {
        "type": "Point",
        "coordinates": [
          139.702483,
          35.6581686
        ]
      },
      "properties": {
        "timestamp": "2026-04-20T09:41:00Z"
      }
    },
    {
      "type": "Feature",
      "geometry": {
        "type": "Point",
        "coordinates": [
          139.7024854,
          35.6581702
        ]
      },
      "properties": {
        "timestamp": "2026-04-20T09:41:01Z"
      }
    },
    {
      "type": "Feature",
      "geometry": {
        "type": "Point",
        "coordinates": [
          139.7024848,
          35.6581727
        ]
      },
      "properties": {
        "timestamp": "2026-04-20T09:41:02Z"
      }
    },
    {
      "type": "Feature",
      "geometry": {
        "type": "Point",
        "coordinates": [
          139.7024855,
          35.6581702
        ]
      },
      "properties": {
        "timestamp": "2026-04-20T09:41:03Z"
      }
    },
    {
      "type": "Feature",
      "geometry": {
        "type": "Point",
        "coordinates": [
          139.7024856,
          35.6581693
        ]
      },
      "properties": {
        "timestamp": "2026-04-20T09:41:04Z"
      }
    },
    {
      "type": "Feature",
      "geometry": {
        "type": "Point",
        "coordinates": [
          139.7024861,
          35.6581687
        ]
      },
      "properties": {
        "timestamp": "2026-04-20T09:41:05Z"
      }
    },
    {
      "type": "Feature",
      "geometry": {
        "type": "Point",
        "coordinates": [
          139.7024847,
          35.6581646
        ]
      },
      "properties": {
        "timestamp": "2026-04-20T09:41:06Z"
      }
    },
    {
      "type": "Feature",
      "geometry": {
        "type": "Point",
        "coordinates": [
          139.7024853,
          35.6581632
        ]
      },
      "properties": {
        "timestamp": "2026-04-20T09:41:07Z"
      }
    },
    {
      "type": "Feature",
      "geometry": {
        "type": "Point",
        "coordinates": [
          139.7024825,
          35.6581619
        ]
      },
      "properties": {
        "timestamp": "2026-04-20T09:41:08Z"
      }
    },
    {
      "type": "Feature",
      "geometry": {
        "type": "Point",
        "coordinates": [
          139.7024783,
          35.65816
        ]
      },
      "properties": {
        "timestamp": "2026-04-20T09:41:09Z"
      }
    },
    {
      "type": "Feature",
      "geometry": {
        "type": "Point",
        "coordinates": [
          139.7024781,
          35.6581618
        ]
      },
      "properties": {
        "timestamp": "2026-04-20T09:41:10Z"
      }
    },
    {
      "type": "Feature",
      "geometry": {
        "type": "Point",
        "coordinates": [
          139.7024759,
          35.6581611
        ]
      },
      "properties": {
        "timestamp": "2026-04-20T09:41:11Z"
      }
    },
    {
      "type": "Feature",
      "geometry": {
        "type": "Point",
        "coordinates": [
          139.702475,
          35.658162
        ]
      },
      "properties": {
        "timestamp": "2026-04-20T09:41:12Z"
      }
    },
    {
      "type": "Feature",
      "geometry": {
        "type": "Point",
        "coordinates": [
          139.7024779,
          35.6581587
        ]
      },
      "properties": {
        "timestamp": "2026-04-20T09:41:13Z"
      }
    },
    {
      "type": "Feature",
      "geometry": {
        "type": "Point",
        "coordinates": [
          139.702481,
          35.6581557
        ]
      },
      "properties": {
        "timestamp": "2026-04-20T09:41:14Z"
      }
    },
    {
      "type": "Feature",
      "geometry": {
        "type": "Point",
        "coordinates": [
          139.7024874,
          35.6581585
        ]
      },
      "properties": {
        "timestamp": "2026-04-20T09:41:15Z"
      }
    },
    {
      "type": "Feature",
      "geometry": {
        "type": "Point",
        "coordinates": [
          139.7024907,
          35.6581627
        ]
      },
      "properties": {
        "timestamp": "2026-04-20T09:41:16Z"
      }
    },
    {
      "type": "Feature",
      "geometry": {
        "type": "Point",
        "coordinates": [
          139.7024969,
          35.6581655
        ]
      },
      "properties": {
        "timestamp": "2026-04-20T09:41:17Z"
      }
    },
    {
      "type": "Feature",
      "geometry": {
        "type": "Point",
        "coordinates": [
          139.7025009,
          35.6581696
        ]
      },
      "properties": {
        "timestamp": "2026-04-20T09:41:18Z"
      }
    },
    {
      "type": "Feature",
      "geometry": {
        "type": "Point",
        "coordinates": [
          139.7025085,
          35.6581753
        ]
      },
      "properties": {
        "timestamp": "2026-04-20T09:41:19Z"
      }
    },
    {
      "type": "Feature",
      "geometry": {
        "type": "Point",
        "coordinates": [
          139.7025108,
          35.6581756
        ]
      },
      "properties": {
        "timestamp": "2026-04-20T09:41:20Z"
      }
    },
    {
      "type": "Feature",
      "geometry": {
        "type": "Point",
        "coordinates": [
          139.7025047,
          35.6581749
        ]
      },
      "properties": {
        "timestamp": "2026-04-20T09:41:21Z"
      }
    },
    {
      "type": "Feature",
      "geometry": {
        "type": "Point",
        "coordinates": [
          139.7025035,
          35.6581769
        ]
      },
      "properties": {
        "timestamp": "2026-04-20T09:41:22Z"
      }
    },
    {
      "type": "Feature",
      "geometry": {
        "type": "Point",
        "coordinates": [
          139.7025027,
          35.6581759
        ]
      },
      "properties": {
        "timestamp": "2026-04-20T09:41:23Z"
      }
    },
    {
      "type": "Feature",
      "geometry": {
        "type": "Point",
        "coordinates": [
          139.7025106,
          35.6581771
        ]
      },
      "properties": {
        "timestamp": "2026-04-20T09:41:24Z"
      }
    },
    {
      "type": "Feature",
      "geometry": {
        "type": "Point",
        "coordinates": [
          139.7025139,
          35.6581797
        ]
      },
      "properties": {
        "timestamp": "2026-04-20T09:41:25Z"
      }
    },
    {
      "type": "Feature",
      "geometry": {
        "type": "Point",
        "coordinates": [
          139.7025165,
          35.6581799
        ]
      },
      "properties": {
        "timestamp": "2026-04-20T09:41:26Z"
      }
    },
    {
      "type": "Feature",
      "geometry": {
        "type": "Point",
        "coordinates": [
          139.7025181,
          35.6581803
        ]
      },
      "properties": {
        "timestamp": "2026-04-20T09:41:27Z"
      }
    },
    {
      "type": "Feature",
      "geometry": {
        "type": "Point",
        "coordinates": [
          139.7025207,
          35.6581838
        ]
      },
      "properties": {
        "timestamp": "2026-04-20T09:41:28Z"
      }
    },
    {
      "type": "Feature",
      "geometry": {
        "type": "Point",
        "coordinates": [
          139.7025263,
          35.6581864
        ]
      },
      "properties": {
        "timestamp": "2026-04-20T09:41:29Z"
      }
    },
    {
      "type": "Feature",
      "geometry": {
        "type": "Point",
        "coordinates": [
          139.702531,
          35.6581888
        ]
      },
      "properties": {
        "timestamp": "2026-04-20T09:41:30Z"
      }
    },
    {
      "type": "Feature",
      "geometry": {
        "type": "Point",
        "coordinates": [
          139.7025382,
          35.6581876
        ]
      },
      "properties": {
        "timestamp": "2026-04-20T09:41:31Z"
      }
    },
    {
      "type": "Feature",
      "geometry": {
        "type": "Point",
        "coordinates": [
          139.7025337,
          35.6581899
        ]
      },
      "properties": {
        "timestamp": "2026-04-20T09:41:32Z"
      }
    },
    {
      "type": "Feature",
      "geometry": {
        "type": "Point",
        "coordinates": [
          139.702527,
          35.658191
        ]
      },
      "properties": {
        "timestamp": "2026-04-20T09:41:33Z"
      }
    },
    {
      "type": "Feature",
      "geometry": {
        "type": "Point",
        "coordinates": [
          139.7025316,
          35.6581899
        ]
      },
      "properties": {
        "timestamp": "2026-04-20T09:41:34Z"
      }
    },
    {
      "type": "Feature",
      "geometry": {
        "type": "Point",
        "coordinates": [
          139.7025271,
          35.6581921
        ]
      },
      "properties": {
        "timestamp": "2026-04-20T09:41:35Z"
      }
    },
    {
      "type": "Feature",
      "geometry": {
        "type": "Point",
        "coordinates": [
          139.702525,
          35.6581951
        ]
      },
      "properties": {
        "timestamp": "2026-04-20T09:41:36Z"
      }
    },
    {
      "type": "Feature",
      "geometry": {
        "type": "Point",
        "coordinates": [
          139.7025228,
          35.6582013
        ]
      },
      "properties": {
        "timestamp": "2026-04-20T09:41:37Z"
      }
    },
    {
      "type": "Feature",
      "geometry": {
        "type": "Point",
        "coordinates": [
          139.7025218,
          35.6582097
        ]
      },
      "properties": {
        "timestamp": "2026-04-20T09:41:38Z"
      }
    },
    {
      "type": "Feature",
      "geometry": {
        "type": "Point",
        "coordinates": [
          139.7025147,
          35.6582105
        ]
      },
      "properties": {
        "timestamp": "2026-04-20T09:41:39Z"
      }
    },
    {
      "type": "Feature",
      "geometry": {
        "type": "Point",
        "coordinates": [
          139.7025085,
          35.6582146
        ]
      },
      "properties": {
        "timestamp": "2026-04-20T09:41:40Z"
      }
    },
    {
      "type": "Feature",
      "geometry": {
        "type": "Point",
        "coordinates": [
          139.7025085,
          35.6582149
        ]
      },
      "properties": {
        "timestamp": "2026-04-20T09:41:41Z"
      }
    },
    {
      "type": "Feature",
      "geometry": {
        "type": "Point",
        "coordinates": [
          139.7025085,
          35.6582149
        ]
      },
      "properties": {
        "timestamp": "2026-04-20T09:41:42Z"
      }
    },
    {
      "type": "Feature",
      "geometry": {
        "type": "Point",
        "coordinates": [
          139.7025085,
          35.6582149
        ]
      },
      "properties": {
        "timestamp": "2026-04-20T09:41:43Z"
      }
    },
    {
      "type": "Feature",
      "geometry": {
        "type": "Point",
        "coordinates": [
          139.7025085,
          35.6582149
        ]
      },
      "properties": {
        "timestamp": "2026-04-20T09:41:44Z"
      }
    },
    {
      "type": "Feature",
      "geometry": {
        "type": "Point",
        "coordinates": [
          139.7025085,
          35.6582149
        ]
      },
      "properties": {
        "timestamp": "2026-04-20T09:41:45Z"
      }
    },
    {
      "type": "Feature",
      "geometry": {
        "type": "Point",
        "coordinates": [
          139.7025085,
          35.6582149
        ]
      },
      "properties": {
        "timestamp": "2026-04-20T09:41:46Z"
      }
    },
    {
      "type": "Feature",
      "geometry": {
        "type": "Point",
        "coordinates": [
          139.7025095,
          35.6582135
        ]
      },
      "properties": {
        "timestamp": "2026-04-20T09:41:47Z"
      }
    },
    {
      "type": "Feature",
      "geometry": {
        "type": "Point",
        "coordinates": [
          139.702512,
          35.6582126
        ]
      },
      "properties": {
        "timestamp": "2026-04-20T09:41:48Z"
      }
    },
    {
      "type": "Feature",
      "geometry": {
        "type": "Point",
        "coordinates": [
          139.7025156,
          35.658214
        ]
      },
      "properties": {
        "timestamp": "2026-04-20T09:41:49Z"
      }
    },
    {
      "type": "Feature",
      "geometry": {
        "type": "Point",
        "coordinates": [
          139.7025165,
          35.6582119
        ]
      },
      "properties": {
        "timestamp": "2026-04-20T09:41:50Z"
      }
    },
    {
      "type": "Feature",
      "geometry": {
        "type": "Point",
        "coordinates": [
          139.7025202,
          35.6582109
        ]
      },
      "properties": {
        "timestamp": "2026-04-20T09:41:51Z"
      }
    },
    {
      "type": "Feature",
      "geometry": {
        "type": "Point",
        "coordinates": [
          139.7025264,
          35.6582124
        ]
      },
      "properties": {
        "timestamp": "2026-04-20T09:41:52Z"
      }
    },
    {
      "type": "Feature",
      "geometry": {
        "type": "Point",
        "coordinates": [
          139.7025269,
          35.658216
        ]
      },
      "properties": {
        "timestamp": "2026-04-20T09:41:53Z"
      }
    },
    {
      "type": "Feature",
      "geometry": {
        "type": "Point",
        "coordinates": [
          139.7025262,
          35.6582193
        ]
      },
      "properties": {
        "timestamp": "2026-04-20T09:41:54Z"
      }
    },
    {
      "type": "Feature",
      "geometry": {
        "type": "Point",
        "coordinates": [
          139.7025227,
          35.6582206
        ]
      },
      "properties": {
        "timestamp": "2026-04-20T09:41:55Z"
      }
    },
    {
      "type": "Feature",
      "geometry": {
        "type": "Point",
        "coordinates": [
          139.7025211,
          35.6582243
        ]
      },
      "properties": {
        "timestamp": "2026-04-20T09:41:56Z"
      }
    },
    {
      "type": "Feature",
      "geometry": {
        "type": "Point",
        "coordinates": [
          139.702519,
          35.6582243
        ]
      },
      "properties": {
        "timestamp": "2026-04-20T09:41:57Z"
      }
    },
    {
      "type": "Feature",
      "geometry": {
        "type": "Point",
        "coordinates": [
          139.7025187,
          35.6582247
        ]
      },
      "properties": {
        "timestamp": "2026-04-20T09:41:58Z"
      }
    },
    {
      "type": "Feature",
      "geometry": {
        "type": "Point",
        "coordinates": [
          139.7025156,
          35.6582263
        ]
      },
      "properties": {
        "timestamp": "2026-04-20T09:41:59Z"
      }
    },
    {
      "type": "Feature",
      "geometry": {
        "type": "Point",
        "coordinates": [
          139.7025178,
          35.6582247
        ]
      },
      "properties": {
        "timestamp": "2026-04-20T09:42:00Z"
      }
    },
    {
      "type": "Feature",
      "geometry": {
        "type": "Point",
        "coordinates": [
          139.7025202,
          35.6582251
        ]
      },
      "properties": {
        "timestamp": "2026-04-20T09:42:01Z"
      }
    },
    {
      "type": "Feature",
      "geometry": {
        "type": "Point",
        "coordinates": [
          139.7025191,
          35.6582294
        ]
      },
      "properties": {
        "timestamp": "2026-04-20T09:42:02Z"
      }
    },
    {
      "type": "Feature",
      "geometry": {
        "type": "Point",
        "coordinates": [
          139.70252,
          35.6582264
        ]
      },
      "properties": {
        "timestamp": "2026-04-20T09:42:03Z"
      }
    },
    {
      "type": "Feature",
      "geometry": {
        "type": "Point",
        "coordinates": [
          139.7025228,
          35.6582276
        ]
      },
      "properties": {
        "timestamp": "2026-04-20T09:42:04Z"
      }
    },
    {
      "type": "Feature",
      "geometry": {
        "type": "Point",
        "coordinates": [
          139.7025236,
          35.6582314
        ]
      },
      "properties": {
        "timestamp": "2026-04-20T09:42:05Z"
      }
    },
    {
      "type": "Feature",
      "geometry": {
        "type": "Point",
        "coordinates": [
          139.7025306,
          35.6582343
        ]
      },
      "properties": {
        "timestamp": "2026-04-20T09:42:06Z"
      }
    },
    {
      "type": "Feature",
      "geometry": {
        "type": "Point",
        "coordinates": [
          139.7025378,
          35.6582405
        ]
      },
      "properties": {
        "timestamp": "2026-04-20T09:42:07Z"
      }
    },
    {
      "type": "Feature",
      "geometry": {
        "type": "Point",
        "coordinates": [
          139.7025411,
          35.6582451
        ]
      },
      "properties": {
        "timestamp": "2026-04-20T09:42:08Z"
      }
    },
    {
      "type": "Feature",
      "geometry": {
        "type": "Point",
        "coordinates": [
          139.702546,
          35.6582432
        ]
      },
      "properties": {
        "timestamp": "2026-04-20T09:42:09Z"
      }
    },
    {
      "type": "Feature",
      "geometry": {
        "type": "Point",
        "coordinates": [
          139.7025466,
          35.6582439
        ]
      },
      "properties": {
        "timestamp": "2026-04-20T09:42:10Z"
      }
    },
    {
      "type": "Feature",
      "geometry": {
        "type": "Point",
        "coordinates": [
          139.7025509,
          35.6582517
        ]
      },
      "properties": {
        "timestamp": "2026-04-20T09:42:11Z"
      }
    },
    {
      "type": "Feature",
      "geometry": {
        "type": "Point",
        "coordinates": [
          139.7025519,
          35.65826
        ]
      },
      "properties": {
        "timestamp": "2026-04-20T09:42:12Z"
      }
    },
    {
      "type": "Feature",
      "geometry": {
        "type": "Point",
        "coordinates": [
          139.702556,
          35.6582689
        ]
      },
      "properties": {
        "timestamp": "2026-04-20T09:42:13Z"
      }
    },
    {
      "type": "Feature",
      "geometry": {
        "type": "Point",
        "coordinates": [
          139.7025629,
          35.6582686
        ]
      },
      "properties": {
        "timestamp": "2026-04-20T09:42:14Z"
      }
    },
    {
      "type": "Feature",
      "geometry": {
        "type": "Point",
        "coordinates": [
          139.7025689,
          35.6582686
        ]
      },
      "properties": {
        "timestamp": "2026-04-20T09:42:15Z"
      }
    },
    {
      "type": "Feature",
      "geometry": {
        "type": "Point",
        "coordinates": [
          139.7025721,
          35.6582691
        ]
      },
      "properties": {
        "timestamp": "2026-04-20T09:42:16Z"
      }
    },
    {
      "type": "Feature",
      "geometry": {
        "type": "Point",
        "coordinates": [
          139.7025752,
          35.6582752
        ]
      },
      "properties": {
        "timestamp": "2026-04-20T09:42:17Z"
      }
    },
    {
      "type": "Feature",
      "geometry": {
        "type": "Point",
        "coordinates": [
          139.7025735,
          35.6582773
        ]
      },
      "properties": {
        "timestamp": "2026-04-20T09:42:18Z"
      }
    },
    {
      "type": "Feature",
      "geometry": {
        "type": "Point",
        "coordinates": [
          139.7025768,
          35.6582816
        ]
      },
      "properties": {
        "timestamp": "2026-04-20T09:42:19Z"
      }
    },
    {
      "type": "Feature",
      "geometry": {
        "type": "Point",
        "coordinates": [
          139.7025814,
          35.6582915
        ]
      },
      "properties": {
        "timestamp": "2026-04-20T09:42:20Z"
      }
    },
    {
      "type": "Feature",
      "geometry": {
        "type": "Point",
        "coordinates": [
          139.702584,
          35.658291
        ]
      },
      "properties": {
        "timestamp": "2026-04-20T09:42:21Z"
      }
    },
    {
      "type": "Feature",
      "geometry": {
        "type": "Point",
        "coordinates": [
          139.7025773,
          35.6582849
        ]
      },
      "properties": {
        "timestamp": "2026-04-20T09:42:22Z"
      }
    },
    {
      "type": "Feature",
      "geometry": {
        "type": "Point",
        "coordinates": [
          139.7025773,
          35.658281
        ]
      },
      "properties": {
        "timestamp": "2026-04-20T09:42:23Z"
      }
    },
    {
      "type": "Feature",
      "geometry": {
        "type": "Point",
        "coordinates": [
          139.7025788,
          35.6582822
        ]
      },
      "properties": {
        "timestamp": "2026-04-20T09:42:24Z"
      }
    },
    {
      "type": "Feature",
      "geometry": {
        "type": "Point",
        "coordinates": [
          139.7025822,
          35.6582785
        ]
      },
      "properties": {
        "timestamp": "2026-04-20T09:42:25Z"
      }
    },
    {
      "type": "Feature",
      "geometry": {
        "type": "Point",
        "coordinates": [
          139.7025806,
          35.6582711
        ]
      },
      "properties": {
        "timestamp": "2026-04-20T09:42:26Z"
      }
    },
    {
      "type": "Feature",
      "geometry": {
        "type": "Point",
        "coordinates": [
          139.7025866,
          35.6582691
        ]
      },
      "properties": {
        "timestamp": "2026-04-20T09:42:27Z"
      }
    },
    {
      "type": "Feature",
      "geometry": {
        "type": "Point",
        "coordinates": [
          139.7025939,
          35.6582678
        ]
      },
      "properties": {
        "timestamp": "2026-04-20T09:42:28Z"
      }
    },
    {
      "type": "Feature",
      "geometry": {
        "type": "Point",
        "coordinates": [
          139.7026034,
          35.6582701
        ]
      },
      "properties": {
        "timestamp": "2026-04-20T09:42:29Z"
      }
    },
    {
      "type": "Feature",
      "geometry": {
        "type": "Point",
        "coordinates": [
          139.7026075,
          35.6582698
        ]
      },
      "properties": {
        "timestamp": "2026-04-20T09:42:30Z"
      }
    },
    {
      "type": "Feature",
      "geometry": {
        "type": "Point",
        "coordinates": [
          139.7026089,
          35.6582684
        ]
      },
      "properties": {
        "timestamp": "2026-04-20T09:42:31Z"
      }
    },
    {
      "type": "Feature",
      "geometry": {
        "type": "Point",
        "coordinates": [
          139.7026087,
          35.6582676
        ]
      },
      "properties": {
        "timestamp": "2026-04-20T09:42:32Z"
      }
    },
    {
      "type": "Feature",
      "geometry": {
        "type": "Point",
        "coordinates": [
          139.702612,
          35.6582691
        ]
      },
      "properties": {
        "timestamp": "2026-04-20T09:42:33Z"
      }
    },
    {
      "type": "Feature",
      "geometry": {
        "type": "Point",
        "coordinates": [
          139.7026187,
          35.6582686
        ]
      },
      "properties": {
        "timestamp": "2026-04-20T09:42:34Z"
      }
    },
    {
      "type": "Feature",
      "geometry": {
        "type": "Point",
        "coordinates": [
          139.7026183,
          35.6582695
        ]
      },
      "properties": {
        "timestamp": "2026-04-20T09:42:35Z"
      }
    },
    {
      "type": "Feature",
      "geometry": {
        "type": "Point",
        "coordinates": [
          139.7026209,
          35.658268
        ]
      },
      "properties": {
        "timestamp": "2026-04-20T09:42:36Z"
      }
    },
    {
      "type": "Feature",
      "geometry": {
        "type": "Point",
        "coordinates": [
          139.7026241,
          35.658264
        ]
      },
      "properties": {
        "timestamp": "2026-04-20T09:42:37Z"
      }
    },
    {
      "type": "Feature",
      "geometry": {
        "type": "Point",
        "coordinates": [
          139.7026237,
          35.6582634
        ]
      },
      "properties": {
        "timestamp": "2026-04-20T09:42:38Z"
      }
    },
    {
      "type": "Feature",
      "geometry": {
        "type": "Point",
        "coordinates": [
          139.7026237,
          35.6582634
        ]
      },
      "properties": {
        "timestamp": "2026-04-20T09:42:39Z"
      }
    },
    {
      "type": "Feature",
      "geometry": {
        "type": "Point",
        "coordinates": [
          139.7026237,
          35.6582634
        ]
      },
      "properties": {
        "timestamp": "2026-04-20T09:42:40Z"
      }
    },
    {
      "type": "Feature",
      "geometry": {
        "type": "Point",
        "coordinates": [
          139.7026237,
          35.6582634
        ]
      },
      "properties": {
        "timestamp": "2026-04-20T09:42:41Z"
      }
    },
    {
      "type": "Feature",
      "geometry": {
        "type": "Point",
        "coordinates": [
          139.7026237,
          35.6582634
        ]
      },
      "properties": {
        "timestamp": "2026-04-20T09:42:42Z"
      }
    },
    {
      "type": "Feature",
      "geometry": {
        "type": "Point",
        "coordinates": [
          139.7026237,
          35.6582634
        ]
      },
      "properties": {
        "timestamp": "2026-04-20T09:42:43Z"
      }
    },
    {
      "type": "Feature",
      "geometry": {
        "type": "Point",
        "coordinates": [
          139.7026237,
          35.6582634
        ]
      },
      "properties": {
        "timestamp": "2026-04-20T09:42:44Z"
      }
    },
    {
      "type": "Feature",
      "geometry": {
        "type": "Point",
        "coordinates": [
          139.7026237,
          35.6582634
        ]
      },
      "properties": {
        "timestamp": "2026-04-20T09:42:45Z"
      }
    },
    {
      "type": "Feature",
      "geometry": {
        "type": "Point",
        "coordinates": [
          139.7026237,
          35.6582634
        ]
      },
      "properties": {
        "timestamp": "2026-04-20T09:42:46Z"
      }
    },
    {
      "type": "Feature",
      "geometry": {
        "type": "Point",
        "coordinates": [
          139.7026237,
          35.6582634
        ]
      },
      "properties": {
        "timestamp": "2026-04-20T09:42:47Z"
      }
    },
    {
      "type": "Feature",
      "geometry": {
        "type": "Point",
        "coordinates": [
          139.7026237,
          35.6582634
        ]
      },
      "properties": {
        "timestamp": "2026-04-20T09:42:48Z"
      }
    },
    {
      "type": "Feature",
      "geometry": {
        "type": "Point",
        "coordinates": [
          139.7026237,
          35.6582634
        ]
      },
      "properties": {
        "timestamp": "2026-04-20T09:42:49Z"
      }
    },
    {
      "type": "Feature",
      "geometry": {
        "type": "Point",
        "coordinates": [
          139.7026237,
          35.6582634
        ]
      },
      "properties": {
        "timestamp": "2026-04-20T09:42:50Z"
      }
    },
    {
      "type": "Feature",
      "geometry": {
        "type": "Point",
        "coordinates": [
          139.7026237,
          35.6582634
        ]
      },
      "properties": {
        "timestamp": "2026-04-20T09:42:51Z"
      }
    },
    {
      "type": "Feature",
      "geometry": {
        "type": "Point",
        "coordinates": [
          139.7026237,
          35.6582634
        ]
      },
      "properties": {
        "timestamp": "2026-04-20T09:42:52Z"
      }
    },
    {
      "type": "Feature",
      "geometry": {
        "type": "Point",
        "coordinates": [
          139.7026237,
          35.6582634
        ]
      },
      "properties": {
        "timestamp": "2026-04-20T09:42:53Z"
      }
    },
    {
      "type": "Feature",
      "geometry": {
        "type": "Point",
        "coordinates": [
          139.7026237,
          35.6582634
        ]
      },
      "properties": {
        "timestamp": "2026-04-20T09:42:54Z"
      }
    },
    {
      "type": "Feature",
      "geometry": {
        "type": "Point",
        "coordinates": [
          139.7026237,
          35.6582634
        ]
      },
      "properties": {
        "timestamp": "2026-04-20T09:42:55Z"
      }
    },
    {
      "type": "Feature",
      "geometry": {
        "type": "Point",
        "coordinates": [
          139.7026268,
          35.6582666
        ]
      },
      "properties": {
        "timestamp": "2026-04-20T09:42:56Z"
      }
    },
    {
      "type": "Feature",
      "geometry": {
        "type": "Point",
        "coordinates": [
          139.7026317,
          35.6582685
        ]
      },
      "properties": {
        "timestamp": "2026-04-20T09:42:57Z"
      }
    },
    {
      "type": "Feature",
      "geometry": {
        "type": "Point",
        "coordinates": [
          139.7026316,
          35.6582703
        ]
      },
      "properties": {
        "timestamp": "2026-04-20T09:42:58Z"
      }
    },
    {
      "type": "Feature",
      "geometry": {
        "type": "Point",
        "coordinates": [
          139.7026286,
          35.6582682
        ]
      },
      "properties": {
        "timestamp": "2026-04-20T09:42:59Z"
      }
    },
    {
      "type": "Feature",
      "geometry": {
        "type": "Point",
        "coordinates": [
          139.7026257,
          35.6582693
        ]
      },
      "properties": {
        "timestamp": "2026-04-20T09:43:00Z"
      }
    },
    {
      "type": "Feature",
      "geometry": {
        "type": "Point",
        "coordinates": [
          139.7026235,
          35.6582695
        ]
      },
      "properties": {
        "timestamp": "2026-04-20T09:43:01Z"
      }
    },
    {
      "type": "Feature",
      "geometry": {
        "type": "Point",
        "coordinates": [
          139.702621,
          35.6582705
        ]
      },
      "properties": {
        "timestamp": "2026-04-20T09:43:02Z"
      }
    },
    {
      "type": "Feature",
      "geometry": {
        "type": "Point",
        "coordinates": [
          139.7026151,
          35.6582698
        ]
      },
      "properties": {
        "timestamp": "2026-04-20T09:43:03Z"
      }
    },
    {
      "type": "Feature",
      "geometry": {
        "type": "Point",
        "coordinates": [
          139.7026085,
          35.6582701
        ]
      },
      "properties": {
        "timestamp": "2026-04-20T09:43:04Z"
      }
    },
    {
      "type": "Feature",
      "geometry": {
        "type": "Point",
        "coordinates": [
          139.7026071,
          35.6582694
        ]
      },
      "properties": {
        "timestamp": "2026-04-20T09:43:05Z"
      }
    },
    {
      "type": "Feature",
      "geometry": {
        "type": "Point",
        "coordinates": [
          139.7026044,
          35.6582688
        ]
      },
      "properties": {
        "timestamp": "2026-04-20T09:43:06Z"
      }
    },
    {
      "type": "Feature",
      "geometry": {
        "type": "Point",
        "coordinates": [
          139.702602,
          35.6582699
        ]
      },
      "properties": {
        "timestamp": "2026-04-20T09:43:07Z"
      }
    },
    {
      "type": "Feature",
      "geometry": {
        "type": "Point",
        "coordinates": [
          139.7025989,
          35.6582701
        ]
      },
      "properties": {
        "timestamp": "2026-04-20T09:43:08Z"
      }
    },
    {
      "type": "Feature",
      "geometry": {
        "type": "Point",
        "coordinates": [
          139.7026021,
          35.6582722
        ]
      },
      "properties": {
        "timestamp": "2026-04-20T09:43:09Z"
      }
    },
    {
      "type": "Feature",
      "geometry": {
        "type": "Point",
        "coordinates": [
          139.7026114,
          35.6582765
        ]
      },
      "properties": {
        "timestamp": "2026-04-20T09:43:10Z"
      }
    },
    {
      "type": "Feature",
      "geometry": {
        "type": "Point",
        "coordinates": [
          139.7026119,
          35.6582783
        ]
      },
      "properties": {
        "timestamp": "2026-04-20T09:43:11Z"
      }
    },
    {
      "type": "Feature",
      "geometry": {
        "type": "Point",
        "coordinates": [
          139.7026133,
          35.6582786
        ]
      },
      "properties": {
        "timestamp": "2026-04-20T09:43:12Z"
      }
    },
    {
      "type": "Feature",
      "geometry": {
        "type": "Point",
        "coordinates": [
          139.7026131,
          35.6582786
        ]
      },
      "properties": {
        "timestamp": "2026-04-20T09:43:13Z"
      }
    },
    {
      "type": "Feature",
      "geometry": {
        "type": "Point",
        "coordinates": [
          139.7026131,
          35.6582786
        ]
      },
      "properties": {
        "timestamp": "2026-04-20T09:43:14Z"
      }
    },
    {
      "type": "Feature",
      "geometry": {
        "type": "Point",
        "coordinates": [
          139.7026131,
          35.6582786
        ]
      },
      "properties": {
        "timestamp": "2026-04-20T09:43:15Z"
      }
    },
    {
      "type": "Feature",
      "geometry": {
        "type": "Point",
        "coordinates": [
          139.7026131,
          35.6582786
        ]
      },
      "properties": {
        "timestamp": "2026-04-20T09:43:16Z"
      }
    },
    {
      "type": "Feature",
      "geometry": {
        "type": "Point",
        "coordinates": [
          139.7026131,
          35.6582786
        ]
      },
      "properties": {
        "timestamp": "2026-04-20T09:43:17Z"
      }
    },
    {
      "type": "Feature",
      "geometry": {
        "type": "Point",
        "coordinates": [
          139.7026131,
          35.6582786
        ]
      },
      "properties": {
        "timestamp": "2026-04-20T09:43:18Z"
      }
    },
    {
      "type": "Feature",
      "geometry": {
        "type": "Point",
        "coordinates": [
          139.7026131,
          35.6582786
        ]
      },
      "properties": {
        "timestamp": "2026-04-20T09:43:19Z"
      }
    },
    {
      "type": "Feature",
      "geometry": {
        "type": "Point",
        "coordinates": [
          139.7026131,
          35.6582786
        ]
      },
      "properties": {
        "timestamp": "2026-04-20T09:43:20Z"
      }
    },
    {
      "type": "Feature",
      "geometry": {
        "type": "Point",
        "coordinates": [
          139.7026131,
          35.6582786
        ]
      },
      "properties": {
        "timestamp": "2026-04-20T09:43:21Z"
      }
    },
    {
      "type": "Feature",
      "geometry": {
        "type": "Point",
        "coordinates": [
          139.7026131,
          35.6582786
        ]
      },
      "properties": {
        "timestamp": "2026-04-20T09:43:22Z"
      }
    },
    {
      "type": "Feature",
      "geometry": {
        "type": "Point",
        "coordinates": [
          139.7026131,
          35.6582786
        ]
      },
      "properties": {
        "timestamp": "2026-04-20T09:43:23Z"
      }
    },
    {
      "type": "Feature",
      "geometry": {
        "type": "Point",
        "coordinates": [
          139.7026155,
          35.6582762
        ]
      },
      "properties": {
        "timestamp": "2026-04-20T09:43:24Z"
      }
    },
    {
      "type": "Feature",
      "geometry": {
        "type": "Point",
        "coordinates": [
          139.7026179,
          35.6582742
        ]
      },
      "properties": {
        "timestamp": "2026-04-20T09:43:25Z"
      }
    },
    {
      "type": "Feature",
      "geometry": {
        "type": "Point",
        "coordinates": [
          139.7026217,
          35.6582729
        ]
      },
      "properties": {
        "timestamp": "2026-04-20T09:43:26Z"
      }
    },
    {
      "type": "Feature",
      "geometry": {
        "type": "Point",
        "coordinates": [
          139.7026208,
          35.658273
        ]
      },
      "properties": {
        "timestamp": "2026-04-20T09:43:27Z"
      }
    },
    {
      "type": "Feature",
      "geometry": {
        "type": "Point",
        "coordinates": [
          139.7026177,
          35.6582701
        ]
      },
      "properties": {
        "timestamp": "2026-04-20T09:43:28Z"
      }
    },
    {
      "type": "Feature",
      "geometry": {
        "type": "Point",
        "coordinates": [
          139.702613,
          35.6582697
        ]
      },
      "properties": {
        "timestamp": "2026-04-20T09:43:29Z"
      }
    },
    {
      "type": "Feature",
      "geometry": {
        "type": "Point",
        "coordinates": [
          139.7026167,
          35.6582734
        ]
      },
      "properties": {
        "timestamp": "2026-04-20T09:43:30Z"
      }
    },
    {
      "type": "Feature",
      "geometry": {
        "type": "Point",
        "coordinates": [
          139.7026179,
          35.6582735
        ]
      },
      "properties": {
        "timestamp": "2026-04-20T09:43:31Z"
      }
    },
    {
      "type": "Feature",
      "geometry": {
        "type": "Point",
        "coordinates": [
          139.7026195,
          35.6582739
        ]
      },
      "properties": {
        "timestamp": "2026-04-20T09:43:32Z"
      }
    },
    {
      "type": "Feature",
      "geometry": {
        "type": "Point",
        "coordinates": [
          139.7026192,
          35.6582708
        ]
      },
      "properties": {
        "timestamp": "2026-04-20T09:43:33Z"
      }
    },
    {
      "type": "Feature",
      "geometry": {
        "type": "Point",
        "coordinates": [
          139.7026208,
          35.6582637
        ]
      },
      "properties": {
        "timestamp": "2026-04-20T09:43:34Z"
      }
    },
    {
      "type": "Feature",
      "geometry": {
        "type": "Point",
        "coordinates": [
          139.7026215,
          35.658261
        ]
      },
      "properties": {
        "timestamp": "2026-04-20T09:43:35Z"
      }
    },
    {
      "type": "Feature",
      "geometry": {
        "type": "Point",
        "coordinates": [
          139.7026199,
          35.6582575
        ]
      },
      "properties": {
        "timestamp": "2026-04-20T09:43:36Z"
      }
    },
    {
      "type": "Feature",
      "geometry": {
        "type": "Point",
        "coordinates": [
          139.702624,
          35.6582566
        ]
      },
      "properties": {
        "timestamp": "2026-04-20T09:43:37Z"
      }
    },
    {
      "type": "Feature",
      "geometry": {
        "type": "Point",
        "coordinates": [
          139.7026283,
          35.6582577
        ]
      },
      "properties": {
        "timestamp": "2026-04-20T09:43:38Z"
      }
    },
    {
      "type": "Feature",
      "geometry": {
        "type": "Point",
        "coordinates": [
          139.7026321,
          35.658259
        ]
      },
      "properties": {
        "timestamp": "2026-04-20T09:43:39Z"
      }
    },
    {
      "type": "Feature",
      "geometry": {
        "type": "Point",
        "coordinates": [
          139.7026347,
          35.658261
        ]
      },
      "properties": {
        "timestamp": "2026-04-20T09:43:40Z"
      }
    },
    {
      "type": "Feature",
      "geometry": {
        "type": "Point",
        "coordinates": [
          139.7026308,
          35.6582614
        ]
      },
      "properties": {
        "timestamp": "2026-04-20T09:43:41Z"
      }
    },
    {
      "type": "Feature",
      "geometry": {
        "type": "Point",
        "coordinates": [
          139.7026306,
          35.6582632
        ]
      },
      "properties": {
        "timestamp": "2026-04-20T09:43:42Z"
      }
    },
    {
      "type": "Feature",
      "geometry": {
        "type": "Point",
        "coordinates": [
          139.702628,
          35.6582598
        ]
      },
      "properties": {
        "timestamp": "2026-04-20T09:43:43Z"
      }
    },
    {
      "type": "Feature",
      "geometry": {
        "type": "Point",
        "coordinates": [
          139.7026262,
          35.6582605
        ]
      },
      "properties": {
        "timestamp": "2026-04-20T09:43:44Z"
      }
    },
    {
      "type": "Feature",
      "geometry": {
        "type": "Point",
        "coordinates": [
          139.7026271,
          35.6582588
        ]
      },
      "properties": {
        "timestamp": "2026-04-20T09:43:45Z"
      }
    },
    {
      "type": "Feature",
      "geometry": {
        "type": "Point",
        "coordinates": [
          139.7026335,
          35.6582617
        ]
      },
      "properties": {
        "timestamp": "2026-04-20T09:43:46Z"
      }
    },
    {
      "type": "Feature",
      "geometry": {
        "type": "Point",
        "coordinates": [
          139.7026329,
          35.6582649
        ]
      },
      "properties": {
        "timestamp": "2026-04-20T09:43:47Z"
      }
    },
    {
      "type": "Feature",
      "geometry": {
        "type": "Point",
        "coordinates": [
          139.7026329,
          35.6582669
        ]
      },
      "properties": {
        "timestamp": "2026-04-20T09:43:48Z"
      }
    },
    {
      "type": "Feature",
      "geometry": {
        "type": "Point",
        "coordinates": [
          139.7026307,
          35.6582703
        ]
      },
      "properties": {
        "timestamp": "2026-04-20T09:43:49Z"
      }
    },
    {
      "type": "Feature",
      "geometry": {
        "type": "Point",
        "coordinates": [
          139.7026284,
          35.6582738
        ]
      },
      "properties": {
        "timestamp": "2026-04-20T09:43:50Z"
      }
    },
    {
      "type": "Feature",
      "geometry": {
        "type": "Point",
        "coordinates": [
          139.7026263,
          35.6582757
        ]
      },
      "properties": {
        "timestamp": "2026-04-20T09:43:51Z"
      }
    },
    {
      "type": "Feature",
      "geometry": {
        "type": "Point",
        "coordinates": [
          139.7026233,
          35.6582763
        ]
      },
      "properties": {
        "timestamp": "2026-04-20T09:43:52Z"
      }
    },
    {
      "type": "Feature",
      "geometry": {
        "type": "Point",
        "coordinates": [
          139.7026221,
          35.6582765
        ]
      },
      "properties": {
        "timestamp": "2026-04-20T09:43:53Z"
      }
    },
    {
      "type": "Feature",
      "geometry": {
        "type": "Point",
        "coordinates": [
          139.702621,
          35.6582804
        ]
      },
      "properties": {
        "timestamp": "2026-04-20T09:43:54Z"
      }
    },
    {
      "type": "Feature",
      "geometry": {
        "type": "Point",
        "coordinates": [
          139.7026278,
          35.658282
        ]
      },
      "properties": {
        "timestamp": "2026-04-20T09:43:55Z"
      }
    },
    {
      "type": "Feature",
      "geometry": {
        "type": "Point",
        "coordinates": [
          139.7026289,
          35.658282
        ]
      },
      "properties": {
        "timestamp": "2026-04-20T09:43:56Z"
      }
    },
    {
      "type": "Feature",
      "geometry": {
        "type": "Point",
        "coordinates": [
          139.7026244,
          35.6582874
        ]
      },
      "properties": {
        "timestamp": "2026-04-20T09:43:57Z"
      }
    },
    {
      "type": "Feature",
      "geometry": {
        "type": "Point",
        "coordinates": [
          139.7026215,
          35.6582888
        ]
      },
      "properties": {
        "timestamp": "2026-04-20T09:43:58Z"
      }
    },
    {
      "type": "Feature",
      "geometry": {
        "type": "Point",
        "coordinates": [
          139.7026175,
          35.6582907
        ]
      },
      "properties": {
        "timestamp": "2026-04-20T09:43:59Z"
      }
    },
    {
      "type": "Feature",
      "geometry": {
        "type": "Point",
        "coordinates": [
          139.7026136,
          35.6582887
        ]
      },
      "properties": {
        "timestamp": "2026-04-20T09:44:00Z"
      }
    },
    {
      "type": "Feature",
      "geometry": {
        "type": "Point",
        "coordinates": [
          139.70261,
          35.658289
        ]
      },
      "properties": {
        "timestamp": "2026-04-20T09:44:01Z"
      }
    },
    {
      "type": "Feature",
      "geometry": {
        "type": "Point",
        "coordinates": [
          139.7026053,
          35.6582913
        ]
      },
      "properties": {
        "timestamp": "2026-04-20T09:44:02Z"
      }
    },
    {
      "type": "Feature",
      "geometry": {
        "type": "Point",
        "coordinates": [
          139.7025971,
          35.6582912
        ]
      },
      "properties": {
        "timestamp": "2026-04-20T09:44:03Z"
      }
    },
    {
      "type": "Feature",
      "geometry": {
        "type": "Point",
        "coordinates": [
          139.7025959,
          35.6582894
        ]
      },
      "properties": {
        "timestamp": "2026-04-20T09:44:04Z"
      }
    },
    {
      "type": "Feature",
      "geometry": {
        "type": "Point",
        "coordinates": [
          139.7025939,
          35.6582906
        ]
      },
      "properties": {
        "timestamp": "2026-04-20T09:44:05Z"
      }
    },
    {
      "type": "Feature",
      "geometry": {
        "type": "Point",
        "coordinates": [
          139.7025916,
          35.6582879
        ]
      },
      "properties": {
        "timestamp": "2026-04-20T09:44:06Z"
      }
    },
    {
      "type": "Feature",
      "geometry": {
        "type": "Point",
        "coordinates": [
          139.7025877,
          35.6582807
        ]
      },
      "properties": {
        "timestamp": "2026-04-20T09:44:07Z"
      }
    },
    {
      "type": "Feature",
      "geometry": {
        "type": "Point",
        "coordinates": [
          139.7025818,
          35.6582829
        ]
      },
      "properties": {
        "timestamp": "2026-04-20T09:44:08Z"
      }
    },
    {
      "type": "Feature",
      "geometry": {
        "type": "Point",
        "coordinates": [
          139.7025794,
          35.658283
        ]
      },
      "properties": {
        "timestamp": "2026-04-20T09:44:09Z"
      }
    },
    {
      "type": "Feature",
      "geometry": {
        "type": "Point",
        "coordinates": [
          139.7025798,
          35.6582778
        ]
      },
      "properties": {
        "timestamp": "2026-04-20T09:44:10Z"
      }
    },
    {
      "type": "Feature",
      "geometry": {
        "type": "Point",
        "coordinates": [
          139.7025804,
          35.6582778
        ]
      },
      "properties": {
        "timestamp": "2026-04-20T09:44:11Z"
      }
    },
    {
      "type": "Feature",
      "geometry": {
        "type": "Point",
        "coordinates": [
          139.7025817,
          35.6582775
        ]
      },
      "properties": {
        "timestamp": "2026-04-20T09:44:12Z"
      }
    },
    {
      "type": "Feature",
      "geometry": {
        "type": "Point",
        "coordinates": [
          139.7025783,
          35.6582769
        ]
      },
      "properties": {
        "timestamp": "2026-04-20T09:44:13Z"
      }
    },
    {
      "type": "Feature",
      "geometry": {
        "type": "Point",
        "coordinates": [
          139.7025759,
          35.6582793
        ]
      },
      "properties": {
        "timestamp": "2026-04-20T09:44:14Z"
      }
    },
    {
      "type": "Feature",
      "geometry": {
        "type": "Point",
        "coordinates": [
          139.7025732,
          35.6582772
        ]
      },
      "properties": {
        "timestamp": "2026-04-20T09:44:15Z"
      }
    },
    {
      "type": "Feature",
      "geometry": {
        "type": "Point",
        "coordinates": [
          139.7025651,
          35.6582799
        ]
      },
      "properties": {
        "timestamp": "2026-04-20T09:44:16Z"
      }
    },
    {
      "type": "Feature",
      "geometry": {
        "type": "Point",
        "coordinates": [
          139.7025659,
          35.6582789
        ]
      },
      "properties": {
        "timestamp": "2026-04-20T09:44:17Z"
      }
    },
    {
      "type": "Feature",
      "geometry": {
        "type": "Point",
        "coordinates": [
          139.7025627,
          35.6582811
        ]
      },
      "properties": {
        "timestamp": "2026-04-20T09:44:18Z"
      }
    },
    {
      "type": "Feature",
      "geometry": {
        "type": "Point",
        "coordinates": [
          139.7025654,
          35.6582791
        ]
      },
      "properties": {
        "timestamp": "2026-04-20T09:44:19Z"
      }
    },
    {
      "type": "Feature",
      "geometry": {
        "type": "Point",
        "coordinates": [
          139.7025651,
          35.6582773
        ]
      },
      "properties": {
        "timestamp": "2026-04-20T09:44:20Z"
      }
    },
    {
      "type": "Feature",
      "geometry": {
        "type": "Point",
        "coordinates": [
          139.7025612,
          35.6582769
        ]
      },
      "properties": {
        "timestamp": "2026-04-20T09:44:21Z"
      }
    },
    {
      "type": "Feature",
      "geometry": {
        "type": "Point",
        "coordinates": [
          139.7025615,
          35.6582745
        ]
      },
      "properties": {
        "timestamp": "2026-04-20T09:44:22Z"
      }
    },
    {
      "type": "Feature",
      "geometry": {
        "type": "Point",
        "coordinates": [
          139.7025659,
          35.6582647
        ]
      },
      "properties": {
        "timestamp": "2026-04-20T09:44:23Z"
      }
    },
    {
      "type": "Feature",
      "geometry": {
        "type": "Point",
        "coordinates": [
          139.7025653,
          35.6582647
        ]
      },
      "properties": {
        "timestamp": "2026-04-20T09:44:24Z"
      }
    },
    {
      "type": "Feature",
      "geometry": {
        "type": "Point",
        "coordinates": [
          139.7025586,
          35.6582624
        ]
      },
      "properties": {
        "timestamp": "2026-04-20T09:44:25Z"
      }
    },
    {
      "type": "Feature",
      "geometry": {
        "type": "Point",
        "coordinates": [
          139.7025561,
          35.6582545
        ]
      },
      "properties": {
        "timestamp": "2026-04-20T09:44:26Z"
      }
    },
    {
      "type": "Feature",
      "geometry": {
        "type": "Point",
        "coordinates": [
          139.7025488,
          35.6582442
        ]
      },
      "properties": {
        "timestamp": "2026-04-20T09:44:27Z"
      }
    },
    {
      "type": "Feature",
      "geometry": {
        "type": "Point",
        "coordinates": [
          139.7025455,
          35.6582387
        ]
      },
      "properties": {
        "timestamp": "2026-04-20T09:44:28Z"
      }
    },
    {
      "type": "Feature",
      "geometry": {
        "type": "Point",
        "coordinates": [
          139.7025459,
          35.6582358
        ]
      },
      "properties": {
        "timestamp": "2026-04-20T09:44:29Z"
      }
    },
    {
      "type": "Feature",
      "geometry": {
        "type": "Point",
        "coordinates": [
          139.7025485,
          35.658238
        ]
      },
      "properties": {
        "timestamp": "2026-04-20T09:44:30Z"
      }
    },
    {
      "type": "Feature",
      "geometry": {
        "type": "Point",
        "coordinates": [
          139.702549,
          35.6582391
        ]
      },
      "properties": {
        "timestamp": "2026-04-20T09:44:31Z"
      }
    },
    {
      "type": "Feature",
      "geometry": {
        "type": "Point",
        "coordinates": [
          139.70255,
          35.6582449
        ]
      },
      "properties": {
        "timestamp": "2026-04-20T09:44:32Z"
      }
    },
    {
      "type": "Feature",
      "geometry": {
        "type": "Point",
        "coordinates": [
          139.70255,
          35.6582509
        ]
      },
      "properties": {
        "timestamp": "2026-04-20T09:44:33Z"
      }
    },
    {
      "type": "Feature",
      "geometry": {
        "type": "Point",
        "coordinates": [
          139.7025488,
          35.6582548
        ]
      },
      "properties": {
        "timestamp": "2026-04-20T09:44:34Z"
      }
    },
    {
      "type": "Feature",
      "geometry": {
        "type": "Point",
        "coordinates": [
          139.7025525,
          35.6582588
        ]
      },
      "properties": {
        "timestamp": "2026-04-20T09:44:35Z"
      }
    },
    {
      "type": "Feature",
      "geometry": {
        "type": "Point",
        "coordinates": [
          139.7025537,
          35.65826
        ]
      },
      "properties": {
        "timestamp": "2026-04-20T09:44:36Z"
      }
    },
    {
      "type": "Feature",
      "geometry": {
        "type": "Point",
        "coordinates": [
          139.7025593,
          35.6582635
        ]
      },
      "properties": {
        "timestamp": "2026-04-20T09:44:37Z"
      }
    },
    {
      "type": "Feature",
      "geometry": {
        "type": "Point",
        "coordinates": [
          139.7025629,
          35.6582605
        ]
      },
      "properties": {
        "timestamp": "2026-04-20T09:44:38Z"
      }
    },
    {
      "type": "Feature",
      "geometry": {
        "type": "Point",
        "coordinates": [
          139.7025666,
          35.6582577
        ]
      },
      "properties": {
        "timestamp": "2026-04-20T09:44:39Z"
      }
    },
    {
      "type": "Feature",
      "geometry": {
        "type": "Point",
        "coordinates": [
          139.7025695,
          35.6582584
        ]
      },
      "properties": {
        "timestamp": "2026-04-20T09:44:40Z"
      }
    },
    {
      "type": "Feature",
      "geometry": {
        "type": "Point",
        "coordinates": [
          139.7025707,
          35.658252
        ]
      },
      "properties": {
        "timestamp": "2026-04-20T09:44:41Z"
      }
    },
    {
      "type": "Feature",
      "geometry": {
        "type": "Point",
        "coordinates": [
          139.7025697,
          35.6582479
        ]
      },
      "properties": {
        "timestamp": "2026-04-20T09:44:42Z"
      }
    },
    {
      "type": "Feature",
      "geometry": {
        "type": "Point",
        "coordinates": [
          139.7025712,
          35.6582456
        ]
      },
      "properties": {
        "timestamp": "2026-04-20T09:44:43Z"
      }
    },
    {
      "type": "Feature",
      "geometry": {
        "type": "Point",
        "coordinates": [
          139.7025699,
          35.6582429
        ]
      },
      "properties": {
        "timestamp": "2026-04-20T09:44:44Z"
      }
    },
    {
      "type": "Feature",
      "geometry": {
        "type": "Point",
        "coordinates": [
          139.7025683,
          35.6582384
        ]
      },
      "properties": {
        "timestamp": "2026-04-20T09:44:45Z"
      }
    },
    {
      "type": "Feature",
      "geometry": {
        "type": "Point",
        "coordinates": [
          139.7025621,
          35.658232
        ]
      },
      "properties": {
        "timestamp": "2026-04-20T09:44:46Z"
      }
    },
    {
      "type": "Feature",
      "geometry": {
        "type": "Point",
        "coordinates": [
          139.7025573,
          35.6582302
        ]
      },
      "properties": {
        "timestamp": "2026-04-20T09:44:47Z"
      }
    },
    {
      "type": "Feature",
      "geometry": {
        "type": "Point",
        "coordinates": [
          139.7025587,
          35.6582257
        ]
      },
      "properties": {
        "timestamp": "2026-04-20T09:44:48Z"
      }
    },
    {
      "type": "Feature",
      "geometry": {
        "type": "Point",
        "coordinates": [
          139.7025557,
          35.6582215
        ]
      },
      "properties": {
        "timestamp": "2026-04-20T09:44:49Z"
      }
    },
    {
      "type": "Feature",
      "geometry": {
        "type": "Point",
        "coordinates": [
          139.7025562,
          35.6582135
        ]
      },
      "properties": {
        "timestamp": "2026-04-20T09:44:50Z"
      }
    },
    {
      "type": "Feature",
      "geometry": {
        "type": "Point",
        "coordinates": [
          139.7025499,
          35.6582096
        ]
      },
      "properties": {
        "timestamp": "2026-04-20T09:44:51Z"
      }
    },
    {
      "type": "Feature",
      "geometry": {
        "type": "Point",
        "coordinates": [
          139.702543,
          35.6582031
        ]
      },
      "properties": {
        "timestamp": "2026-04-20T09:44:52Z"
      }
    },
    {
      "type": "Feature",
      "geometry": {
        "type": "Point",
        "coordinates": [
          139.7025367,
          35.6581988
        ]
      },
      "properties": {
        "timestamp": "2026-04-20T09:44:53Z"
      }
    },
    {
      "type": "Feature",
      "geometry": {
        "type": "Point",
        "coordinates": [
          139.7025291,
          35.6582001
        ]
      },
      "properties": {
        "timestamp": "2026-04-20T09:44:54Z"
      }
    },
    {
      "type": "Feature",
      "geometry": {
        "type": "Point",
        "coordinates": [
          139.7025234,
          35.6581974
        ]
      },
      "properties": {
        "timestamp": "2026-04-20T09:44:55Z"
      }
    },
    {
      "type": "Feature",
      "geometry": {
        "type": "Point",
        "coordinates": [
          139.7025178,
          35.6581952
        ]
      },
      "properties": {
        "timestamp": "2026-04-20T09:44:56Z"
      }
    },
    {
      "type": "Feature",
      "geometry": {
        "type": "Point",
        "coordinates": [
          139.702511,
          35.658196
        ]
      },
      "properties": {
        "timestamp": "2026-04-20T09:44:57Z"
      }
    },
    {
      "type": "Feature",
      "geometry": {
        "type": "Point",
        "coordinates": [
          139.7025079,
          35.6581956
        ]
      },
      "properties": {
        "timestamp": "2026-04-20T09:44:58Z"
      }
    },
    {
      "type": "Feature",
      "geometry": {
        "type": "Point",
        "coordinates": [
          139.7025073,
          35.6581937
        ]
      },
      "properties": {
        "timestamp": "2026-04-20T09:44:59Z"
      }
    },
    {
      "type": "Feature",
      "geometry": {
        "type": "Point",
        "coordinates": [
          139.7025022,
          35.6581923
        ]
      },
      "properties": {
        "timestamp": "2026-04-20T09:45:00Z"
      }
    },
    {
      "type": "Feature",
      "geometry": {
        "type": "Point",
        "coordinates": [
          139.7025044,
          35.6581955
        ]
      },
      "properties": {
        "timestamp": "2026-04-20T09:45:01Z"
      }
    },
    {
      "type": "Feature",
      "geometry": {
        "type": "Point",
        "coordinates": [
          139.7024978,
          35.6581955
        ]
      },
      "properties": {
        "timestamp": "2026-04-20T09:45:02Z"
      }
    },
    {
      "type": "Feature",
      "geometry": {
        "type": "Point",
        "coordinates": [
          139.7024953,
          35.6581966
        ]
      },
      "properties": {
        "timestamp": "2026-04-20T09:45:03Z"
      }
    },
    {
      "type": "Feature",
      "geometry": {
        "type": "Point",
        "coordinates": [
          139.7024913,
          35.6582017
        ]
      },
      "properties": {
        "timestamp": "2026-04-20T09:45:04Z"
      }
    },
    {
      "type": "Feature",
      "geometry": {
        "type": "Point",
        "coordinates": [
          139.7024899,
          35.6582009
        ]
      },
      "properties": {
        "timestamp": "2026-04-20T09:45:05Z"
      }
    },
    {
      "type": "Feature",
      "geometry": {
        "type": "Point",
        "coordinates": [
          139.7024846,
          35.6581969
        ]
      },
      "properties": {
        "timestamp": "2026-04-20T09:45:06Z"
      }
    },
    {
      "type": "Feature",
      "geometry": {
        "type": "Point",
        "coordinates": [
          139.7024812,
          35.6581938
        ]
      },
      "properties": {
        "timestamp": "2026-04-20T09:45:07Z"
      }
    },
    {
      "type": "Feature",
      "geometry": {
        "type": "Point",
        "coordinates": [
          139.7024726,
          35.6581861
        ]
      },
      "properties": {
        "timestamp": "2026-04-20T09:45:08Z"
      }
    },
    {
      "type": "Feature",
      "geometry": {
        "type": "Point",
        "coordinates": [
          139.7024618,
          35.6581815
        ]
      },
      "properties": {
        "timestamp": "2026-04-20T09:45:09Z"
      }
    },
    {
      "type": "Feature",
      "geometry": {
        "type": "Point",
        "coordinates": [
          139.7024485,
          35.6581848
        ]
      },
      "properties": {
        "timestamp": "2026-04-20T09:45:10Z"
      }
    },
    {
      "type": "Feature",
      "geometry": {
        "type": "Point",
        "coordinates": [
          139.702441,
          35.6581872
        ]
      },
      "properties": {
        "timestamp": "2026-04-20T09:45:11Z"
      }
    },
    {
      "type": "Feature",
      "geometry": {
        "type": "Point",
        "coordinates": [
          139.7024338,
          35.6581869
        ]
      },
      "properties": {
        "timestamp": "2026-04-20T09:45:12Z"
      }
    },
    {
      "type": "Feature",
      "geometry": {
        "type": "Point",
        "coordinates": [
          139.7024255,
          35.6581892
        ]
      },
      "properties": {
        "timestamp": "2026-04-20T09:45:13Z"
      }
    },
    {
      "type": "Feature",
      "geometry": {
        "type": "Point",
        "coordinates": [
          139.7024139,
          35.6581879
        ]
      },
      "properties": {
        "timestamp": "2026-04-20T09:45:14Z"
      }
    },
    {
      "type": "Feature",
      "geometry": {
        "type": "Point",
        "coordinates": [
          139.7024038,
          35.6581902
        ]
      },
      "properties": {
        "timestamp": "2026-04-20T09:45:15Z"
      }
    },
    {
      "type": "Feature",
      "geometry": {
        "type": "Point",
        "coordinates": [
          139.702396,
          35.6581988
        ]
      },
      "properties": {
        "timestamp": "2026-04-20T09:45:16Z"
      }
    },
    {
      "type": "Feature",
      "geometry": {
        "type": "Point",
        "coordinates": [
          139.7023954,
          35.6582069
        ]
      },
      "properties": {
        "timestamp": "2026-04-20T09:45:17Z"
      }
    },
    {
      "type": "Feature",
      "geometry": {
        "type": "Point",
        "coordinates": [
          139.7023875,
          35.6582107
        ]
      },
      "properties": {
        "timestamp": "2026-04-20T09:45:18Z"
      }
    },
    {
      "type": "Feature",
      "geometry": {
        "type": "Point",
        "coordinates": [
          139.7023779,
          35.6582203
        ]
      },
      "properties": {
        "timestamp": "2026-04-20T09:45:19Z"
      }
    },
    {
      "type": "Feature",
      "geometry": {
        "type": "Point",
        "coordinates": [
          139.7023737,
          35.6582279
        ]
      },
      "properties": {
        "timestamp": "2026-04-20T09:45:20Z"
      }
    },
    {
      "type": "Feature",
      "geometry": {
        "type": "Point",
        "coordinates": [
          139.7023735,
          35.6582278
        ]
      },
      "properties": {
        "timestamp": "2026-04-20T09:45:21Z"
      }
    },
    {
      "type": "Feature",
      "geometry": {
        "type": "Point",
        "coordinates": [
          139.7023564,
          35.6582298
        ]
      },
      "properties": {
        "timestamp": "2026-04-20T09:45:22Z"
      }
    },
    {
      "type": "Feature",
      "geometry": {
        "type": "Point",
        "coordinates": [
          139.7023457,
          35.6582331
        ]
      },
      "properties": {
        "timestamp": "2026-04-20T09:45:23Z"
      }
    },
    {
      "type": "Feature",
      "geometry": {
        "type": "Point",
        "coordinates": [
          139.7023388,
          35.6582382
        ]
      },
      "properties": {
        "timestamp": "2026-04-20T09:45:24Z"
      }
    },
    {
      "type": "Feature",
      "geometry": {
        "type": "Point",
        "coordinates": [
          139.7023294,
          35.6582394
        ]
      },
      "properties": {
        "timestamp": "2026-04-20T09:45:25Z"
      }
    },
    {
      "type": "Feature",
      "geometry": {
        "type": "Point",
        "coordinates": [
          139.7023142,
          35.6582449
        ]
      },
      "properties": {
        "timestamp": "2026-04-20T09:45:26Z"
      }
    },
    {
      "type": "Feature",
      "geometry": {
        "type": "Point",
        "coordinates": [
          139.7022981,
          35.6582529
        ]
      },
      "properties": {
        "timestamp": "2026-04-20T09:45:27Z"
      }
    },
    {
      "type": "Feature",
      "geometry": {
        "type": "Point",
        "coordinates": [
          139.7022842,
          35.658252
        ]
      },
      "properties": {
        "timestamp": "2026-04-20T09:45:28Z"
      }
    },
    {
      "type": "Feature",
      "geometry": {
        "type": "Point",
        "coordinates": [
          139.7022708,
          35.6582576
        ]
      },
      "properties": {
        "timestamp": "2026-04-20T09:45:29Z"
      }
    },
    {
      "type": "Feature",
      "geometry": {
        "type": "Point",
        "coordinates": [
          139.7022636,
          35.658259
        ]
      },
      "properties": {
        "timestamp": "2026-04-20T09:45:30Z"
      }
    },
    {
      "type": "Feature",
      "geometry": {
        "type": "Point",
        "coordinates": [
          139.7022541,
          35.6582615
        ]
      },
      "properties": {
        "timestamp": "2026-04-20T09:45:31Z"
      }
    },
    {
      "type": "Feature",
      "geometry": {
        "type": "Point",
        "coordinates": [
          139.7022375,
          35.6582662
        ]
      },
      "properties": {
        "timestamp": "2026-04-20T09:45:32Z"
      }
    },
    {
      "type": "Feature",
      "geometry": {
        "type": "Point",
        "coordinates": [
          139.7022193,
          35.6582717
        ]
      },
      "properties": {
        "timestamp": "2026-04-20T09:45:33Z"
      }
    },
    {
      "type": "Feature",
      "geometry": {
        "type": "Point",
        "coordinates": [
          139.7022085,
          35.6582793
        ]
      },
      "properties": {
        "timestamp": "2026-04-20T09:45:34Z"
      }
    },
    {
      "type": "Feature",
      "geometry": {
        "type": "Point",
        "coordinates": [
          139.7022007,
          35.6582882
        ]
      },
      "properties": {
        "timestamp": "2026-04-20T09:45:35Z"
      }
    },
    {
      "type": "Feature",
      "geometry": {
        "type": "Point",
        "coordinates": [
          139.7021927,
          35.6582882
        ]
      },
      "properties": {
        "timestamp": "2026-04-20T09:45:36Z"
      }
    },
    {
      "type": "Feature",
      "geometry": {
        "type": "Point",
        "coordinates": [
          139.7021831,
          35.658292
        ]
      },
      "properties": {
        "timestamp": "2026-04-20T09:45:37Z"
      }
    },
    {
      "type": "Feature",
      "geometry": {
        "type": "Point",
        "coordinates": [
          139.7021722,
          35.6582979
        ]
      },
      "properties": {
        "timestamp": "2026-04-20T09:45:38Z"
      }
    },
    {
      "type": "Feature",
      "geometry": {
        "type": "Point",
        "coordinates": [
          139.7021608,
          35.6583024
        ]
      },
      "properties": {
        "timestamp": "2026-04-20T09:45:39Z"
      }
    },
    {
      "type": "Feature",
      "geometry": {
        "type": "Point",
        "coordinates": [
          139.7021487,
          35.6583052
        ]
      },
      "properties": {
        "timestamp": "2026-04-20T09:45:40Z"
      }
    },
    {
      "type": "Feature",
      "geometry": {
        "type": "Point",
        "coordinates": [
          139.7021365,
          35.6583117
        ]
      },
      "properties": {
        "timestamp": "2026-04-20T09:45:41Z"
      }
    },
    {
      "type": "Feature",
      "geometry": {
        "type": "Point",
        "coordinates": [
          139.7021329,
          35.6583184
        ]
      },
      "properties": {
        "timestamp": "2026-04-20T09:45:42Z"
      }
    },
    {
      "type": "Feature",
      "geometry": {
        "type": "Point",
        "coordinates": [
          139.7021326,
          35.6583256
        ]
      },
      "properties": {
        "timestamp": "2026-04-20T09:45:43Z"
      }
    },
    {
      "type": "Feature",
      "geometry": {
        "type": "Point",
        "coordinates": [
          139.7021363,
          35.6583301
        ]
      },
      "properties": {
        "timestamp": "2026-04-20T09:45:44Z"
      }
    },
    {
      "type": "Feature",
      "geometry": {
        "type": "Point",
        "coordinates": [
          139.7021354,
          35.6583301
        ]
      },
      "properties": {
        "timestamp": "2026-04-20T09:45:45Z"
      }
    },
    {
      "type": "Feature",
      "geometry": {
        "type": "Point",
        "coordinates": [
          139.7021354,
          35.6583301
        ]
      },
      "properties": {
        "timestamp": "2026-04-20T09:45:46Z"
      }
    },
    {
      "type": "Feature",
      "geometry": {
        "type": "Point",
        "coordinates": [
          139.7021354,
          35.6583301
        ]
      },
      "properties": {
        "timestamp": "2026-04-20T09:45:47Z"
      }
    },
    {
      "type": "Feature",
      "geometry": {
        "type": "Point",
        "coordinates": [
          139.7021354,
          35.6583301
        ]
      },
      "properties": {
        "timestamp": "2026-04-20T09:45:48Z"
      }
    },
    {
      "type": "Feature",
      "geometry": {
        "type": "Point",
        "coordinates": [
          139.7021354,
          35.6583301
        ]
      },
      "properties": {
        "timestamp": "2026-04-20T09:45:49Z"
      }
    },
    {
      "type": "Feature",
      "geometry": {
        "type": "Point",
        "coordinates": [
          139.7021354,
          35.6583301
        ]
      },
      "properties": {
        "timestamp": "2026-04-20T09:45:50Z"
      }
    },
    {
      "type": "Feature",
      "geometry": {
        "type": "Point",
        "coordinates": [
          139.7021354,
          35.6583301
        ]
      },
      "properties": {
        "timestamp": "2026-04-20T09:45:51Z"
      }
    },
    {
      "type": "Feature",
      "geometry": {
        "type": "Point",
        "coordinates": [
          139.7021324,
          35.6583329
        ]
      },
      "properties": {
        "timestamp": "2026-04-20T09:45:52Z"
      }
    },
    {
      "type": "Feature",
      "geometry": {
        "type": "Point",
        "coordinates": [
          139.7021286,
          35.6583382
        ]
      },
      "properties": {
        "timestamp": "2026-04-20T09:45:53Z"
      }
    },
    {
      "type": "Feature",
      "geometry": {
        "type": "Point",
        "coordinates": [
          139.7021324,
          35.6583386
        ]
      },
      "properties": {
        "timestamp": "2026-04-20T09:45:54Z"
      }
    },
    {
      "type": "Feature",
      "geometry": {
        "type": "Point",
        "coordinates": [
          139.7021333,
          35.6583446
        ]
      },
      "properties": {
        "timestamp": "2026-04-20T09:45:55Z"
      }
    },
    {
      "type": "Feature",
      "geometry": {
        "type": "Point",
        "coordinates": [
          139.7021313,
          35.6583503
        ]
      },
      "properties": {
        "timestamp": "2026-04-20T09:45:56Z"
      }
    },
    {
      "type": "Feature",
      "geometry": {
        "type": "Point",
        "coordinates": [
          139.7021305,
          35.6583564
        ]
      },
      "properties": {
        "timestamp": "2026-04-20T09:45:57Z"
      }
    },
    {
      "type": "Feature",
      "geometry": {
        "type": "Point",
        "coordinates": [
          139.7021344,
          35.6583634
        ]
      },
      "properties": {
        "timestamp": "2026-04-20T09:45:58Z"
      }
    },
    {
      "type": "Feature",
      "geometry": {
        "type": "Point",
        "coordinates": [
          139.7021356,
          35.6583666
        ]
      },
      "properties": {
        "timestamp": "2026-04-20T09:45:59Z"
      }
    },
    {
      "type": "Feature",
      "geometry": {
        "type": "Point",
        "coordinates": [
          139.7021416,
          35.65837
        ]
      },
      "properties": {
        "timestamp": "2026-04-20T09:46:00Z"
      }
    },
    {
      "type": "Feature",
      "geometry": {
        "type": "Point",
        "coordinates": [
          139.7021497,
          35.6583735
        ]
      },
      "properties": {
        "timestamp": "2026-04-20T09:46:01Z"
      }
    },
    {
      "type": "Feature",
      "geometry": {
        "type": "Point",
        "coordinates": [
          139.7021556,
          35.6583838
        ]
      },
      "properties": {
        "timestamp": "2026-04-20T09:46:02Z"
      }
    },
    {
      "type": "Feature",
      "geometry": {
        "type": "Point",
        "coordinates": [
          139.7021577,
          35.6583924
        ]
      },
      "properties": {
        "timestamp": "2026-04-20T09:46:03Z"
      }
    },
    {
      "type": "Feature",
      "geometry": {
        "type": "Point",
        "coordinates": [
          139.7021597,
          35.6583971
        ]
      },
      "properties": {
        "timestamp": "2026-04-20T09:46:04Z"
      }
    },
    {
      "type": "Feature",
      "geometry": {
        "type": "Point",
        "coordinates": [
          139.7021701,
          35.6584003
        ]
      },
      "properties": {
        "timestamp": "2026-04-20T09:46:05Z"
      }
    },
    {
      "type": "Feature",
      "geometry": {
        "type": "Point",
        "coordinates": [
          139.7021758,
          35.6584004
        ]
      },
      "properties": {
        "timestamp": "2026-04-20T09:46:06Z"
      }
    },
    {
      "type": "Feature",
      "geometry": {
        "type": "Point",
        "coordinates": [
          139.7021722,
          35.6583945
        ]
      },
      "properties": {
        "timestamp": "2026-04-20T09:46:07Z"
      }
    },
    {
      "type": "Feature",
      "geometry": {
        "type": "Point",
        "coordinates": [
          139.7021674,
          35.6583977
        ]
      },
      "properties": {
        "timestamp": "2026-04-20T09:46:08Z"
      }
    },
    {
      "type": "Feature",
      "geometry": {
        "type": "Point",
        "coordinates": [
          139.7021649,
          35.658409
        ]
      },
      "properties": {
        "timestamp": "2026-04-20T09:46:09Z"
      }
    },
    {
      "type": "Feature",
      "geometry": {
        "type": "Point",
        "coordinates": [
          139.7021618,
          35.6584178
        ]
      },
      "properties": {
        "timestamp": "2026-04-20T09:46:10Z"
      }
    },
    {
      "type": "Feature",
      "geometry": {
        "type": "Point",
        "coordinates": [
          139.7021671,
          35.6584294
        ]
      },
      "properties": {
        "timestamp": "2026-04-20T09:46:11Z"
      }
    },
    {
      "type": "Feature",
      "geometry": {
        "type": "Point",
        "coordinates": [
          139.7021674,
          35.6584399
        ]
      },
      "properties": {
        "timestamp": "2026-04-20T09:46:12Z"
      }
    },
    {
      "type": "Feature",
      "geometry": {
        "type": "Point",
        "coordinates": [
          139.7021704,
          35.6584508
        ]
      },
      "properties": {
        "timestamp": "2026-04-20T09:46:13Z"
      }
    },
    {
      "type": "Feature",
      "geometry": {
        "type": "Point",
        "coordinates": [
          139.7021678,
          35.6584547
        ]
      },
      "properties": {
        "timestamp": "2026-04-20T09:46:14Z"
      }
    },
    {
      "type": "Feature",
      "geometry": {
        "type": "Point",
        "coordinates": [
          139.7021617,
          35.6584636
        ]
      },
      "properties": {
        "timestamp": "2026-04-20T09:46:15Z"
      }
    },
    {
      "type": "Feature",
      "geometry": {
        "type": "Point",
        "coordinates": [
          139.7021584,
          35.6584681
        ]
      },
      "properties": {
        "timestamp": "2026-04-20T09:46:16Z"
      }
    },
    {
      "type": "Feature",
      "geometry": {
        "type": "Point",
        "coordinates": [
          139.7021487,
          35.6584699
        ]
      },
      "properties": {
        "timestamp": "2026-04-20T09:46:17Z"
      }
    },
    {
      "type": "Feature",
      "geometry": {
        "type": "Point",
        "coordinates": [
          139.702139,
          35.6584757
        ]
      },
      "properties": {
        "timestamp": "2026-04-20T09:46:18Z"
      }
    },
    {
      "type": "Feature",
      "geometry": {
        "type": "Point",
        "coordinates": [
          139.7021356,
          35.6584821
        ]
      },
      "properties": {
        "timestamp": "2026-04-20T09:46:19Z"
      }
    },
    {
      "type": "Feature",
      "geometry": {
        "type": "Point",
        "coordinates": [
          139.7021356,
          35.6584819
        ]
      },
      "properties": {
        "timestamp": "2026-04-20T09:46:20Z"
      }
    },
    {
      "type": "Feature",
      "geometry": {
        "type": "Point",
        "coordinates": [
          139.7021356,
          35.6584819
        ]
      },
      "properties": {
        "timestamp": "2026-04-20T09:46:21Z"
      }
    },
    {
      "type": "Feature",
      "geometry": {
        "type": "Point",
        "coordinates": [
          139.7021356,
          35.6584819
        ]
      },
      "properties": {
        "timestamp": "2026-04-20T09:46:22Z"
      }
    },
    {
      "type": "Feature",
      "geometry": {
        "type": "Point",
        "coordinates": [
          139.7021356,
          35.6584819
        ]
      },
      "properties": {
        "timestamp": "2026-04-20T09:46:23Z"
      }
    },
    {
      "type": "Feature",
      "geometry": {
        "type": "Point",
        "coordinates": [
          139.7021356,
          35.6584819
        ]
      },
      "properties": {
        "timestamp": "2026-04-20T09:46:24Z"
      }
    },
    {
      "type": "Feature",
      "geometry": {
        "type": "Point",
        "coordinates": [
          139.7021356,
          35.6584819
        ]
      },
      "properties": {
        "timestamp": "2026-04-20T09:46:25Z"
      }
    },
    {
      "type": "Feature",
      "geometry": {
        "type": "Point",
        "coordinates": [
          139.7021356,
          35.6584819
        ]
      },
      "properties": {
        "timestamp": "2026-04-20T09:46:26Z"
      }
    },
    {
      "type": "Feature",
      "geometry": {
        "type": "Point",
        "coordinates": [
          139.7021356,
          35.6584819
        ]
      },
      "properties": {
        "timestamp": "2026-04-20T09:46:27Z"
      }
    },
    {
      "type": "Feature",
      "geometry": {
        "type": "Point",
        "coordinates": [
          139.7021356,
          35.6584819
        ]
      },
      "properties": {
        "timestamp": "2026-04-20T09:46:28Z"
      }
    },
    {
      "type": "Feature",
      "geometry": {
        "type": "Point",
        "coordinates": [
          139.7021356,
          35.6584819
        ]
      },
      "properties": {
        "timestamp": "2026-04-20T09:46:29Z"
      }
    },
    {
      "type": "Feature",
      "geometry": {
        "type": "Point",
        "coordinates": [
          139.7021356,
          35.6584819
        ]
      },
      "properties": {
        "timestamp": "2026-04-20T09:46:30Z"
      }
    },
    {
      "type": "Feature",
      "geometry": {
        "type": "Point",
        "coordinates": [
          139.7021356,
          35.6584819
        ]
      },
      "properties": {
        "timestamp": "2026-04-20T09:46:31Z"
      }
    },
    {
      "type": "Feature",
      "geometry": {
        "type": "Point",
        "coordinates": [
          139.7021356,
          35.6584819
        ]
      },
      "properties": {
        "timestamp": "2026-04-20T09:46:32Z"
      }
    },
    {
      "type": "Feature",
      "geometry": {
        "type": "Point",
        "coordinates": [
          139.7021335,
          35.6584858
        ]
      },
      "properties": {
        "timestamp": "2026-04-20T09:46:33Z"
      }
    },
    {
      "type": "Feature",
      "geometry": {
        "type": "Point",
        "coordinates": [
          139.7021339,
          35.6584863
        ]
      },
      "properties": {
        "timestamp": "2026-04-20T09:46:34Z"
      }
    },
    {
      "type": "Feature",
      "geometry": {
        "type": "Point",
        "coordinates": [
          139.7021318,
          35.658491
        ]
      },
      "properties": {
        "timestamp": "2026-04-20T09:46:35Z"
      }
    },
    {
      "type": "Feature",
      "geometry": {
        "type": "Point",
        "coordinates": [
          139.7021294,
          35.6584926
        ]
      },
      "properties": {
        "timestamp": "2026-04-20T09:46:36Z"
      }
    },
    {
      "type": "Feature",
      "geometry": {
        "type": "Point",
        "coordinates": [
          139.7021291,
          35.65849
        ]
      },
      "properties": {
        "timestamp": "2026-04-20T09:46:37Z"
      }
    },
    {
      "type": "Feature",
      "geometry": {
        "type": "Point",
        "coordinates": [
          139.7021299,
          35.658487
        ]
      },
      "properties": {
        "timestamp": "2026-04-20T09:46:38Z"
      }
    },
    {
      "type": "Feature",
      "geometry": {
        "type": "Point",
        "coordinates": [
          139.70213,
          35.6584865
        ]
      },
      "properties": {
        "timestamp": "2026-04-20T09:46:39Z"
      }
    },
    {
      "type": "Feature",
      "geometry": {
        "type": "Point",
        "coordinates": [
          139.7021261,
          35.6584842
        ]
      },
      "properties": {
        "timestamp": "2026-04-20T09:46:40Z"
      }
    },
    {
      "type": "Feature",
      "geometry": {
        "type": "Point",
        "coordinates": [
          139.7021263,
          35.6584839
        ]
      },
      "properties": {
        "timestamp": "2026-04-20T09:46:41Z"
      }
    },
    {
      "type": "Feature",
      "geometry": {
        "type": "Point",
        "coordinates": [
          139.7021311,
          35.658481
        ]
      },
      "properties": {
        "timestamp": "2026-04-20T09:46:42Z"
      }
    },
    {
      "type": "Feature",
      "geometry": {
        "type": "Point",
        "coordinates": [
          139.7021405,
          35.6584793
        ]
      },
      "properties": {
        "timestamp": "2026-04-20T09:46:43Z"
      }
    },
    {
      "type": "Feature",
      "geometry": {
        "type": "Point",
        "coordinates": [
          139.7021406,
          35.6584796
        ]
      },
      "properties": {
        "timestamp": "2026-04-20T09:46:44Z"
      }
    },
    {
      "type": "Feature",
      "geometry": {
        "type": "Point",
        "coordinates": [
          139.7021406,
          35.6584796
        ]
      },
      "properties": {
        "timestamp": "2026-04-20T09:46:45Z"
      }
    },
    {
      "type": "Feature",
      "geometry": {
        "type": "Point",
        "coordinates": [
          139.7021406,
          35.6584796
        ]
      },
      "properties": {
        "timestamp": "2026-04-20T09:46:46Z"
      }
    },
    {
      "type": "Feature",
      "geometry": {
        "type": "Point",
        "coordinates": [
          139.7021406,
          35.6584796
        ]
      },
      "properties": {
        "timestamp": "2026-04-20T09:46:47Z"
      }
    },
    {
      "type": "Feature",
      "geometry": {
        "type": "Point",
        "coordinates": [
          139.7021406,
          35.6584796
        ]
      },
      "properties": {
        "timestamp": "2026-04-20T09:46:48Z"
      }
    },
    {
      "type": "Feature",
      "geometry": {
        "type": "Point",
        "coordinates": [
          139.7021381,
          35.6584935
        ]
      },
      "properties": {
        "timestamp": "2026-04-20T09:46:49Z"
      }
    },
    {
      "type": "Feature",
      "geometry": {
        "type": "Point",
        "coordinates": [
          139.7021452,
          35.6584965
        ]
      },
      "properties": {
        "timestamp": "2026-04-20T09:46:50Z"
      }
    },
    {
      "type": "Feature",
      "geometry": {
        "type": "Point",
        "coordinates": [
          139.7021688,
          35.6584976
        ]
      },
      "properties": {
        "timestamp": "2026-04-20T09:46:51Z"
      }
    },
    {
      "type": "Feature",
      "geometry": {
        "type": "Point",
        "coordinates": [
          139.7021789,
          35.6585034
        ]
      },
      "properties": {
        "timestamp": "2026-04-20T09:46:52Z"
      }
    },
    {
      "type": "Feature",
      "geometry": {
        "type": "Point",
        "coordinates": [
          139.7021868,
          35.6585024
        ]
      },
      "properties": {
        "timestamp": "2026-04-20T09:46:53Z"
      }
    },
    {
      "type": "Feature",
      "geometry": {
        "type": "Point",
        "coordinates": [
          139.7021739,
          35.6585047
        ]
      },
      "properties": {
        "timestamp": "2026-04-20T09:46:54Z"
      }
    },
    {
      "type": "Feature",
      "geometry": {
        "type": "Point",
        "coordinates": [
          139.702169,
          35.6585054
        ]
      },
      "properties": {
        "timestamp": "2026-04-20T09:46:55Z"
      }
    },
    {
      "type": "Feature",
      "geometry": {
        "type": "Point",
        "coordinates": [
          139.7021621,
          35.6585042
        ]
      },
      "properties": {
        "timestamp": "2026-04-20T09:46:56Z"
      }
    },
    {
      "type": "Feature",
      "geometry": {
        "type": "Point",
        "coordinates": [
          139.7021618,
          35.6585037
        ]
      },
      "properties": {
        "timestamp": "2026-04-20T09:46:57Z"
      }
    },
    {
      "type": "Feature",
      "geometry": {
        "type": "Point",
        "coordinates": [
          139.7021555,
          35.6585007
        ]
      },
      "properties": {
        "timestamp": "2026-04-20T09:46:58Z"
      }
    },
    {
      "type": "Feature",
      "geometry": {
        "type": "Point",
        "coordinates": [
          139.702149,
          35.6584889
        ]
      },
      "properties": {
        "timestamp": "2026-04-20T09:46:59Z"
      }
    },
    {
      "type": "Feature",
      "geometry": {
        "type": "Point",
        "coordinates": [
          139.7021401,
          35.6584796
        ]
      },
      "properties": {
        "timestamp": "2026-04-20T09:47:00Z"
      }
    },
    {
      "type": "Feature",
      "geometry": {
        "type": "Point",
        "coordinates": [
          139.7021354,
          35.6584715
        ]
      },
      "properties": {
        "timestamp": "2026-04-20T09:47:01Z"
      }
    },
    {
      "type": "Feature",
      "geometry": {
        "type": "Point",
        "coordinates": [
          139.7021277,
          35.6584711
        ]
      },
      "properties": {
        "timestamp": "2026-04-20T09:47:02Z"
      }
    },
    {
      "type": "Feature",
      "geometry": {
        "type": "Point",
        "coordinates": [
          139.702124,
          35.6584602
        ]
      },
      "properties": {
        "timestamp": "2026-04-20T09:47:03Z"
      }
    },
    {
      "type": "Feature",
      "geometry": {
        "type": "Point",
        "coordinates": [
          139.7021217,
          35.6584547
        ]
      },
      "properties": {
        "timestamp": "2026-04-20T09:47:04Z"
      }
    },
    {
      "type": "Feature",
      "geometry": {
        "type": "Point",
        "coordinates": [
          139.7021197,
          35.6584471
        ]
      },
      "properties": {
        "timestamp": "2026-04-20T09:47:05Z"
      }
    },
    {
      "type": "Feature",
      "geometry": {
        "type": "Point",
        "coordinates": [
          139.7021212,
          35.6584464
        ]
      },
      "properties": {
        "timestamp": "2026-04-20T09:47:06Z"
      }
    },
    {
      "type": "Feature",
      "geometry": {
        "type": "Point",
        "coordinates": [
          139.7021171,
          35.6584444
        ]
      },
      "properties": {
        "timestamp": "2026-04-20T09:47:07Z"
      }
    },
    {
      "type": "Feature",
      "geometry": {
        "type": "Point",
        "coordinates": [
          139.7021159,
          35.6584459
        ]
      },
      "properties": {
        "timestamp": "2026-04-20T09:47:08Z"
      }
    },
    {
      "type": "Feature",
      "geometry": {
        "type": "Point",
        "coordinates": [
          139.7021164,
          35.6584454
        ]
      },
      "properties": {
        "timestamp": "2026-04-20T09:47:09Z"
      }
    },
    {
      "type": "Feature",
      "geometry": {
        "type": "Point",
        "coordinates": [
          139.7021176,
          35.6584413
        ]
      },
      "properties": {
        "timestamp": "2026-04-20T09:47:10Z"
      }
    },
    {
      "type": "Feature",
      "geometry": {
        "type": "Point",
        "coordinates": [
          139.702118,
          35.6584418
        ]
      },
      "properties": {
        "timestamp": "2026-04-20T09:47:11Z"
      }
    },
    {
      "type": "Feature",
      "geometry": {
        "type": "Point",
        "coordinates": [
          139.7021225,
          35.658438
        ]
      },
      "properties": {
        "timestamp": "2026-04-20T09:47:12Z"
      }
    },
    {
      "type": "Feature",
      "geometry": {
        "type": "Point",
        "coordinates": [
          139.7021238,
          35.6584283
        ]
      },
      "properties": {
        "timestamp": "2026-04-20T09:47:13Z"
      }
    },
    {
      "type": "Feature",
      "geometry": {
        "type": "Point",
        "coordinates": [
          139.7021286,
          35.6584236
        ]
      },
      "properties": {
        "timestamp": "2026-04-20T09:47:14Z"
      }
    },
    {
      "type": "Feature",
      "geometry": {
        "type": "Point",
        "coordinates": [
          139.7021359,
          35.6584202
        ]
      },
      "properties": {
        "timestamp": "2026-04-20T09:47:15Z"
      }
    },
    {
      "type": "Feature",
      "geometry": {
        "type": "Point",
        "coordinates": [
          139.7021499,
          35.6584182
        ]
      },
      "properties": {
        "timestamp": "2026-04-20T09:47:16Z"
      }
    },
    {
      "type": "Feature",
      "geometry": {
        "type": "Point",
        "coordinates": [
          139.702172,
          35.6584141
        ]
      },
      "properties": {
        "timestamp": "2026-04-20T09:47:17Z"
      }
    },
    {
      "type": "Feature",
      "geometry": {
        "type": "Point",
        "coordinates": [
          139.7021908,
          35.6584089
        ]
      },
      "properties": {
        "timestamp": "2026-04-20T09:47:18Z"
      }
    },
    {
      "type": "Feature",
      "geometry": {
        "type": "Point",
        "coordinates": [
          139.7022111,
          35.658405
        ]
      },
      "properties": {
        "timestamp": "2026-04-20T09:47:19Z"
      }
    },
    {
      "type": "Feature",
      "geometry": {
        "type": "Point",
        "coordinates": [
          139.7022271,
          35.6584005
        ]
      },
      "properties": {
        "timestamp": "2026-04-20T09:47:20Z"
      }
    },
    {
      "type": "Feature",
      "geometry": {
        "type": "Point",
        "coordinates": [
          139.7022449,
          35.6583928
        ]
      },
      "properties": {
        "timestamp": "2026-04-20T09:47:21Z"
      }
    },
    {
      "type": "Feature",
      "geometry": {
        "type": "Point",
        "coordinates": [
          139.7022592,
          35.6583828
        ]
      },
      "properties": {
        "timestamp": "2026-04-20T09:47:22Z"
      }
    },
    {
      "type": "Feature",
      "geometry": {
        "type": "Point",
        "coordinates": [
          139.7022696,
          35.6583702
        ]
      },
      "properties": {
        "timestamp": "2026-04-20T09:47:23Z"
      }
    },
    {
      "type": "Feature",
      "geometry": {
        "type": "Point",
        "coordinates": [
          139.7022836,
          35.6583586
        ]
      },
      "properties": {
        "timestamp": "2026-04-20T09:47:24Z"
      }
    },
    {
      "type": "Feature",
      "geometry": {
        "type": "Point",
        "coordinates": [
          139.7023013,
          35.658347
        ]
      },
      "properties": {
        "timestamp": "2026-04-20T09:47:25Z"
      }
    },
    {
      "type": "Feature",
      "geometry": {
        "type": "Point",
        "coordinates": [
          139.7023189,
          35.65834
        ]
      },
      "properties": {
        "timestamp": "2026-04-20T09:47:26Z"
      }
    },
    {
      "type": "Feature",
      "geometry": {
        "type": "Point",
        "coordinates": [
          139.7023328,
          35.658334
        ]
      },
      "properties": {
        "timestamp": "2026-04-20T09:47:27Z"
      }
    },
    {
      "type": "Feature",
      "geometry": {
        "type": "Point",
        "coordinates": [
          139.7023519,
          35.6583286
        ]
      },
      "properties": {
        "timestamp": "2026-04-20T09:47:28Z"
      }
    },
    {
      "type": "Feature",
      "geometry": {
        "type": "Point",
        "coordinates": [
          139.702367,
          35.6583243
        ]
      },
      "properties": {
        "timestamp": "2026-04-20T09:47:29Z"
      }
    },
    {
      "type": "Feature",
      "geometry": {
        "type": "Point",
        "coordinates": [
          139.702383,
          35.6583171
        ]
      },
      "properties": {
        "timestamp": "2026-04-20T09:47:30Z"
      }
    },
    {
      "type": "Feature",
      "geometry": {
        "type": "Point",
        "coordinates": [
          139.7023941,
          35.6583013
        ]
      },
      "properties": {
        "timestamp": "2026-04-20T09:47:31Z"
      }
    },
    {
      "type": "Feature",
      "geometry": {
        "type": "Point",
        "coordinates": [
          139.7023989,
          35.658292
        ]
      },
      "properties": {
        "timestamp": "2026-04-20T09:47:32Z"
      }
    },
    {
      "type": "Feature",
      "geometry": {
        "type": "Point",
        "coordinates": [
          139.7024063,
          35.6582861
        ]
      },
      "properties": {
        "timestamp": "2026-04-20T09:47:33Z"
      }
    },
    {
      "type": "Feature",
      "geometry": {
        "type": "Point",
        "coordinates": [
          139.7024093,
          35.6582838
        ]
      },
      "properties": {
        "timestamp": "2026-04-20T09:47:34Z"
      }
    },
    {
      "type": "Feature",
      "geometry": {
        "type": "Point",
        "coordinates": [
          139.7024111,
          35.6582861
        ]
      },
      "properties": {
        "timestamp": "2026-04-20T09:47:35Z"
      }
    },
    {
      "type": "Feature",
      "geometry": {
        "type": "Point",
        "coordinates": [
          139.702414,
          35.6582928
        ]
      },
      "properties": {
        "timestamp": "2026-04-20T09:47:36Z"
      }
    },
    {
      "type": "Feature",
      "geometry": {
        "type": "Point",
        "coordinates": [
          139.7024179,
          35.6582923
        ]
      },
      "properties": {
        "timestamp": "2026-04-20T09:47:37Z"
      }
    },
    {
      "type": "Feature",
      "geometry": {
        "type": "Point",
        "coordinates": [
          139.7024177,
          35.6582921
        ]
      },
      "properties": {
        "timestamp": "2026-04-20T09:47:38Z"
      }
    },
    {
      "type": "Feature",
      "geometry": {
        "type": "Point",
        "coordinates": [
          139.7024177,
          35.6582921
        ]
      },
      "properties": {
        "timestamp": "2026-04-20T09:47:39Z"
      }
    },
    {
      "type": "Feature",
      "geometry": {
        "type": "Point",
        "coordinates": [
          139.7024177,
          35.6582921
        ]
      },
      "properties": {
        "timestamp": "2026-04-20T09:47:40Z"
      }
    },
    {
      "type": "Feature",
      "geometry": {
        "type": "Point",
        "coordinates": [
          139.7024255,
          35.6582949
        ]
      },
      "properties": {
        "timestamp": "2026-04-20T09:47:41Z"
      }
    },
    {
      "type": "Feature",
      "geometry": {
        "type": "Point",
        "coordinates": [
          139.7024258,
          35.6582949
        ]
      },
      "properties": {
        "timestamp": "2026-04-20T09:47:42Z"
      }
    },
    {
      "type": "Feature",
      "geometry": {
        "type": "Point",
        "coordinates": [
          139.702428,
          35.6582906
        ]
      },
      "properties": {
        "timestamp": "2026-04-20T09:47:43Z"
      }
    },
    {
      "type": "Feature",
      "geometry": {
        "type": "Point",
        "coordinates": [
          139.7024283,
          35.6582908
        ]
      },
      "properties": {
        "timestamp": "2026-04-20T09:47:44Z"
      }
    },
    {
      "type": "Feature",
      "geometry": {
        "type": "Point",
        "coordinates": [
          139.7024283,
          35.6582908
        ]
      },
      "properties": {
        "timestamp": "2026-04-20T09:47:45Z"
      }
    },
    {
      "type": "Feature",
      "geometry": {
        "type": "Point",
        "coordinates": [
          139.7024331,
          35.6582924
        ]
      },
      "properties": {
        "timestamp": "2026-04-20T09:47:46Z"
      }
    },
    {
      "type": "Feature",
      "geometry": {
        "type": "Point",
        "coordinates": [
          139.7024373,
          35.6582938
        ]
      },
      "properties": {
        "timestamp": "2026-04-20T09:47:47Z"
      }
    },
    {
      "type": "Feature",
      "geometry": {
        "type": "Point",
        "coordinates": [
          139.7024395,
          35.6582986
        ]
      },
      "properties": {
        "timestamp": "2026-04-20T09:47:48Z"
      }
    },
    {
      "type": "Feature",
      "geometry": {
        "type": "Point",
        "coordinates": [
          139.7024385,
          35.6583026
        ]
      },
      "properties": {
        "timestamp": "2026-04-20T09:47:49Z"
      }
    },
    {
      "type": "Feature",
      "geometry": {
        "type": "Point",
        "coordinates": [
          139.7024415,
          35.6583041
        ]
      },
      "properties": {
        "timestamp": "2026-04-20T09:47:50Z"
      }
    },
    {
      "type": "Feature",
      "geometry": {
        "type": "Point",
        "coordinates": [
          139.7024468,
          35.6583028
        ]
      },
      "properties": {
        "timestamp": "2026-04-20T09:47:51Z"
      }
    },
    {
      "type": "Feature",
      "geometry": {
        "type": "Point",
        "coordinates": [
          139.7024496,
          35.6583009
        ]
      },
      "properties": {
        "timestamp": "2026-04-20T09:47:52Z"
      }
    },
    {
      "type": "Feature",
      "geometry": {
        "type": "Point",
        "coordinates": [
          139.7024493,
          35.6582969
        ]
      },
      "properties": {
        "timestamp": "2026-04-20T09:47:53Z"
      }
    },
    {
      "type": "Feature",
      "geometry": {
        "type": "Point",
        "coordinates": [
          139.7024561,
          35.658295
        ]
      },
      "properties": {
        "timestamp": "2026-04-20T09:47:54Z"
      }
    },
    {
      "type": "Feature",
      "geometry": {
        "type": "Point",
        "coordinates": [
          139.7024587,
          35.6582931
        ]
      },
      "properties": {
        "timestamp": "2026-04-20T09:47:55Z"
      }
    },
    {
      "type": "Feature",
      "geometry": {
        "type": "Point",
        "coordinates": [
          139.7024574,
          35.6582917
        ]
      },
      "properties": {
        "timestamp": "2026-04-20T09:47:56Z"
      }
    },
    {
      "type": "Feature",
      "geometry": {
        "type": "Point",
        "coordinates": [
          139.702459,
          35.6582874
        ]
      },
      "properties": {
        "timestamp": "2026-04-20T09:47:57Z"
      }
    },
    {
      "type": "Feature",
      "geometry": {
        "type": "Point",
        "coordinates": [
          139.7024604,
          35.6582841
        ]
      },
      "properties": {
        "timestamp": "2026-04-20T09:47:58Z"
      }
    },
    {
      "type": "Feature",
      "geometry": {
        "type": "Point",
        "coordinates": [
          139.7024603,
          35.658284
        ]
      },
      "properties": {
        "timestamp": "2026-04-20T09:47:59Z"
      }
    },
    {
      "type": "Feature",
      "geometry": {
        "type": "Point",
        "coordinates": [
          139.7024603,
          35.658284
        ]
      },
      "properties": {
        "timestamp": "2026-04-20T09:48:00Z"
      }
    },
    {
      "type": "Feature",
      "geometry": {
        "type": "Point",
        "coordinates": [
          139.7024603,
          35.658284
        ]
      },
      "properties": {
        "timestamp": "2026-04-20T09:48:01Z"
      }
    },
    {
      "type": "Feature",
      "geometry": {
        "type": "Point",
        "coordinates": [
          139.7024603,
          35.658284
        ]
      },
      "properties": {
        "timestamp": "2026-04-20T09:48:02Z"
      }
    },
    {
      "type": "Feature",
      "geometry": {
        "type": "Point",
        "coordinates": [
          139.7024603,
          35.658284
        ]
      },
      "properties": {
        "timestamp": "2026-04-20T09:48:03Z"
      }
    },
    {
      "type": "Feature",
      "geometry": {
        "type": "Point",
        "coordinates": [
          139.7024603,
          35.658284
        ]
      },
      "properties": {
        "timestamp": "2026-04-20T09:48:04Z"
      }
    },
    {
      "type": "Feature",
      "geometry": {
        "type": "Point",
        "coordinates": [
          139.7024603,
          35.658284
        ]
      },
      "properties": {
        "timestamp": "2026-04-20T09:48:05Z"
      }
    },
    {
      "type": "Feature",
      "geometry": {
        "type": "Point",
        "coordinates": [
          139.7024603,
          35.658284
        ]
      },
      "properties": {
        "timestamp": "2026-04-20T09:48:06Z"
      }
    },
    {
      "type": "Feature",
      "geometry": {
        "type": "Point",
        "coordinates": [
          139.7024603,
          35.658284
        ]
      },
      "properties": {
        "timestamp": "2026-04-20T09:48:07Z"
      }
    },
    {
      "type": "Feature",
      "geometry": {
        "type": "Point",
        "coordinates": [
          139.7024603,
          35.658284
        ]
      },
      "properties": {
        "timestamp": "2026-04-20T09:48:08Z"
      }
    },
    {
      "type": "Feature",
      "geometry": {
        "type": "Point",
        "coordinates": [
          139.7024603,
          35.658284
        ]
      },
      "properties": {
        "timestamp": "2026-04-20T09:48:09Z"
      }
    },
    {
      "type": "Feature",
      "geometry": {
        "type": "Point",
        "coordinates": [
          139.7024603,
          35.658284
        ]
      },
      "properties": {
        "timestamp": "2026-04-20T09:48:10Z"
      }
    },
    {
      "type": "Feature",
      "geometry": {
        "type": "Point",
        "coordinates": [
          139.7024603,
          35.658284
        ]
      },
      "properties": {
        "timestamp": "2026-04-20T09:48:11Z"
      }
    },
    {
      "type": "Feature",
      "geometry": {
        "type": "Point",
        "coordinates": [
          139.7024593,
          35.6582833
        ]
      },
      "properties": {
        "timestamp": "2026-04-20T09:48:12Z"
      }
    },
    {
      "type": "Feature",
      "geometry": {
        "type": "Point",
        "coordinates": [
          139.702459,
          35.6582856
        ]
      },
      "properties": {
        "timestamp": "2026-04-20T09:48:13Z"
      }
    },
    {
      "type": "Feature",
      "geometry": {
        "type": "Point",
        "coordinates": [
          139.7024594,
          35.6582811
        ]
      },
      "properties": {
        "timestamp": "2026-04-20T09:48:14Z"
      }
    },
    {
      "type": "Feature",
      "geometry": {
        "type": "Point",
        "coordinates": [
          139.7024525,
          35.6582745
        ]
      },
      "properties": {
        "timestamp": "2026-04-20T09:48:15Z"
      }
    },
    {
      "type": "Feature",
      "geometry": {
        "type": "Point",
        "coordinates": [
          139.7024518,
          35.6582735
        ]
      },
      "properties": {
        "timestamp": "2026-04-20T09:48:16Z"
      }
    },
    {
      "type": "Feature",
      "geometry": {
        "type": "Point",
        "coordinates": [
          139.7024445,
          35.6582723
        ]
      },
      "properties": {
        "timestamp": "2026-04-20T09:48:17Z"
      }
    },
    {
      "type": "Feature",
      "geometry": {
        "type": "Point",
        "coordinates": [
          139.7024466,
          35.6582672
        ]
      },
      "properties": {
        "timestamp": "2026-04-20T09:48:18Z"
      }
    },
    {
      "type": "Feature",
      "geometry": {
        "type": "Point",
        "coordinates": [
          139.7024507,
          35.6582624
        ]
      },
      "properties": {
        "timestamp": "2026-04-20T09:48:19Z"
      }
    },
    {
      "type": "Feature",
      "geometry": {
        "type": "Point",
        "coordinates": [
          139.7024486,
          35.6582625
        ]
      },
      "properties": {
        "timestamp": "2026-04-20T09:48:20Z"
      }
    },
    {
      "type": "Feature",
      "geometry": {
        "type": "Point",
        "coordinates": [
          139.7024511,
          35.6582646
        ]
      },
      "properties": {
        "timestamp": "2026-04-20T09:48:21Z"
      }
    },
    {
      "type": "Feature",
      "geometry": {
        "type": "Point",
        "coordinates": [
          139.7024556,
          35.658264
        ]
      },
      "properties": {
        "timestamp": "2026-04-20T09:48:22Z"
      }
    },
    {
      "type": "Feature",
      "geometry": {
        "type": "Point",
        "coordinates": [
          139.7024557,
          35.6582641
        ]
      },
      "properties": {
        "timestamp": "2026-04-20T09:48:23Z"
      }
    },
    {
      "type": "Feature",
      "geometry": {
        "type": "Point",
        "coordinates": [
          139.7024479,
          35.6582645
        ]
      },
      "properties": {
        "timestamp": "2026-04-20T09:48:24Z"
      }
    },
    {
      "type": "Feature",
      "geometry": {
        "type": "Point",
        "coordinates": [
          139.7024478,
          35.6582657
        ]
      },
      "properties": {
        "timestamp": "2026-04-20T09:48:25Z"
      }
    },
    {
      "type": "Feature",
      "geometry": {
        "type": "Point",
        "coordinates": [
          139.7024467,
          35.6582653
        ]
      },
      "properties": {
        "timestamp": "2026-04-20T09:48:26Z"
      }
    },
    {
      "type": "Feature",
      "geometry": {
        "type": "Point",
        "coordinates": [
          139.7024456,
          35.6582644
        ]
      },
      "properties": {
        "timestamp": "2026-04-20T09:48:27Z"
      }
    },
    {
      "type": "Feature",
      "geometry": {
        "type": "Point",
        "coordinates": [
          139.7024477,
          35.6582655
        ]
      },
      "properties": {
        "timestamp": "2026-04-20T09:48:28Z"
      }
    },
    {
      "type": "Feature",
      "geometry": {
        "type": "Point",
        "coordinates": [
          139.7024513,
          35.658268
        ]
      },
      "properties": {
        "timestamp": "2026-04-20T09:48:29Z"
      }
    },
    {
      "type": "Feature",
      "geometry": {
        "type": "Point",
        "coordinates": [
          139.7024521,
          35.6582673
        ]
      },
      "properties": {
        "timestamp": "2026-04-20T09:48:30Z"
      }
    },
    {
      "type": "Feature",
      "geometry": {
        "type": "Point",
        "coordinates": [
          139.7024493,
          35.6582637
        ]
      },
      "properties": {
        "timestamp": "2026-04-20T09:48:31Z"
      }
    },
    {
      "type": "Feature",
      "geometry": {
        "type": "Point",
        "coordinates": [
          139.7024475,
          35.65826
        ]
      },
      "properties": {
        "timestamp": "2026-04-20T09:48:32Z"
      }
    },
    {
      "type": "Feature",
      "geometry": {
        "type": "Point",
        "coordinates": [
          139.7024428,
          35.6582563
        ]
      },
      "properties": {
        "timestamp": "2026-04-20T09:48:33Z"
      }
    },
    {
      "type": "Feature",
      "geometry": {
        "type": "Point",
        "coordinates": [
          139.7024447,
          35.6582559
        ]
      },
      "properties": {
        "timestamp": "2026-04-20T09:48:34Z"
      }
    },
    {
      "type": "Feature",
      "geometry": {
        "type": "Point",
        "coordinates": [
          139.7024429,
          35.6582537
        ]
      },
      "properties": {
        "timestamp": "2026-04-20T09:48:35Z"
      }
    },
    {
      "type": "Feature",
      "geometry": {
        "type": "Point",
        "coordinates": [
          139.702441,
          35.6582543
        ]
      },
      "properties": {
        "timestamp": "2026-04-20T09:48:36Z"
      }
    },
    {
      "type": "Feature",
      "geometry": {
        "type": "Point",
        "coordinates": [
          139.7024406,
          35.6582557
        ]
      },
      "properties": {
        "timestamp": "2026-04-20T09:48:37Z"
      }
    },
    {
      "type": "Feature",
      "geometry": {
        "type": "Point",
        "coordinates": [
          139.7024425,
          35.6582555
        ]
      },
      "properties": {
        "timestamp": "2026-04-20T09:48:38Z"
      }
    },
    {
      "type": "Feature",
      "geometry": {
        "type": "Point",
        "coordinates": [
          139.7024449,
          35.6582534
        ]
      },
      "properties": {
        "timestamp": "2026-04-20T09:48:39Z"
      }
    },
    {
      "type": "Feature",
      "geometry": {
        "type": "Point",
        "coordinates": [
          139.7024511,
          35.6582508
        ]
      },
      "properties": {
        "timestamp": "2026-04-20T09:48:40Z"
      }
    },
    {
      "type": "Feature",
      "geometry": {
        "type": "Point",
        "coordinates": [
          139.7024533,
          35.6582467
        ]
      },
      "properties": {
        "timestamp": "2026-04-20T09:48:41Z"
      }
    },
    {
      "type": "Feature",
      "geometry": {
        "type": "Point",
        "coordinates": [
          139.7024563,
          35.6582471
        ]
      },
      "properties": {
        "timestamp": "2026-04-20T09:48:42Z"
      }
    },
    {
      "type": "Feature",
      "geometry": {
        "type": "Point",
        "coordinates": [
          139.7024545,
          35.6582465
        ]
      },
      "properties": {
        "timestamp": "2026-04-20T09:48:43Z"
      }
    },
    {
      "type": "Feature",
      "geometry": {
        "type": "Point",
        "coordinates": [
          139.7024547,
          35.6582415
        ]
      },
      "properties": {
        "timestamp": "2026-04-20T09:48:44Z"
      }
    },
    {
      "type": "Feature",
      "geometry": {
        "type": "Point",
        "coordinates": [
          139.7024522,
          35.6582404
        ]
      },
      "properties": {
        "timestamp": "2026-04-20T09:48:45Z"
      }
    },
    {
      "type": "Feature",
      "geometry": {
        "type": "Point",
        "coordinates": [
          139.7024537,
          35.6582446
        ]
      },
      "properties": {
        "timestamp": "2026-04-20T09:48:46Z"
      }
    },
    {
      "type": "Feature",
      "geometry": {
        "type": "Point",
        "coordinates": [
          139.7024509,
          35.658247
        ]
      },
      "properties": {
        "timestamp": "2026-04-20T09:48:47Z"
      }
    },
    {
      "type": "Feature",
      "geometry": {
        "type": "Point",
        "coordinates": [
          139.7024458,
          35.6582482
        ]
      },
      "properties": {
        "timestamp": "2026-04-20T09:48:48Z"
      }
    },
    {
      "type": "Feature",
      "geometry": {
        "type": "Point",
        "coordinates": [
          139.7024395,
          35.6582508
        ]
      },
      "properties": {
        "timestamp": "2026-04-20T09:48:49Z"
      }
    },
    {
      "type": "Feature",
      "geometry": {
        "type": "Point",
        "coordinates": [
          139.702432,
          35.6582528
        ]
      },
      "properties": {
        "timestamp": "2026-04-20T09:48:50Z"
      }
    },
    {
      "type": "Feature",
      "geometry": {
        "type": "Point",
        "coordinates": [
          139.702433,
          35.6582563
        ]
      },
      "properties": {
        "timestamp": "2026-04-20T09:48:51Z"
      }
    },
    {
      "type": "Feature",
      "geometry": {
        "type": "Point",
        "coordinates": [
          139.7024347,
          35.6582586
        ]
      },
      "properties": {
        "timestamp": "2026-04-20T09:48:52Z"
      }
    },
    {
      "type": "Feature",
      "geometry": {
        "type": "Point",
        "coordinates": [
          139.7024332,
          35.6582584
        ]
      },
      "properties": {
        "timestamp": "2026-04-20T09:48:53Z"
      }
    },
    {
      "type": "Feature",
      "geometry": {
        "type": "Point",
        "coordinates": [
          139.7024344,
          35.6582595
        ]
      },
      "properties": {
        "timestamp": "2026-04-20T09:48:54Z"
      }
    },
    {
      "type": "Feature",
      "geometry": {
        "type": "Point",
        "coordinates": [
          139.7024302,
          35.6582645
        ]
      },
      "properties": {
        "timestamp": "2026-04-20T09:48:55Z"
      }
    },
    {
      "type": "Feature",
      "geometry": {
        "type": "Point",
        "coordinates": [
          139.7024286,
          35.6582672
        ]
      },
      "properties": {
        "timestamp": "2026-04-20T09:48:56Z"
      }
    },
    {
      "type": "Feature",
      "geometry": {
        "type": "Point",
        "coordinates": [
          139.7024241,
          35.6582682
        ]
      },
      "properties": {
        "timestamp": "2026-04-20T09:48:57Z"
      }
    },
    {
      "type": "Feature",
      "geometry": {
        "type": "Point",
        "coordinates": [
          139.7024317,
          35.6582706
        ]
      },
      "properties": {
        "timestamp": "2026-04-20T09:48:58Z"
      }
    },
    {
      "type": "Feature",
      "geometry": {
        "type": "Point",
        "coordinates": [
          139.7024338,
          35.6582729
        ]
      },
      "properties": {
        "timestamp": "2026-04-20T09:48:59Z"
      }
    },
    {
      "type": "Feature",
      "geometry": {
        "type": "Point",
        "coordinates": [
          139.7024344,
          35.6582738
        ]
      },
      "properties": {
        "timestamp": "2026-04-20T09:49:00Z"
      }
    },
    {
      "type": "Feature",
      "geometry": {
        "type": "Point",
        "coordinates": [
          139.7024344,
          35.6582738
        ]
      },
      "properties": {
        "timestamp": "2026-04-20T09:49:01Z"
      }
    },
    {
      "type": "Feature",
      "geometry": {
        "type": "Point",
        "coordinates": [
          139.7024343,
          35.6582786
        ]
      },
      "properties": {
        "timestamp": "2026-04-20T09:49:02Z"
      }
    },
    {
      "type": "Feature",
      "geometry": {
        "type": "Point",
        "coordinates": [
          139.7024297,
          35.6582835
        ]
      },
      "properties": {
        "timestamp": "2026-04-20T09:49:03Z"
      }
    },
    {
      "type": "Feature",
      "geometry": {
        "type": "Point",
        "coordinates": [
          139.7024272,
          35.6582841
        ]
      },
      "properties": {
        "timestamp": "2026-04-20T09:49:04Z"
      }
    },
    {
      "type": "Feature",
      "geometry": {
        "type": "Point",
        "coordinates": [
          139.7024255,
          35.6582827
        ]
      },
      "properties": {
        "timestamp": "2026-04-20T09:49:05Z"
      }
    },
    {
      "type": "Feature",
      "geometry": {
        "type": "Point",
        "coordinates": [
          139.7024282,
          35.6582837
        ]
      },
      "properties": {
        "timestamp": "2026-04-20T09:49:06Z"
      }
    },
    {
      "type": "Feature",
      "geometry": {
        "type": "Point",
        "coordinates": [
          139.7024265,
          35.6582914
        ]
      },
      "properties": {
        "timestamp": "2026-04-20T09:49:07Z"
      }
    },
    {
      "type": "Feature",
      "geometry": {
        "type": "Point",
        "coordinates": [
          139.7024198,
          35.6582923
        ]
      },
      "properties": {
        "timestamp": "2026-04-20T09:49:08Z"
      }
    },
    {
      "type": "Feature",
      "geometry": {
        "type": "Point",
        "coordinates": [
          139.702419,
          35.6582923
        ]
      },
      "properties": {
        "timestamp": "2026-04-20T09:49:09Z"
      }
    },
    {
      "type": "Feature",
      "geometry": {
        "type": "Point",
        "coordinates": [
          139.7024162,
          35.6582971
        ]
      },
      "properties": {
        "timestamp": "2026-04-20T09:49:10Z"
      }
    },
    {
      "type": "Feature",
      "geometry": {
        "type": "Point",
        "coordinates": [
          139.7024121,
          35.6582993
        ]
      },
      "properties": {
        "timestamp": "2026-04-20T09:49:11Z"
      }
    },
    {
      "type": "Feature",
      "geometry": {
        "type": "Point",
        "coordinates": [
          139.7024125,
          35.658307
        ]
      },
      "properties": {
        "timestamp": "2026-04-20T09:49:12Z"
      }
    },
    {
      "type": "Feature",
      "geometry": {
        "type": "Point",
        "coordinates": [
          139.7024043,
          35.658303
        ]
      },
      "properties": {
        "timestamp": "2026-04-20T09:49:13Z"
      }
    },
    {
      "type": "Feature",
      "geometry": {
        "type": "Point",
        "coordinates": [
          139.7024037,
          35.6583026
        ]
      },
      "properties": {
        "timestamp": "2026-04-20T09:49:14Z"
      }
    },
    {
      "type": "Feature",
      "geometry": {
        "type": "Point",
        "coordinates": [
          139.7024063,
          35.6583055
        ]
      },
      "properties": {
        "timestamp": "2026-04-20T09:49:15Z"
      }
    },
    {
      "type": "Feature",
      "geometry": {
        "type": "Point",
        "coordinates": [
          139.702402,
          35.6583054
        ]
      },
      "properties": {
        "timestamp": "2026-04-20T09:49:16Z"
      }
    },
    {
      "type": "Feature",
      "geometry": {
        "type": "Point",
        "coordinates": [
          139.7024015,
          35.658306
        ]
      },
      "properties": {
        "timestamp": "2026-04-20T09:49:17Z"
      }
    },
    {
      "type": "Feature",
      "geometry": {
        "type": "Point",
        "coordinates": [
          139.702398,
          35.6583045
        ]
      },
      "properties": {
        "timestamp": "2026-04-20T09:49:18Z"
      }
    },
    {
      "type": "Feature",
      "geometry": {
        "type": "Point",
        "coordinates": [
          139.7023918,
          35.6583077
        ]
      },
      "properties": {
        "timestamp": "2026-04-20T09:49:19Z"
      }
    },
    {
      "type": "Feature",
      "geometry": {
        "type": "Point",
        "coordinates": [
          139.7023883,
          35.6583108
        ]
      },
      "properties": {
        "timestamp": "2026-04-20T09:49:20Z"
      }
    },
    {
      "type": "Feature",
      "geometry": {
        "type": "Point",
        "coordinates": [
          139.7023758,
          35.658318
        ]
      },
      "properties": {
        "timestamp": "2026-04-20T09:49:21Z"
      }
    },
    {
      "type": "Feature",
      "geometry": {
        "type": "Point",
        "coordinates": [
          139.7023659,
          35.6583247
        ]
      },
      "properties": {
        "timestamp": "2026-04-20T09:49:22Z"
      }
    },
    {
      "type": "Feature",
      "geometry": {
        "type": "Point",
        "coordinates": [
          139.7023563,
          35.6583255
        ]
      },
      "properties": {
        "timestamp": "2026-04-20T09:49:23Z"
      }
    },
    {
      "type": "Feature",
      "geometry": {
        "type": "Point",
        "coordinates": [
          139.7023525,
          35.6583251
        ]
      },
      "properties": {
        "timestamp": "2026-04-20T09:49:24Z"
      }
    },
    {
      "type": "Feature",
      "geometry": {
        "type": "Point",
        "coordinates": [
          139.7023517,
          35.6583259
        ]
      },
      "properties": {
        "timestamp": "2026-04-20T09:49:25Z"
      }
    },
    {
      "type": "Feature",
      "geometry": {
        "type": "Point",
        "coordinates": [
          139.702359,
          35.6583264
        ]
      },
      "properties": {
        "timestamp": "2026-04-20T09:49:26Z"
      }
    },
    {
      "type": "Feature",
      "geometry": {
        "type": "Point",
        "coordinates": [
          139.7023628,
          35.6583244
        ]
      },
      "properties": {
        "timestamp": "2026-04-20T09:49:27Z"
      }
    },
    {
      "type": "Feature",
      "geometry": {
        "type": "Point",
        "coordinates": [
          139.7023581,
          35.6583292
        ]
      },
      "properties": {
        "timestamp": "2026-04-20T09:49:28Z"
      }
    },
    {
      "type": "Feature",
      "geometry": {
        "type": "Point",
        "coordinates": [
          139.7023566,
          35.6583298
        ]
      },
      "properties": {
        "timestamp": "2026-04-20T09:49:29Z"
      }
    },
    {
      "type": "Feature",
      "geometry": {
        "type": "Point",
        "coordinates": [
          139.7023566,
          35.6583298
        ]
      },
      "properties": {
        "timestamp": "2026-04-20T09:49:30Z"
      }
    },
    {
      "type": "Feature",
      "geometry": {
        "type": "Point",
        "coordinates": [
          139.7023566,
          35.6583298
        ]
      },
      "properties": {
        "timestamp": "2026-04-20T09:49:31Z"
      }
    },
    {
      "type": "Feature",
      "geometry": {
        "type": "Point",
        "coordinates": [
          139.7023566,
          35.6583298
        ]
      },
      "properties": {
        "timestamp": "2026-04-20T09:49:32Z"
      }
    },
    {
      "type": "Feature",
      "geometry": {
        "type": "Point",
        "coordinates": [
          139.7023566,
          35.6583298
        ]
      },
      "properties": {
        "timestamp": "2026-04-20T09:49:33Z"
      }
    },
    {
      "type": "Feature",
      "geometry": {
        "type": "Point",
        "coordinates": [
          139.7023576,
          35.6583322
        ]
      },
      "properties": {
        "timestamp": "2026-04-20T09:49:34Z"
      }
    },
    {
      "type": "Feature",
      "geometry": {
        "type": "Point",
        "coordinates": [
          139.7023517,
          35.6583356
        ]
      },
      "properties": {
        "timestamp": "2026-04-20T09:49:35Z"
      }
    },
    {
      "type": "Feature",
      "geometry": {
        "type": "Point",
        "coordinates": [
          139.7023456,
          35.6583392
        ]
      },
      "properties": {
        "timestamp": "2026-04-20T09:49:36Z"
      }
    },
    {
      "type": "Feature",
      "geometry": {
        "type": "Point",
        "coordinates": [
          139.70234,
          35.6583426
        ]
      },
      "properties": {
        "timestamp": "2026-04-20T09:49:37Z"
      }
    },
    {
      "type": "Feature",
      "geometry": {
        "type": "Point",
        "coordinates": [
          139.702334,
          35.6583448
        ]
      },
      "properties": {
        "timestamp": "2026-04-20T09:49:38Z"
      }
    },
    {
      "type": "Feature",
      "geometry": {
        "type": "Point",
        "coordinates": [
          139.7023295,
          35.658348
        ]
      },
      "properties": {
        "timestamp": "2026-04-20T09:49:39Z"
      }
    },
    {
      "type": "Feature",
      "geometry": {
        "type": "Point",
        "coordinates": [
          139.7023242,
          35.6583513
        ]
      },
      "properties": {
        "timestamp": "2026-04-20T09:49:40Z"
      }
    },
    {
      "type": "Feature",
      "geometry": {
        "type": "Point",
        "coordinates": [
          139.7023202,
          35.658354
        ]
      },
      "properties": {
        "timestamp": "2026-04-20T09:49:41Z"
      }
    },
    {
      "type": "Feature",
      "geometry": {
        "type": "Point",
        "coordinates": [
          139.7023175,
          35.6583571
        ]
      },
      "properties": {
        "timestamp": "2026-04-20T09:49:42Z"
      }
    },
    {
      "type": "Feature",
      "geometry": {
        "type": "Point",
        "coordinates": [
          139.7023118,
          35.6583621
        ]
      },
      "properties": {
        "timestamp": "2026-04-20T09:49:43Z"
      }
    },
    {
      "type": "Feature",
      "geometry": {
        "type": "Point",
        "coordinates": [
          139.7023151,
          35.6583644
        ]
      },
      "properties": {
        "timestamp": "2026-04-20T09:49:44Z"
      }
    },
    {
      "type": "Feature",
      "geometry": {
        "type": "Point",
        "coordinates": [
          139.7023137,
          35.6583637
        ]
      },
      "properties": {
        "timestamp": "2026-04-20T09:49:45Z"
      }
    },
    {
      "type": "Feature",
      "geometry": {
        "type": "Point",
        "coordinates": [
          139.7023109,
          35.6583671
        ]
      },
      "properties": {
        "timestamp": "2026-04-20T09:49:46Z"
      }
    },
    {
      "type": "Feature",
      "geometry": {
        "type": "Point",
        "coordinates": [
          139.7023088,
          35.6583698
        ]
      },
      "properties": {
        "timestamp": "2026-04-20T09:49:47Z"
      }
    },
    {
      "type": "Feature",
      "geometry": {
        "type": "Point",
        "coordinates": [
          139.7023096,
          35.6583734
        ]
      },
      "properties": {
        "timestamp": "2026-04-20T09:49:48Z"
      }
    },
    {
      "type": "Feature",
      "geometry": {
        "type": "Point",
        "coordinates": [
          139.7023138,
          35.6583773
        ]
      },
      "properties": {
        "timestamp": "2026-04-20T09:49:49Z"
      }
    },
    {
      "type": "Feature",
      "geometry": {
        "type": "Point",
        "coordinates": [
          139.7023107,
          35.658382
        ]
      },
      "properties": {
        "timestamp": "2026-04-20T09:49:50Z"
      }
    },
    {
      "type": "Feature",
      "geometry": {
        "type": "Point",
        "coordinates": [
          139.7023109,
          35.6583838
        ]
      },
      "properties": {
        "timestamp": "2026-04-20T09:49:51Z"
      }
    },
    {
      "type": "Feature",
      "geometry": {
        "type": "Point",
        "coordinates": [
          139.7023109,
          35.6583838
        ]
      },
      "properties": {
        "timestamp": "2026-04-20T09:49:52Z"
      }
    },
    {
      "type": "Feature",
      "geometry": {
        "type": "Point",
        "coordinates": [
          139.7023131,
          35.6583881
        ]
      },
      "properties": {
        "timestamp": "2026-04-20T09:49:53Z"
      }
    },
    {
      "type": "Feature",
      "geometry": {
        "type": "Point",
        "coordinates": [
          139.7023131,
          35.6583885
        ]
      },
      "properties": {
        "timestamp": "2026-04-20T09:49:54Z"
      }
    },
    {
      "type": "Feature",
      "geometry": {
        "type": "Point",
        "coordinates": [
          139.7023185,
          35.6583853
        ]
      },
      "properties": {
        "timestamp": "2026-04-20T09:49:55Z"
      }
    },
    {
      "type": "Feature",
      "geometry": {
        "type": "Point",
        "coordinates": [
          139.7023174,
          35.6583833
        ]
      },
      "properties": {
        "timestamp": "2026-04-20T09:49:56Z"
      }
    },
    {
      "type": "Feature",
      "geometry": {
        "type": "Point",
        "coordinates": [
          139.7023203,
          35.6583828
        ]
      },
      "properties": {
        "timestamp": "2026-04-20T09:49:57Z"
      }
    },
    {
      "type": "Feature",
      "geometry": {
        "type": "Point",
        "coordinates": [
          139.7023144,
          35.6583825
        ]
      },
      "properties": {
        "timestamp": "2026-04-20T09:49:58Z"
      }
    },
    {
      "type": "Feature",
      "geometry": {
        "type": "Point",
        "coordinates": [
          139.7023149,
          35.6583889
        ]
      },
      "properties": {
        "timestamp": "2026-04-20T09:49:59Z"
      }
    },
    {
      "type": "Feature",
      "geometry": {
        "type": "Point",
        "coordinates": [
          139.7023152,
          35.6583915
        ]
      },
      "properties": {
        "timestamp": "2026-04-20T09:50:00Z"
      }
    },
    {
      "type": "Feature",
      "geometry": {
        "type": "Point",
        "coordinates": [
          139.7023137,
          35.6583945
        ]
      },
      "properties": {
        "timestamp": "2026-04-20T09:50:01Z"
      }
    },
    {
      "type": "Feature",
      "geometry": {
        "type": "Point",
        "coordinates": [
          139.7023124,
          35.6583954
        ]
      },
      "properties": {
        "timestamp": "2026-04-20T09:50:02Z"
      }
    },
    {
      "type": "Feature",
      "geometry": {
        "type": "Point",
        "coordinates": [
          139.7023142,
          35.6584016
        ]
      },
      "properties": {
        "timestamp": "2026-04-20T09:50:03Z"
      }
    },
    {
      "type": "Feature",
      "geometry": {
        "type": "Point",
        "coordinates": [
          139.7023116,
          35.6584066
        ]
      },
      "properties": {
        "timestamp": "2026-04-20T09:50:04Z"
      }
    },
    {
      "type": "Feature",
      "geometry": {
        "type": "Point",
        "coordinates": [
          139.7023105,
          35.6584074
        ]
      },
      "properties": {
        "timestamp": "2026-04-20T09:50:05Z"
      }
    },
    {
      "type": "Feature",
      "geometry": {
        "type": "Point",
        "coordinates": [
          139.7023051,
          35.6584118
        ]
      },
      "properties": {
        "timestamp": "2026-04-20T09:50:06Z"
      }
    },
    {
      "type": "Feature",
      "geometry": {
        "type": "Point",
        "coordinates": [
          139.7023007,
          35.6584151
        ]
      },
      "properties": {
        "timestamp": "2026-04-20T09:50:07Z"
      }
    },
    {
      "type": "Feature",
      "geometry": {
        "type": "Point",
        "coordinates": [
          139.7023031,
          35.6584236
        ]
      },
      "properties": {
        "timestamp": "2026-04-20T09:50:08Z"
      }
    },
    {
      "type": "Feature",
      "geometry": {
        "type": "Point",
        "coordinates": [
          139.7023015,
          35.6584311
        ]
      },
      "properties": {
        "timestamp": "2026-04-20T09:50:09Z"
      }
    },
    {
      "type": "Feature",
      "geometry": {
        "type": "Point",
        "coordinates": [
          139.7023038,
          35.6584421
        ]
      },
      "properties": {
        "timestamp": "2026-04-20T09:50:10Z"
      }
    },
    {
      "type": "Feature",
      "geometry": {
        "type": "Point",
        "coordinates": [
          139.7023017,
          35.6584474
        ]
      },
      "properties": {
        "timestamp": "2026-04-20T09:50:11Z"
      }
    },
    {
      "type": "Feature",
      "geometry": {
        "type": "Point",
        "coordinates": [
          139.7023022,
          35.6584513
        ]
      },
      "properties": {
        "timestamp": "2026-04-20T09:50:12Z"
      }
    },
    {
      "type": "Feature",
      "geometry": {
        "type": "Point",
        "coordinates": [
          139.7023084,
          35.6584473
        ]
      },
      "properties": {
        "timestamp": "2026-04-20T09:50:13Z"
      }
    },
    {
      "type": "Feature",
      "geometry": {
        "type": "Point",
        "coordinates": [
          139.7023084,
          35.6584532
        ]
      },
      "properties": {
        "timestamp": "2026-04-20T09:50:14Z"
      }
    },
    {
      "type": "Feature",
      "geometry": {
        "type": "Point",
        "coordinates": [
          139.7023048,
          35.6584534
        ]
      },
      "properties": {
        "timestamp": "2026-04-20T09:50:15Z"
      }
    },
    {
      "type": "Feature",
      "geometry": {
        "type": "Point",
        "coordinates": [
          139.7023074,
          35.6584568
        ]
      },
      "properties": {
        "timestamp": "2026-04-20T09:50:16Z"
      }
    },
    {
      "type": "Feature",
      "geometry": {
        "type": "Point",
        "coordinates": [
          139.7023074,
          35.6584631
        ]
      },
      "properties": {
        "timestamp": "2026-04-20T09:50:17Z"
      }
    },
    {
      "type": "Feature",
      "geometry": {
        "type": "Point",
        "coordinates": [
          139.7023021,
          35.6584712
        ]
      },
      "properties": {
        "timestamp": "2026-04-20T09:50:18Z"
      }
    },
    {
      "type": "Feature",
      "geometry": {
        "type": "Point",
        "coordinates": [
          139.7023043,
          35.6584751
        ]
      },
      "properties": {
        "timestamp": "2026-04-20T09:50:19Z"
      }
    },
    {
      "type": "Feature",
      "geometry": {
        "type": "Point",
        "coordinates": [
          139.702299,
          35.6584837
        ]
      },
      "properties": {
        "timestamp": "2026-04-20T09:50:20Z"
      }
    },
    {
      "type": "Feature",
      "geometry": {
        "type": "Point",
        "coordinates": [
          139.7022985,
          35.6584888
        ]
      },
      "properties": {
        "timestamp": "2026-04-20T09:50:21Z"
      }
    },
    {
      "type": "Feature",
      "geometry": {
        "type": "Point",
        "coordinates": [
          139.7022984,
          35.6584923
        ]
      },
      "properties": {
        "timestamp": "2026-04-20T09:50:22Z"
      }
    },
    {
      "type": "Feature",
      "geometry": {
        "type": "Point",
        "coordinates": [
          139.7022978,
          35.6584966
        ]
      },
      "properties": {
        "timestamp": "2026-04-20T09:50:23Z"
      }
    },
    {
      "type": "Feature",
      "geometry": {
        "type": "Point",
        "coordinates": [
          139.7022976,
          35.6584973
        ]
      },
      "properties": {
        "timestamp": "2026-04-20T09:50:24Z"
      }
    },
    {
      "type": "Feature",
      "geometry": {
        "type": "Point",
        "coordinates": [
          139.7022968,
          35.6584964
        ]
      },
      "properties": {
        "timestamp": "2026-04-20T09:50:25Z"
      }
    },
    {
      "type": "Feature",
      "geometry": {
        "type": "Point",
        "coordinates": [
          139.7022973,
          35.6584972
        ]
      },
      "properties": {
        "timestamp": "2026-04-20T09:50:26Z"
      }
    },
    {
      "type": "Feature",
      "geometry": {
        "type": "Point",
        "coordinates": [
          139.7023043,
          35.6585036
        ]
      },
      "properties": {
        "timestamp": "2026-04-20T09:50:27Z"
      }
    },
    {
      "type": "Feature",
      "geometry": {
        "type": "Point",
        "coordinates": [
          139.7023066,
          35.6585078
        ]
      },
      "properties": {
        "timestamp": "2026-04-20T09:50:28Z"
      }
    },
    {
      "type": "Feature",
      "geometry": {
        "type": "Point",
        "coordinates": [
          139.7023021,
          35.6585118
        ]
      },
      "properties": {
        "timestamp": "2026-04-20T09:50:29Z"
      }
    },
    {
      "type": "Feature",
      "geometry": {
        "type": "Point",
        "coordinates": [
          139.7023014,
          35.6585189
        ]
      },
      "properties": {
        "timestamp": "2026-04-20T09:50:30Z"
      }
    },
    {
      "type": "Feature",
      "geometry": {
        "type": "Point",
        "coordinates": [
          139.7022937,
          35.6585231
        ]
      },
      "properties": {
        "timestamp": "2026-04-20T09:50:31Z"
      }
    },
    {
      "type": "Feature",
      "geometry": {
        "type": "Point",
        "coordinates": [
          139.702294,
          35.6585314
        ]
      },
      "properties": {
        "timestamp": "2026-04-20T09:50:32Z"
      }
    },
    {
      "type": "Feature",
      "geometry": {
        "type": "Point",
        "coordinates": [
          139.7022958,
          35.6585421
        ]
      },
      "properties": {
        "timestamp": "2026-04-20T09:50:33Z"
      }
    },
    {
      "type": "Feature",
      "geometry": {
        "type": "Point",
        "coordinates": [
          139.7022984,
          35.6585481
        ]
      },
      "properties": {
        "timestamp": "2026-04-20T09:50:34Z"
      }
    },
    {
      "type": "Feature",
      "geometry": {
        "type": "Point",
        "coordinates": [
          139.7022908,
          35.6585521
        ]
      },
      "properties": {
        "timestamp": "2026-04-20T09:50:35Z"
      }
    },
    {
      "type": "Feature",
      "geometry": {
        "type": "Point",
        "coordinates": [
          139.7022891,
          35.6585563
        ]
      },
      "properties": {
        "timestamp": "2026-04-20T09:50:36Z"
      }
    },
    {
      "type": "Feature",
      "geometry": {
        "type": "Point",
        "coordinates": [
          139.7022912,
          35.6585519
        ]
      },
      "properties": {
        "timestamp": "2026-04-20T09:50:37Z"
      }
    },
    {
      "type": "Feature",
      "geometry": {
        "type": "Point",
        "coordinates": [
          139.7022885,
          35.6585544
        ]
      },
      "properties": {
        "timestamp": "2026-04-20T09:50:38Z"
      }
    },
    {
      "type": "Feature",
      "geometry": {
        "type": "Point",
        "coordinates": [
          139.7022862,
          35.6585542
        ]
      },
      "properties": {
        "timestamp": "2026-04-20T09:50:39Z"
      }
    },
    {
      "type": "Feature",
      "geometry": {
        "type": "Point",
        "coordinates": [
          139.7022911,
          35.658561
        ]
      },
      "properties": {
        "timestamp": "2026-04-20T09:50:40Z"
      }
    },
    {
      "type": "Feature",
      "geometry": {
        "type": "Point",
        "coordinates": [
          139.702291,
          35.6585608
        ]
      },
      "properties": {
        "timestamp": "2026-04-20T09:50:41Z"
      }
    },
    {
      "type": "Feature",
      "geometry": {
        "type": "Point",
        "coordinates": [
          139.7022906,
          35.6585543
        ]
      },
      "properties": {
        "timestamp": "2026-04-20T09:50:42Z"
      }
    },
    {
      "type": "Feature",
      "geometry": {
        "type": "Point",
        "coordinates": [
          139.7022906,
          35.6585459
        ]
      },
      "properties": {
        "timestamp": "2026-04-20T09:50:43Z"
      }
    },
    {
      "type": "Feature",
      "geometry": {
        "type": "Point",
        "coordinates": [
          139.7022902,
          35.6585459
        ]
      },
      "properties": {
        "timestamp": "2026-04-20T09:50:44Z"
      }
    },
    {
      "type": "Feature",
      "geometry": {
        "type": "Point",
        "coordinates": [
          139.7022846,
          35.6585493
        ]
      },
      "properties": {
        "timestamp": "2026-04-20T09:50:45Z"
      }
    },
    {
      "type": "Feature",
      "geometry": {
        "type": "Point",
        "coordinates": [
          139.7022842,
          35.6585491
        ]
      },
      "properties": {
        "timestamp": "2026-04-20T09:50:46Z"
      }
    },
    {
      "type": "Feature",
      "geometry": {
        "type": "Point",
        "coordinates": [
          139.7022842,
          35.6585491
        ]
      },
      "properties": {
        "timestamp": "2026-04-20T09:50:47Z"
      }
    },
    {
      "type": "Feature",
      "geometry": {
        "type": "Point",
        "coordinates": [
          139.7022842,
          35.6585491
        ]
      },
      "properties": {
        "timestamp": "2026-04-20T09:50:48Z"
      }
    },
    {
      "type": "Feature",
      "geometry": {
        "type": "Point",
        "coordinates": [
          139.7022923,
          35.6585531
        ]
      },
      "properties": {
        "timestamp": "2026-04-20T09:50:49Z"
      }
    },
    {
      "type": "Feature",
      "geometry": {
        "type": "Point",
        "coordinates": [
          139.7022959,
          35.6585495
        ]
      },
      "properties": {
        "timestamp": "2026-04-20T09:50:50Z"
      }
    },
    {
      "type": "Feature",
      "geometry": {
        "type": "Point",
        "coordinates": [
          139.7022955,
          35.658549
        ]
      },
      "properties": {
        "timestamp": "2026-04-20T09:50:51Z"
      }
    },
    {
      "type": "Feature",
      "geometry": {
        "type": "Point",
        "coordinates": [
          139.7022955,
          35.658549
        ]
      },
      "properties": {
        "timestamp": "2026-04-20T09:50:52Z"
      }
    },
    {
      "type": "Feature",
      "geometry": {
        "type": "Point",
        "coordinates": [
          139.7022955,
          35.658549
        ]
      },
      "properties": {
        "timestamp": "2026-04-20T09:50:53Z"
      }
    },
    {
      "type": "Feature",
      "geometry": {
        "type": "Point",
        "coordinates": [
          139.7022961,
          35.6585438
        ]
      },
      "properties": {
        "timestamp": "2026-04-20T09:50:54Z"
      }
    },
    {
      "type": "Feature",
      "geometry": {
        "type": "Point",
        "coordinates": [
          139.7022922,
          35.6585417
        ]
      },
      "properties": {
        "timestamp": "2026-04-20T09:50:55Z"
      }
    },
    {
      "type": "Feature",
      "geometry": {
        "type": "Point",
        "coordinates": [
          139.7022893,
          35.6585377
        ]
      },
      "properties": {
        "timestamp": "2026-04-20T09:50:56Z"
      }
    },
    {
      "type": "Feature",
      "geometry": {
        "type": "Point",
        "coordinates": [
          139.7022845,
          35.6585366
        ]
      },
      "properties": {
        "timestamp": "2026-04-20T09:50:57Z"
      }
    },
    {
      "type": "Feature",
      "geometry": {
        "type": "Point",
        "coordinates": [
          139.7022779,
          35.6585392
        ]
      },
      "properties": {
        "timestamp": "2026-04-20T09:50:58Z"
      }
    },
    {
      "type": "Feature",
      "geometry": {
        "type": "Point",
        "coordinates": [
          139.7022684,
          35.6585408
        ]
      },
      "properties": {
        "timestamp": "2026-04-20T09:50:59Z"
      }
    },
    {
      "type": "Feature",
      "geometry": {
        "type": "Point",
        "coordinates": [
          139.7022648,
          35.6585451
        ]
      },
      "properties": {
        "timestamp": "2026-04-20T09:51:00Z"
      }
    },
    {
      "type": "Feature",
      "geometry": {
        "type": "Point",
        "coordinates": [
          139.7022613,
          35.6585493
        ]
      },
      "properties": {
        "timestamp": "2026-04-20T09:51:01Z"
      }
    },
    {
      "type": "Feature",
      "geometry": {
        "type": "Point",
        "coordinates": [
          139.7022608,
          35.6585456
        ]
      },
      "properties": {
        "timestamp": "2026-04-20T09:51:02Z"
      }
    },
    {
      "type": "Feature",
      "geometry": {
        "type": "Point",
        "coordinates": [
          139.7022623,
          35.6585433
        ]
      },
      "properties": {
        "timestamp": "2026-04-20T09:51:03Z"
      }
    },
    {
      "type": "Feature",
      "geometry": {
        "type": "Point",
        "coordinates": [
          139.702266,
          35.6585531
        ]
      },
      "properties": {
        "timestamp": "2026-04-20T09:51:04Z"
      }
    },
    {
      "type": "Feature",
      "geometry": {
        "type": "Point",
        "coordinates": [
          139.7022685,
          35.6585488
        ]
      },
      "properties": {
        "timestamp": "2026-04-20T09:51:05Z"
      }
    },
    {
      "type": "Feature",
      "geometry": {
        "type": "Point",
        "coordinates": [
          139.7022682,
          35.6585486
        ]
      },
      "properties": {
        "timestamp": "2026-04-20T09:51:06Z"
      }
    },
    {
      "type": "Feature",
      "geometry": {
        "type": "Point",
        "coordinates": [
          139.7022681,
          35.6585456
        ]
      },
      "properties": {
        "timestamp": "2026-04-20T09:51:07Z"
      }
    },
    {
      "type": "Feature",
      "geometry": {
        "type": "Point",
        "coordinates": [
          139.7022665,
          35.6585456
        ]
      },
      "properties": {
        "timestamp": "2026-04-20T09:51:08Z"
      }
    },
    {
      "type": "Feature",
      "geometry": {
        "type": "Point",
        "coordinates": [
          139.7022678,
          35.658548
        ]
      },
      "properties": {
        "timestamp": "2026-04-20T09:51:09Z"
      }
    },
    {
      "type": "Feature",
      "geometry": {
        "type": "Point",
        "coordinates": [
          139.7022695,
          35.6585502
        ]
      },
      "properties": {
        "timestamp": "2026-04-20T09:51:10Z"
      }
    },
    {
      "type": "Feature",
      "geometry": {
        "type": "Point",
        "coordinates": [
          139.7022696,
          35.6585503
        ]
      },
      "properties": {
        "timestamp": "2026-04-20T09:51:11Z"
      }
    },
    {
      "type": "Feature",
      "geometry": {
        "type": "Point",
        "coordinates": [
          139.7022688,
          35.6585542
        ]
      },
      "properties": {
        "timestamp": "2026-04-20T09:51:12Z"
      }
    },
    {
      "type": "Feature",
      "geometry": {
        "type": "Point",
        "coordinates": [
          139.7022706,
          35.6585584
        ]
      },
      "properties": {
        "timestamp": "2026-04-20T09:51:13Z"
      }
    },
    {
      "type": "Feature",
      "geometry": {
        "type": "Point",
        "coordinates": [
          139.7022705,
          35.6585584
        ]
      },
      "properties": {
        "timestamp": "2026-04-20T09:51:14Z"
      }
    },
    {
      "type": "Feature",
      "geometry": {
        "type": "Point",
        "coordinates": [
          139.7022705,
          35.6585584
        ]
      },
      "properties": {
        "timestamp": "2026-04-20T09:51:15Z"
      }
    },
    {
      "type": "Feature",
      "geometry": {
        "type": "Point",
        "coordinates": [
          139.7022705,
          35.6585584
        ]
      },
      "properties": {
        "timestamp": "2026-04-20T09:51:16Z"
      }
    },
    {
      "type": "Feature",
      "geometry": {
        "type": "Point",
        "coordinates": [
          139.7022705,
          35.6585584
        ]
      },
      "properties": {
        "timestamp": "2026-04-20T09:51:17Z"
      }
    },
    {
      "type": "Feature",
      "geometry": {
        "type": "Point",
        "coordinates": [
          139.7022779,
          35.6585606
        ]
      },
      "properties": {
        "timestamp": "2026-04-20T09:51:18Z"
      }
    },
    {
      "type": "Feature",
      "geometry": {
        "type": "Point",
        "coordinates": [
          139.7022791,
          35.6585636
        ]
      },
      "properties": {
        "timestamp": "2026-04-20T09:51:19Z"
      }
    },
    {
      "type": "Feature",
      "geometry": {
        "type": "Point",
        "coordinates": [
          139.702279,
          35.6585642
        ]
      },
      "properties": {
        "timestamp": "2026-04-20T09:51:20Z"
      }
    },
    {
      "type": "Feature",
      "geometry": {
        "type": "Point",
        "coordinates": [
          139.702279,
          35.6585642
        ]
      },
      "properties": {
        "timestamp": "2026-04-20T09:51:21Z"
      }
    },
    {
      "type": "Feature",
      "geometry": {
        "type": "Point",
        "coordinates": [
          139.702279,
          35.6585642
        ]
      },
      "properties": {
        "timestamp": "2026-04-20T09:51:22Z"
      }
    },
    {
      "type": "Feature",
      "geometry": {
        "type": "Point",
        "coordinates": [
          139.702279,
          35.6585642
        ]
      },
      "properties": {
        "timestamp": "2026-04-20T09:51:23Z"
      }
    },
    {
      "type": "Feature",
      "geometry": {
        "type": "Point",
        "coordinates": [
          139.7022767,
          35.6585677
        ]
      },
      "properties": {
        "timestamp": "2026-04-20T09:51:24Z"
      }
    },
    {
      "type": "Feature",
      "geometry": {
        "type": "Point",
        "coordinates": [
          139.7022761,
          35.6585675
        ]
      },
      "properties": {
        "timestamp": "2026-04-20T09:51:25Z"
      }
    },
    {
      "type": "Feature",
      "geometry": {
        "type": "Point",
        "coordinates": [
          139.7022761,
          35.6585675
        ]
      },
      "properties": {
        "timestamp": "2026-04-20T09:51:26Z"
      }
    },
    {
      "type": "Feature",
      "geometry": {
        "type": "Point",
        "coordinates": [
          139.7022761,
          35.6585675
        ]
      },
      "properties": {
        "timestamp": "2026-04-20T09:51:27Z"
      }
    },
    {
      "type": "Feature",
      "geometry": {
        "type": "Point",
        "coordinates": [
          139.7022761,
          35.6585675
        ]
      },
      "properties": {
        "timestamp": "2026-04-20T09:51:28Z"
      }
    },
    {
      "type": "Feature",
      "geometry": {
        "type": "Point",
        "coordinates": [
          139.7022761,
          35.6585675
        ]
      },
      "properties": {
        "timestamp": "2026-04-20T09:51:29Z"
      }
    },
    {
      "type": "Feature",
      "geometry": {
        "type": "Point",
        "coordinates": [
          139.7022761,
          35.6585675
        ]
      },
      "properties": {
        "timestamp": "2026-04-20T09:51:30Z"
      }
    },
    {
      "type": "Feature",
      "geometry": {
        "type": "Point",
        "coordinates": [
          139.7022761,
          35.6585675
        ]
      },
      "properties": {
        "timestamp": "2026-04-20T09:51:31Z"
      }
    },
    {
      "type": "Feature",
      "geometry": {
        "type": "Point",
        "coordinates": [
          139.7022761,
          35.6585675
        ]
      },
      "properties": {
        "timestamp": "2026-04-20T09:51:32Z"
      }
    },
    {
      "type": "Feature",
      "geometry": {
        "type": "Point",
        "coordinates": [
          139.7022761,
          35.6585675
        ]
      },
      "properties": {
        "timestamp": "2026-04-20T09:51:33Z"
      }
    },
    {
      "type": "Feature",
      "geometry": {
        "type": "Point",
        "coordinates": [
          139.7022761,
          35.6585675
        ]
      },
      "properties": {
        "timestamp": "2026-04-20T09:51:34Z"
      }
    },
    {
      "type": "Feature",
      "geometry": {
        "type": "Point",
        "coordinates": [
          139.7022761,
          35.6585675
        ]
      },
      "properties": {
        "timestamp": "2026-04-20T09:51:35Z"
      }
    },
    {
      "type": "Feature",
      "geometry": {
        "type": "Point",
        "coordinates": [
          139.7022752,
          35.6585692
        ]
      },
      "properties": {
        "timestamp": "2026-04-20T09:51:36Z"
      }
    },
    {
      "type": "Feature",
      "geometry": {
        "type": "Point",
        "coordinates": [
          139.7022826,
          35.6585658
        ]
      },
      "properties": {
        "timestamp": "2026-04-20T09:51:37Z"
      }
    },
    {
      "type": "Feature",
      "geometry": {
        "type": "Point",
        "coordinates": [
          139.7022852,
          35.6585718
        ]
      },
      "properties": {
        "timestamp": "2026-04-20T09:51:38Z"
      }
    },
    {
      "type": "Feature",
      "geometry": {
        "type": "Point",
        "coordinates": [
          139.7022845,
          35.6585748
        ]
      },
      "properties": {
        "timestamp": "2026-04-20T09:51:39Z"
      }
    },
    {
      "type": "Feature",
      "geometry": {
        "type": "Point",
        "coordinates": [
          139.7022833,
          35.6585745
        ]
      },
      "properties": {
        "timestamp": "2026-04-20T09:51:40Z"
      }
    },
    {
      "type": "Feature",
      "geometry": {
        "type": "Point",
        "coordinates": [
          139.7022833,
          35.6585745
        ]
      },
      "properties": {
        "timestamp": "2026-04-20T09:51:41Z"
      }
    },
    {
      "type": "Feature",
      "geometry": {
        "type": "Point",
        "coordinates": [
          139.7022833,
          35.6585745
        ]
      },
      "properties": {
        "timestamp": "2026-04-20T09:51:42Z"
      }
    },
    {
      "type": "Feature",
      "geometry": {
        "type": "Point",
        "coordinates": [
          139.7022833,
          35.6585745
        ]
      },
      "properties": {
        "timestamp": "2026-04-20T09:51:43Z"
      }
    },
    {
      "type": "Feature",
      "geometry": {
        "type": "Point",
        "coordinates": [
          139.7022833,
          35.6585745
        ]
      },
      "properties": {
        "timestamp": "2026-04-20T09:51:44Z"
      }
    },
    {
      "type": "Feature",
      "geometry": {
        "type": "Point",
        "coordinates": [
          139.7022833,
          35.6585745
        ]
      },
      "properties": {
        "timestamp": "2026-04-20T09:51:45Z"
      }
    },
    {
      "type": "Feature",
      "geometry": {
        "type": "Point",
        "coordinates": [
          139.7022833,
          35.6585745
        ]
      },
      "properties": {
        "timestamp": "2026-04-20T09:51:46Z"
      }
    },
    {
      "type": "Feature",
      "geometry": {
        "type": "Point",
        "coordinates": [
          139.7022833,
          35.6585745
        ]
      },
      "properties": {
        "timestamp": "2026-04-20T09:51:47Z"
      }
    },
    {
      "type": "Feature",
      "geometry": {
        "type": "Point",
        "coordinates": [
          139.7022833,
          35.6585745
        ]
      },
      "properties": {
        "timestamp": "2026-04-20T09:51:48Z"
      }
    },
    {
      "type": "Feature",
      "geometry": {
        "type": "Point",
        "coordinates": [
          139.7022833,
          35.6585745
        ]
      },
      "properties": {
        "timestamp": "2026-04-20T09:51:49Z"
      }
    },
    {
      "type": "Feature",
      "geometry": {
        "type": "Point",
        "coordinates": [
          139.7022833,
          35.6585745
        ]
      },
      "properties": {
        "timestamp": "2026-04-20T09:51:50Z"
      }
    },
    {
      "type": "Feature",
      "geometry": {
        "type": "Point",
        "coordinates": [
          139.7022833,
          35.6585745
        ]
      },
      "properties": {
        "timestamp": "2026-04-20T09:51:51Z"
      }
    },
    {
      "type": "Feature",
      "geometry": {
        "type": "Point",
        "coordinates": [
          139.7022833,
          35.6585745
        ]
      },
      "properties": {
        "timestamp": "2026-04-20T09:51:52Z"
      }
    },
    {
      "type": "Feature",
      "geometry": {
        "type": "Point",
        "coordinates": [
          139.7022833,
          35.6585745
        ]
      },
      "properties": {
        "timestamp": "2026-04-20T09:51:53Z"
      }
    },
    {
      "type": "Feature",
      "geometry": {
        "type": "Point",
        "coordinates": [
          139.7022833,
          35.6585745
        ]
      },
      "properties": {
        "timestamp": "2026-04-20T09:51:54Z"
      }
    },
    {
      "type": "Feature",
      "geometry": {
        "type": "Point",
        "coordinates": [
          139.7022833,
          35.6585745
        ]
      },
      "properties": {
        "timestamp": "2026-04-20T09:51:55Z"
      }
    },
    {
      "type": "Feature",
      "geometry": {
        "type": "Point",
        "coordinates": [
          139.7022833,
          35.6585745
        ]
      },
      "properties": {
        "timestamp": "2026-04-20T09:51:56Z"
      }
    },
    {
      "type": "Feature",
      "geometry": {
        "type": "Point",
        "coordinates": [
          139.702285,
          35.6585739
        ]
      },
      "properties": {
        "timestamp": "2026-04-20T09:51:57Z"
      }
    },
    {
      "type": "Feature",
      "geometry": {
        "type": "Point",
        "coordinates": [
          139.7022856,
          35.6585739
        ]
      },
      "properties": {
        "timestamp": "2026-04-20T09:51:58Z"
      }
    },
    {
      "type": "Feature",
      "geometry": {
        "type": "Point",
        "coordinates": [
          139.7022856,
          35.6585739
        ]
      },
      "properties": {
        "timestamp": "2026-04-20T09:51:59Z"
      }
    },
    {
      "type": "Feature",
      "geometry": {
        "type": "Point",
        "coordinates": [
          139.7022878,
          35.6585718
        ]
      },
      "properties": {
        "timestamp": "2026-04-20T09:52:00Z"
      }
    },
    {
      "type": "Feature",
      "geometry": {
        "type": "Point",
        "coordinates": [
          139.7022886,
          35.6585697
        ]
      },
      "properties": {
        "timestamp": "2026-04-20T09:52:01Z"
      }
    },
    {
      "type": "Feature",
      "geometry": {
        "type": "Point",
        "coordinates": [
          139.7022885,
          35.6585694
        ]
      },
      "properties": {
        "timestamp": "2026-04-20T09:52:02Z"
      }
    },
    {
      "type": "Feature",
      "geometry": {
        "type": "Point",
        "coordinates": [
          139.7022885,
          35.6585694
        ]
      },
      "properties": {
        "timestamp": "2026-04-20T09:52:03Z"
      }
    },
    {
      "type": "Feature",
      "geometry": {
        "type": "Point",
        "coordinates": [
          139.7022885,
          35.6585694
        ]
      },
      "properties": {
        "timestamp": "2026-04-20T09:52:04Z"
      }
    },
    {
      "type": "Feature",
      "geometry": {
        "type": "Point",
        "coordinates": [
          139.7022885,
          35.6585694
        ]
      },
      "properties": {
        "timestamp": "2026-04-20T09:52:05Z"
      }
    },
    {
      "type": "Feature",
      "geometry": {
        "type": "Point",
        "coordinates": [
          139.7022885,
          35.6585694
        ]
      },
      "properties": {
        "timestamp": "2026-04-20T09:52:06Z"
      }
    },
    {
      "type": "Feature",
      "geometry": {
        "type": "Point",
        "coordinates": [
          139.7022854,
          35.6585691
        ]
      },
      "properties": {
        "timestamp": "2026-04-20T09:52:07Z"
      }
    },
    {
      "type": "Feature",
      "geometry": {
        "type": "Point",
        "coordinates": [
          139.702285,
          35.6585688
        ]
      },
      "properties": {
        "timestamp": "2026-04-20T09:52:08Z"
      }
    },
    {
      "type": "Feature",
      "geometry": {
        "type": "Point",
        "coordinates": [
          139.702285,
          35.6585688
        ]
      },
      "properties": {
        "timestamp": "2026-04-20T09:52:09Z"
      }
    },
    {
      "type": "Feature",
      "geometry": {
        "type": "Point",
        "coordinates": [
          139.7022848,
          35.6585687
        ]
      },
      "properties": {
        "timestamp": "2026-04-20T09:52:10Z"
      }
    },
    {
      "type": "Feature",
      "geometry": {
        "type": "Point",
        "coordinates": [
          139.7022855,
          35.6585695
        ]
      },
      "properties": {
        "timestamp": "2026-04-20T09:52:11Z"
      }
    },
    {
      "type": "Feature",
      "geometry": {
        "type": "Point",
        "coordinates": [
          139.7022855,
          35.6585695
        ]
      },
      "properties": {
        "timestamp": "2026-04-20T09:52:12Z"
      }
    },
    {
      "type": "Feature",
      "geometry": {
        "type": "Point",
        "coordinates": [
          139.7022855,
          35.6585695
        ]
      },
      "properties": {
        "timestamp": "2026-04-20T09:52:13Z"
      }
    },
    {
      "type": "Feature",
      "geometry": {
        "type": "Point",
        "coordinates": [
          139.7022855,
          35.6585695
        ]
      },
      "properties": {
        "timestamp": "2026-04-20T09:52:14Z"
      }
    },
    {
      "type": "Feature",
      "geometry": {
        "type": "Point",
        "coordinates": [
          139.7022855,
          35.6585695
        ]
      },
      "properties": {
        "timestamp": "2026-04-20T09:52:15Z"
      }
    },
    {
      "type": "Feature",
      "geometry": {
        "type": "Point",
        "coordinates": [
          139.7022855,
          35.6585695
        ]
      },
      "properties": {
        "timestamp": "2026-04-20T09:52:16Z"
      }
    },
    {
      "type": "Feature",
      "geometry": {
        "type": "Point",
        "coordinates": [
          139.7022855,
          35.6585695
        ]
      },
      "properties": {
        "timestamp": "2026-04-20T09:52:17Z"
      }
    },
    {
      "type": "Feature",
      "geometry": {
        "type": "Point",
        "coordinates": [
          139.7022855,
          35.6585695
        ]
      },
      "properties": {
        "timestamp": "2026-04-20T09:52:18Z"
      }
    },
    {
      "type": "Feature",
      "geometry": {
        "type": "Point",
        "coordinates": [
          139.7022855,
          35.6585695
        ]
      },
      "properties": {
        "timestamp": "2026-04-20T09:52:19Z"
      }
    },
    {
      "type": "Feature",
      "geometry": {
        "type": "Point",
        "coordinates": [
          139.7022855,
          35.6585695
        ]
      },
      "properties": {
        "timestamp": "2026-04-20T09:52:20Z"
      }
    },
    {
      "type": "Feature",
      "geometry": {
        "type": "Point",
        "coordinates": [
          139.7022855,
          35.6585695
        ]
      },
      "properties": {
        "timestamp": "2026-04-20T09:52:21Z"
      }
    },
    {
      "type": "Feature",
      "geometry": {
        "type": "Point",
        "coordinates": [
          139.7022855,
          35.6585695
        ]
      },
      "properties": {
        "timestamp": "2026-04-20T09:52:22Z"
      }
    },
    {
      "type": "Feature",
      "geometry": {
        "type": "Point",
        "coordinates": [
          139.7022855,
          35.6585695
        ]
      },
      "properties": {
        "timestamp": "2026-04-20T09:52:23Z"
      }
    },
    {
      "type": "Feature",
      "geometry": {
        "type": "Point",
        "coordinates": [
          139.7022855,
          35.6585695
        ]
      },
      "properties": {
        "timestamp": "2026-04-20T09:52:24Z"
      }
    },
    {
      "type": "Feature",
      "geometry": {
        "type": "Point",
        "coordinates": [
          139.7022855,
          35.6585695
        ]
      },
      "properties": {
        "timestamp": "2026-04-20T09:52:25Z"
      }
    },
    {
      "type": "Feature",
      "geometry": {
        "type": "Point",
        "coordinates": [
          139.7022855,
          35.6585695
        ]
      },
      "properties": {
        "timestamp": "2026-04-20T09:52:26Z"
      }
    },
    {
      "type": "Feature",
      "geometry": {
        "type": "Point",
        "coordinates": [
          139.7022855,
          35.6585695
        ]
      },
      "properties": {
        "timestamp": "2026-04-20T09:52:27Z"
      }
    },
    {
      "type": "Feature",
      "geometry": {
        "type": "Point",
        "coordinates": [
          139.7022855,
          35.6585695
        ]
      },
      "properties": {
        "timestamp": "2026-04-20T09:52:28Z"
      }
    },
    {
      "type": "Feature",
      "geometry": {
        "type": "Point",
        "coordinates": [
          139.7022855,
          35.6585695
        ]
      },
      "properties": {
        "timestamp": "2026-04-20T09:52:29Z"
      }
    },
    {
      "type": "Feature",
      "geometry": {
        "type": "Point",
        "coordinates": [
          139.7022855,
          35.6585695
        ]
      },
      "properties": {
        "timestamp": "2026-04-20T09:52:30Z"
      }
    },
    {
      "type": "Feature",
      "geometry": {
        "type": "Point",
        "coordinates": [
          139.7022855,
          35.6585695
        ]
      },
      "properties": {
        "timestamp": "2026-04-20T09:52:31Z"
      }
    },
    {
      "type": "Feature",
      "geometry": {
        "type": "Point",
        "coordinates": [
          139.7022855,
          35.6585695
        ]
      },
      "properties": {
        "timestamp": "2026-04-20T09:52:32Z"
      }
    },
    {
      "type": "Feature",
      "geometry": {
        "type": "Point",
        "coordinates": [
          139.7022855,
          35.6585695
        ]
      },
      "properties": {
        "timestamp": "2026-04-20T09:52:33Z"
      }
    },
    {
      "type": "Feature",
      "geometry": {
        "type": "Point",
        "coordinates": [
          139.7022855,
          35.6585695
        ]
      },
      "properties": {
        "timestamp": "2026-04-20T09:52:34Z"
      }
    },
    {
      "type": "Feature",
      "geometry": {
        "type": "Point",
        "coordinates": [
          139.7022855,
          35.6585695
        ]
      },
      "properties": {
        "timestamp": "2026-04-20T09:52:35Z"
      }
    },
    {
      "type": "Feature",
      "geometry": {
        "type": "Point",
        "coordinates": [
          139.7022855,
          35.6585695
        ]
      },
      "properties": {
        "timestamp": "2026-04-20T09:52:36Z"
      }
    },
    {
      "type": "Feature",
      "geometry": {
        "type": "Point",
        "coordinates": [
          139.7022855,
          35.6585695
        ]
      },
      "properties": {
        "timestamp": "2026-04-20T09:52:37Z"
      }
    },
    {
      "type": "Feature",
      "geometry": {
        "type": "Point",
        "coordinates": [
          139.7022855,
          35.6585695
        ]
      },
      "properties": {
        "timestamp": "2026-04-20T09:52:38Z"
      }
    },
    {
      "type": "Feature",
      "geometry": {
        "type": "Point",
        "coordinates": [
          139.7022855,
          35.6585695
        ]
      },
      "properties": {
        "timestamp": "2026-04-20T09:52:39Z"
      }
    },
    {
      "type": "Feature",
      "geometry": {
        "type": "Point",
        "coordinates": [
          139.7022855,
          35.6585695
        ]
      },
      "properties": {
        "timestamp": "2026-04-20T09:52:40Z"
      }
    },
    {
      "type": "Feature",
      "geometry": {
        "type": "Point",
        "coordinates": [
          139.7022855,
          35.6585695
        ]
      },
      "properties": {
        "timestamp": "2026-04-20T09:52:41Z"
      }
    },
    {
      "type": "Feature",
      "geometry": {
        "type": "Point",
        "coordinates": [
          139.7022855,
          35.6585695
        ]
      },
      "properties": {
        "timestamp": "2026-04-20T09:52:42Z"
      }
    },
    {
      "type": "Feature",
      "geometry": {
        "type": "Point",
        "coordinates": [
          139.7022855,
          35.6585695
        ]
      },
      "properties": {
        "timestamp": "2026-04-20T09:52:43Z"
      }
    },
    {
      "type": "Feature",
      "geometry": {
        "type": "Point",
        "coordinates": [
          139.7022855,
          35.6585695
        ]
      },
      "properties": {
        "timestamp": "2026-04-20T09:52:44Z"
      }
    },
    {
      "type": "Feature",
      "geometry": {
        "type": "Point",
        "coordinates": [
          139.7022855,
          35.6585695
        ]
      },
      "properties": {
        "timestamp": "2026-04-20T09:52:45Z"
      }
    },
    {
      "type": "Feature",
      "geometry": {
        "type": "Point",
        "coordinates": [
          139.7022855,
          35.6585695
        ]
      },
      "properties": {
        "timestamp": "2026-04-20T09:52:46Z"
      }
    },
    {
      "type": "Feature",
      "geometry": {
        "type": "Point",
        "coordinates": [
          139.7022855,
          35.6585695
        ]
      },
      "properties": {
        "timestamp": "2026-04-20T09:52:47Z"
      }
    },
    {
      "type": "Feature",
      "geometry": {
        "type": "Point",
        "coordinates": [
          139.7022855,
          35.6585695
        ]
      },
      "properties": {
        "timestamp": "2026-04-20T09:52:48Z"
      }
    },
    {
      "type": "Feature",
      "geometry": {
        "type": "Point",
        "coordinates": [
          139.7022855,
          35.6585695
        ]
      },
      "properties": {
        "timestamp": "2026-04-20T09:52:49Z"
      }
    },
    {
      "type": "Feature",
      "geometry": {
        "type": "Point",
        "coordinates": [
          139.7022855,
          35.6585695
        ]
      },
      "properties": {
        "timestamp": "2026-04-20T09:52:50Z"
      }
    },
    {
      "type": "Feature",
      "geometry": {
        "type": "Point",
        "coordinates": [
          139.7022855,
          35.6585695
        ]
      },
      "properties": {
        "timestamp": "2026-04-20T09:52:51Z"
      }
    },
    {
      "type": "Feature",
      "geometry": {
        "type": "Point",
        "coordinates": [
          139.7022855,
          35.6585695
        ]
      },
      "properties": {
        "timestamp": "2026-04-20T09:52:52Z"
      }
    },
    {
      "type": "Feature",
      "geometry": {
        "type": "Point",
        "coordinates": [
          139.7022855,
          35.6585695
        ]
      },
      "properties": {
        "timestamp": "2026-04-20T09:52:53Z"
      }
    },
    {
      "type": "Feature",
      "geometry": {
        "type": "Point",
        "coordinates": [
          139.7022855,
          35.6585695
        ]
      },
      "properties": {
        "timestamp": "2026-04-20T09:52:54Z"
      }
    },
    {
      "type": "Feature",
      "geometry": {
        "type": "Point",
        "coordinates": [
          139.7022855,
          35.6585695
        ]
      },
      "properties": {
        "timestamp": "2026-04-20T09:52:55Z"
      }
    },
    {
      "type": "Feature",
      "geometry": {
        "type": "Point",
        "coordinates": [
          139.7022855,
          35.6585695
        ]
      },
      "properties": {
        "timestamp": "2026-04-20T09:52:56Z"
      }
    },
    {
      "type": "Feature",
      "geometry": {
        "type": "Point",
        "coordinates": [
          139.7022855,
          35.6585695
        ]
      },
      "properties": {
        "timestamp": "2026-04-20T09:52:57Z"
      }
    },
    {
      "type": "Feature",
      "geometry": {
        "type": "Point",
        "coordinates": [
          139.7022855,
          35.6585695
        ]
      },
      "properties": {
        "timestamp": "2026-04-20T09:52:58Z"
      }
    },
    {
      "type": "Feature",
      "geometry": {
        "type": "Point",
        "coordinates": [
          139.7022855,
          35.6585695
        ]
      },
      "properties": {
        "timestamp": "2026-04-20T09:52:59Z"
      }
    },
    {
      "type": "Feature",
      "geometry": {
        "type": "Point",
        "coordinates": [
          139.7022855,
          35.6585695
        ]
      },
      "properties": {
        "timestamp": "2026-04-20T09:53:00Z"
      }
    },
    {
      "type": "Feature",
      "geometry": {
        "type": "Point",
        "coordinates": [
          139.7022861,
          35.658571
        ]
      },
      "properties": {
        "timestamp": "2026-04-20T09:53:01Z"
      }
    },
    {
      "type": "Feature",
      "geometry": {
        "type": "Point",
        "coordinates": [
          139.702284,
          35.6585706
        ]
      },
      "properties": {
        "timestamp": "2026-04-20T09:53:02Z"
      }
    },
    {
      "type": "Feature",
      "geometry": {
        "type": "Point",
        "coordinates": [
          139.7022839,
          35.6585693
        ]
      },
      "properties": {
        "timestamp": "2026-04-20T09:53:03Z"
      }
    },
    {
      "type": "Feature",
      "geometry": {
        "type": "Point",
        "coordinates": [
          139.7022747,
          35.6585674
        ]
      },
      "properties": {
        "timestamp": "2026-04-20T09:53:04Z"
      }
    },
    {
      "type": "Feature",
      "geometry": {
        "type": "Point",
        "coordinates": [
          139.7022763,
          35.6585677
        ]
      },
      "properties": {
        "timestamp": "2026-04-20T09:53:05Z"
      }
    },
    {
      "type": "Feature",
      "geometry": {
        "type": "Point",
        "coordinates": [
          139.7022804,
          35.6585686
        ]
      },
      "properties": {
        "timestamp": "2026-04-20T09:53:06Z"
      }
    },
    {
      "type": "Feature",
      "geometry": {
        "type": "Point",
        "coordinates": [
          139.7022812,
          35.6585711
        ]
      },
      "properties": {
        "timestamp": "2026-04-20T09:53:07Z"
      }
    },
    {
      "type": "Feature",
      "geometry": {
        "type": "Point",
        "coordinates": [
          139.7022799,
          35.6585694
        ]
      },
      "properties": {
        "timestamp": "2026-04-20T09:53:08Z"
      }
    },
    {
      "type": "Feature",
      "geometry": {
        "type": "Point",
        "coordinates": [
          139.7022803,
          35.6585652
        ]
      },
      "properties": {
        "timestamp": "2026-04-20T09:53:09Z"
      }
    },
    {
      "type": "Feature",
      "geometry": {
        "type": "Point",
        "coordinates": [
          139.7022743,
          35.6585644
        ]
      },
      "properties": {
        "timestamp": "2026-04-20T09:53:10Z"
      }
    },
    {
      "type": "Feature",
      "geometry": {
        "type": "Point",
        "coordinates": [
          139.7022706,
          35.6585643
        ]
      },
      "properties": {
        "timestamp": "2026-04-20T09:53:11Z"
      }
    },
    {
      "type": "Feature",
      "geometry": {
        "type": "Point",
        "coordinates": [
          139.7022613,
          35.6585661
        ]
      },
      "properties": {
        "timestamp": "2026-04-20T09:53:12Z"
      }
    },
    {
      "type": "Feature",
      "geometry": {
        "type": "Point",
        "coordinates": [
          139.7022595,
          35.6585661
        ]
      },
      "properties": {
        "timestamp": "2026-04-20T09:53:13Z"
      }
    },
    {
      "type": "Feature",
      "geometry": {
        "type": "Point",
        "coordinates": [
          139.7022518,
          35.6585655
        ]
      },
      "properties": {
        "timestamp": "2026-04-20T09:53:14Z"
      }
    },
    {
      "type": "Feature",
      "geometry": {
        "type": "Point",
        "coordinates": [
          139.7022401,
          35.6585658
        ]
      },
      "properties": {
        "timestamp": "2026-04-20T09:53:15Z"
      }
    },
    {
      "type": "Feature",
      "geometry": {
        "type": "Point",
        "coordinates": [
          139.7022297,
          35.6585633
        ]
      },
      "properties": {
        "timestamp": "2026-04-20T09:53:16Z"
      }
    },
    {
      "type": "Feature",
      "geometry": {
        "type": "Point",
        "coordinates": [
          139.7022151,
          35.6585604
        ]
      },
      "properties": {
        "timestamp": "2026-04-20T09:53:17Z"
      }
    },
    {
      "type": "Feature",
      "geometry": {
        "type": "Point",
        "coordinates": [
          139.7021967,
          35.6585563
        ]
      },
      "properties": {
        "timestamp": "2026-04-20T09:53:18Z"
      }
    },
    {
      "type": "Feature",
      "geometry": {
        "type": "Point",
        "coordinates": [
          139.7021865,
          35.6585565
        ]
      },
      "properties": {
        "timestamp": "2026-04-20T09:53:19Z"
      }
    },
    {
      "type": "Feature",
      "geometry": {
        "type": "Point",
        "coordinates": [
          139.702174,
          35.6585561
        ]
      },
      "properties": {
        "timestamp": "2026-04-20T09:53:20Z"
      }
    },
    {
      "type": "Feature",
      "geometry": {
        "type": "Point",
        "coordinates": [
          139.7021606,
          35.6585515
        ]
      },
      "properties": {
        "timestamp": "2026-04-20T09:53:21Z"
      }
    },
    {
      "type": "Feature",
      "geometry": {
        "type": "Point",
        "coordinates": [
          139.702148,
          35.658547
        ]
      },
      "properties": {
        "timestamp": "2026-04-20T09:53:22Z"
      }
    },
    {
      "type": "Feature",
      "geometry": {
        "type": "Point",
        "coordinates": [
          139.7021342,
          35.658544
        ]
      },
      "properties": {
        "timestamp": "2026-04-20T09:53:23Z"
      }
    },
    {
      "type": "Feature",
      "geometry": {
        "type": "Point",
        "coordinates": [
          139.7021215,
          35.6585389
        ]
      },
      "properties": {
        "timestamp": "2026-04-20T09:53:24Z"
      }
    },
    {
      "type": "Feature",
      "geometry": {
        "type": "Point",
        "coordinates": [
          139.7021089,
          35.6585392
        ]
      },
      "properties": {
        "timestamp": "2026-04-20T09:53:25Z"
      }
    },
    {
      "type": "Feature",
      "geometry": {
        "type": "Point",
        "coordinates": [
          139.7021028,
          35.6585389
        ]
      },
      "properties": {
        "timestamp": "2026-04-20T09:53:26Z"
      }
    },
    {
      "type": "Feature",
      "geometry": {
        "type": "Point",
        "coordinates": [
          139.7021024,
          35.6585394
        ]
      },
      "properties": {
        "timestamp": "2026-04-20T09:53:27Z"
      }
    },
    {
      "type": "Feature",
      "geometry": {
        "type": "Point",
        "coordinates": [
          139.702095,
          35.6585437
        ]
      },
      "properties": {
        "timestamp": "2026-04-20T09:53:28Z"
      }
    },
    {
      "type": "Feature",
      "geometry": {
        "type": "Point",
        "coordinates": [
          139.7020971,
          35.6585446
        ]
      },
      "properties": {
        "timestamp": "2026-04-20T09:53:29Z"
      }
    },
    {
      "type": "Feature",
      "geometry": {
        "type": "Point",
        "coordinates": [
          139.7020972,
          35.6585459
        ]
      },
      "properties": {
        "timestamp": "2026-04-20T09:53:30Z"
      }
    },
    {
      "type": "Feature",
      "geometry": {
        "type": "Point",
        "coordinates": [
          139.7020972,
          35.6585456
        ]
      },
      "properties": {
        "timestamp": "2026-04-20T09:53:31Z"
      }
    },
    {
      "type": "Feature",
      "geometry": {
        "type": "Point",
        "coordinates": [
          139.7020909,
          35.6585444
        ]
      },
      "properties": {
        "timestamp": "2026-04-20T09:53:32Z"
      }
    },
    {
      "type": "Feature",
      "geometry": {
        "type": "Point",
        "coordinates": [
          139.7020898,
          35.6585475
        ]
      },
      "properties": {
        "timestamp": "2026-04-20T09:53:33Z"
      }
    },
    {
      "type": "Feature",
      "geometry": {
        "type": "Point",
        "coordinates": [
          139.7020887,
          35.6585512
        ]
      },
      "properties": {
        "timestamp": "2026-04-20T09:53:34Z"
      }
    },
    {
      "type": "Feature",
      "geometry": {
        "type": "Point",
        "coordinates": [
          139.702089,
          35.6585515
        ]
      },
      "properties": {
        "timestamp": "2026-04-20T09:53:35Z"
      }
    },
    {
      "type": "Feature",
      "geometry": {
        "type": "Point",
        "coordinates": [
          139.702089,
          35.6585515
        ]
      },
      "properties": {
        "timestamp": "2026-04-20T09:53:36Z"
      }
    },
    {
      "type": "Feature",
      "geometry": {
        "type": "Point",
        "coordinates": [
          139.702089,
          35.6585515
        ]
      },
      "properties": {
        "timestamp": "2026-04-20T09:53:37Z"
      }
    },
    {
      "type": "Feature",
      "geometry": {
        "type": "Point",
        "coordinates": [
          139.702089,
          35.6585515
        ]
      },
      "properties": {
        "timestamp": "2026-04-20T09:53:38Z"
      }
    },
    {
      "type": "Feature",
      "geometry": {
        "type": "Point",
        "coordinates": [
          139.702089,
          35.6585515
        ]
      },
      "properties": {
        "timestamp": "2026-04-20T09:53:39Z"
      }
    },
    {
      "type": "Feature",
      "geometry": {
        "type": "Point",
        "coordinates": [
          139.702089,
          35.6585515
        ]
      },
      "properties": {
        "timestamp": "2026-04-20T09:53:40Z"
      }
    },
    {
      "type": "Feature",
      "geometry": {
        "type": "Point",
        "coordinates": [
          139.7020917,
          35.6585446
        ]
      },
      "properties": {
        "timestamp": "2026-04-20T09:53:41Z"
      }
    },
    {
      "type": "Feature",
      "geometry": {
        "type": "Point",
        "coordinates": [
          139.7020812,
          35.6585392
        ]
      },
      "properties": {
        "timestamp": "2026-04-20T09:53:42Z"
      }
    },
    {
      "type": "Feature",
      "geometry": {
        "type": "Point",
        "coordinates": [
          139.7020693,
          35.6585335
        ]
      },
      "properties": {
        "timestamp": "2026-04-20T09:53:43Z"
      }
    },
    {
      "type": "Feature",
      "geometry": {
        "type": "Point",
        "coordinates": [
          139.7020567,
          35.6585249
        ]
      },
      "properties": {
        "timestamp": "2026-04-20T09:53:44Z"
      }
    },
    {
      "type": "Feature",
      "geometry": {
        "type": "Point",
        "coordinates": [
          139.7020479,
          35.6585148
        ]
      },
      "properties": {
        "timestamp": "2026-04-20T09:53:45Z"
      }
    },
    {
      "type": "Feature",
      "geometry": {
        "type": "Point",
        "coordinates": [
          139.7020433,
          35.6585071
        ]
      },
      "properties": {
        "timestamp": "2026-04-20T09:53:46Z"
      }
    },
    {
      "type": "Feature",
      "geometry": {
        "type": "Point",
        "coordinates": [
          139.7020368,
          35.6585043
        ]
      },
      "properties": {
        "timestamp": "2026-04-20T09:53:47Z"
      }
    },
    {
      "type": "Feature",
      "geometry": {
        "type": "Point",
        "coordinates": [
          139.7020352,
          35.6585073
        ]
      },
      "properties": {
        "timestamp": "2026-04-20T09:53:48Z"
      }
    },
    {
      "type": "Feature",
      "geometry": {
        "type": "Point",
        "coordinates": [
          139.7020368,
          35.6584979
        ]
      },
      "properties": {
        "timestamp": "2026-04-20T09:53:49Z"
      }
    },
    {
      "type": "Feature",
      "geometry": {
        "type": "Point",
        "coordinates": [
          139.7020325,
          35.6584939
        ]
      },
      "properties": {
        "timestamp": "2026-04-20T09:53:50Z"
      }
    },
    {
      "type": "Feature",
      "geometry": {
        "type": "Point",
        "coordinates": [
          139.7020351,
          35.6584865
        ]
      },
      "properties": {
        "timestamp": "2026-04-20T09:53:51Z"
      }
    },
    {
      "type": "Feature",
      "geometry": {
        "type": "Point",
        "coordinates": [
          139.702034,
          35.6584889
        ]
      },
      "properties": {
        "timestamp": "2026-04-20T09:53:52Z"
      }
    },
    {
      "type": "Feature",
      "geometry": {
        "type": "Point",
        "coordinates": [
          139.7020344,
          35.6584888
        ]
      },
      "properties": {
        "timestamp": "2026-04-20T09:53:53Z"
      }
    },
    {
      "type": "Feature",
      "geometry": {
        "type": "Point",
        "coordinates": [
          139.7020349,
          35.6584889
        ]
      },
      "properties": {
        "timestamp": "2026-04-20T09:53:54Z"
      }
    },
    {
      "type": "Feature",
      "geometry": {
        "type": "Point",
        "coordinates": [
          139.7020371,
          35.6584804
        ]
      },
      "properties": {
        "timestamp": "2026-04-20T09:53:55Z"
      }
    },
    {
      "type": "Feature",
      "geometry": {
        "type": "Point",
        "coordinates": [
          139.702037,
          35.6584805
        ]
      },
      "properties": {
        "timestamp": "2026-04-20T09:53:56Z"
      }
    },
    {
      "type": "Feature",
      "geometry": {
        "type": "Point",
        "coordinates": [
          139.7020336,
          35.6584837
        ]
      },
      "properties": {
        "timestamp": "2026-04-20T09:53:57Z"
      }
    },
    {
      "type": "Feature",
      "geometry": {
        "type": "Point",
        "coordinates": [
          139.7020343,
          35.6584837
        ]
      },
      "properties": {
        "timestamp": "2026-04-20T09:53:58Z"
      }
    },
    {
      "type": "Feature",
      "geometry": {
        "type": "Point",
        "coordinates": [
          139.7020343,
          35.6584837
        ]
      },
      "properties": {
        "timestamp": "2026-04-20T09:53:59Z"
      }
    },
    {
      "type": "Feature",
      "geometry": {
        "type": "Point",
        "coordinates": [
          139.7020343,
          35.6584837
        ]
      },
      "properties": {
        "timestamp": "2026-04-20T09:54:00Z"
      }
    },
    {
      "type": "Feature",
      "geometry": {
        "type": "Point",
        "coordinates": [
          139.7020343,
          35.6584837
        ]
      },
      "properties": {
        "timestamp": "2026-04-20T09:54:01Z"
      }
    },
    {
      "type": "Feature",
      "geometry": {
        "type": "Point",
        "coordinates": [
          139.702037,
          35.658485
        ]
      },
      "properties": {
        "timestamp": "2026-04-20T09:54:02Z"
      }
    },
    {
      "type": "Feature",
      "geometry": {
        "type": "Point",
        "coordinates": [
          139.7020376,
          35.6584852
        ]
      },
      "properties": {
        "timestamp": "2026-04-20T09:54:03Z"
      }
    },
    {
      "type": "Feature",
      "geometry": {
        "type": "Point",
        "coordinates": [
          139.7020443,
          35.6584845
        ]
      },
      "properties": {
        "timestamp": "2026-04-20T09:54:04Z"
      }
    },
    {
      "type": "Feature",
      "geometry": {
        "type": "Point",
        "coordinates": [
          139.702044,
          35.6584843
        ]
      },
      "properties": {
        "timestamp": "2026-04-20T09:54:05Z"
      }
    },
    {
      "type": "Feature",
      "geometry": {
        "type": "Point",
        "coordinates": [
          139.7020494,
          35.6584802
        ]
      },
      "properties": {
        "timestamp": "2026-04-20T09:54:06Z"
      }
    },
    {
      "type": "Feature",
      "geometry": {
        "type": "Point",
        "coordinates": [
          139.7020558,
          35.6584825
        ]
      },
      "properties": {
        "timestamp": "2026-04-20T09:54:07Z"
      }
    },
    {
      "type": "Feature",
      "geometry": {
        "type": "Point",
        "coordinates": [
          139.7020619,
          35.658482
        ]
      },
      "properties": {
        "timestamp": "2026-04-20T09:54:08Z"
      }
    },
    {
      "type": "Feature",
      "geometry": {
        "type": "Point",
        "coordinates": [
          139.7020616,
          35.6584818
        ]
      },
      "properties": {
        "timestamp": "2026-04-20T09:54:09Z"
      }
    },
    {
      "type": "Feature",
      "geometry": {
        "type": "Point",
        "coordinates": [
          139.7020651,
          35.6584815
        ]
      },
      "properties": {
        "timestamp": "2026-04-20T09:54:10Z"
      }
    },
    {
      "type": "Feature",
      "geometry": {
        "type": "Point",
        "coordinates": [
          139.7020679,
          35.6584881
        ]
      },
      "properties": {
        "timestamp": "2026-04-20T09:54:11Z"
      }
    },
    {
      "type": "Feature",
      "geometry": {
        "type": "Point",
        "coordinates": [
          139.7020701,
          35.6584897
        ]
      },
      "properties": {
        "timestamp": "2026-04-20T09:54:12Z"
      }
    },
    {
      "type": "Feature",
      "geometry": {
        "type": "Point",
        "coordinates": [
          139.7020704,
          35.6584977
        ]
      },
      "properties": {
        "timestamp": "2026-04-20T09:54:13Z"
      }
    },
    {
      "type": "Feature",
      "geometry": {
        "type": "Point",
        "coordinates": [
          139.7020742,
          35.6585015
        ]
      },
      "properties": {
        "timestamp": "2026-04-20T09:54:14Z"
      }
    },
    {
      "type": "Feature",
      "geometry": {
        "type": "Point",
        "coordinates": [
          139.702077,
          35.6585042
        ]
      },
      "properties": {
        "timestamp": "2026-04-20T09:54:15Z"
      }
    },
    {
      "type": "Feature",
      "geometry": {
        "type": "Point",
        "coordinates": [
          139.7020892,
          35.6585095
        ]
      },
      "properties": {
        "timestamp": "2026-04-20T09:54:16Z"
      }
    },
    {
      "type": "Feature",
      "geometry": {
        "type": "Point",
        "coordinates": [
          139.7021013,
          35.6585111
        ]
      },
      "properties": {
        "timestamp": "2026-04-20T09:54:17Z"
      }
    },
    {
      "type": "Feature",
      "geometry": {
        "type": "Point",
        "coordinates": [
          139.7021153,
          35.6585122
        ]
      },
      "properties": {
        "timestamp": "2026-04-20T09:54:18Z"
      }
    },
    {
      "type": "Feature",
      "geometry": {
        "type": "Point",
        "coordinates": [
          139.7021263,
          35.6585188
        ]
      },
      "properties": {
        "timestamp": "2026-04-20T09:54:19Z"
      }
    },
    {
      "type": "Feature",
      "geometry": {
        "type": "Point",
        "coordinates": [
          139.7021383,
          35.6585246
        ]
      },
      "properties": {
        "timestamp": "2026-04-20T09:54:20Z"
      }
    },
    {
      "type": "Feature",
      "geometry": {
        "type": "Point",
        "coordinates": [
          139.7021457,
          35.6585306
        ]
      },
      "properties": {
        "timestamp": "2026-04-20T09:54:21Z"
      }
    },
    {
      "type": "Feature",
      "geometry": {
        "type": "Point",
        "coordinates": [
          139.7021465,
          35.6585355
        ]
      },
      "properties": {
        "timestamp": "2026-04-20T09:54:22Z"
      }
    },
    {
      "type": "Feature",
      "geometry": {
        "type": "Point",
        "coordinates": [
          139.702138,
          35.658535
        ]
      },
      "properties": {
        "timestamp": "2026-04-20T09:54:23Z"
      }
    },
    {
      "type": "Feature",
      "geometry": {
        "type": "Point",
        "coordinates": [
          139.7021332,
          35.6585338
        ]
      },
      "properties": {
        "timestamp": "2026-04-20T09:54:24Z"
      }
    },
    {
      "type": "Feature",
      "geometry": {
        "type": "Point",
        "coordinates": [
          139.7021186,
          35.658534
        ]
      },
      "properties": {
        "timestamp": "2026-04-20T09:54:25Z"
      }
    },
    {
      "type": "Feature",
      "geometry": {
        "type": "Point",
        "coordinates": [
          139.7021067,
          35.658534
        ]
      },
      "properties": {
        "timestamp": "2026-04-20T09:54:26Z"
      }
    },
    {
      "type": "Feature",
      "geometry": {
        "type": "Point",
        "coordinates": [
          139.7021015,
          35.6585313
        ]
      },
      "properties": {
        "timestamp": "2026-04-20T09:54:27Z"
      }
    },
    {
      "type": "Feature",
      "geometry": {
        "type": "Point",
        "coordinates": [
          139.7020947,
          35.6585283
        ]
      },
      "properties": {
        "timestamp": "2026-04-20T09:54:28Z"
      }
    },
    {
      "type": "Feature",
      "geometry": {
        "type": "Point",
        "coordinates": [
          139.7020869,
          35.6585192
        ]
      },
      "properties": {
        "timestamp": "2026-04-20T09:54:29Z"
      }
    },
    {
      "type": "Feature",
      "geometry": {
        "type": "Point",
        "coordinates": [
          139.7020774,
          35.6585165
        ]
      },
      "properties": {
        "timestamp": "2026-04-20T09:54:30Z"
      }
    },
    {
      "type": "Feature",
      "geometry": {
        "type": "Point",
        "coordinates": [
          139.7020752,
          35.6585164
        ]
      },
      "properties": {
        "timestamp": "2026-04-20T09:54:31Z"
      }
    },
    {
      "type": "Feature",
      "geometry": {
        "type": "Point",
        "coordinates": [
          139.702073,
          35.6585142
        ]
      },
      "properties": {
        "timestamp": "2026-04-20T09:54:32Z"
      }
    },
    {
      "type": "Feature",
      "geometry": {
        "type": "Point",
        "coordinates": [
          139.7020648,
          35.6585147
        ]
      },
      "properties": {
        "timestamp": "2026-04-20T09:54:33Z"
      }
    },
    {
      "type": "Feature",
      "geometry": {
        "type": "Point",
        "coordinates": [
          139.7020572,
          35.6585161
        ]
      },
      "properties": {
        "timestamp": "2026-04-20T09:54:34Z"
      }
    },
    {
      "type": "Feature",
      "geometry": {
        "type": "Point",
        "coordinates": [
          139.7020571,
          35.6585158
        ]
      },
      "properties": {
        "timestamp": "2026-04-20T09:54:35Z"
      }
    },
    {
      "type": "Feature",
      "geometry": {
        "type": "Point",
        "coordinates": [
          139.7020513,
          35.6585155
        ]
      },
      "properties": {
        "timestamp": "2026-04-20T09:54:36Z"
      }
    },
    {
      "type": "Feature",
      "geometry": {
        "type": "Point",
        "coordinates": [
          139.7020569,
          35.6585164
        ]
      },
      "properties": {
        "timestamp": "2026-04-20T09:54:37Z"
      }
    },
    {
      "type": "Feature",
      "geometry": {
        "type": "Point",
        "coordinates": [
          139.7020573,
          35.6585165
        ]
      },
      "properties": {
        "timestamp": "2026-04-20T09:54:38Z"
      }
    },
    {
      "type": "Feature",
      "geometry": {
        "type": "Point",
        "coordinates": [
          139.7020572,
          35.6585165
        ]
      },
      "properties": {
        "timestamp": "2026-04-20T09:54:39Z"
      }
    },
    {
      "type": "Feature",
      "geometry": {
        "type": "Point",
        "coordinates": [
          139.7020556,
          35.6585123
        ]
      },
      "properties": {
        "timestamp": "2026-04-20T09:54:40Z"
      }
    },
    {
      "type": "Feature",
      "geometry": {
        "type": "Point",
        "coordinates": [
          139.7020562,
          35.6585067
        ]
      },
      "properties": {
        "timestamp": "2026-04-20T09:54:41Z"
      }
    },
    {
      "type": "Feature",
      "geometry": {
        "type": "Point",
        "coordinates": [
          139.7020537,
          35.6585016
        ]
      },
      "properties": {
        "timestamp": "2026-04-20T09:54:42Z"
      }
    },
    {
      "type": "Feature",
      "geometry": {
        "type": "Point",
        "coordinates": [
          139.7020533,
          35.6585019
        ]
      },
      "properties": {
        "timestamp": "2026-04-20T09:54:43Z"
      }
    },
    {
      "type": "Feature",
      "geometry": {
        "type": "Point",
        "coordinates": [
          139.7020533,
          35.6585019
        ]
      },
      "properties": {
        "timestamp": "2026-04-20T09:54:44Z"
      }
    },
    {
      "type": "Feature",
      "geometry": {
        "type": "Point",
        "coordinates": [
          139.7020533,
          35.6585019
        ]
      },
      "properties": {
        "timestamp": "2026-04-20T09:54:45Z"
      }
    },
    {
      "type": "Feature",
      "geometry": {
        "type": "Point",
        "coordinates": [
          139.7020533,
          35.6585019
        ]
      },
      "properties": {
        "timestamp": "2026-04-20T09:54:46Z"
      }
    },
    {
      "type": "Feature",
      "geometry": {
        "type": "Point",
        "coordinates": [
          139.7020533,
          35.6585019
        ]
      },
      "properties": {
        "timestamp": "2026-04-20T09:54:47Z"
      }
    },
    {
      "type": "Feature",
      "geometry": {
        "type": "Point",
        "coordinates": [
          139.7020533,
          35.6585019
        ]
      },
      "properties": {
        "timestamp": "2026-04-20T09:54:48Z"
      }
    },
    {
      "type": "Feature",
      "geometry": {
        "type": "Point",
        "coordinates": [
          139.7020533,
          35.6585019
        ]
      },
      "properties": {
        "timestamp": "2026-04-20T09:54:49Z"
      }
    },
    {
      "type": "Feature",
      "geometry": {
        "type": "Point",
        "coordinates": [
          139.7020533,
          35.6585019
        ]
      },
      "properties": {
        "timestamp": "2026-04-20T09:54:50Z"
      }
    },
    {
      "type": "Feature",
      "geometry": {
        "type": "Point",
        "coordinates": [
          139.7020505,
          35.6584931
        ]
      },
      "properties": {
        "timestamp": "2026-04-20T09:54:51Z"
      }
    },
    {
      "type": "Feature",
      "geometry": {
        "type": "Point",
        "coordinates": [
          139.7020466,
          35.6584897
        ]
      },
      "properties": {
        "timestamp": "2026-04-20T09:54:52Z"
      }
    },
    {
      "type": "Feature",
      "geometry": {
        "type": "Point",
        "coordinates": [
          139.7020486,
          35.6584927
        ]
      },
      "properties": {
        "timestamp": "2026-04-20T09:54:53Z"
      }
    },
    {
      "type": "Feature",
      "geometry": {
        "type": "Point",
        "coordinates": [
          139.7020488,
          35.6584927
        ]
      },
      "properties": {
        "timestamp": "2026-04-20T09:54:54Z"
      }
    },
    {
      "type": "Feature",
      "geometry": {
        "type": "Point",
        "coordinates": [
          139.7020488,
          35.6584927
        ]
      },
      "properties": {
        "timestamp": "2026-04-20T09:54:55Z"
      }
    },
    {
      "type": "Feature",
      "geometry": {
        "type": "Point",
        "coordinates": [
          139.7020488,
          35.6584927
        ]
      },
      "properties": {
        "timestamp": "2026-04-20T09:54:56Z"
      }
    },
    {
      "type": "Feature",
      "geometry": {
        "type": "Point",
        "coordinates": [
          139.7020502,
          35.6584956
        ]
      },
      "properties": {
        "timestamp": "2026-04-20T09:54:57Z"
      }
    },
    {
      "type": "Feature",
      "geometry": {
        "type": "Point",
        "coordinates": [
          139.7020497,
          35.6584956
        ]
      },
      "properties": {
        "timestamp": "2026-04-20T09:54:58Z"
      }
    },
    {
      "type": "Feature",
      "geometry": {
        "type": "Point",
        "coordinates": [
          139.7020497,
          35.6584956
        ]
      },
      "properties": {
        "timestamp": "2026-04-20T09:54:59Z"
      }
    },
    {
      "type": "Feature",
      "geometry": {
        "type": "Point",
        "coordinates": [
          139.7020497,
          35.6584956
        ]
      },
      "properties": {
        "timestamp": "2026-04-20T09:55:00Z"
      }
    },
    {
      "type": "Feature",
      "geometry": {
        "type": "Point",
        "coordinates": [
          139.7020497,
          35.6584956
        ]
      },
      "properties": {
        "timestamp": "2026-04-20T09:55:01Z"
      }
    },
    {
      "type": "Feature",
      "geometry": {
        "type": "Point",
        "coordinates": [
          139.7020497,
          35.6584956
        ]
      },
      "properties": {
        "timestamp": "2026-04-20T09:55:02Z"
      }
    },
    {
      "type": "Feature",
      "geometry": {
        "type": "Point",
        "coordinates": [
          139.7020459,
          35.6584973
        ]
      },
      "properties": {
        "timestamp": "2026-04-20T09:55:03Z"
      }
    },
    {
      "type": "Feature",
      "geometry": {
        "type": "Point",
        "coordinates": [
          139.7020454,
          35.6584976
        ]
      },
      "properties": {
        "timestamp": "2026-04-20T09:55:04Z"
      }
    },
    {
      "type": "Feature",
      "geometry": {
        "type": "Point",
        "coordinates": [
          139.7020454,
          35.6584976
        ]
      },
      "properties": {
        "timestamp": "2026-04-20T09:55:05Z"
      }
    },
    {
      "type": "Feature",
      "geometry": {
        "type": "Point",
        "coordinates": [
          139.7020454,
          35.6584976
        ]
      },
      "properties": {
        "timestamp": "2026-04-20T09:55:06Z"
      }
    },
    {
      "type": "Feature",
      "geometry": {
        "type": "Point",
        "coordinates": [
          139.7020454,
          35.6584976
        ]
      },
      "properties": {
        "timestamp": "2026-04-20T09:55:07Z"
      }
    },
    {
      "type": "Feature",
      "geometry": {
        "type": "Point",
        "coordinates": [
          139.7020454,
          35.6584976
        ]
      },
      "properties": {
        "timestamp": "2026-04-20T09:55:08Z"
      }
    },
    {
      "type": "Feature",
      "geometry": {
        "type": "Point",
        "coordinates": [
          139.7020454,
          35.6584976
        ]
      },
      "properties": {
        "timestamp": "2026-04-20T09:55:09Z"
      }
    },
    {
      "type": "Feature",
      "geometry": {
        "type": "Point",
        "coordinates": [
          139.7020473,
          35.6584948
        ]
      },
      "properties": {
        "timestamp": "2026-04-20T09:55:10Z"
      }
    },
    {
      "type": "Feature",
      "geometry": {
        "type": "Point",
        "coordinates": [
          139.702045,
          35.6584931
        ]
      },
      "properties": {
        "timestamp": "2026-04-20T09:55:11Z"
      }
    },
    {
      "type": "Feature",
      "geometry": {
        "type": "Point",
        "coordinates": [
          139.7020422,
          35.6584906
        ]
      },
      "properties": {
        "timestamp": "2026-04-20T09:55:12Z"
      }
    },
    {
      "type": "Feature",
      "geometry": {
        "type": "Point",
        "coordinates": [
          139.7020443,
          35.6584887
        ]
      },
      "properties": {
        "timestamp": "2026-04-20T09:55:13Z"
      }
    },
    {
      "type": "Feature",
      "geometry": {
        "type": "Point",
        "coordinates": [
          139.7020369,
          35.6584866
        ]
      },
      "properties": {
        "timestamp": "2026-04-20T09:55:14Z"
      }
    },
    {
      "type": "Feature",
      "geometry": {
        "type": "Point",
        "coordinates": [
          139.7020359,
          35.6584835
        ]
      },
      "properties": {
        "timestamp": "2026-04-20T09:55:15Z"
      }
    },
    {
      "type": "Feature",
      "geometry": {
        "type": "Point",
        "coordinates": [
          139.7020376,
          35.6584836
        ]
      },
      "properties": {
        "timestamp": "2026-04-20T09:55:16Z"
      }
    },
    {
      "type": "Feature",
      "geometry": {
        "type": "Point",
        "coordinates": [
          139.7020336,
          35.6584822
        ]
      },
      "properties": {
        "timestamp": "2026-04-20T09:55:17Z"
      }
    },
    {
      "type": "Feature",
      "geometry": {
        "type": "Point",
        "coordinates": [
          139.7020292,
          35.6584819
        ]
      },
      "properties": {
        "timestamp": "2026-04-20T09:55:18Z"
      }
    },
    {
      "type": "Feature",
      "geometry": {
        "type": "Point",
        "coordinates": [
          139.7020312,
          35.6584767
        ]
      },
      "properties": {
        "timestamp": "2026-04-20T09:55:19Z"
      }
    },
    {
      "type": "Feature",
      "geometry": {
        "type": "Point",
        "coordinates": [
          139.7020369,
          35.6584715
        ]
      },
      "properties": {
        "timestamp": "2026-04-20T09:55:20Z"
      }
    },
    {
      "type": "Feature",
      "geometry": {
        "type": "Point",
        "coordinates": [
          139.7020345,
          35.6584669
        ]
      },
      "properties": {
        "timestamp": "2026-04-20T09:55:21Z"
      }
    },
    {
      "type": "Feature",
      "geometry": {
        "type": "Point",
        "coordinates": [
          139.7020311,
          35.6584641
        ]
      },
      "properties": {
        "timestamp": "2026-04-20T09:55:22Z"
      }
    },
    {
      "type": "Feature",
      "geometry": {
        "type": "Point",
        "coordinates": [
          139.7020273,
          35.6584637
        ]
      },
      "properties": {
        "timestamp": "2026-04-20T09:55:23Z"
      }
    },
    {
      "type": "Feature",
      "geometry": {
        "type": "Point",
        "coordinates": [
          139.7020252,
          35.6584576
        ]
      },
      "properties": {
        "timestamp": "2026-04-20T09:55:24Z"
      }
    },
    {
      "type": "Feature",
      "geometry": {
        "type": "Point",
        "coordinates": [
          139.702023,
          35.6584464
        ]
      },
      "properties": {
        "timestamp": "2026-04-20T09:55:25Z"
      }
    },
    {
      "type": "Feature",
      "geometry": {
        "type": "Point",
        "coordinates": [
          139.7020267,
          35.6584426
        ]
      },
      "properties": {
        "timestamp": "2026-04-20T09:55:26Z"
      }
    },
    {
      "type": "Feature",
      "geometry": {
        "type": "Point",
        "coordinates": [
          139.7020295,
          35.6584383
        ]
      },
      "properties": {
        "timestamp": "2026-04-20T09:55:27Z"
      }
    },
    {
      "type": "Feature",
      "geometry": {
        "type": "Point",
        "coordinates": [
          139.7020313,
          35.6584257
        ]
      },
      "properties": {
        "timestamp": "2026-04-20T09:55:28Z"
      }
    },
    {
      "type": "Feature",
      "geometry": {
        "type": "Point",
        "coordinates": [
          139.7020378,
          35.6584183
        ]
      },
      "properties": {
        "timestamp": "2026-04-20T09:55:29Z"
      }
    },
    {
      "type": "Feature",
      "geometry": {
        "type": "Point",
        "coordinates": [
          139.7020442,
          35.6584101
        ]
      },
      "properties": {
        "timestamp": "2026-04-20T09:55:30Z"
      }
    },
    {
      "type": "Feature",
      "geometry": {
        "type": "Point",
        "coordinates": [
          139.7020483,
          35.6584019
        ]
      },
      "properties": {
        "timestamp": "2026-04-20T09:55:31Z"
      }
    },
    {
      "type": "Feature",
      "geometry": {
        "type": "Point",
        "coordinates": [
          139.7020503,
          35.6583945
        ]
      },
      "properties": {
        "timestamp": "2026-04-20T09:55:32Z"
      }
    },
    {
      "type": "Feature",
      "geometry": {
        "type": "Point",
        "coordinates": [
          139.7020515,
          35.6583915
        ]
      },
      "properties": {
        "timestamp": "2026-04-20T09:55:33Z"
      }
    },
    {
      "type": "Feature",
      "geometry": {
        "type": "Point",
        "coordinates": [
          139.7020543,
          35.6583854
        ]
      },
      "properties": {
        "timestamp": "2026-04-20T09:55:34Z"
      }
    },
    {
      "type": "Feature",
      "geometry": {
        "type": "Point",
        "coordinates": [
          139.7020515,
          35.6583788
        ]
      },
      "properties": {
        "timestamp": "2026-04-20T09:55:35Z"
      }
    },
    {
      "type": "Feature",
      "geometry": {
        "type": "Point",
        "coordinates": [
          139.702057,
          35.6583723
        ]
      },
      "properties": {
        "timestamp": "2026-04-20T09:55:36Z"
      }
    },
    {
      "type": "Feature",
      "geometry": {
        "type": "Point",
        "coordinates": [
          139.7020622,
          35.6583658
        ]
      },
      "properties": {
        "timestamp": "2026-04-20T09:55:37Z"
      }
    },
    {
      "type": "Feature",
      "geometry": {
        "type": "Point",
        "coordinates": [
          139.7020616,
          35.6583623
        ]
      },
      "properties": {
        "timestamp": "2026-04-20T09:55:38Z"
      }
    },
    {
      "type": "Feature",
      "geometry": {
        "type": "Point",
        "coordinates": [
          139.7020644,
          35.6583528
        ]
      },
      "properties": {
        "timestamp": "2026-04-20T09:55:39Z"
      }
    },
    {
      "type": "Feature",
      "geometry": {
        "type": "Point",
        "coordinates": [
          139.7020629,
          35.6583444
        ]
      },
      "properties": {
        "timestamp": "2026-04-20T09:55:40Z"
      }
    },
    {
      "type": "Feature",
      "geometry": {
        "type": "Point",
        "coordinates": [
          139.7020674,
          35.6583441
        ]
      },
      "properties": {
        "timestamp": "2026-04-20T09:55:41Z"
      }
    },
    {
      "type": "Feature",
      "geometry": {
        "type": "Point",
        "coordinates": [
          139.702069,
          35.6583418
        ]
      },
      "properties": {
        "timestamp": "2026-04-20T09:55:42Z"
      }
    },
    {
      "type": "Feature",
      "geometry": {
        "type": "Point",
        "coordinates": [
          139.7020858,
          35.6583386
        ]
      },
      "properties": {
        "timestamp": "2026-04-20T09:55:43Z"
      }
    },
    {
      "type": "Feature",
      "geometry": {
        "type": "Point",
        "coordinates": [
          139.7020964,
          35.6583348
        ]
      },
      "properties": {
        "timestamp": "2026-04-20T09:55:44Z"
      }
    },
    {
      "type": "Feature",
      "geometry": {
        "type": "Point",
        "coordinates": [
          139.7020983,
          35.658327
        ]
      },
      "properties": {
        "timestamp": "2026-04-20T09:55:45Z"
      }
    },
    {
      "type": "Feature",
      "geometry": {
        "type": "Point",
        "coordinates": [
          139.7021042,
          35.6583231
        ]
      },
      "properties": {
        "timestamp": "2026-04-20T09:55:46Z"
      }
    },
    {
      "type": "Feature",
      "geometry": {
        "type": "Point",
        "coordinates": [
          139.7021076,
          35.6583223
        ]
      },
      "properties": {
        "timestamp": "2026-04-20T09:55:47Z"
      }
    },
    {
      "type": "Feature",
      "geometry": {
        "type": "Point",
        "coordinates": [
          139.7021118,
          35.6583226
        ]
      },
      "properties": {
        "timestamp": "2026-04-20T09:55:48Z"
      }
    },
    {
      "type": "Feature",
      "geometry": {
        "type": "Point",
        "coordinates": [
          139.7021045,
          35.658326
        ]
      },
      "properties": {
        "timestamp": "2026-04-20T09:55:49Z"
      }
    },
    {
      "type": "Feature",
      "geometry": {
        "type": "Point",
        "coordinates": [
          139.7021061,
          35.6583232
        ]
      },
      "properties": {
        "timestamp": "2026-04-20T09:55:50Z"
      }
    },
    {
      "type": "Feature",
      "geometry": {
        "type": "Point",
        "coordinates": [
          139.7021129,
          35.6583259
        ]
      },
      "properties": {
        "timestamp": "2026-04-20T09:55:51Z"
      }
    },
    {
      "type": "Feature",
      "geometry": {
        "type": "Point",
        "coordinates": [
          139.7021116,
          35.6583219
        ]
      },
      "properties": {
        "timestamp": "2026-04-20T09:55:52Z"
      }
    },
    {
      "type": "Feature",
      "geometry": {
        "type": "Point",
        "coordinates": [
          139.702108,
          35.6583145
        ]
      },
      "properties": {
        "timestamp": "2026-04-20T09:55:53Z"
      }
    },
    {
      "type": "Feature",
      "geometry": {
        "type": "Point",
        "coordinates": [
          139.7021122,
          35.6583142
        ]
      },
      "properties": {
        "timestamp": "2026-04-20T09:55:54Z"
      }
    },
    {
      "type": "Feature",
      "geometry": {
        "type": "Point",
        "coordinates": [
          139.7021095,
          35.6583185
        ]
      },
      "properties": {
        "timestamp": "2026-04-20T09:55:55Z"
      }
    },
    {
      "type": "Feature",
      "geometry": {
        "type": "Point",
        "coordinates": [
          139.702109,
          35.6583169
        ]
      },
      "properties": {
        "timestamp": "2026-04-20T09:55:56Z"
      }
    },
    {
      "type": "Feature",
      "geometry": {
        "type": "Point",
        "coordinates": [
          139.7021135,
          35.6583156
        ]
      },
      "properties": {
        "timestamp": "2026-04-20T09:55:57Z"
      }
    },
    {
      "type": "Feature",
      "geometry": {
        "type": "Point",
        "coordinates": [
          139.7021126,
          35.6583164
        ]
      },
      "properties": {
        "timestamp": "2026-04-20T09:55:58Z"
      }
    },
    {
      "type": "Feature",
      "geometry": {
        "type": "Point",
        "coordinates": [
          139.7021126,
          35.6583221
        ]
      },
      "properties": {
        "timestamp": "2026-04-20T09:55:59Z"
      }
    },
    {
      "type": "Feature",
      "geometry": {
        "type": "Point",
        "coordinates": [
          139.7021137,
          35.6583248
        ]
      },
      "properties": {
        "timestamp": "2026-04-20T09:56:00Z"
      }
    },
    {
      "type": "Feature",
      "geometry": {
        "type": "Point",
        "coordinates": [
          139.7021157,
          35.6583207
        ]
      },
      "properties": {
        "timestamp": "2026-04-20T09:56:01Z"
      }
    },
    {
      "type": "Feature",
      "geometry": {
        "type": "Point",
        "coordinates": [
          139.7021157,
          35.6583208
        ]
      },
      "properties": {
        "timestamp": "2026-04-20T09:56:02Z"
      }
    },
    {
      "type": "Feature",
      "geometry": {
        "type": "Point",
        "coordinates": [
          139.7021157,
          35.6583208
        ]
      },
      "properties": {
        "timestamp": "2026-04-20T09:56:03Z"
      }
    },
    {
      "type": "Feature",
      "geometry": {
        "type": "Point",
        "coordinates": [
          139.7021157,
          35.6583208
        ]
      },
      "properties": {
        "timestamp": "2026-04-20T09:56:04Z"
      }
    },
    {
      "type": "Feature",
      "geometry": {
        "type": "Point",
        "coordinates": [
          139.7021157,
          35.6583208
        ]
      },
      "properties": {
        "timestamp": "2026-04-20T09:56:05Z"
      }
    },
    {
      "type": "Feature",
      "geometry": {
        "type": "Point",
        "coordinates": [
          139.7021147,
          35.6583182
        ]
      },
      "properties": {
        "timestamp": "2026-04-20T09:56:06Z"
      }
    },
    {
      "type": "Feature",
      "geometry": {
        "type": "Point",
        "coordinates": [
          139.702117,
          35.6583157
        ]
      },
      "properties": {
        "timestamp": "2026-04-20T09:56:07Z"
      }
    },
    {
      "type": "Feature",
      "geometry": {
        "type": "Point",
        "coordinates": [
          139.7021185,
          35.6583115
        ]
      },
      "properties": {
        "timestamp": "2026-04-20T09:56:08Z"
      }
    },
    {
      "type": "Feature",
      "geometry": {
        "type": "Point",
        "coordinates": [
          139.7021206,
          35.6583092
        ]
      },
      "properties": {
        "timestamp": "2026-04-20T09:56:09Z"
      }
    },
    {
      "type": "Feature",
      "geometry": {
        "type": "Point",
        "coordinates": [
          139.7021205,
          35.6583096
        ]
      },
      "properties": {
        "timestamp": "2026-04-20T09:56:10Z"
      }
    },
    {
      "type": "Feature",
      "geometry": {
        "type": "Point",
        "coordinates": [
          139.7021162,
          35.6583138
        ]
      },
      "properties": {
        "timestamp": "2026-04-20T09:56:11Z"
      }
    },
    {
      "type": "Feature",
      "geometry": {
        "type": "Point",
        "coordinates": [
          139.7021121,
          35.6583151
        ]
      },
      "properties": {
        "timestamp": "2026-04-20T09:56:12Z"
      }
    },
    {
      "type": "Feature",
      "geometry": {
        "type": "Point",
        "coordinates": [
          139.7021124,
          35.6583154
        ]
      },
      "properties": {
        "timestamp": "2026-04-20T09:56:13Z"
      }
    },
    {
      "type": "Feature",
      "geometry": {
        "type": "Point",
        "coordinates": [
          139.7021124,
          35.6583154
        ]
      },
      "properties": {
        "timestamp": "2026-04-20T09:56:14Z"
      }
    },
    {
      "type": "Feature",
      "geometry": {
        "type": "Point",
        "coordinates": [
          139.7021094,
          35.6583166
        ]
      },
      "properties": {
        "timestamp": "2026-04-20T09:56:15Z"
      }
    },
    {
      "type": "Feature",
      "geometry": {
        "type": "Point",
        "coordinates": [
          139.7021064,
          35.6583181
        ]
      },
      "properties": {
        "timestamp": "2026-04-20T09:56:16Z"
      }
    },
    {
      "type": "Feature",
      "geometry": {
        "type": "Point",
        "coordinates": [
          139.7021072,
          35.6583185
        ]
      },
      "properties": {
        "timestamp": "2026-04-20T09:56:17Z"
      }
    },
    {
      "type": "Feature",
      "geometry": {
        "type": "Point",
        "coordinates": [
          139.7021076,
          35.6583183
        ]
      },
      "properties": {
        "timestamp": "2026-04-20T09:56:18Z"
      }
    },
    {
      "type": "Feature",
      "geometry": {
        "type": "Point",
        "coordinates": [
          139.7021076,
          35.6583183
        ]
      },
      "properties": {
        "timestamp": "2026-04-20T09:56:19Z"
      }
    },
    {
      "type": "Feature",
      "geometry": {
        "type": "Point",
        "coordinates": [
          139.7021076,
          35.6583183
        ]
      },
      "properties": {
        "timestamp": "2026-04-20T09:56:20Z"
      }
    },
    {
      "type": "Feature",
      "geometry": {
        "type": "Point",
        "coordinates": [
          139.7021076,
          35.6583183
        ]
      },
      "properties": {
        "timestamp": "2026-04-20T09:56:21Z"
      }
    },
    {
      "type": "Feature",
      "geometry": {
        "type": "Point",
        "coordinates": [
          139.7021076,
          35.6583183
        ]
      },
      "properties": {
        "timestamp": "2026-04-20T09:56:22Z"
      }
    },
    {
      "type": "Feature",
      "geometry": {
        "type": "Point",
        "coordinates": [
          139.7021076,
          35.6583183
        ]
      },
      "properties": {
        "timestamp": "2026-04-20T09:56:23Z"
      }
    },
    {
      "type": "Feature",
      "geometry": {
        "type": "Point",
        "coordinates": [
          139.7021076,
          35.6583183
        ]
      },
      "properties": {
        "timestamp": "2026-04-20T09:56:24Z"
      }
    },
    {
      "type": "Feature",
      "geometry": {
        "type": "Point",
        "coordinates": [
          139.7021126,
          35.6583203
        ]
      },
      "properties": {
        "timestamp": "2026-04-20T09:56:25Z"
      }
    },
    {
      "type": "Feature",
      "geometry": {
        "type": "Point",
        "coordinates": [
          139.7021155,
          35.6583224
        ]
      },
      "properties": {
        "timestamp": "2026-04-20T09:56:26Z"
      }
    },
    {
      "type": "Feature",
      "geometry": {
        "type": "Point",
        "coordinates": [
          139.7021158,
          35.6583226
        ]
      },
      "properties": {
        "timestamp": "2026-04-20T09:56:27Z"
      }
    },
    {
      "type": "Feature",
      "geometry": {
        "type": "Point",
        "coordinates": [
          139.7021158,
          35.6583226
        ]
      },
      "properties": {
        "timestamp": "2026-04-20T09:56:28Z"
      }
    },
    {
      "type": "Feature",
      "geometry": {
        "type": "Point",
        "coordinates": [
          139.7021158,
          35.6583226
        ]
      },
      "properties": {
        "timestamp": "2026-04-20T09:56:29Z"
      }
    },
    {
      "type": "Feature",
      "geometry": {
        "type": "Point",
        "coordinates": [
          139.7021158,
          35.6583226
        ]
      },
      "properties": {
        "timestamp": "2026-04-20T09:56:30Z"
      }
    },
    {
      "type": "Feature",
      "geometry": {
        "type": "Point",
        "coordinates": [
          139.7021158,
          35.6583226
        ]
      },
      "properties": {
        "timestamp": "2026-04-20T09:56:31Z"
      }
    },
    {
      "type": "Feature",
      "geometry": {
        "type": "Point",
        "coordinates": [
          139.7021121,
          35.6583243
        ]
      },
      "properties": {
        "timestamp": "2026-04-20T09:56:32Z"
      }
    },
    {
      "type": "Feature",
      "geometry": {
        "type": "Point",
        "coordinates": [
          139.7021061,
          35.6583247
        ]
      },
      "properties": {
        "timestamp": "2026-04-20T09:56:33Z"
      }
    },
    {
      "type": "Feature",
      "geometry": {
        "type": "Point",
        "coordinates": [
          139.7021047,
          35.6583249
        ]
      },
      "properties": {
        "timestamp": "2026-04-20T09:56:34Z"
      }
    },
    {
      "type": "Feature",
      "geometry": {
        "type": "Point",
        "coordinates": [
          139.7021049,
          35.6583245
        ]
      },
      "properties": {
        "timestamp": "2026-04-20T09:56:35Z"
      }
    },
    {
      "type": "Feature",
      "geometry": {
        "type": "Point",
        "coordinates": [
          139.7021049,
          35.6583245
        ]
      },
      "properties": {
        "timestamp": "2026-04-20T09:56:36Z"
      }
    },
    {
      "type": "Feature",
      "geometry": {
        "type": "Point",
        "coordinates": [
          139.7021049,
          35.6583245
        ]
      },
      "properties": {
        "timestamp": "2026-04-20T09:56:37Z"
      }
    },
    {
      "type": "Feature",
      "geometry": {
        "type": "Point",
        "coordinates": [
          139.7021049,
          35.6583245
        ]
      },
      "properties": {
        "timestamp": "2026-04-20T09:56:38Z"
      }
    },
    {
      "type": "Feature",
      "geometry": {
        "type": "Point",
        "coordinates": [
          139.7021049,
          35.6583245
        ]
      },
      "properties": {
        "timestamp": "2026-04-20T09:56:39Z"
      }
    },
    {
      "type": "Feature",
      "geometry": {
        "type": "Point",
        "coordinates": [
          139.7021049,
          35.6583245
        ]
      },
      "properties": {
        "timestamp": "2026-04-20T09:56:40Z"
      }
    },
    {
      "type": "Feature",
      "geometry": {
        "type": "Point",
        "coordinates": [
          139.7021045,
          35.6583231
        ]
      },
      "properties": {
        "timestamp": "2026-04-20T09:56:41Z"
      }
    },
    {
      "type": "Feature",
      "geometry": {
        "type": "Point",
        "coordinates": [
          139.7021,
          35.658319
        ]
      },
      "properties": {
        "timestamp": "2026-04-20T09:56:42Z"
      }
    },
    {
      "type": "Feature",
      "geometry": {
        "type": "Point",
        "coordinates": [
          139.7021021,
          35.6583253
        ]
      },
      "properties": {
        "timestamp": "2026-04-20T09:56:43Z"
      }
    },
    {
      "type": "Feature",
      "geometry": {
        "type": "Point",
        "coordinates": [
          139.7021022,
          35.6583255
        ]
      },
      "properties": {
        "timestamp": "2026-04-20T09:56:44Z"
      }
    },
    {
      "type": "Feature",
      "geometry": {
        "type": "Point",
        "coordinates": [
          139.7021022,
          35.6583255
        ]
      },
      "properties": {
        "timestamp": "2026-04-20T09:56:45Z"
      }
    },
    {
      "type": "Feature",
      "geometry": {
        "type": "Point",
        "coordinates": [
          139.7021022,
          35.6583255
        ]
      },
      "properties": {
        "timestamp": "2026-04-20T09:56:46Z"
      }
    },
    {
      "type": "Feature",
      "geometry": {
        "type": "Point",
        "coordinates": [
          139.7021022,
          35.6583255
        ]
      },
      "properties": {
        "timestamp": "2026-04-20T09:56:47Z"
      }
    },
    {
      "type": "Feature",
      "geometry": {
        "type": "Point",
        "coordinates": [
          139.7021022,
          35.6583255
        ]
      },
      "properties": {
        "timestamp": "2026-04-20T09:56:48Z"
      }
    },
    {
      "type": "Feature",
      "geometry": {
        "type": "Point",
        "coordinates": [
          139.7021022,
          35.6583255
        ]
      },
      "properties": {
        "timestamp": "2026-04-20T09:56:49Z"
      }
    },
    {
      "type": "Feature",
      "geometry": {
        "type": "Point",
        "coordinates": [
          139.7021022,
          35.6583255
        ]
      },
      "properties": {
        "timestamp": "2026-04-20T09:56:50Z"
      }
    },
    {
      "type": "Feature",
      "geometry": {
        "type": "Point",
        "coordinates": [
          139.7021022,
          35.6583255
        ]
      },
      "properties": {
        "timestamp": "2026-04-20T09:56:51Z"
      }
    },
    {
      "type": "Feature",
      "geometry": {
        "type": "Point",
        "coordinates": [
          139.7021021,
          35.6583289
        ]
      },
      "properties": {
        "timestamp": "2026-04-20T09:56:52Z"
      }
    },
    {
      "type": "Feature",
      "geometry": {
        "type": "Point",
        "coordinates": [
          139.7021024,
          35.658329
        ]
      },
      "properties": {
        "timestamp": "2026-04-20T09:56:53Z"
      }
    },
    {
      "type": "Feature",
      "geometry": {
        "type": "Point",
        "coordinates": [
          139.7021024,
          35.658329
        ]
      },
      "properties": {
        "timestamp": "2026-04-20T09:56:54Z"
      }
    },
    {
      "type": "Feature",
      "geometry": {
        "type": "Point",
        "coordinates": [
          139.7021024,
          35.658329
        ]
      },
      "properties": {
        "timestamp": "2026-04-20T09:56:55Z"
      }
    },
    {
      "type": "Feature",
      "geometry": {
        "type": "Point",
        "coordinates": [
          139.7021024,
          35.658329
        ]
      },
      "properties": {
        "timestamp": "2026-04-20T09:56:56Z"
      }
    },
    {
      "type": "Feature",
      "geometry": {
        "type": "Point",
        "coordinates": [
          139.7021024,
          35.658329
        ]
      },
      "properties": {
        "timestamp": "2026-04-20T09:56:57Z"
      }
    },
    {
      "type": "Feature",
      "geometry": {
        "type": "Point",
        "coordinates": [
          139.7021024,
          35.658329
        ]
      },
      "properties": {
        "timestamp": "2026-04-20T09:56:58Z"
      }
    },
    {
      "type": "Feature",
      "geometry": {
        "type": "Point",
        "coordinates": [
          139.7021024,
          35.658329
        ]
      },
      "properties": {
        "timestamp": "2026-04-20T09:56:59Z"
      }
    },
    {
      "type": "Feature",
      "geometry": {
        "type": "Point",
        "coordinates": [
          139.7021024,
          35.658329
        ]
      },
      "properties": {
        "timestamp": "2026-04-20T09:57:00Z"
      }
    },
    {
      "type": "Feature",
      "geometry": {
        "type": "Point",
        "coordinates": [
          139.7021024,
          35.658329
        ]
      },
      "properties": {
        "timestamp": "2026-04-20T09:57:01Z"
      }
    },
    {
      "type": "Feature",
      "geometry": {
        "type": "Point",
        "coordinates": [
          139.7021024,
          35.658329
        ]
      },
      "properties": {
        "timestamp": "2026-04-20T09:57:02Z"
      }
    },
    {
      "type": "Feature",
      "geometry": {
        "type": "Point",
        "coordinates": [
          139.7021024,
          35.658329
        ]
      },
      "properties": {
        "timestamp": "2026-04-20T09:57:03Z"
      }
    },
    {
      "type": "Feature",
      "geometry": {
        "type": "Point",
        "coordinates": [
          139.7021024,
          35.658329
        ]
      },
      "properties": {
        "timestamp": "2026-04-20T09:57:04Z"
      }
    },
    {
      "type": "Feature",
      "geometry": {
        "type": "Point",
        "coordinates": [
          139.7021024,
          35.658329
        ]
      },
      "properties": {
        "timestamp": "2026-04-20T09:57:05Z"
      }
    },
    {
      "type": "Feature",
      "geometry": {
        "type": "Point",
        "coordinates": [
          139.7021024,
          35.658329
        ]
      },
      "properties": {
        "timestamp": "2026-04-20T09:57:06Z"
      }
    },
    {
      "type": "Feature",
      "geometry": {
        "type": "Point",
        "coordinates": [
          139.7021024,
          35.658329
        ]
      },
      "properties": {
        "timestamp": "2026-04-20T09:57:07Z"
      }
    },
    {
      "type": "Feature",
      "geometry": {
        "type": "Point",
        "coordinates": [
          139.7021092,
          35.6583308
        ]
      },
      "properties": {
        "timestamp": "2026-04-20T09:57:08Z"
      }
    },
    {
      "type": "Feature",
      "geometry": {
        "type": "Point",
        "coordinates": [
          139.7021157,
          35.6583245
        ]
      },
      "properties": {
        "timestamp": "2026-04-20T09:57:09Z"
      }
    },
    {
      "type": "Feature",
      "geometry": {
        "type": "Point",
        "coordinates": [
          139.702118,
          35.6583276
        ]
      },
      "properties": {
        "timestamp": "2026-04-20T09:57:10Z"
      }
    },
    {
      "type": "Feature",
      "geometry": {
        "type": "Point",
        "coordinates": [
          139.7021178,
          35.6583268
        ]
      },
      "properties": {
        "timestamp": "2026-04-20T09:57:11Z"
      }
    },
    {
      "type": "Feature",
      "geometry": {
        "type": "Point",
        "coordinates": [
          139.7021173,
          35.6583252
        ]
      },
      "properties": {
        "timestamp": "2026-04-20T09:57:12Z"
      }
    },
    {
      "type": "Feature",
      "geometry": {
        "type": "Point",
        "coordinates": [
          139.702115,
          35.6583225
        ]
      },
      "properties": {
        "timestamp": "2026-04-20T09:57:13Z"
      }
    },
    {
      "type": "Feature",
      "geometry": {
        "type": "Point",
        "coordinates": [
          139.7021153,
          35.6583228
        ]
      },
      "properties": {
        "timestamp": "2026-04-20T09:57:14Z"
      }
    },
    {
      "type": "Feature",
      "geometry": {
        "type": "Point",
        "coordinates": [
          139.7021153,
          35.6583228
        ]
      },
      "properties": {
        "timestamp": "2026-04-20T09:57:15Z"
      }
    },
    {
      "type": "Feature",
      "geometry": {
        "type": "Point",
        "coordinates": [
          139.7021129,
          35.6583214
        ]
      },
      "properties": {
        "timestamp": "2026-04-20T09:57:16Z"
      }
    },
    {
      "type": "Feature",
      "geometry": {
        "type": "Point",
        "coordinates": [
          139.7021097,
          35.6583216
        ]
      },
      "properties": {
        "timestamp": "2026-04-20T09:57:17Z"
      }
    },
    {
      "type": "Feature",
      "geometry": {
        "type": "Point",
        "coordinates": [
          139.7021102,
          35.6583184
        ]
      },
      "properties": {
        "timestamp": "2026-04-20T09:57:18Z"
      }
    },
    {
      "type": "Feature",
      "geometry": {
        "type": "Point",
        "coordinates": [
          139.7021105,
          35.6583183
        ]
      },
      "properties": {
        "timestamp": "2026-04-20T09:57:19Z"
      }
    },
    {
      "type": "Feature",
      "geometry": {
        "type": "Point",
        "coordinates": [
          139.7021105,
          35.6583183
        ]
      },
      "properties": {
        "timestamp": "2026-04-20T09:57:20Z"
      }
    },
    {
      "type": "Feature",
      "geometry": {
        "type": "Point",
        "coordinates": [
          139.7021105,
          35.6583183
        ]
      },
      "properties": {
        "timestamp": "2026-04-20T09:57:21Z"
      }
    },
    {
      "type": "Feature",
      "geometry": {
        "type": "Point",
        "coordinates": [
          139.7021105,
          35.6583183
        ]
      },
      "properties": {
        "timestamp": "2026-04-20T09:57:22Z"
      }
    },
    {
      "type": "Feature",
      "geometry": {
        "type": "Point",
        "coordinates": [
          139.7021105,
          35.6583183
        ]
      },
      "properties": {
        "timestamp": "2026-04-20T09:57:23Z"
      }
    },
    {
      "type": "Feature",
      "geometry": {
        "type": "Point",
        "coordinates": [
          139.7021105,
          35.6583183
        ]
      },
      "properties": {
        "timestamp": "2026-04-20T09:57:24Z"
      }
    },
    {
      "type": "Feature",
      "geometry": {
        "type": "Point",
        "coordinates": [
          139.7021105,
          35.6583183
        ]
      },
      "properties": {
        "timestamp": "2026-04-20T09:57:25Z"
      }
    },
    {
      "type": "Feature",
      "geometry": {
        "type": "Point",
        "coordinates": [
          139.7021105,
          35.6583183
        ]
      },
      "properties": {
        "timestamp": "2026-04-20T09:57:26Z"
      }
    },
    {
      "type": "Feature",
      "geometry": {
        "type": "Point",
        "coordinates": [
          139.7021105,
          35.6583183
        ]
      },
      "properties": {
        "timestamp": "2026-04-20T09:57:27Z"
      }
    },
    {
      "type": "Feature",
      "geometry": {
        "type": "Point",
        "coordinates": [
          139.7021105,
          35.6583183
        ]
      },
      "properties": {
        "timestamp": "2026-04-20T09:57:28Z"
      }
    },
    {
      "type": "Feature",
      "geometry": {
        "type": "Point",
        "coordinates": [
          139.7021105,
          35.6583183
        ]
      },
      "properties": {
        "timestamp": "2026-04-20T09:57:29Z"
      }
    },
    {
      "type": "Feature",
      "geometry": {
        "type": "Point",
        "coordinates": [
          139.7021105,
          35.6583183
        ]
      },
      "properties": {
        "timestamp": "2026-04-20T09:57:30Z"
      }
    },
    {
      "type": "Feature",
      "geometry": {
        "type": "Point",
        "coordinates": [
          139.7021105,
          35.6583183
        ]
      },
      "properties": {
        "timestamp": "2026-04-20T09:57:31Z"
      }
    },
    {
      "type": "Feature",
      "geometry": {
        "type": "Point",
        "coordinates": [
          139.7021105,
          35.6583183
        ]
      },
      "properties": {
        "timestamp": "2026-04-20T09:57:32Z"
      }
    },
    {
      "type": "Feature",
      "geometry": {
        "type": "Point",
        "coordinates": [
          139.7021105,
          35.6583183
        ]
      },
      "properties": {
        "timestamp": "2026-04-20T09:57:33Z"
      }
    },
    {
      "type": "Feature",
      "geometry": {
        "type": "Point",
        "coordinates": [
          139.7021105,
          35.6583183
        ]
      },
      "properties": {
        "timestamp": "2026-04-20T09:57:34Z"
      }
    },
    {
      "type": "Feature",
      "geometry": {
        "type": "Point",
        "coordinates": [
          139.7021105,
          35.6583183
        ]
      },
      "properties": {
        "timestamp": "2026-04-20T09:57:35Z"
      }
    },
    {
      "type": "Feature",
      "geometry": {
        "type": "Point",
        "coordinates": [
          139.7021105,
          35.6583183
        ]
      },
      "properties": {
        "timestamp": "2026-04-20T09:57:36Z"
      }
    },
    {
      "type": "Feature",
      "geometry": {
        "type": "Point",
        "coordinates": [
          139.7021105,
          35.6583183
        ]
      },
      "properties": {
        "timestamp": "2026-04-20T09:57:37Z"
      }
    },
    {
      "type": "Feature",
      "geometry": {
        "type": "Point",
        "coordinates": [
          139.7021105,
          35.6583183
        ]
      },
      "properties": {
        "timestamp": "2026-04-20T09:57:38Z"
      }
    },
    {
      "type": "Feature",
      "geometry": {
        "type": "Point",
        "coordinates": [
          139.7021133,
          35.6583156
        ]
      },
      "properties": {
        "timestamp": "2026-04-20T09:57:39Z"
      }
    },
    {
      "type": "Feature",
      "geometry": {
        "type": "Point",
        "coordinates": [
          139.7021101,
          35.6583143
        ]
      },
      "properties": {
        "timestamp": "2026-04-20T09:57:40Z"
      }
    },
    {
      "type": "Feature",
      "geometry": {
        "type": "Point",
        "coordinates": [
          139.7021091,
          35.6583123
        ]
      },
      "properties": {
        "timestamp": "2026-04-20T09:57:41Z"
      }
    },
    {
      "type": "Feature",
      "geometry": {
        "type": "Point",
        "coordinates": [
          139.7021092,
          35.6583124
        ]
      },
      "properties": {
        "timestamp": "2026-04-20T09:57:42Z"
      }
    },
    {
      "type": "Feature",
      "geometry": {
        "type": "Point",
        "coordinates": [
          139.7021085,
          35.6583123
        ]
      },
      "properties": {
        "timestamp": "2026-04-20T09:57:43Z"
      }
    },
    {
      "type": "Feature",
      "geometry": {
        "type": "Point",
        "coordinates": [
          139.7021088,
          35.6583121
        ]
      },
      "properties": {
        "timestamp": "2026-04-20T09:57:44Z"
      }
    },
    {
      "type": "Feature",
      "geometry": {
        "type": "Point",
        "coordinates": [
          139.7021088,
          35.6583121
        ]
      },
      "properties": {
        "timestamp": "2026-04-20T09:57:45Z"
      }
    },
    {
      "type": "Feature",
      "geometry": {
        "type": "Point",
        "coordinates": [
          139.7021095,
          35.6583147
        ]
      },
      "properties": {
        "timestamp": "2026-04-20T09:57:46Z"
      }
    },
    {
      "type": "Feature",
      "geometry": {
        "type": "Point",
        "coordinates": [
          139.7021069,
          35.6583156
        ]
      },
      "properties": {
        "timestamp": "2026-04-20T09:57:47Z"
      }
    },
    {
      "type": "Feature",
      "geometry": {
        "type": "Point",
        "coordinates": [
          139.7021072,
          35.6583195
        ]
      },
      "properties": {
        "timestamp": "2026-04-20T09:57:48Z"
      }
    },
    {
      "type": "Feature",
      "geometry": {
        "type": "Point",
        "coordinates": [
          139.7021129,
          35.6583225
        ]
      },
      "properties": {
        "timestamp": "2026-04-20T09:57:49Z"
      }
    },
    {
      "type": "Feature",
      "geometry": {
        "type": "Point",
        "coordinates": [
          139.7021132,
          35.6583225
        ]
      },
      "properties": {
        "timestamp": "2026-04-20T09:57:50Z"
      }
    },
    {
      "type": "Feature",
      "geometry": {
        "type": "Point",
        "coordinates": [
          139.7021229,
          35.6583189
        ]
      },
      "properties": {
        "timestamp": "2026-04-20T09:57:51Z"
      }
    },
    {
      "type": "Feature",
      "geometry": {
        "type": "Point",
        "coordinates": [
          139.7021207,
          35.6583201
        ]
      },
      "properties": {
        "timestamp": "2026-04-20T09:57:52Z"
      }
    },
    {
      "type": "Feature",
      "geometry": {
        "type": "Point",
        "coordinates": [
          139.7021188,
          35.6583223
        ]
      },
      "properties": {
        "timestamp": "2026-04-20T09:57:53Z"
      }
    },
    {
      "type": "Feature",
      "geometry": {
        "type": "Point",
        "coordinates": [
          139.7021188,
          35.6583206
        ]
      },
      "properties": {
        "timestamp": "2026-04-20T09:57:54Z"
      }
    },
    {
      "type": "Feature",
      "geometry": {
        "type": "Point",
        "coordinates": [
          139.7021137,
          35.6583177
        ]
      },
      "properties": {
        "timestamp": "2026-04-20T09:57:55Z"
      }
    },
    {
      "type": "Feature",
      "geometry": {
        "type": "Point",
        "coordinates": [
          139.7021172,
          35.6583143
        ]
      },
      "properties": {
        "timestamp": "2026-04-20T09:57:56Z"
      }
    },
    {
      "type": "Feature",
      "geometry": {
        "type": "Point",
        "coordinates": [
          139.7021174,
          35.6583139
        ]
      },
      "properties": {
        "timestamp": "2026-04-20T09:57:57Z"
      }
    },
    {
      "type": "Feature",
      "geometry": {
        "type": "Point",
        "coordinates": [
          139.7021173,
          35.6583134
        ]
      },
      "properties": {
        "timestamp": "2026-04-20T09:57:58Z"
      }
    },
    {
      "type": "Feature",
      "geometry": {
        "type": "Point",
        "coordinates": [
          139.7021173,
          35.6583134
        ]
      },
      "properties": {
        "timestamp": "2026-04-20T09:57:59Z"
      }
    },
    {
      "type": "Feature",
      "geometry": {
        "type": "Point",
        "coordinates": [
          139.7021185,
          35.6583195
        ]
      },
      "properties": {
        "timestamp": "2026-04-20T09:58:00Z"
      }
    },
    {
      "type": "Feature",
      "geometry": {
        "type": "Point",
        "coordinates": [
          139.7021216,
          35.6583221
        ]
      },
      "properties": {
        "timestamp": "2026-04-20T09:58:01Z"
      }
    },
    {
      "type": "Feature",
      "geometry": {
        "type": "Point",
        "coordinates": [
          139.7021213,
          35.6583239
        ]
      },
      "properties": {
        "timestamp": "2026-04-20T09:58:02Z"
      }
    },
    {
      "type": "Feature",
      "geometry": {
        "type": "Point",
        "coordinates": [
          139.7021212,
          35.6583239
        ]
      },
      "properties": {
        "timestamp": "2026-04-20T09:58:03Z"
      }
    },
    {
      "type": "Feature",
      "geometry": {
        "type": "Point",
        "coordinates": [
          139.7021196,
          35.6583224
        ]
      },
      "properties": {
        "timestamp": "2026-04-20T09:58:04Z"
      }
    },
    {
      "type": "Feature",
      "geometry": {
        "type": "Point",
        "coordinates": [
          139.7021199,
          35.6583221
        ]
      },
      "properties": {
        "timestamp": "2026-04-20T09:58:05Z"
      }
    },
    {
      "type": "Feature",
      "geometry": {
        "type": "Point",
        "coordinates": [
          139.7021199,
          35.6583221
        ]
      },
      "properties": {
        "timestamp": "2026-04-20T09:58:06Z"
      }
    },
    {
      "type": "Feature",
      "geometry": {
        "type": "Point",
        "coordinates": [
          139.7021199,
          35.6583221
        ]
      },
      "properties": {
        "timestamp": "2026-04-20T09:58:07Z"
      }
    },
    {
      "type": "Feature",
      "geometry": {
        "type": "Point",
        "coordinates": [
          139.7021199,
          35.6583221
        ]
      },
      "properties": {
        "timestamp": "2026-04-20T09:58:08Z"
      }
    },
    {
      "type": "Feature",
      "geometry": {
        "type": "Point",
        "coordinates": [
          139.7021199,
          35.6583221
        ]
      },
      "properties": {
        "timestamp": "2026-04-20T09:58:09Z"
      }
    },
    {
      "type": "Feature",
      "geometry": {
        "type": "Point",
        "coordinates": [
          139.7021199,
          35.6583221
        ]
      },
      "properties": {
        "timestamp": "2026-04-20T09:58:10Z"
      }
    },
    {
      "type": "Feature",
      "geometry": {
        "type": "Point",
        "coordinates": [
          139.7021251,
          35.6583253
        ]
      },
      "properties": {
        "timestamp": "2026-04-20T09:58:11Z"
      }
    },
    {
      "type": "Feature",
      "geometry": {
        "type": "Point",
        "coordinates": [
          139.7021235,
          35.6583221
        ]
      },
      "properties": {
        "timestamp": "2026-04-20T09:58:12Z"
      }
    },
    {
      "type": "Feature",
      "geometry": {
        "type": "Point",
        "coordinates": [
          139.7021234,
          35.658322
        ]
      },
      "properties": {
        "timestamp": "2026-04-20T09:58:13Z"
      }
    },
    {
      "type": "Feature",
      "geometry": {
        "type": "Point",
        "coordinates": [
          139.7021234,
          35.658322
        ]
      },
      "properties": {
        "timestamp": "2026-04-20T09:58:14Z"
      }
    },
    {
      "type": "Feature",
      "geometry": {
        "type": "Point",
        "coordinates": [
          139.7021234,
          35.658322
        ]
      },
      "properties": {
        "timestamp": "2026-04-20T09:58:15Z"
      }
    },
    {
      "type": "Feature",
      "geometry": {
        "type": "Point",
        "coordinates": [
          139.7021234,
          35.658322
        ]
      },
      "properties": {
        "timestamp": "2026-04-20T09:58:16Z"
      }
    },
    {
      "type": "Feature",
      "geometry": {
        "type": "Point",
        "coordinates": [
          139.7021234,
          35.658322
        ]
      },
      "properties": {
        "timestamp": "2026-04-20T09:58:17Z"
      }
    },
    {
      "type": "Feature",
      "geometry": {
        "type": "Point",
        "coordinates": [
          139.7021234,
          35.658322
        ]
      },
      "properties": {
        "timestamp": "2026-04-20T09:58:18Z"
      }
    },
    {
      "type": "Feature",
      "geometry": {
        "type": "Point",
        "coordinates": [
          139.7021234,
          35.658322
        ]
      },
      "properties": {
        "timestamp": "2026-04-20T09:58:19Z"
      }
    },
    {
      "type": "Feature",
      "geometry": {
        "type": "Point",
        "coordinates": [
          139.7021234,
          35.658322
        ]
      },
      "properties": {
        "timestamp": "2026-04-20T09:58:20Z"
      }
    },
    {
      "type": "Feature",
      "geometry": {
        "type": "Point",
        "coordinates": [
          139.7021234,
          35.658322
        ]
      },
      "properties": {
        "timestamp": "2026-04-20T09:58:21Z"
      }
    },
    {
      "type": "Feature",
      "geometry": {
        "type": "Point",
        "coordinates": [
          139.7021234,
          35.658322
        ]
      },
      "properties": {
        "timestamp": "2026-04-20T09:58:22Z"
      }
    },
    {
      "type": "Feature",
      "geometry": {
        "type": "Point",
        "coordinates": [
          139.7021251,
          35.6583195
        ]
      },
      "properties": {
        "timestamp": "2026-04-20T09:58:23Z"
      }
    },
    {
      "type": "Feature",
      "geometry": {
        "type": "Point",
        "coordinates": [
          139.7021251,
          35.6583189
        ]
      },
      "properties": {
        "timestamp": "2026-04-20T09:58:24Z"
      }
    },
    {
      "type": "Feature",
      "geometry": {
        "type": "Point",
        "coordinates": [
          139.7021251,
          35.6583221
        ]
      },
      "properties": {
        "timestamp": "2026-04-20T09:58:25Z"
      }
    },
    {
      "type": "Feature",
      "geometry": {
        "type": "Point",
        "coordinates": [
          139.7021256,
          35.6583273
        ]
      },
      "properties": {
        "timestamp": "2026-04-20T09:58:26Z"
      }
    },
    {
      "type": "Feature",
      "geometry": {
        "type": "Point",
        "coordinates": [
          139.7021256,
          35.6583271
        ]
      },
      "properties": {
        "timestamp": "2026-04-20T09:58:27Z"
      }
    },
    {
      "type": "Feature",
      "geometry": {
        "type": "Point",
        "coordinates": [
          139.7021244,
          35.6583282
        ]
      },
      "properties": {
        "timestamp": "2026-04-20T09:58:28Z"
      }
    },
    {
      "type": "Feature",
      "geometry": {
        "type": "Point",
        "coordinates": [
          139.7021235,
          35.658326
        ]
      },
      "properties": {
        "timestamp": "2026-04-20T09:58:29Z"
      }
    },
    {
      "type": "Feature",
      "geometry": {
        "type": "Point",
        "coordinates": [
          139.7021209,
          35.6583304
        ]
      },
      "properties": {
        "timestamp": "2026-04-20T09:58:30Z"
      }
    },
    {
      "type": "Feature",
      "geometry": {
        "type": "Point",
        "coordinates": [
          139.7021208,
          35.6583303
        ]
      },
      "properties": {
        "timestamp": "2026-04-20T09:58:31Z"
      }
    },
    {
      "type": "Feature",
      "geometry": {
        "type": "Point",
        "coordinates": [
          139.7021208,
          35.6583303
        ]
      },
      "properties": {
        "timestamp": "2026-04-20T09:58:32Z"
      }
    },
    {
      "type": "Feature",
      "geometry": {
        "type": "Point",
        "coordinates": [
          139.7021208,
          35.6583303
        ]
      },
      "properties": {
        "timestamp": "2026-04-20T09:58:33Z"
      }
    },
    {
      "type": "Feature",
      "geometry": {
        "type": "Point",
        "coordinates": [
          139.7021208,
          35.6583303
        ]
      },
      "properties": {
        "timestamp": "2026-04-20T09:58:34Z"
      }
    },
    {
      "type": "Feature",
      "geometry": {
        "type": "Point",
        "coordinates": [
          139.7021208,
          35.6583303
        ]
      },
      "properties": {
        "timestamp": "2026-04-20T09:58:35Z"
      }
    },
    {
      "type": "Feature",
      "geometry": {
        "type": "Point",
        "coordinates": [
          139.7021208,
          35.6583303
        ]
      },
      "properties": {
        "timestamp": "2026-04-20T09:58:36Z"
      }
    },
    {
      "type": "Feature",
      "geometry": {
        "type": "Point",
        "coordinates": [
          139.7021208,
          35.6583303
        ]
      },
      "properties": {
        "timestamp": "2026-04-20T09:58:37Z"
      }
    },
    {
      "type": "Feature",
      "geometry": {
        "type": "Point",
        "coordinates": [
          139.7021208,
          35.6583303
        ]
      },
      "properties": {
        "timestamp": "2026-04-20T09:58:38Z"
      }
    },
    {
      "type": "Feature",
      "geometry": {
        "type": "Point",
        "coordinates": [
          139.7021208,
          35.6583303
        ]
      },
      "properties": {
        "timestamp": "2026-04-20T09:58:39Z"
      }
    },
    {
      "type": "Feature",
      "geometry": {
        "type": "Point",
        "coordinates": [
          139.7021208,
          35.6583303
        ]
      },
      "properties": {
        "timestamp": "2026-04-20T09:58:40Z"
      }
    },
    {
      "type": "Feature",
      "geometry": {
        "type": "Point",
        "coordinates": [
          139.7021208,
          35.6583303
        ]
      },
      "properties": {
        "timestamp": "2026-04-20T09:58:41Z"
      }
    },
    {
      "type": "Feature",
      "geometry": {
        "type": "Point",
        "coordinates": [
          139.7021208,
          35.6583303
        ]
      },
      "properties": {
        "timestamp": "2026-04-20T09:58:42Z"
      }
    },
    {
      "type": "Feature",
      "geometry": {
        "type": "Point",
        "coordinates": [
          139.7021208,
          35.6583303
        ]
      },
      "properties": {
        "timestamp": "2026-04-20T09:58:43Z"
      }
    },
    {
      "type": "Feature",
      "geometry": {
        "type": "Point",
        "coordinates": [
          139.7021208,
          35.6583303
        ]
      },
      "properties": {
        "timestamp": "2026-04-20T09:58:44Z"
      }
    },
    {
      "type": "Feature",
      "geometry": {
        "type": "Point",
        "coordinates": [
          139.7021208,
          35.6583303
        ]
      },
      "properties": {
        "timestamp": "2026-04-20T09:58:45Z"
      }
    },
    {
      "type": "Feature",
      "geometry": {
        "type": "Point",
        "coordinates": [
          139.7021208,
          35.6583303
        ]
      },
      "properties": {
        "timestamp": "2026-04-20T09:58:46Z"
      }
    },
    {
      "type": "Feature",
      "geometry": {
        "type": "Point",
        "coordinates": [
          139.7021208,
          35.6583303
        ]
      },
      "properties": {
        "timestamp": "2026-04-20T09:58:47Z"
      }
    },
    {
      "type": "Feature",
      "geometry": {
        "type": "Point",
        "coordinates": [
          139.7021208,
          35.6583303
        ]
      },
      "properties": {
        "timestamp": "2026-04-20T09:58:48Z"
      }
    },
    {
      "type": "Feature",
      "geometry": {
        "type": "Point",
        "coordinates": [
          139.7021208,
          35.6583303
        ]
      },
      "properties": {
        "timestamp": "2026-04-20T09:58:49Z"
      }
    },
    {
      "type": "Feature",
      "geometry": {
        "type": "Point",
        "coordinates": [
          139.7021208,
          35.6583303
        ]
      },
      "properties": {
        "timestamp": "2026-04-20T09:58:50Z"
      }
    },
    {
      "type": "Feature",
      "geometry": {
        "type": "Point",
        "coordinates": [
          139.7021208,
          35.6583303
        ]
      },
      "properties": {
        "timestamp": "2026-04-20T09:58:51Z"
      }
    },
    {
      "type": "Feature",
      "geometry": {
        "type": "Point",
        "coordinates": [
          139.7021208,
          35.6583303
        ]
      },
      "properties": {
        "timestamp": "2026-04-20T09:58:52Z"
      }
    },
    {
      "type": "Feature",
      "geometry": {
        "type": "Point",
        "coordinates": [
          139.7021208,
          35.6583303
        ]
      },
      "properties": {
        "timestamp": "2026-04-20T09:58:53Z"
      }
    },
    {
      "type": "Feature",
      "geometry": {
        "type": "Point",
        "coordinates": [
          139.7021208,
          35.6583303
        ]
      },
      "properties": {
        "timestamp": "2026-04-20T09:58:54Z"
      }
    },
    {
      "type": "Feature",
      "geometry": {
        "type": "Point",
        "coordinates": [
          139.7021208,
          35.6583303
        ]
      },
      "properties": {
        "timestamp": "2026-04-20T09:58:55Z"
      }
    },
    {
      "type": "Feature",
      "geometry": {
        "type": "Point",
        "coordinates": [
          139.7021208,
          35.6583303
        ]
      },
      "properties": {
        "timestamp": "2026-04-20T09:58:56Z"
      }
    },
    {
      "type": "Feature",
      "geometry": {
        "type": "Point",
        "coordinates": [
          139.7021208,
          35.6583303
        ]
      },
      "properties": {
        "timestamp": "2026-04-20T09:58:57Z"
      }
    },
    {
      "type": "Feature",
      "geometry": {
        "type": "Point",
        "coordinates": [
          139.702122,
          35.6583301
        ]
      },
      "properties": {
        "timestamp": "2026-04-20T09:58:58Z"
      }
    },
    {
      "type": "Feature",
      "geometry": {
        "type": "Point",
        "coordinates": [
          139.702118,
          35.6583293
        ]
      },
      "properties": {
        "timestamp": "2026-04-20T09:58:59Z"
      }
    },
    {
      "type": "Feature",
      "geometry": {
        "type": "Point",
        "coordinates": [
          139.7021173,
          35.6583291
        ]
      },
      "properties": {
        "timestamp": "2026-04-20T09:59:00Z"
      }
    },
    {
      "type": "Feature",
      "geometry": {
        "type": "Point",
        "coordinates": [
          139.7021173,
          35.6583291
        ]
      },
      "properties": {
        "timestamp": "2026-04-20T09:59:01Z"
      }
    },
    {
      "type": "Feature",
      "geometry": {
        "type": "Point",
        "coordinates": [
          139.7021173,
          35.6583291
        ]
      },
      "properties": {
        "timestamp": "2026-04-20T09:59:02Z"
      }
    },
    {
      "type": "Feature",
      "geometry": {
        "type": "Point",
        "coordinates": [
          139.7021173,
          35.6583291
        ]
      },
      "properties": {
        "timestamp": "2026-04-20T09:59:03Z"
      }
    },
    {
      "type": "Feature",
      "geometry": {
        "type": "Point",
        "coordinates": [
          139.7021173,
          35.6583291
        ]
      },
      "properties": {
        "timestamp": "2026-04-20T09:59:04Z"
      }
    },
    {
      "type": "Feature",
      "geometry": {
        "type": "Point",
        "coordinates": [
          139.7021173,
          35.6583291
        ]
      },
      "properties": {
        "timestamp": "2026-04-20T09:59:05Z"
      }
    },
    {
      "type": "Feature",
      "geometry": {
        "type": "Point",
        "coordinates": [
          139.7021173,
          35.6583291
        ]
      },
      "properties": {
        "timestamp": "2026-04-20T09:59:06Z"
      }
    },
    {
      "type": "Feature",
      "geometry": {
        "type": "Point",
        "coordinates": [
          139.702122,
          35.6583251
        ]
      },
      "properties": {
        "timestamp": "2026-04-20T09:59:07Z"
      }
    },
    {
      "type": "Feature",
      "geometry": {
        "type": "Point",
        "coordinates": [
          139.7021233,
          35.658327
        ]
      },
      "properties": {
        "timestamp": "2026-04-20T09:59:08Z"
      }
    },
    {
      "type": "Feature",
      "geometry": {
        "type": "Point",
        "coordinates": [
          139.702119,
          35.6583229
        ]
      },
      "properties": {
        "timestamp": "2026-04-20T09:59:09Z"
      }
    },
    {
      "type": "Feature",
      "geometry": {
        "type": "Point",
        "coordinates": [
          139.7021226,
          35.6583215
        ]
      },
      "properties": {
        "timestamp": "2026-04-20T09:59:10Z"
      }
    },
    {
      "type": "Feature",
      "geometry": {
        "type": "Point",
        "coordinates": [
          139.702118,
          35.6583183
        ]
      },
      "properties": {
        "timestamp": "2026-04-20T09:59:11Z"
      }
    },
    {
      "type": "Feature",
      "geometry": {
        "type": "Point",
        "coordinates": [
          139.7021117,
          35.6583174
        ]
      },
      "properties": {
        "timestamp": "2026-04-20T09:59:12Z"
      }
    },
    {
      "type": "Feature",
      "geometry": {
        "type": "Point",
        "coordinates": [
          139.7021116,
          35.6583175
        ]
      },
      "properties": {
        "timestamp": "2026-04-20T09:59:13Z"
      }
    },
    {
      "type": "Feature",
      "geometry": {
        "type": "Point",
        "coordinates": [
          139.7021116,
          35.6583175
        ]
      },
      "properties": {
        "timestamp": "2026-04-20T09:59:14Z"
      }
    },
    {
      "type": "Feature",
      "geometry": {
        "type": "Point",
        "coordinates": [
          139.7021116,
          35.6583175
        ]
      },
      "properties": {
        "timestamp": "2026-04-20T09:59:15Z"
      }
    },
    {
      "type": "Feature",
      "geometry": {
        "type": "Point",
        "coordinates": [
          139.7021116,
          35.6583175
        ]
      },
      "properties": {
        "timestamp": "2026-04-20T09:59:16Z"
      }
    },
    {
      "type": "Feature",
      "geometry": {
        "type": "Point",
        "coordinates": [
          139.7021116,
          35.6583175
        ]
      },
      "properties": {
        "timestamp": "2026-04-20T09:59:17Z"
      }
    },
    {
      "type": "Feature",
      "geometry": {
        "type": "Point",
        "coordinates": [
          139.7021116,
          35.6583175
        ]
      },
      "properties": {
        "timestamp": "2026-04-20T09:59:18Z"
      }
    },
    {
      "type": "Feature",
      "geometry": {
        "type": "Point",
        "coordinates": [
          139.7021116,
          35.6583175
        ]
      },
      "properties": {
        "timestamp": "2026-04-20T09:59:19Z"
      }
    },
    {
      "type": "Feature",
      "geometry": {
        "type": "Point",
        "coordinates": [
          139.7021116,
          35.6583175
        ]
      },
      "properties": {
        "timestamp": "2026-04-20T09:59:20Z"
      }
    },
    {
      "type": "Feature",
      "geometry": {
        "type": "Point",
        "coordinates": [
          139.7021116,
          35.6583175
        ]
      },
      "properties": {
        "timestamp": "2026-04-20T09:59:21Z"
      }
    },
    {
      "type": "Feature",
      "geometry": {
        "type": "Point",
        "coordinates": [
          139.7021116,
          35.6583175
        ]
      },
      "properties": {
        "timestamp": "2026-04-20T09:59:22Z"
      }
    },
    {
      "type": "Feature",
      "geometry": {
        "type": "Point",
        "coordinates": [
          139.7021116,
          35.6583175
        ]
      },
      "properties": {
        "timestamp": "2026-04-20T09:59:23Z"
      }
    },
    {
      "type": "Feature",
      "geometry": {
        "type": "Point",
        "coordinates": [
          139.7021116,
          35.6583175
        ]
      },
      "properties": {
        "timestamp": "2026-04-20T09:59:24Z"
      }
    },
    {
      "type": "Feature",
      "geometry": {
        "type": "Point",
        "coordinates": [
          139.7021116,
          35.6583175
        ]
      },
      "properties": {
        "timestamp": "2026-04-20T09:59:25Z"
      }
    },
    {
      "type": "Feature",
      "geometry": {
        "type": "Point",
        "coordinates": [
          139.7021116,
          35.6583175
        ]
      },
      "properties": {
        "timestamp": "2026-04-20T09:59:26Z"
      }
    },
    {
      "type": "Feature",
      "geometry": {
        "type": "Point",
        "coordinates": [
          139.7021116,
          35.6583175
        ]
      },
      "properties": {
        "timestamp": "2026-04-20T09:59:27Z"
      }
    },
    {
      "type": "Feature",
      "geometry": {
        "type": "Point",
        "coordinates": [
          139.7021116,
          35.6583175
        ]
      },
      "properties": {
        "timestamp": "2026-04-20T09:59:28Z"
      }
    },
    {
      "type": "Feature",
      "geometry": {
        "type": "Point",
        "coordinates": [
          139.7021128,
          35.6583195
        ]
      },
      "properties": {
        "timestamp": "2026-04-20T09:59:29Z"
      }
    },
    {
      "type": "Feature",
      "geometry": {
        "type": "Point",
        "coordinates": [
          139.702114,
          35.6583191
        ]
      },
      "properties": {
        "timestamp": "2026-04-20T09:59:30Z"
      }
    },
    {
      "type": "Feature",
      "geometry": {
        "type": "Point",
        "coordinates": [
          139.7021158,
          35.6583187
        ]
      },
      "properties": {
        "timestamp": "2026-04-20T09:59:31Z"
      }
    },
    {
      "type": "Feature",
      "geometry": {
        "type": "Point",
        "coordinates": [
          139.7021159,
          35.6583164
        ]
      },
      "properties": {
        "timestamp": "2026-04-20T09:59:32Z"
      }
    },
    {
      "type": "Feature",
      "geometry": {
        "type": "Point",
        "coordinates": [
          139.7021173,
          35.6583154
        ]
      },
      "properties": {
        "timestamp": "2026-04-20T09:59:33Z"
      }
    },
    {
      "type": "Feature",
      "geometry": {
        "type": "Point",
        "coordinates": [
          139.7021245,
          35.6583165
        ]
      },
      "properties": {
        "timestamp": "2026-04-20T09:59:34Z"
      }
    },
    {
      "type": "Feature",
      "geometry": {
        "type": "Point",
        "coordinates": [
          139.7021263,
          35.6583228
        ]
      },
      "properties": {
        "timestamp": "2026-04-20T09:59:35Z"
      }
    },
    {
      "type": "Feature",
      "geometry": {
        "type": "Point",
        "coordinates": [
          139.7021256,
          35.6583177
        ]
      },
      "properties": {
        "timestamp": "2026-04-20T09:59:36Z"
      }
    },
    {
      "type": "Feature",
      "geometry": {
        "type": "Point",
        "coordinates": [
          139.7021229,
          35.6583178
        ]
      },
      "properties": {
        "timestamp": "2026-04-20T09:59:37Z"
      }
    },
    {
      "type": "Feature",
      "geometry": {
        "type": "Point",
        "coordinates": [
          139.7021295,
          35.6583194
        ]
      },
      "properties": {
        "timestamp": "2026-04-20T09:59:38Z"
      }
    },
    {
      "type": "Feature",
      "geometry": {
        "type": "Point",
        "coordinates": [
          139.7021313,
          35.6583184
        ]
      },
      "properties": {
        "timestamp": "2026-04-20T09:59:39Z"
      }
    },
    {
      "type": "Feature",
      "geometry": {
        "type": "Point",
        "coordinates": [
          139.7021288,
          35.6583208
        ]
      },
      "properties": {
        "timestamp": "2026-04-20T09:59:40Z"
      }
    },
    {
      "type": "Feature",
      "geometry": {
        "type": "Point",
        "coordinates": [
          139.7021289,
          35.6583206
        ]
      },
      "properties": {
        "timestamp": "2026-04-20T09:59:41Z"
      }
    },
    {
      "type": "Feature",
      "geometry": {
        "type": "Point",
        "coordinates": [
          139.7021273,
          35.6583242
        ]
      },
      "properties": {
        "timestamp": "2026-04-20T09:59:42Z"
      }
    },
    {
      "type": "Feature",
      "geometry": {
        "type": "Point",
        "coordinates": [
          139.7021279,
          35.6583245
        ]
      },
      "properties": {
        "timestamp": "2026-04-20T09:59:43Z"
      }
    },
    {
      "type": "Feature",
      "geometry": {
        "type": "Point",
        "coordinates": [
          139.7021279,
          35.6583245
        ]
      },
      "properties": {
        "timestamp": "2026-04-20T09:59:44Z"
      }
    },
    {
      "type": "Feature",
      "geometry": {
        "type": "Point",
        "coordinates": [
          139.7021279,
          35.6583245
        ]
      },
      "properties": {
        "timestamp": "2026-04-20T09:59:45Z"
      }
    },
    {
      "type": "Feature",
      "geometry": {
        "type": "Point",
        "coordinates": [
          139.7021279,
          35.6583245
        ]
      },
      "properties": {
        "timestamp": "2026-04-20T09:59:46Z"
      }
    },
    {
      "type": "Feature",
      "geometry": {
        "type": "Point",
        "coordinates": [
          139.7021279,
          35.6583245
        ]
      },
      "properties": {
        "timestamp": "2026-04-20T09:59:47Z"
      }
    },
    {
      "type": "Feature",
      "geometry": {
        "type": "Point",
        "coordinates": [
          139.7021279,
          35.6583245
        ]
      },
      "properties": {
        "timestamp": "2026-04-20T09:59:48Z"
      }
    },
    {
      "type": "Feature",
      "geometry": {
        "type": "Point",
        "coordinates": [
          139.7021279,
          35.6583245
        ]
      },
      "properties": {
        "timestamp": "2026-04-20T09:59:49Z"
      }
    },
    {
      "type": "Feature",
      "geometry": {
        "type": "Point",
        "coordinates": [
          139.7021279,
          35.6583245
        ]
      },
      "properties": {
        "timestamp": "2026-04-20T09:59:50Z"
      }
    },
    {
      "type": "Feature",
      "geometry": {
        "type": "Point",
        "coordinates": [
          139.7021279,
          35.6583245
        ]
      },
      "properties": {
        "timestamp": "2026-04-20T09:59:51Z"
      }
    },
    {
      "type": "Feature",
      "geometry": {
        "type": "Point",
        "coordinates": [
          139.7021279,
          35.6583245
        ]
      },
      "properties": {
        "timestamp": "2026-04-20T09:59:52Z"
      }
    },
    {
      "type": "Feature",
      "geometry": {
        "type": "Point",
        "coordinates": [
          139.7021279,
          35.6583245
        ]
      },
      "properties": {
        "timestamp": "2026-04-20T09:59:53Z"
      }
    },
    {
      "type": "Feature",
      "geometry": {
        "type": "Point",
        "coordinates": [
          139.7021279,
          35.6583245
        ]
      },
      "properties": {
        "timestamp": "2026-04-20T09:59:54Z"
      }
    },
    {
      "type": "Feature",
      "geometry": {
        "type": "Point",
        "coordinates": [
          139.7021279,
          35.6583245
        ]
      },
      "properties": {
        "timestamp": "2026-04-20T09:59:55Z"
      }
    },
    {
      "type": "Feature",
      "geometry": {
        "type": "Point",
        "coordinates": [
          139.7021279,
          35.6583245
        ]
      },
      "properties": {
        "timestamp": "2026-04-20T09:59:56Z"
      }
    },
    {
      "type": "Feature",
      "geometry": {
        "type": "Point",
        "coordinates": [
          139.7021279,
          35.6583245
        ]
      },
      "properties": {
        "timestamp": "2026-04-20T09:59:57Z"
      }
    },
    {
      "type": "Feature",
      "geometry": {
        "type": "Point",
        "coordinates": [
          139.7021279,
          35.6583245
        ]
      },
      "properties": {
        "timestamp": "2026-04-20T09:59:58Z"
      }
    },
    {
      "type": "Feature",
      "geometry": {
        "type": "Point",
        "coordinates": [
          139.7021279,
          35.6583245
        ]
      },
      "properties": {
        "timestamp": "2026-04-20T09:59:59Z"
      }
    },
    {
      "type": "Feature",
      "geometry": {
        "type": "Point",
        "coordinates": [
          139.7021279,
          35.6583245
        ]
      },
      "properties": {
        "timestamp": "2026-04-20T10:00:00Z"
      }
    },
    {
      "type": "Feature",
      "geometry": {
        "type": "Point",
        "coordinates": [
          139.7021279,
          35.6583245
        ]
      },
      "properties": {
        "timestamp": "2026-04-20T10:00:01Z"
      }
    },
    {
      "type": "Feature",
      "geometry": {
        "type": "Point",
        "coordinates": [
          139.7021279,
          35.6583245
        ]
      },
      "properties": {
        "timestamp": "2026-04-20T10:00:02Z"
      }
    },
    {
      "type": "Feature",
      "geometry": {
        "type": "Point",
        "coordinates": [
          139.7021279,
          35.6583245
        ]
      },
      "properties": {
        "timestamp": "2026-04-20T10:00:03Z"
      }
    },
    {
      "type": "Feature",
      "geometry": {
        "type": "Point",
        "coordinates": [
          139.7021279,
          35.6583245
        ]
      },
      "properties": {
        "timestamp": "2026-04-20T10:00:04Z"
      }
    },
    {
      "type": "Feature",
      "geometry": {
        "type": "Point",
        "coordinates": [
          139.7021279,
          35.6583245
        ]
      },
      "properties": {
        "timestamp": "2026-04-20T10:00:05Z"
      }
    },
    {
      "type": "Feature",
      "geometry": {
        "type": "Point",
        "coordinates": [
          139.7021279,
          35.6583245
        ]
      },
      "properties": {
        "timestamp": "2026-04-20T10:00:06Z"
      }
    },
    {
      "type": "Feature",
      "geometry": {
        "type": "Point",
        "coordinates": [
          139.7021279,
          35.6583245
        ]
      },
      "properties": {
        "timestamp": "2026-04-20T10:00:07Z"
      }
    },
    {
      "type": "Feature",
      "geometry": {
        "type": "Point",
        "coordinates": [
          139.7021279,
          35.6583245
        ]
      },
      "properties": {
        "timestamp": "2026-04-20T10:00:08Z"
      }
    },
    {
      "type": "Feature",
      "geometry": {
        "type": "Point",
        "coordinates": [
          139.7021279,
          35.6583245
        ]
      },
      "properties": {
        "timestamp": "2026-04-20T10:00:09Z"
      }
    },
    {
      "type": "Feature",
      "geometry": {
        "type": "Point",
        "coordinates": [
          139.7021279,
          35.6583245
        ]
      },
      "properties": {
        "timestamp": "2026-04-20T10:00:10Z"
      }
    },
    {
      "type": "Feature",
      "geometry": {
        "type": "Point",
        "coordinates": [
          139.7021279,
          35.6583245
        ]
      },
      "properties": {
        "timestamp": "2026-04-20T10:00:11Z"
      }
    },
    {
      "type": "Feature",
      "geometry": {
        "type": "Point",
        "coordinates": [
          139.7021279,
          35.6583245
        ]
      },
      "properties": {
        "timestamp": "2026-04-20T10:00:12Z"
      }
    },
    {
      "type": "Feature",
      "geometry": {
        "type": "Point",
        "coordinates": [
          139.7021279,
          35.6583245
        ]
      },
      "properties": {
        "timestamp": "2026-04-20T10:00:13Z"
      }
    },
    {
      "type": "Feature",
      "geometry": {
        "type": "Point",
        "coordinates": [
          139.7021279,
          35.6583245
        ]
      },
      "properties": {
        "timestamp": "2026-04-20T10:00:14Z"
      }
    },
    {
      "type": "Feature",
      "geometry": {
        "type": "Point",
        "coordinates": [
          139.7021279,
          35.6583245
        ]
      },
      "properties": {
        "timestamp": "2026-04-20T10:00:15Z"
      }
    },
    {
      "type": "Feature",
      "geometry": {
        "type": "Point",
        "coordinates": [
          139.7021279,
          35.6583245
        ]
      },
      "properties": {
        "timestamp": "2026-04-20T10:00:16Z"
      }
    },
    {
      "type": "Feature",
      "geometry": {
        "type": "Point",
        "coordinates": [
          139.7021279,
          35.6583245
        ]
      },
      "properties": {
        "timestamp": "2026-04-20T10:00:17Z"
      }
    },
    {
      "type": "Feature",
      "geometry": {
        "type": "Point",
        "coordinates": [
          139.7021279,
          35.6583245
        ]
      },
      "properties": {
        "timestamp": "2026-04-20T10:00:18Z"
      }
    },
    {
      "type": "Feature",
      "geometry": {
        "type": "Point",
        "coordinates": [
          139.7021279,
          35.6583245
        ]
      },
      "properties": {
        "timestamp": "2026-04-20T10:00:19Z"
      }
    },
    {
      "type": "Feature",
      "geometry": {
        "type": "Point",
        "coordinates": [
          139.7021279,
          35.6583245
        ]
      },
      "properties": {
        "timestamp": "2026-04-20T10:00:20Z"
      }
    },
    {
      "type": "Feature",
      "geometry": {
        "type": "Point",
        "coordinates": [
          139.7021279,
          35.6583245
        ]
      },
      "properties": {
        "timestamp": "2026-04-20T10:00:21Z"
      }
    },
    {
      "type": "Feature",
      "geometry": {
        "type": "Point",
        "coordinates": [
          139.7021279,
          35.6583245
        ]
      },
      "properties": {
        "timestamp": "2026-04-20T10:00:22Z"
      }
    },
    {
      "type": "Feature",
      "geometry": {
        "type": "Point",
        "coordinates": [
          139.7021279,
          35.6583245
        ]
      },
      "properties": {
        "timestamp": "2026-04-20T10:00:23Z"
      }
    },
    {
      "type": "Feature",
      "geometry": {
        "type": "Point",
        "coordinates": [
          139.7021279,
          35.6583245
        ]
      },
      "properties": {
        "timestamp": "2026-04-20T10:00:24Z"
      }
    },
    {
      "type": "Feature",
      "geometry": {
        "type": "Point",
        "coordinates": [
          139.7021279,
          35.6583245
        ]
      },
      "properties": {
        "timestamp": "2026-04-20T10:00:25Z"
      }
    },
    {
      "type": "Feature",
      "geometry": {
        "type": "Point",
        "coordinates": [
          139.7021279,
          35.6583245
        ]
      },
      "properties": {
        "timestamp": "2026-04-20T10:00:26Z"
      }
    },
    {
      "type": "Feature",
      "geometry": {
        "type": "Point",
        "coordinates": [
          139.7021279,
          35.6583245
        ]
      },
      "properties": {
        "timestamp": "2026-04-20T10:00:27Z"
      }
    },
    {
      "type": "Feature",
      "geometry": {
        "type": "Point",
        "coordinates": [
          139.7021279,
          35.6583245
        ]
      },
      "properties": {
        "timestamp": "2026-04-20T10:00:28Z"
      }
    },
    {
      "type": "Feature",
      "geometry": {
        "type": "Point",
        "coordinates": [
          139.7021279,
          35.6583245
        ]
      },
      "properties": {
        "timestamp": "2026-04-20T10:00:29Z"
      }
    },
    {
      "type": "Feature",
      "geometry": {
        "type": "Point",
        "coordinates": [
          139.7021279,
          35.6583245
        ]
      },
      "properties": {
        "timestamp": "2026-04-20T10:00:30Z"
      }
    },
    {
      "type": "Feature",
      "geometry": {
        "type": "Point",
        "coordinates": [
          139.7021279,
          35.6583245
        ]
      },
      "properties": {
        "timestamp": "2026-04-20T10:00:31Z"
      }
    },
    {
      "type": "Feature",
      "geometry": {
        "type": "Point",
        "coordinates": [
          139.7021279,
          35.6583245
        ]
      },
      "properties": {
        "timestamp": "2026-04-20T10:00:32Z"
      }
    },
    {
      "type": "Feature",
      "geometry": {
        "type": "Point",
        "coordinates": [
          139.7021303,
          35.6583253
        ]
      },
      "properties": {
        "timestamp": "2026-04-20T10:00:33Z"
      }
    },
    {
      "type": "Feature",
      "geometry": {
        "type": "Point",
        "coordinates": [
          139.7021313,
          35.658327
        ]
      },
      "properties": {
        "timestamp": "2026-04-20T10:00:34Z"
      }
    },
    {
      "type": "Feature",
      "geometry": {
        "type": "Point",
        "coordinates": [
          139.7021297,
          35.6583237
        ]
      },
      "properties": {
        "timestamp": "2026-04-20T10:00:35Z"
      }
    },
    {
      "type": "Feature",
      "geometry": {
        "type": "Point",
        "coordinates": [
          139.7021222,
          35.6583224
        ]
      },
      "properties": {
        "timestamp": "2026-04-20T10:00:36Z"
      }
    },
    {
      "type": "Feature",
      "geometry": {
        "type": "Point",
        "coordinates": [
          139.7021148,
          35.6583213
        ]
      },
      "properties": {
        "timestamp": "2026-04-20T10:00:37Z"
      }
    },
    {
      "type": "Feature",
      "geometry": {
        "type": "Point",
        "coordinates": [
          139.7021097,
          35.658317
        ]
      },
      "properties": {
        "timestamp": "2026-04-20T10:00:38Z"
      }
    },
    {
      "type": "Feature",
      "geometry": {
        "type": "Point",
        "coordinates": [
          139.702103,
          35.6583154
        ]
      },
      "properties": {
        "timestamp": "2026-04-20T10:00:39Z"
      }
    },
    {
      "type": "Feature",
      "geometry": {
        "type": "Point",
        "coordinates": [
          139.7020976,
          35.6583117
        ]
      },
      "properties": {
        "timestamp": "2026-04-20T10:00:40Z"
      }
    },
    {
      "type": "Feature",
      "geometry": {
        "type": "Point",
        "coordinates": [
          139.7020841,
          35.6583059
        ]
      },
      "properties": {
        "timestamp": "2026-04-20T10:00:41Z"
      }
    },
    {
      "type": "Feature",
      "geometry": {
        "type": "Point",
        "coordinates": [
          139.7020765,
          35.6583016
        ]
      },
      "properties": {
        "timestamp": "2026-04-20T10:00:42Z"
      }
    },
    {
      "type": "Feature",
      "geometry": {
        "type": "Point",
        "coordinates": [
          139.7020744,
          35.6582951
        ]
      },
      "properties": {
        "timestamp": "2026-04-20T10:00:43Z"
      }
    },
    {
      "type": "Feature",
      "geometry": {
        "type": "Point",
        "coordinates": [
          139.7020765,
          35.6582855
        ]
      },
      "properties": {
        "timestamp": "2026-04-20T10:00:44Z"
      }
    },
    {
      "type": "Feature",
      "geometry": {
        "type": "Point",
        "coordinates": [
          139.7020799,
          35.658274
        ]
      },
      "properties": {
        "timestamp": "2026-04-20T10:00:45Z"
      }
    },
    {
      "type": "Feature",
      "geometry": {
        "type": "Point",
        "coordinates": [
          139.7020832,
          35.658264
        ]
      },
      "properties": {
        "timestamp": "2026-04-20T10:00:46Z"
      }
    },
    {
      "type": "Feature",
      "geometry": {
        "type": "Point",
        "coordinates": [
          139.7020883,
          35.6582519
        ]
      },
      "properties": {
        "timestamp": "2026-04-20T10:00:47Z"
      }
    },
    {
      "type": "Feature",
      "geometry": {
        "type": "Point",
        "coordinates": [
          139.7020909,
          35.6582467
        ]
      },
      "properties": {
        "timestamp": "2026-04-20T10:00:48Z"
      }
    },
    {
      "type": "Feature",
      "geometry": {
        "type": "Point",
        "coordinates": [
          139.7020984,
          35.6582391
        ]
      },
      "properties": {
        "timestamp": "2026-04-20T10:00:49Z"
      }
    },
    {
      "type": "Feature",
      "geometry": {
        "type": "Point",
        "coordinates": [
          139.7021042,
          35.6582322
        ]
      },
      "properties": {
        "timestamp": "2026-04-20T10:00:50Z"
      }
    },
    {
      "type": "Feature",
      "geometry": {
        "type": "Point",
        "coordinates": [
          139.702109,
          35.6582203
        ]
      },
      "properties": {
        "timestamp": "2026-04-20T10:00:51Z"
      }
    },
    {
      "type": "Feature",
      "geometry": {
        "type": "Point",
        "coordinates": [
          139.7021113,
          35.6582088
        ]
      },
      "properties": {
        "timestamp": "2026-04-20T10:00:52Z"
      }
    },
    {
      "type": "Feature",
      "geometry": {
        "type": "Point",
        "coordinates": [
          139.7021155,
          35.658197
        ]
      },
      "properties": {
        "timestamp": "2026-04-20T10:00:53Z"
      }
    },
    {
      "type": "Feature",
      "geometry": {
        "type": "Point",
        "coordinates": [
          139.7021196,
          35.6581833
        ]
      },
      "properties": {
        "timestamp": "2026-04-20T10:00:54Z"
      }
    },
    {
      "type": "Feature",
      "geometry": {
        "type": "Point",
        "coordinates": [
          139.7021236,
          35.6581775
        ]
      },
      "properties": {
        "timestamp": "2026-04-20T10:00:55Z"
      }
    },
    {
      "type": "Feature",
      "geometry": {
        "type": "Point",
        "coordinates": [
          139.7021252,
          35.6581707
        ]
      },
      "properties": {
        "timestamp": "2026-04-20T10:00:56Z"
      }
    },
    {
      "type": "Feature",
      "geometry": {
        "type": "Point",
        "coordinates": [
          139.7021182,
          35.6581603
        ]
      },
      "properties": {
        "timestamp": "2026-04-20T10:00:57Z"
      }
    },
    {
      "type": "Feature",
      "geometry": {
        "type": "Point",
        "coordinates": [
          139.7021145,
          35.6581486
        ]
      },
      "properties": {
        "timestamp": "2026-04-20T10:00:58Z"
      }
    },
    {
      "type": "Feature",
      "geometry": {
        "type": "Point",
        "coordinates": [
          139.7021138,
          35.6581435
        ]
      },
      "properties": {
        "timestamp": "2026-04-20T10:00:59Z"
      }
    },
    {
      "type": "Feature",
      "geometry": {
        "type": "Point",
        "coordinates": [
          139.7021091,
          35.6581421
        ]
      },
      "properties": {
        "timestamp": "2026-04-20T10:01:00Z"
      }
    },
    {
      "type": "Feature",
      "geometry": {
        "type": "Point",
        "coordinates": [
          139.702106,
          35.6581402
        ]
      },
      "properties": {
        "timestamp": "2026-04-20T10:01:01Z"
      }
    },
    {
      "type": "Feature",
      "geometry": {
        "type": "Point",
        "coordinates": [
          139.7021044,
          35.6581407
        ]
      },
      "properties": {
        "timestamp": "2026-04-20T10:01:02Z"
      }
    },
    {
      "type": "Feature",
      "geometry": {
        "type": "Point",
        "coordinates": [
          139.7021018,
          35.6581365
        ]
      },
      "properties": {
        "timestamp": "2026-04-20T10:01:03Z"
      }
    },
    {
      "type": "Feature",
      "geometry": {
        "type": "Point",
        "coordinates": [
          139.7021027,
          35.6581394
        ]
      },
      "properties": {
        "timestamp": "2026-04-20T10:01:04Z"
      }
    },
    {
      "type": "Feature",
      "geometry": {
        "type": "Point",
        "coordinates": [
          139.7020996,
          35.6581355
        ]
      },
      "properties": {
        "timestamp": "2026-04-20T10:01:05Z"
      }
    },
    {
      "type": "Feature",
      "geometry": {
        "type": "Point",
        "coordinates": [
          139.7021026,
          35.6581323
        ]
      },
      "properties": {
        "timestamp": "2026-04-20T10:01:06Z"
      }
    },
    {
      "type": "Feature",
      "geometry": {
        "type": "Point",
        "coordinates": [
          139.702105,
          35.6581307
        ]
      },
      "properties": {
        "timestamp": "2026-04-20T10:01:07Z"
      }
    },
    {
      "type": "Feature",
      "geometry": {
        "type": "Point",
        "coordinates": [
          139.7021061,
          35.6581305
        ]
      },
      "properties": {
        "timestamp": "2026-04-20T10:01:08Z"
      }
    },
    {
      "type": "Feature",
      "geometry": {
        "type": "Point",
        "coordinates": [
          139.7021039,
          35.6581326
        ]
      },
      "properties": {
        "timestamp": "2026-04-20T10:01:09Z"
      }
    },
    {
      "type": "Feature",
      "geometry": {
        "type": "Point",
        "coordinates": [
          139.7021003,
          35.658134
        ]
      },
      "properties": {
        "timestamp": "2026-04-20T10:01:10Z"
      }
    },
    {
      "type": "Feature",
      "geometry": {
        "type": "Point",
        "coordinates": [
          139.7020999,
          35.6581299
        ]
      },
      "properties": {
        "timestamp": "2026-04-20T10:01:11Z"
      }
    },
    {
      "type": "Feature",
      "geometry": {
        "type": "Point",
        "coordinates": [
          139.7021003,
          35.6581307
        ]
      },
      "properties": {
        "timestamp": "2026-04-20T10:01:12Z"
      }
    },
    {
      "type": "Feature",
      "geometry": {
        "type": "Point",
        "coordinates": [
          139.7020986,
          35.6581291
        ]
      },
      "properties": {
        "timestamp": "2026-04-20T10:01:13Z"
      }
    },
    {
      "type": "Feature",
      "geometry": {
        "type": "Point",
        "coordinates": [
          139.702096,
          35.6581304
        ]
      },
      "properties": {
        "timestamp": "2026-04-20T10:01:14Z"
      }
    },
    {
      "type": "Feature",
      "geometry": {
        "type": "Point",
        "coordinates": [
          139.7020958,
          35.6581356
        ]
      },
      "properties": {
        "timestamp": "2026-04-20T10:01:15Z"
      }
    },
    {
      "type": "Feature",
      "geometry": {
        "type": "Point",
        "coordinates": [
          139.7020844,
          35.6581386
        ]
      },
      "properties": {
        "timestamp": "2026-04-20T10:01:16Z"
      }
    },
    {
      "type": "Feature",
      "geometry": {
        "type": "Point",
        "coordinates": [
          139.7020822,
          35.65814
        ]
      },
      "properties": {
        "timestamp": "2026-04-20T10:01:17Z"
      }
    },
    {
      "type": "Feature",
      "geometry": {
        "type": "Point",
        "coordinates": [
          139.7020823,
          35.6581403
        ]
      },
      "properties": {
        "timestamp": "2026-04-20T10:01:18Z"
      }
    },
    {
      "type": "Feature",
      "geometry": {
        "type": "Point",
        "coordinates": [
          139.7020841,
          35.6581477
        ]
      },
      "properties": {
        "timestamp": "2026-04-20T10:01:19Z"
      }
    },
    {
      "type": "Feature",
      "geometry": {
        "type": "Point",
        "coordinates": [
          139.702085,
          35.6581541
        ]
      },
      "properties": {
        "timestamp": "2026-04-20T10:01:20Z"
      }
    },
    {
      "type": "Feature",
      "geometry": {
        "type": "Point",
        "coordinates": [
          139.7020889,
          35.6581583
        ]
      },
      "properties": {
        "timestamp": "2026-04-20T10:01:21Z"
      }
    },
    {
      "type": "Feature",
      "geometry": {
        "type": "Point",
        "coordinates": [
          139.7020846,
          35.6581624
        ]
      },
      "properties": {
        "timestamp": "2026-04-20T10:01:22Z"
      }
    },
    {
      "type": "Feature",
      "geometry": {
        "type": "Point",
        "coordinates": [
          139.7020831,
          35.6581651
        ]
      },
      "properties": {
        "timestamp": "2026-04-20T10:01:23Z"
      }
    },
    {
      "type": "Feature",
      "geometry": {
        "type": "Point",
        "coordinates": [
          139.7020849,
          35.6581677
        ]
      },
      "properties": {
        "timestamp": "2026-04-20T10:01:24Z"
      }
    },
    {
      "type": "Feature",
      "geometry": {
        "type": "Point",
        "coordinates": [
          139.7020921,
          35.6581639
        ]
      },
      "properties": {
        "timestamp": "2026-04-20T10:01:25Z"
      }
    },
    {
      "type": "Feature",
      "geometry": {
        "type": "Point",
        "coordinates": [
          139.7020865,
          35.6581631
        ]
      },
      "properties": {
        "timestamp": "2026-04-20T10:01:26Z"
      }
    },
    {
      "type": "Feature",
      "geometry": {
        "type": "Point",
        "coordinates": [
          139.7020861,
          35.6581631
        ]
      },
      "properties": {
        "timestamp": "2026-04-20T10:01:27Z"
      }
    },
    {
      "type": "Feature",
      "geometry": {
        "type": "Point",
        "coordinates": [
          139.7020861,
          35.6581631
        ]
      },
      "properties": {
        "timestamp": "2026-04-20T10:01:28Z"
      }
    },
    {
      "type": "Feature",
      "geometry": {
        "type": "Point",
        "coordinates": [
          139.7020869,
          35.6581627
        ]
      },
      "properties": {
        "timestamp": "2026-04-20T10:01:29Z"
      }
    },
    {
      "type": "Feature",
      "geometry": {
        "type": "Point",
        "coordinates": [
          139.7020826,
          35.6581649
        ]
      },
      "properties": {
        "timestamp": "2026-04-20T10:01:30Z"
      }
    },
    {
      "type": "Feature",
      "geometry": {
        "type": "Point",
        "coordinates": [
          139.7020849,
          35.6581658
        ]
      },
      "properties": {
        "timestamp": "2026-04-20T10:01:31Z"
      }
    },
    {
      "type": "Feature",
      "geometry": {
        "type": "Point",
        "coordinates": [
          139.7020842,
          35.6581636
        ]
      },
      "properties": {
        "timestamp": "2026-04-20T10:01:32Z"
      }
    },
    {
      "type": "Feature",
      "geometry": {
        "type": "Point",
        "coordinates": [
          139.7020843,
          35.6581639
        ]
      },
      "properties": {
        "timestamp": "2026-04-20T10:01:33Z"
      }
    },
    {
      "type": "Feature",
      "geometry": {
        "type": "Point",
        "coordinates": [
          139.702085,
          35.6581665
        ]
      },
      "properties": {
        "timestamp": "2026-04-20T10:01:34Z"
      }
    },
    {
      "type": "Feature",
      "geometry": {
        "type": "Point",
        "coordinates": [
          139.7020888,
          35.6581662
        ]
      },
      "properties": {
        "timestamp": "2026-04-20T10:01:35Z"
      }
    },
    {
      "type": "Feature",
      "geometry": {
        "type": "Point",
        "coordinates": [
          139.7020904,
          35.6581644
        ]
      },
      "properties": {
        "timestamp": "2026-04-20T10:01:36Z"
      }
    },
    {
      "type": "Feature",
      "geometry": {
        "type": "Point",
        "coordinates": [
          139.7020856,
          35.6581652
        ]
      },
      "properties": {
        "timestamp": "2026-04-20T10:01:37Z"
      }
    },
    {
      "type": "Feature",
      "geometry": {
        "type": "Point",
        "coordinates": [
          139.7020866,
          35.6581649
        ]
      },
      "properties": {
        "timestamp": "2026-04-20T10:01:38Z"
      }
    },
    {
      "type": "Feature",
      "geometry": {
        "type": "Point",
        "coordinates": [
          139.7020902,
          35.6581617
        ]
      },
      "properties": {
        "timestamp": "2026-04-20T10:01:39Z"
      }
    },
    {
      "type": "Feature",
      "geometry": {
        "type": "Point",
        "coordinates": [
          139.7020943,
          35.6581614
        ]
      },
      "properties": {
        "timestamp": "2026-04-20T10:01:40Z"
      }
    },
    {
      "type": "Feature",
      "geometry": {
        "type": "Point",
        "coordinates": [
          139.7020963,
          35.658162
        ]
      },
      "properties": {
        "timestamp": "2026-04-20T10:01:41Z"
      }
    },
    {
      "type": "Feature",
      "geometry": {
        "type": "Point",
        "coordinates": [
          139.7021034,
          35.6581592
        ]
      },
      "properties": {
        "timestamp": "2026-04-20T10:01:42Z"
      }
    },
    {
      "type": "Feature",
      "geometry": {
        "type": "Point",
        "coordinates": [
          139.7021105,
          35.6581559
        ]
      },
      "properties": {
        "timestamp": "2026-04-20T10:01:43Z"
      }
    },
    {
      "type": "Feature",
      "geometry": {
        "type": "Point",
        "coordinates": [
          139.7021155,
          35.6581519
        ]
      },
      "properties": {
        "timestamp": "2026-04-20T10:01:44Z"
      }
    },
    {
      "type": "Feature",
      "geometry": {
        "type": "Point",
        "coordinates": [
          139.7021219,
          35.6581579
        ]
      },
      "properties": {
        "timestamp": "2026-04-20T10:01:45Z"
      }
    },
    {
      "type": "Feature",
      "geometry": {
        "type": "Point",
        "coordinates": [
          139.7021212,
          35.6581594
        ]
      },
      "properties": {
        "timestamp": "2026-04-20T10:01:46Z"
      }
    },
    {
      "type": "Feature",
      "geometry": {
        "type": "Point",
        "coordinates": [
          139.7021167,
          35.6581599
        ]
      },
      "properties": {
        "timestamp": "2026-04-20T10:01:47Z"
      }
    },
    {
      "type": "Feature",
      "geometry": {
        "type": "Point",
        "coordinates": [
          139.7021128,
          35.6581657
        ]
      },
      "properties": {
        "timestamp": "2026-04-20T10:01:48Z"
      }
    },
    {
      "type": "Feature",
      "geometry": {
        "type": "Point",
        "coordinates": [
          139.7021103,
          35.6581689
        ]
      },
      "properties": {
        "timestamp": "2026-04-20T10:01:49Z"
      }
    },
    {
      "type": "Feature",
      "geometry": {
        "type": "Point",
        "coordinates": [
          139.7021091,
          35.6581757
        ]
      },
      "properties": {
        "timestamp": "2026-04-20T10:01:50Z"
      }
    },
    {
      "type": "Feature",
      "geometry": {
        "type": "Point",
        "coordinates": [
          139.7021073,
          35.6581775
        ]
      },
      "properties": {
        "timestamp": "2026-04-20T10:01:51Z"
      }
    },
    {
      "type": "Feature",
      "geometry": {
        "type": "Point",
        "coordinates": [
          139.7021091,
          35.6581819
        ]
      },
      "properties": {
        "timestamp": "2026-04-20T10:01:52Z"
      }
    },
    {
      "type": "Feature",
      "geometry": {
        "type": "Point",
        "coordinates": [
          139.7021008,
          35.6581886
        ]
      },
      "properties": {
        "timestamp": "2026-04-20T10:01:53Z"
      }
    },
    {
      "type": "Feature",
      "geometry": {
        "type": "Point",
        "coordinates": [
          139.7020997,
          35.6581886
        ]
      },
      "properties": {
        "timestamp": "2026-04-20T10:01:54Z"
      }
    },
    {
      "type": "Feature",
      "geometry": {
        "type": "Point",
        "coordinates": [
          139.7020997,
          35.6581886
        ]
      },
      "properties": {
        "timestamp": "2026-04-20T10:01:55Z"
      }
    },
    {
      "type": "Feature",
      "geometry": {
        "type": "Point",
        "coordinates": [
          139.7020997,
          35.6581886
        ]
      },
      "properties": {
        "timestamp": "2026-04-20T10:01:56Z"
      }
    },
    {
      "type": "Feature",
      "geometry": {
        "type": "Point",
        "coordinates": [
          139.7021064,
          35.6581948
        ]
      },
      "properties": {
        "timestamp": "2026-04-20T10:01:57Z"
      }
    },
    {
      "type": "Feature",
      "geometry": {
        "type": "Point",
        "coordinates": [
          139.702117,
          35.6582
        ]
      },
      "properties": {
        "timestamp": "2026-04-20T10:01:58Z"
      }
    },
    {
      "type": "Feature",
      "geometry": {
        "type": "Point",
        "coordinates": [
          139.7021053,
          35.6581961
        ]
      },
      "properties": {
        "timestamp": "2026-04-20T10:01:59Z"
      }
    },
    {
      "type": "Feature",
      "geometry": {
        "type": "Point",
        "coordinates": [
          139.7021054,
          35.6581944
        ]
      },
      "properties": {
        "timestamp": "2026-04-20T10:02:00Z"
      }
    },
    {
      "type": "Feature",
      "geometry": {
        "type": "Point",
        "coordinates": [
          139.7021054,
          35.6581944
        ]
      },
      "properties": {
        "timestamp": "2026-04-20T10:02:01Z"
      }
    },
    {
      "type": "Feature",
      "geometry": {
        "type": "Point",
        "coordinates": [
          139.7021054,
          35.6581944
        ]
      },
      "properties": {
        "timestamp": "2026-04-20T10:02:02Z"
      }
    },
    {
      "type": "Feature",
      "geometry": {
        "type": "Point",
        "coordinates": [
          139.7021054,
          35.6581944
        ]
      },
      "properties": {
        "timestamp": "2026-04-20T10:02:03Z"
      }
    },
    {
      "type": "Feature",
      "geometry": {
        "type": "Point",
        "coordinates": [
          139.7021054,
          35.6581944
        ]
      },
      "properties": {
        "timestamp": "2026-04-20T10:02:04Z"
      }
    },
    {
      "type": "Feature",
      "geometry": {
        "type": "Point",
        "coordinates": [
          139.7021187,
          35.6581919
        ]
      },
      "properties": {
        "timestamp": "2026-04-20T10:02:05Z"
      }
    },
    {
      "type": "Feature",
      "geometry": {
        "type": "Point",
        "coordinates": [
          139.7021143,
          35.6581976
        ]
      },
      "properties": {
        "timestamp": "2026-04-20T10:02:06Z"
      }
    },
    {
      "type": "Feature",
      "geometry": {
        "type": "Point",
        "coordinates": [
          139.702108,
          35.6582042
        ]
      },
      "properties": {
        "timestamp": "2026-04-20T10:02:07Z"
      }
    },
    {
      "type": "Feature",
      "geometry": {
        "type": "Point",
        "coordinates": [
          139.702105,
          35.6582067
        ]
      },
      "properties": {
        "timestamp": "2026-04-20T10:02:08Z"
      }
    },
    {
      "type": "Feature",
      "geometry": {
        "type": "Point",
        "coordinates": [
          139.7021091,
          35.6582044
        ]
      },
      "properties": {
        "timestamp": "2026-04-20T10:02:09Z"
      }
    },
    {
      "type": "Feature",
      "geometry": {
        "type": "Point",
        "coordinates": [
          139.7021085,
          35.6582047
        ]
      },
      "properties": {
        "timestamp": "2026-04-20T10:02:10Z"
      }
    },
    {
      "type": "Feature",
      "geometry": {
        "type": "Point",
        "coordinates": [
          139.7021024,
          35.6582051
        ]
      },
      "properties": {
        "timestamp": "2026-04-20T10:02:11Z"
      }
    },
    {
      "type": "Feature",
      "geometry": {
        "type": "Point",
        "coordinates": [
          139.702101,
          35.6582049
        ]
      },
      "properties": {
        "timestamp": "2026-04-20T10:02:12Z"
      }
    },
    {
      "type": "Feature",
      "geometry": {
        "type": "Point",
        "coordinates": [
          139.7020966,
          35.6582043
        ]
      },
      "properties": {
        "timestamp": "2026-04-20T10:02:13Z"
      }
    },
    {
      "type": "Feature",
      "geometry": {
        "type": "Point",
        "coordinates": [
          139.7020942,
          35.6581999
        ]
      },
      "properties": {
        "timestamp": "2026-04-20T10:02:14Z"
      }
    },
    {
      "type": "Feature",
      "geometry": {
        "type": "Point",
        "coordinates": [
          139.7020923,
          35.6581957
        ]
      },
      "properties": {
        "timestamp": "2026-04-20T10:02:15Z"
      }
    },
    {
      "type": "Feature",
      "geometry": {
        "type": "Point",
        "coordinates": [
          139.7020865,
          35.6581911
        ]
      },
      "properties": {
        "timestamp": "2026-04-20T10:02:16Z"
      }
    },
    {
      "type": "Feature",
      "geometry": {
        "type": "Point",
        "coordinates": [
          139.7020887,
          35.6581874
        ]
      },
      "properties": {
        "timestamp": "2026-04-20T10:02:17Z"
      }
    },
    {
      "type": "Feature",
      "geometry": {
        "type": "Point",
        "coordinates": [
          139.7020905,
          35.6581861
        ]
      },
      "properties": {
        "timestamp": "2026-04-20T10:02:18Z"
      }
    },
    {
      "type": "Feature",
      "geometry": {
        "type": "Point",
        "coordinates": [
          139.70209,
          35.658186
        ]
      },
      "properties": {
        "timestamp": "2026-04-20T10:02:19Z"
      }
    },
    {
      "type": "Feature",
      "geometry": {
        "type": "Point",
        "coordinates": [
          139.7020865,
          35.658188
        ]
      },
      "properties": {
        "timestamp": "2026-04-20T10:02:20Z"
      }
    },
    {
      "type": "Feature",
      "geometry": {
        "type": "Point",
        "coordinates": [
          139.7020817,
          35.6581889
        ]
      },
      "properties": {
        "timestamp": "2026-04-20T10:02:21Z"
      }
    },
    {
      "type": "Feature",
      "geometry": {
        "type": "Point",
        "coordinates": [
          139.7020791,
          35.6581904
        ]
      },
      "properties": {
        "timestamp": "2026-04-20T10:02:22Z"
      }
    },
    {
      "type": "Feature",
      "geometry": {
        "type": "Point",
        "coordinates": [
          139.7020792,
          35.6581943
        ]
      },
      "properties": {
        "timestamp": "2026-04-20T10:02:23Z"
      }
    },
    {
      "type": "Feature",
      "geometry": {
        "type": "Point",
        "coordinates": [
          139.7020719,
          35.6581942
        ]
      },
      "properties": {
        "timestamp": "2026-04-20T10:02:24Z"
      }
    },
    {
      "type": "Feature",
      "geometry": {
        "type": "Point",
        "coordinates": [
          139.7020651,
          35.6581919
        ]
      },
      "properties": {
        "timestamp": "2026-04-20T10:02:25Z"
      }
    },
    {
      "type": "Feature",
      "geometry": {
        "type": "Point",
        "coordinates": [
          139.7020565,
          35.658185
        ]
      },
      "properties": {
        "timestamp": "2026-04-20T10:02:26Z"
      }
    },
    {
      "type": "Feature",
      "geometry": {
        "type": "Point",
        "coordinates": [
          139.7020484,
          35.6581848
        ]
      },
      "properties": {
        "timestamp": "2026-04-20T10:02:27Z"
      }
    },
    {
      "type": "Feature",
      "geometry": {
        "type": "Point",
        "coordinates": [
          139.7020505,
          35.6581834
        ]
      },
      "properties": {
        "timestamp": "2026-04-20T10:02:28Z"
      }
    },
    {
      "type": "Feature",
      "geometry": {
        "type": "Point",
        "coordinates": [
          139.7020409,
          35.6581864
        ]
      },
      "properties": {
        "timestamp": "2026-04-20T10:02:29Z"
      }
    },
    {
      "type": "Feature",
      "geometry": {
        "type": "Point",
        "coordinates": [
          139.7020391,
          35.6581918
        ]
      },
      "properties": {
        "timestamp": "2026-04-20T10:02:30Z"
      }
    },
    {
      "type": "Feature",
      "geometry": {
        "type": "Point",
        "coordinates": [
          139.7020393,
          35.6581963
        ]
      },
      "properties": {
        "timestamp": "2026-04-20T10:02:31Z"
      }
    },
    {
      "type": "Feature",
      "geometry": {
        "type": "Point",
        "coordinates": [
          139.7020391,
          35.6581965
        ]
      },
      "properties": {
        "timestamp": "2026-04-20T10:02:32Z"
      }
    },
    {
      "type": "Feature",
      "geometry": {
        "type": "Point",
        "coordinates": [
          139.7020407,
          35.6581978
        ]
      },
      "properties": {
        "timestamp": "2026-04-20T10:02:33Z"
      }
    },
    {
      "type": "Feature",
      "geometry": {
        "type": "Point",
        "coordinates": [
          139.7020411,
          35.6582009
        ]
      },
      "properties": {
        "timestamp": "2026-04-20T10:02:34Z"
      }
    },
    {
      "type": "Feature",
      "geometry": {
        "type": "Point",
        "coordinates": [
          139.7020434,
          35.6582045
        ]
      },
      "properties": {
        "timestamp": "2026-04-20T10:02:35Z"
      }
    },
    {
      "type": "Feature",
      "geometry": {
        "type": "Point",
        "coordinates": [
          139.7020459,
          35.6582047
        ]
      },
      "properties": {
        "timestamp": "2026-04-20T10:02:36Z"
      }
    },
    {
      "type": "Feature",
      "geometry": {
        "type": "Point",
        "coordinates": [
          139.7020448,
          35.6582087
        ]
      },
      "properties": {
        "timestamp": "2026-04-20T10:02:37Z"
      }
    },
    {
      "type": "Feature",
      "geometry": {
        "type": "Point",
        "coordinates": [
          139.7020419,
          35.6582093
        ]
      },
      "properties": {
        "timestamp": "2026-04-20T10:02:38Z"
      }
    },
    {
      "type": "Feature",
      "geometry": {
        "type": "Point",
        "coordinates": [
          139.7020407,
          35.6582144
        ]
      },
      "properties": {
        "timestamp": "2026-04-20T10:02:39Z"
      }
    },
    {
      "type": "Feature",
      "geometry": {
        "type": "Point",
        "coordinates": [
          139.7020374,
          35.6582167
        ]
      },
      "properties": {
        "timestamp": "2026-04-20T10:02:40Z"
      }
    },
    {
      "type": "Feature",
      "geometry": {
        "type": "Point",
        "coordinates": [
          139.7020377,
          35.6582172
        ]
      },
      "properties": {
        "timestamp": "2026-04-20T10:02:41Z"
      }
    },
    {
      "type": "Feature",
      "geometry": {
        "type": "Point",
        "coordinates": [
          139.702037,
          35.658215
        ]
      },
      "properties": {
        "timestamp": "2026-04-20T10:02:42Z"
      }
    },
    {
      "type": "Feature",
      "geometry": {
        "type": "Point",
        "coordinates": [
          139.7020372,
          35.6582171
        ]
      },
      "properties": {
        "timestamp": "2026-04-20T10:02:43Z"
      }
    },
    {
      "type": "Feature",
      "geometry": {
        "type": "Point",
        "coordinates": [
          139.7020308,
          35.6582211
        ]
      },
      "properties": {
        "timestamp": "2026-04-20T10:02:44Z"
      }
    },
    {
      "type": "Feature",
      "geometry": {
        "type": "Point",
        "coordinates": [
          139.7020316,
          35.6582236
        ]
      },
      "properties": {
        "timestamp": "2026-04-20T10:02:45Z"
      }
    },
    {
      "type": "Feature",
      "geometry": {
        "type": "Point",
        "coordinates": [
          139.7020233,
          35.6582272
        ]
      },
      "properties": {
        "timestamp": "2026-04-20T10:02:46Z"
      }
    },
    {
      "type": "Feature",
      "geometry": {
        "type": "Point",
        "coordinates": [
          139.7020166,
          35.6582246
        ]
      },
      "properties": {
        "timestamp": "2026-04-20T10:02:47Z"
      }
    },
    {
      "type": "Feature",
      "geometry": {
        "type": "Point",
        "coordinates": [
          139.7020141,
          35.6582294
        ]
      },
      "properties": {
        "timestamp": "2026-04-20T10:02:48Z"
      }
    },
    {
      "type": "Feature",
      "geometry": {
        "type": "Point",
        "coordinates": [
          139.7020158,
          35.6582347
        ]
      },
      "properties": {
        "timestamp": "2026-04-20T10:02:49Z"
      }
    },
    {
      "type": "Feature",
      "geometry": {
        "type": "Point",
        "coordinates": [
          139.7020158,
          35.6582426
        ]
      },
      "properties": {
        "timestamp": "2026-04-20T10:02:50Z"
      }
    },
    {
      "type": "Feature",
      "geometry": {
        "type": "Point",
        "coordinates": [
          139.7020157,
          35.6582443
        ]
      },
      "properties": {
        "timestamp": "2026-04-20T10:02:51Z"
      }
    },
    {
      "type": "Feature",
      "geometry": {
        "type": "Point",
        "coordinates": [
          139.702012,
          35.6582438
        ]
      },
      "properties": {
        "timestamp": "2026-04-20T10:02:52Z"
      }
    },
    {
      "type": "Feature",
      "geometry": {
        "type": "Point",
        "coordinates": [
          139.7020121,
          35.6582458
        ]
      },
      "properties": {
        "timestamp": "2026-04-20T10:02:53Z"
      }
    },
    {
      "type": "Feature",
      "geometry": {
        "type": "Point",
        "coordinates": [
          139.702009,
          35.6582537
        ]
      },
      "properties": {
        "timestamp": "2026-04-20T10:02:54Z"
      }
    },
    {
      "type": "Feature",
      "geometry": {
        "type": "Point",
        "coordinates": [
          139.7019985,
          35.6582644
        ]
      },
      "properties": {
        "timestamp": "2026-04-20T10:02:55Z"
      }
    },
    {
      "type": "Feature",
      "geometry": {
        "type": "Point",
        "coordinates": [
          139.7019976,
          35.6582716
        ]
      },
      "properties": {
        "timestamp": "2026-04-20T10:02:56Z"
      }
    },
    {
      "type": "Feature",
      "geometry": {
        "type": "Point",
        "coordinates": [
          139.7019972,
          35.658272
        ]
      },
      "properties": {
        "timestamp": "2026-04-20T10:02:57Z"
      }
    },
    {
      "type": "Feature",
      "geometry": {
        "type": "Point",
        "coordinates": [
          139.7020012,
          35.6582724
        ]
      },
      "properties": {
        "timestamp": "2026-04-20T10:02:58Z"
      }
    },
    {
      "type": "Feature",
      "geometry": {
        "type": "Point",
        "coordinates": [
          139.7020018,
          35.6582764
        ]
      },
      "properties": {
        "timestamp": "2026-04-20T10:02:59Z"
      }
    },
    {
      "type": "Feature",
      "geometry": {
        "type": "Point",
        "coordinates": [
          139.7020003,
          35.6582734
        ]
      },
      "properties": {
        "timestamp": "2026-04-20T10:03:00Z"
      }
    },
    {
      "type": "Feature",
      "geometry": {
        "type": "Point",
        "coordinates": [
          139.7019932,
          35.6582791
        ]
      },
      "properties": {
        "timestamp": "2026-04-20T10:03:01Z"
      }
    },
    {
      "type": "Feature",
      "geometry": {
        "type": "Point",
        "coordinates": [
          139.701991,
          35.6582795
        ]
      },
      "properties": {
        "timestamp": "2026-04-20T10:03:02Z"
      }
    },
    {
      "type": "Feature",
      "geometry": {
        "type": "Point",
        "coordinates": [
          139.7019863,
          35.6582758
        ]
      },
      "properties": {
        "timestamp": "2026-04-20T10:03:03Z"
      }
    },
    {
      "type": "Feature",
      "geometry": {
        "type": "Point",
        "coordinates": [
          139.7019881,
          35.6582772
        ]
      },
      "properties": {
        "timestamp": "2026-04-20T10:03:04Z"
      }
    },
    {
      "type": "Feature",
      "geometry": {
        "type": "Point",
        "coordinates": [
          139.7019814,
          35.6582789
        ]
      },
      "properties": {
        "timestamp": "2026-04-20T10:03:05Z"
      }
    },
    {
      "type": "Feature",
      "geometry": {
        "type": "Point",
        "coordinates": [
          139.7019829,
          35.658279
        ]
      },
      "properties": {
        "timestamp": "2026-04-20T10:03:06Z"
      }
    },
    {
      "type": "Feature",
      "geometry": {
        "type": "Point",
        "coordinates": [
          139.7019831,
          35.6582789
        ]
      },
      "properties": {
        "timestamp": "2026-04-20T10:03:07Z"
      }
    },
    {
      "type": "Feature",
      "geometry": {
        "type": "Point",
        "coordinates": [
          139.7019879,
          35.6582781
        ]
      },
      "properties": {
        "timestamp": "2026-04-20T10:03:08Z"
      }
    },
    {
      "type": "Feature",
      "geometry": {
        "type": "Point",
        "coordinates": [
          139.7019866,
          35.658275
        ]
      },
      "properties": {
        "timestamp": "2026-04-20T10:03:09Z"
      }
    },
    {
      "type": "Feature",
      "geometry": {
        "type": "Point",
        "coordinates": [
          139.7019914,
          35.6582792
        ]
      },
      "properties": {
        "timestamp": "2026-04-20T10:03:10Z"
      }
    },
    {
      "type": "Feature",
      "geometry": {
        "type": "Point",
        "coordinates": [
          139.7019892,
          35.6582788
        ]
      },
      "properties": {
        "timestamp": "2026-04-20T10:03:11Z"
      }
    },
    {
      "type": "Feature",
      "geometry": {
        "type": "Point",
        "coordinates": [
          139.7019886,
          35.6582781
        ]
      },
      "properties": {
        "timestamp": "2026-04-20T10:03:12Z"
      }
    },
    {
      "type": "Feature",
      "geometry": {
        "type": "Point",
        "coordinates": [
          139.7019883,
          35.6582799
        ]
      },
      "properties": {
        "timestamp": "2026-04-20T10:03:13Z"
      }
    },
    {
      "type": "Feature",
      "geometry": {
        "type": "Point",
        "coordinates": [
          139.70199,
          35.6582787
        ]
      },
      "properties": {
        "timestamp": "2026-04-20T10:03:14Z"
      }
    },
    {
      "type": "Feature",
      "geometry": {
        "type": "Point",
        "coordinates": [
          139.7019952,
          35.6582881
        ]
      },
      "properties": {
        "timestamp": "2026-04-20T10:03:15Z"
      }
    },
    {
      "type": "Feature",
      "geometry": {
        "type": "Point",
        "coordinates": [
          139.7019932,
          35.6582938
        ]
      },
      "properties": {
        "timestamp": "2026-04-20T10:03:16Z"
      }
    },
    {
      "type": "Feature",
      "geometry": {
        "type": "Point",
        "coordinates": [
          139.7019844,
          35.6582985
        ]
      },
      "properties": {
        "timestamp": "2026-04-20T10:03:17Z"
      }
    },
    {
      "type": "Feature",
      "geometry": {
        "type": "Point",
        "coordinates": [
          139.7019839,
          35.6582984
        ]
      },
      "properties": {
        "timestamp": "2026-04-20T10:03:18Z"
      }
    },
    {
      "type": "Feature",
      "geometry": {
        "type": "Point",
        "coordinates": [
          139.7019816,
          35.6583036
        ]
      },
      "properties": {
        "timestamp": "2026-04-20T10:03:19Z"
      }
    },
    {
      "type": "Feature",
      "geometry": {
        "type": "Point",
        "coordinates": [
          139.7019789,
          35.6583054
        ]
      },
      "properties": {
        "timestamp": "2026-04-20T10:03:20Z"
      }
    },
    {
      "type": "Feature",
      "geometry": {
        "type": "Point",
        "coordinates": [
          139.7019691,
          35.6583071
        ]
      },
      "properties": {
        "timestamp": "2026-04-20T10:03:21Z"
      }
    },
    {
      "type": "Feature",
      "geometry": {
        "type": "Point",
        "coordinates": [
          139.7019656,
          35.6583068
        ]
      },
      "properties": {
        "timestamp": "2026-04-20T10:03:22Z"
      }
    },
    {
      "type": "Feature",
      "geometry": {
        "type": "Point",
        "coordinates": [
          139.7019668,
          35.6583049
        ]
      },
      "properties": {
        "timestamp": "2026-04-20T10:03:23Z"
      }
    },
    {
      "type": "Feature",
      "geometry": {
        "type": "Point",
        "coordinates": [
          139.7019702,
          35.6583061
        ]
      },
      "properties": {
        "timestamp": "2026-04-20T10:03:24Z"
      }
    },
    {
      "type": "Feature",
      "geometry": {
        "type": "Point",
        "coordinates": [
          139.7019691,
          35.6583058
        ]
      },
      "properties": {
        "timestamp": "2026-04-20T10:03:25Z"
      }
    },
    {
      "type": "Feature",
      "geometry": {
        "type": "Point",
        "coordinates": [
          139.7019677,
          35.6583064
        ]
      },
      "properties": {
        "timestamp": "2026-04-20T10:03:26Z"
      }
    },
    {
      "type": "Feature",
      "geometry": {
        "type": "Point",
        "coordinates": [
          139.7019725,
          35.658305
        ]
      },
      "properties": {
        "timestamp": "2026-04-20T10:03:27Z"
      }
    },
    {
      "type": "Feature",
      "geometry": {
        "type": "Point",
        "coordinates": [
          139.7019732,
          35.6583085
        ]
      },
      "properties": {
        "timestamp": "2026-04-20T10:03:28Z"
      }
    },
    {
      "type": "Feature",
      "geometry": {
        "type": "Point",
        "coordinates": [
          139.701974,
          35.6583103
        ]
      },
      "properties": {
        "timestamp": "2026-04-20T10:03:29Z"
      }
    },
    {
      "type": "Feature",
      "geometry": {
        "type": "Point",
        "coordinates": [
          139.7019816,
          35.658312
        ]
      },
      "properties": {
        "timestamp": "2026-04-20T10:03:30Z"
      }
    },
    {
      "type": "Feature",
      "geometry": {
        "type": "Point",
        "coordinates": [
          139.7019809,
          35.6583114
        ]
      },
      "properties": {
        "timestamp": "2026-04-20T10:03:31Z"
      }
    },
    {
      "type": "Feature",
      "geometry": {
        "type": "Point",
        "coordinates": [
          139.7019834,
          35.6583099
        ]
      },
      "properties": {
        "timestamp": "2026-04-20T10:03:32Z"
      }
    },
    {
      "type": "Feature",
      "geometry": {
        "type": "Point",
        "coordinates": [
          139.7019734,
          35.6583129
        ]
      },
      "properties": {
        "timestamp": "2026-04-20T10:03:33Z"
      }
    },
    {
      "type": "Feature",
      "geometry": {
        "type": "Point",
        "coordinates": [
          139.7019705,
          35.6583187
        ]
      },
      "properties": {
        "timestamp": "2026-04-20T10:03:34Z"
      }
    },
    {
      "type": "Feature",
      "geometry": {
        "type": "Point",
        "coordinates": [
          139.7019632,
          35.658318
        ]
      },
      "properties": {
        "timestamp": "2026-04-20T10:03:35Z"
      }
    },
    {
      "type": "Feature",
      "geometry": {
        "type": "Point",
        "coordinates": [
          139.701965,
          35.6583216
        ]
      },
      "properties": {
        "timestamp": "2026-04-20T10:03:36Z"
      }
    },
    {
      "type": "Feature",
      "geometry": {
        "type": "Point",
        "coordinates": [
          139.7019669,
          35.6583245
        ]
      },
      "properties": {
        "timestamp": "2026-04-20T10:03:37Z"
      }
    },
    {
      "type": "Feature",
      "geometry": {
        "type": "Point",
        "coordinates": [
          139.7019693,
          35.6583269
        ]
      },
      "properties": {
        "timestamp": "2026-04-20T10:03:38Z"
      }
    },
    {
      "type": "Feature",
      "geometry": {
        "type": "Point",
        "coordinates": [
          139.7019653,
          35.6583278
        ]
      },
      "properties": {
        "timestamp": "2026-04-20T10:03:39Z"
      }
    },
    {
      "type": "Feature",
      "geometry": {
        "type": "Point",
        "coordinates": [
          139.701965,
          35.6583309
        ]
      },
      "properties": {
        "timestamp": "2026-04-20T10:03:40Z"
      }
    },
    {
      "type": "Feature",
      "geometry": {
        "type": "Point",
        "coordinates": [
          139.7019646,
          35.6583351
        ]
      },
      "properties": {
        "timestamp": "2026-04-20T10:03:41Z"
      }
    },
    {
      "type": "Feature",
      "geometry": {
        "type": "Point",
        "coordinates": [
          139.7019656,
          35.6583416
        ]
      },
      "properties": {
        "timestamp": "2026-04-20T10:03:42Z"
      }
    },
    {
      "type": "Feature",
      "geometry": {
        "type": "Point",
        "coordinates": [
          139.70196,
          35.6583462
        ]
      },
      "properties": {
        "timestamp": "2026-04-20T10:03:43Z"
      }
    },
    {
      "type": "Feature",
      "geometry": {
        "type": "Point",
        "coordinates": [
          139.7019591,
          35.6583506
        ]
      },
      "properties": {
        "timestamp": "2026-04-20T10:03:44Z"
      }
    },
    {
      "type": "Feature",
      "geometry": {
        "type": "Point",
        "coordinates": [
          139.7019577,
          35.6583495
        ]
      },
      "properties": {
        "timestamp": "2026-04-20T10:03:45Z"
      }
    },
    {
      "type": "Feature",
      "geometry": {
        "type": "Point",
        "coordinates": [
          139.7019635,
          35.6583497
        ]
      },
      "properties": {
        "timestamp": "2026-04-20T10:03:46Z"
      }
    },
    {
      "type": "Feature",
      "geometry": {
        "type": "Point",
        "coordinates": [
          139.7019684,
          35.6583535
        ]
      },
      "properties": {
        "timestamp": "2026-04-20T10:03:47Z"
      }
    },
    {
      "type": "Feature",
      "geometry": {
        "type": "Point",
        "coordinates": [
          139.7019734,
          35.6583581
        ]
      },
      "properties": {
        "timestamp": "2026-04-20T10:03:48Z"
      }
    },
    {
      "type": "Feature",
      "geometry": {
        "type": "Point",
        "coordinates": [
          139.7019726,
          35.6583606
        ]
      },
      "properties": {
        "timestamp": "2026-04-20T10:03:49Z"
      }
    },
    {
      "type": "Feature",
      "geometry": {
        "type": "Point",
        "coordinates": [
          139.7019736,
          35.6583634
        ]
      },
      "properties": {
        "timestamp": "2026-04-20T10:03:50Z"
      }
    },
    {
      "type": "Feature",
      "geometry": {
        "type": "Point",
        "coordinates": [
          139.7019717,
          35.6583631
        ]
      },
      "properties": {
        "timestamp": "2026-04-20T10:03:51Z"
      }
    },
    {
      "type": "Feature",
      "geometry": {
        "type": "Point",
        "coordinates": [
          139.7019651,
          35.6583655
        ]
      },
      "properties": {
        "timestamp": "2026-04-20T10:03:52Z"
      }
    },
    {
      "type": "Feature",
      "geometry": {
        "type": "Point",
        "coordinates": [
          139.7019584,
          35.6583669
        ]
      },
      "properties": {
        "timestamp": "2026-04-20T10:03:53Z"
      }
    },
    {
      "type": "Feature",
      "geometry": {
        "type": "Point",
        "coordinates": [
          139.7019631,
          35.6583692
        ]
      },
      "properties": {
        "timestamp": "2026-04-20T10:03:54Z"
      }
    },
    {
      "type": "Feature",
      "geometry": {
        "type": "Point",
        "coordinates": [
          139.7019643,
          35.6583699
        ]
      },
      "properties": {
        "timestamp": "2026-04-20T10:03:55Z"
      }
    },
    {
      "type": "Feature",
      "geometry": {
        "type": "Point",
        "coordinates": [
          139.7019605,
          35.6583766
        ]
      },
      "properties": {
        "timestamp": "2026-04-20T10:03:56Z"
      }
    },
    {
      "type": "Feature",
      "geometry": {
        "type": "Point",
        "coordinates": [
          139.7019588,
          35.6583819
        ]
      },
      "properties": {
        "timestamp": "2026-04-20T10:03:57Z"
      }
    },
    {
      "type": "Feature",
      "geometry": {
        "type": "Point",
        "coordinates": [
          139.7019574,
          35.6583842
        ]
      },
      "properties": {
        "timestamp": "2026-04-20T10:03:58Z"
      }
    },
    {
      "type": "Feature",
      "geometry": {
        "type": "Point",
        "coordinates": [
          139.7019609,
          35.658388
        ]
      },
      "properties": {
        "timestamp": "2026-04-20T10:03:59Z"
      }
    },
    {
      "type": "Feature",
      "geometry": {
        "type": "Point",
        "coordinates": [
          139.7019627,
          35.6583909
        ]
      },
      "properties": {
        "timestamp": "2026-04-20T10:04:00Z"
      }
    },
    {
      "type": "Feature",
      "geometry": {
        "type": "Point",
        "coordinates": [
          139.7019663,
          35.658394
        ]
      },
      "properties": {
        "timestamp": "2026-04-20T10:04:01Z"
      }
    },
    {
      "type": "Feature",
      "geometry": {
        "type": "Point",
        "coordinates": [
          139.7019638,
          35.6583985
        ]
      },
      "properties": {
        "timestamp": "2026-04-20T10:04:02Z"
      }
    },
    {
      "type": "Feature",
      "geometry": {
        "type": "Point",
        "coordinates": [
          139.7019681,
          35.6583981
        ]
      },
      "properties": {
        "timestamp": "2026-04-20T10:04:03Z"
      }
    },
    {
      "type": "Feature",
      "geometry": {
        "type": "Point",
        "coordinates": [
          139.7019625,
          35.658399
        ]
      },
      "properties": {
        "timestamp": "2026-04-20T10:04:04Z"
      }
    },
    {
      "type": "Feature",
      "geometry": {
        "type": "Point",
        "coordinates": [
          139.7019658,
          35.6584052
        ]
      },
      "properties": {
        "timestamp": "2026-04-20T10:04:05Z"
      }
    },
    {
      "type": "Feature",
      "geometry": {
        "type": "Point",
        "coordinates": [
          139.7019645,
          35.6584072
        ]
      },
      "properties": {
        "timestamp": "2026-04-20T10:04:06Z"
      }
    },
    {
      "type": "Feature",
      "geometry": {
        "type": "Point",
        "coordinates": [
          139.7019555,
          35.6584151
        ]
      },
      "properties": {
        "timestamp": "2026-04-20T10:04:07Z"
      }
    },
    {
      "type": "Feature",
      "geometry": {
        "type": "Point",
        "coordinates": [
          139.70195,
          35.6584137
        ]
      },
      "properties": {
        "timestamp": "2026-04-20T10:04:08Z"
      }
    },
    {
      "type": "Feature",
      "geometry": {
        "type": "Point",
        "coordinates": [
          139.7019516,
          35.6584112
        ]
      },
      "properties": {
        "timestamp": "2026-04-20T10:04:09Z"
      }
    },
    {
      "type": "Feature",
      "geometry": {
        "type": "Point",
        "coordinates": [
          139.7019476,
          35.6584141
        ]
      },
      "properties": {
        "timestamp": "2026-04-20T10:04:10Z"
      }
    },
    {
      "type": "Feature",
      "geometry": {
        "type": "Point",
        "coordinates": [
          139.7019472,
          35.6584236
        ]
      },
      "properties": {
        "timestamp": "2026-04-20T10:04:11Z"
      }
    },
    {
      "type": "Feature",
      "geometry": {
        "type": "Point",
        "coordinates": [
          139.7019523,
          35.6584275
        ]
      },
      "properties": {
        "timestamp": "2026-04-20T10:04:12Z"
      }
    },
    {
      "type": "Feature",
      "geometry": {
        "type": "Point",
        "coordinates": [
          139.7019558,
          35.658432
        ]
      },
      "properties": {
        "timestamp": "2026-04-20T10:04:13Z"
      }
    },
    {
      "type": "Feature",
      "geometry": {
        "type": "Point",
        "coordinates": [
          139.7019512,
          35.6584348
        ]
      },
      "properties": {
        "timestamp": "2026-04-20T10:04:14Z"
      }
    },
    {
      "type": "Feature",
      "geometry": {
        "type": "Point",
        "coordinates": [
          139.7019486,
          35.6584366
        ]
      },
      "properties": {
        "timestamp": "2026-04-20T10:04:15Z"
      }
    },
    {
      "type": "Feature",
      "geometry": {
        "type": "Point",
        "coordinates": [
          139.701948,
          35.658442
        ]
      },
      "properties": {
        "timestamp": "2026-04-20T10:04:16Z"
      }
    },
    {
      "type": "Feature",
      "geometry": {
        "type": "Point",
        "coordinates": [
          139.7019437,
          35.6584443
        ]
      },
      "properties": {
        "timestamp": "2026-04-20T10:04:17Z"
      }
    },
    {
      "type": "Feature",
      "geometry": {
        "type": "Point",
        "coordinates": [
          139.701941,
          35.6584457
        ]
      },
      "properties": {
        "timestamp": "2026-04-20T10:04:18Z"
      }
    },
    {
      "type": "Feature",
      "geometry": {
        "type": "Point",
        "coordinates": [
          139.7019373,
          35.6584511
        ]
      },
      "properties": {
        "timestamp": "2026-04-20T10:04:19Z"
      }
    },
    {
      "type": "Feature",
      "geometry": {
        "type": "Point",
        "coordinates": [
          139.7019333,
          35.6584534
        ]
      },
      "properties": {
        "timestamp": "2026-04-20T10:04:20Z"
      }
    },
    {
      "type": "Feature",
      "geometry": {
        "type": "Point",
        "coordinates": [
          139.7019335,
          35.6584546
        ]
      },
      "properties": {
        "timestamp": "2026-04-20T10:04:21Z"
      }
    },
    {
      "type": "Feature",
      "geometry": {
        "type": "Point",
        "coordinates": [
          139.7019344,
          35.6584552
        ]
      },
      "properties": {
        "timestamp": "2026-04-20T10:04:22Z"
      }
    },
    {
      "type": "Feature",
      "geometry": {
        "type": "Point",
        "coordinates": [
          139.701935,
          35.6584545
        ]
      },
      "properties": {
        "timestamp": "2026-04-20T10:04:23Z"
      }
    },
    {
      "type": "Feature",
      "geometry": {
        "type": "Point",
        "coordinates": [
          139.7019368,
          35.6584559
        ]
      },
      "properties": {
        "timestamp": "2026-04-20T10:04:24Z"
      }
    },
    {
      "type": "Feature",
      "geometry": {
        "type": "Point",
        "coordinates": [
          139.7019399,
          35.6584575
        ]
      },
      "properties": {
        "timestamp": "2026-04-20T10:04:25Z"
      }
    },
    {
      "type": "Feature",
      "geometry": {
        "type": "Point",
        "coordinates": [
          139.7019416,
          35.6584529
        ]
      },
      "properties": {
        "timestamp": "2026-04-20T10:04:26Z"
      }
    },
    {
      "type": "Feature",
      "geometry": {
        "type": "Point",
        "coordinates": [
          139.701945,
          35.6584464
        ]
      },
      "properties": {
        "timestamp": "2026-04-20T10:04:27Z"
      }
    },
    {
      "type": "Feature",
      "geometry": {
        "type": "Point",
        "coordinates": [
          139.7019468,
          35.6584427
        ]
      },
      "properties": {
        "timestamp": "2026-04-20T10:04:28Z"
      }
    },
    {
      "type": "Feature",
      "geometry": {
        "type": "Point",
        "coordinates": [
          139.7019447,
          35.6584414
        ]
      },
      "properties": {
        "timestamp": "2026-04-20T10:04:29Z"
      }
    },
    {
      "type": "Feature",
      "geometry": {
        "type": "Point",
        "coordinates": [
          139.7019504,
          35.6584276
        ]
      },
      "properties": {
        "timestamp": "2026-04-20T10:04:30Z"
      }
    },
    {
      "type": "Feature",
      "geometry": {
        "type": "Point",
        "coordinates": [
          139.7019445,
          35.6584138
        ]
      },
      "properties": {
        "timestamp": "2026-04-20T10:04:31Z"
      }
    },
    {
      "type": "Feature",
      "geometry": {
        "type": "Point",
        "coordinates": [
          139.7019388,
          35.658401
        ]
      },
      "properties": {
        "timestamp": "2026-04-20T10:04:32Z"
      }
    },
    {
      "type": "Feature",
      "geometry": {
        "type": "Point",
        "coordinates": [
          139.701935,
          35.6583955
        ]
      },
      "properties": {
        "timestamp": "2026-04-20T10:04:33Z"
      }
    },
    {
      "type": "Feature",
      "geometry": {
        "type": "Point",
        "coordinates": [
          139.7019323,
          35.6583903
        ]
      },
      "properties": {
        "timestamp": "2026-04-20T10:04:34Z"
      }
    },
    {
      "type": "Feature",
      "geometry": {
        "type": "Point",
        "coordinates": [
          139.701936,
          35.6583863
        ]
      },
      "properties": {
        "timestamp": "2026-04-20T10:04:35Z"
      }
    },
    {
      "type": "Feature",
      "geometry": {
        "type": "Point",
        "coordinates": [
          139.7019112,
          35.658386
        ]
      },
      "properties": {
        "timestamp": "2026-04-20T10:04:36Z"
      }
    },
    {
      "type": "Feature",
      "geometry": {
        "type": "Point",
        "coordinates": [
          139.7018866,
          35.6583786
        ]
      },
      "properties": {
        "timestamp": "2026-04-20T10:04:37Z"
      }
    },
    {
      "type": "Feature",
      "geometry": {
        "type": "Point",
        "coordinates": [
          139.7020898,
          35.6587414
        ]
      },
      "properties": {
        "timestamp": "2026-04-20T10:08:06Z"
      }
    },
    {
      "type": "Feature",
      "geometry": {
        "type": "Point",
        "coordinates": [
          139.7021565,
          35.6587576
        ]
      },
      "properties": {
        "timestamp": "2026-04-20T10:08:07Z"
      }
    },
    {
      "type": "Feature",
      "geometry": {
        "type": "Point",
        "coordinates": [
          139.7022018,
          35.6585571
        ]
      },
      "properties": {
        "timestamp": "2026-04-20T10:08:08Z"
      }
    },
    {
      "type": "Feature",
      "geometry": {
        "type": "Point",
        "coordinates": [
          139.702196,
          35.6585443
        ]
      },
      "properties": {
        "timestamp": "2026-04-20T10:08:09Z"
      }
    },
    {
      "type": "Feature",
      "geometry": {
        "type": "Point",
        "coordinates": [
          139.7022295,
          35.6584179
        ]
      },
      "properties": {
        "timestamp": "2026-04-20T10:08:10Z"
      }
    },
    {
      "type": "Feature",
      "geometry": {
        "type": "Point",
        "coordinates": [
          139.7022346,
          35.6584097
        ]
      },
      "properties": {
        "timestamp": "2026-04-20T10:08:11Z"
      }
    },
    {
      "type": "Feature",
      "geometry": {
        "type": "Point",
        "coordinates": [
          139.702234,
          35.6583264
        ]
      },
      "properties": {
        "timestamp": "2026-04-20T10:08:12Z"
      }
    },
    {
      "type": "Feature",
      "geometry": {
        "type": "Point",
        "coordinates": [
          139.7022531,
          35.6582715
        ]
      },
      "properties": {
        "timestamp": "2026-04-20T10:08:13Z"
      }
    },
    {
      "type": "Feature",
      "geometry": {
        "type": "Point",
        "coordinates": [
          139.7022497,
          35.6582778
        ]
      },
      "properties": {
        "timestamp": "2026-04-20T10:08:14Z"
      }
    },
    {
      "type": "Feature",
      "geometry": {
        "type": "Point",
        "coordinates": [
          139.7022654,
          35.6583037
        ]
      },
      "properties": {
        "timestamp": "2026-04-20T10:08:15Z"
      }
    },
    {
      "type": "Feature",
      "geometry": {
        "type": "Point",
        "coordinates": [
          139.7022705,
          35.6583385
        ]
      },
      "properties": {
        "timestamp": "2026-04-20T10:08:16Z"
      }
    },
    {
      "type": "Feature",
      "geometry": {
        "type": "Point",
        "coordinates": [
          139.7022703,
          35.6584009
        ]
      },
      "properties": {
        "timestamp": "2026-04-20T10:08:17Z"
      }
    },
    {
      "type": "Feature",
      "geometry": {
        "type": "Point",
        "coordinates": [
          139.7022593,
          35.6584757
        ]
      },
      "properties": {
        "timestamp": "2026-04-20T10:08:18Z"
      }
    },
    {
      "type": "Feature",
      "geometry": {
        "type": "Point",
        "coordinates": [
          139.7022614,
          35.6584577
        ]
      },
      "properties": {
        "timestamp": "2026-04-20T10:08:19Z"
      }
    },
    {
      "type": "Feature",
      "geometry": {
        "type": "Point",
        "coordinates": [
          139.7022612,
          35.6584862
        ]
      },
      "properties": {
        "timestamp": "2026-04-20T10:08:20Z"
      }
    },
    {
      "type": "Feature",
      "geometry": {
        "type": "Point",
        "coordinates": [
          139.702255,
          35.6584839
        ]
      },
      "properties": {
        "timestamp": "2026-04-20T10:08:21Z"
      }
    },
    {
      "type": "Feature",
      "geometry": {
        "type": "Point",
        "coordinates": [
          139.7022565,
          35.6584832
        ]
      },
      "properties": {
        "timestamp": "2026-04-20T10:08:22Z"
      }
    },
    {
      "type": "Feature",
      "geometry": {
        "type": "Point",
        "coordinates": [
          139.7022646,
          35.6584986
        ]
      },
      "properties": {
        "timestamp": "2026-04-20T10:08:23Z"
      }
    },
    {
      "type": "Feature",
      "geometry": {
        "type": "Point",
        "coordinates": [
          139.7022636,
          35.6585066
        ]
      },
      "properties": {
        "timestamp": "2026-04-20T10:08:24Z"
      }
    },
    {
      "type": "Feature",
      "geometry": {
        "type": "Point",
        "coordinates": [
          139.7022655,
          35.6585112
        ]
      },
      "properties": {
        "timestamp": "2026-04-20T10:08:25Z"
      }
    },
    {
      "type": "Feature",
      "geometry": {
        "type": "Point",
        "coordinates": [
          139.7022626,
          35.6585191
        ]
      },
      "properties": {
        "timestamp": "2026-04-20T10:08:26Z"
      }
    },
    {
      "type": "Feature",
      "geometry": {
        "type": "Point",
        "coordinates": [
          139.7022589,
          35.6585164
        ]
      },
      "properties": {
        "timestamp": "2026-04-20T10:08:27Z"
      }
    },
    {
      "type": "Feature",
      "geometry": {
        "type": "Point",
        "coordinates": [
          139.7022587,
          35.6585184
        ]
      },
      "properties": {
        "timestamp": "2026-04-20T10:08:28Z"
      }
    },
    {
      "type": "Feature",
      "geometry": {
        "type": "Point",
        "coordinates": [
          139.7022587,
          35.6585184
        ]
      },
      "properties": {
        "timestamp": "2026-04-20T10:08:29Z"
      }
    },
    {
      "type": "Feature",
      "geometry": {
        "type": "Point",
        "coordinates": [
          139.7022587,
          35.6585184
        ]
      },
      "properties": {
        "timestamp": "2026-04-20T10:08:30Z"
      }
    },
    {
      "type": "Feature",
      "geometry": {
        "type": "Point",
        "coordinates": [
          139.7022634,
          35.6585371
        ]
      },
      "properties": {
        "timestamp": "2026-04-20T10:08:31Z"
      }
    },
    {
      "type": "Feature",
      "geometry": {
        "type": "Point",
        "coordinates": [
          139.7022637,
          35.6585389
        ]
      },
      "properties": {
        "timestamp": "2026-04-20T10:08:32Z"
      }
    },
    {
      "type": "Feature",
      "geometry": {
        "type": "Point",
        "coordinates": [
          139.7022653,
          35.6585566
        ]
      },
      "properties": {
        "timestamp": "2026-04-20T10:08:33Z"
      }
    },
    {
      "type": "Feature",
      "geometry": {
        "type": "Point",
        "coordinates": [
          139.702267,
          35.6585567
        ]
      },
      "properties": {
        "timestamp": "2026-04-20T10:08:34Z"
      }
    },
    {
      "type": "Feature",
      "geometry": {
        "type": "Point",
        "coordinates": [
          139.7022722,
          35.6585443
        ]
      },
      "properties": {
        "timestamp": "2026-04-20T10:08:35Z"
      }
    },
    {
      "type": "Feature",
      "geometry": {
        "type": "Point",
        "coordinates": [
          139.7022665,
          35.6585464
        ]
      },
      "properties": {
        "timestamp": "2026-04-20T10:08:36Z"
      }
    },
    {
      "type": "Feature",
      "geometry": {
        "type": "Point",
        "coordinates": [
          139.702268,
          35.6585421
        ]
      },
      "properties": {
        "timestamp": "2026-04-20T10:08:37Z"
      }
    },
    {
      "type": "Feature",
      "geometry": {
        "type": "Point",
        "coordinates": [
          139.7022756,
          35.6585283
        ]
      },
      "properties": {
        "timestamp": "2026-04-20T10:08:38Z"
      }
    },
    {
      "type": "Feature",
      "geometry": {
        "type": "Point",
        "coordinates": [
          139.7022758,
          35.6585244
        ]
      },
      "properties": {
        "timestamp": "2026-04-20T10:08:39Z"
      }
    },
    {
      "type": "Feature",
      "geometry": {
        "type": "Point",
        "coordinates": [
          139.7022758,
          35.6585244
        ]
      },
      "properties": {
        "timestamp": "2026-04-20T10:08:40Z"
      }
    },
    {
      "type": "Feature",
      "geometry": {
        "type": "Point",
        "coordinates": [
          139.7022758,
          35.6585244
        ]
      },
      "properties": {
        "timestamp": "2026-04-20T10:08:41Z"
      }
    },
    {
      "type": "Feature",
      "geometry": {
        "type": "Point",
        "coordinates": [
          139.7022758,
          35.6585244
        ]
      },
      "properties": {
        "timestamp": "2026-04-20T10:08:42Z"
      }
    },
    {
      "type": "Feature",
      "geometry": {
        "type": "Point",
        "coordinates": [
          139.7022758,
          35.6585244
        ]
      },
      "properties": {
        "timestamp": "2026-04-20T10:08:43Z"
      }
    },
    {
      "type": "Feature",
      "geometry": {
        "type": "Point",
        "coordinates": [
          139.7022758,
          35.6585244
        ]
      },
      "properties": {
        "timestamp": "2026-04-20T10:08:44Z"
      }
    },
    {
      "type": "Feature",
      "geometry": {
        "type": "Point",
        "coordinates": [
          139.7022758,
          35.6585244
        ]
      },
      "properties": {
        "timestamp": "2026-04-20T10:08:45Z"
      }
    },
    {
      "type": "Feature",
      "geometry": {
        "type": "Point",
        "coordinates": [
          139.7022758,
          35.6585244
        ]
      },
      "properties": {
        "timestamp": "2026-04-20T10:08:46Z"
      }
    },
    {
      "type": "Feature",
      "geometry": {
        "type": "Point",
        "coordinates": [
          139.7022887,
          35.658523
        ]
      },
      "properties": {
        "timestamp": "2026-04-20T10:08:47Z"
      }
    },
    {
      "type": "Feature",
      "geometry": {
        "type": "Point",
        "coordinates": [
          139.7022903,
          35.6585285
        ]
      },
      "properties": {
        "timestamp": "2026-04-20T10:08:48Z"
      }
    },
    {
      "type": "Feature",
      "geometry": {
        "type": "Point",
        "coordinates": [
          139.7022916,
          35.6585358
        ]
      },
      "properties": {
        "timestamp": "2026-04-20T10:08:49Z"
      }
    },
    {
      "type": "Feature",
      "geometry": {
        "type": "Point",
        "coordinates": [
          139.7022882,
          35.6585368
        ]
      },
      "properties": {
        "timestamp": "2026-04-20T10:08:50Z"
      }
    },
    {
      "type": "Feature",
      "geometry": {
        "type": "Point",
        "coordinates": [
          139.7022888,
          35.6585364
        ]
      },
      "properties": {
        "timestamp": "2026-04-20T10:08:51Z"
      }
    },
    {
      "type": "Feature",
      "geometry": {
        "type": "Point",
        "coordinates": [
          139.7022965,
          35.6585315
        ]
      },
      "properties": {
        "timestamp": "2026-04-20T10:08:52Z"
      }
    },
    {
      "type": "Feature",
      "geometry": {
        "type": "Point",
        "coordinates": [
          139.7022997,
          35.6585358
        ]
      },
      "properties": {
        "timestamp": "2026-04-20T10:08:53Z"
      }
    },
    {
      "type": "Feature",
      "geometry": {
        "type": "Point",
        "coordinates": [
          139.7022998,
          35.6585359
        ]
      },
      "properties": {
        "timestamp": "2026-04-20T10:08:54Z"
      }
    },
    {
      "type": "Feature",
      "geometry": {
        "type": "Point",
        "coordinates": [
          139.7022986,
          35.658525
        ]
      },
      "properties": {
        "timestamp": "2026-04-20T10:08:55Z"
      }
    },
    {
      "type": "Feature",
      "geometry": {
        "type": "Point",
        "coordinates": [
          139.7022951,
          35.6585374
        ]
      },
      "properties": {
        "timestamp": "2026-04-20T10:08:56Z"
      }
    },
    {
      "type": "Feature",
      "geometry": {
        "type": "Point",
        "coordinates": [
          139.7022888,
          35.6585415
        ]
      },
      "properties": {
        "timestamp": "2026-04-20T10:08:57Z"
      }
    },
    {
      "type": "Feature",
      "geometry": {
        "type": "Point",
        "coordinates": [
          139.7022896,
          35.658524
        ]
      },
      "properties": {
        "timestamp": "2026-04-20T10:08:58Z"
      }
    },
    {
      "type": "Feature",
      "geometry": {
        "type": "Point",
        "coordinates": [
          139.7022972,
          35.6585053
        ]
      },
      "properties": {
        "timestamp": "2026-04-20T10:08:59Z"
      }
    },
    {
      "type": "Feature",
      "geometry": {
        "type": "Point",
        "coordinates": [
          139.7022969,
          35.6585084
        ]
      },
      "properties": {
        "timestamp": "2026-04-20T10:09:00Z"
      }
    },
    {
      "type": "Feature",
      "geometry": {
        "type": "Point",
        "coordinates": [
          139.7022931,
          35.6585022
        ]
      },
      "properties": {
        "timestamp": "2026-04-20T10:09:01Z"
      }
    },
    {
      "type": "Feature",
      "geometry": {
        "type": "Point",
        "coordinates": [
          139.7022932,
          35.6584976
        ]
      },
      "properties": {
        "timestamp": "2026-04-20T10:09:02Z"
      }
    },
    {
      "type": "Feature",
      "geometry": {
        "type": "Point",
        "coordinates": [
          139.7022986,
          35.6584861
        ]
      },
      "properties": {
        "timestamp": "2026-04-20T10:09:03Z"
      }
    },
    {
      "type": "Feature",
      "geometry": {
        "type": "Point",
        "coordinates": [
          139.702305,
          35.6584668
        ]
      },
      "properties": {
        "timestamp": "2026-04-20T10:09:04Z"
      }
    },
    {
      "type": "Feature",
      "geometry": {
        "type": "Point",
        "coordinates": [
          139.7023025,
          35.6584697
        ]
      },
      "properties": {
        "timestamp": "2026-04-20T10:09:05Z"
      }
    },
    {
      "type": "Feature",
      "geometry": {
        "type": "Point",
        "coordinates": [
          139.7023033,
          35.6584705
        ]
      },
      "properties": {
        "timestamp": "2026-04-20T10:09:06Z"
      }
    },
    {
      "type": "Feature",
      "geometry": {
        "type": "Point",
        "coordinates": [
          139.7023074,
          35.6584645
        ]
      },
      "properties": {
        "timestamp": "2026-04-20T10:09:07Z"
      }
    },
    {
      "type": "Feature",
      "geometry": {
        "type": "Point",
        "coordinates": [
          139.7023148,
          35.6584657
        ]
      },
      "properties": {
        "timestamp": "2026-04-20T10:09:08Z"
      }
    },
    {
      "type": "Feature",
      "geometry": {
        "type": "Point",
        "coordinates": [
          139.702322,
          35.6584595
        ]
      },
      "properties": {
        "timestamp": "2026-04-20T10:09:09Z"
      }
    },
    {
      "type": "Feature",
      "geometry": {
        "type": "Point",
        "coordinates": [
          139.7023245,
          35.6584465
        ]
      },
      "properties": {
        "timestamp": "2026-04-20T10:09:10Z"
      }
    },
    {
      "type": "Feature",
      "geometry": {
        "type": "Point",
        "coordinates": [
          139.7023182,
          35.6584355
        ]
      },
      "properties": {
        "timestamp": "2026-04-20T10:09:11Z"
      }
    },
    {
      "type": "Feature",
      "geometry": {
        "type": "Point",
        "coordinates": [
          139.7023143,
          35.658442
        ]
      },
      "properties": {
        "timestamp": "2026-04-20T10:09:12Z"
      }
    },
    {
      "type": "Feature",
      "geometry": {
        "type": "Point",
        "coordinates": [
          139.7023132,
          35.6584394
        ]
      },
      "properties": {
        "timestamp": "2026-04-20T10:09:13Z"
      }
    },
    {
      "type": "Feature",
      "geometry": {
        "type": "Point",
        "coordinates": [
          139.7023134,
          35.6584391
        ]
      },
      "properties": {
        "timestamp": "2026-04-20T10:09:14Z"
      }
    },
    {
      "type": "Feature",
      "geometry": {
        "type": "Point",
        "coordinates": [
          139.7023087,
          35.6584394
        ]
      },
      "properties": {
        "timestamp": "2026-04-20T10:09:15Z"
      }
    },
    {
      "type": "Feature",
      "geometry": {
        "type": "Point",
        "coordinates": [
          139.7023077,
          35.6584396
        ]
      },
      "properties": {
        "timestamp": "2026-04-20T10:09:16Z"
      }
    },
    {
      "type": "Feature",
      "geometry": {
        "type": "Point",
        "coordinates": [
          139.702308,
          35.6584394
        ]
      },
      "properties": {
        "timestamp": "2026-04-20T10:09:17Z"
      }
    },
    {
      "type": "Feature",
      "geometry": {
        "type": "Point",
        "coordinates": [
          139.702308,
          35.6584394
        ]
      },
      "properties": {
        "timestamp": "2026-04-20T10:09:18Z"
      }
    },
    {
      "type": "Feature",
      "geometry": {
        "type": "Point",
        "coordinates": [
          139.702308,
          35.6584394
        ]
      },
      "properties": {
        "timestamp": "2026-04-20T10:09:19Z"
      }
    },
    {
      "type": "Feature",
      "geometry": {
        "type": "Point",
        "coordinates": [
          139.702308,
          35.6584394
        ]
      },
      "properties": {
        "timestamp": "2026-04-20T10:09:20Z"
      }
    },
    {
      "type": "Feature",
      "geometry": {
        "type": "Point",
        "coordinates": [
          139.702308,
          35.6584394
        ]
      },
      "properties": {
        "timestamp": "2026-04-20T10:09:21Z"
      }
    },
    {
      "type": "Feature",
      "geometry": {
        "type": "Point",
        "coordinates": [
          139.702308,
          35.6584394
        ]
      },
      "properties": {
        "timestamp": "2026-04-20T10:09:22Z"
      }
    },
    {
      "type": "Feature",
      "geometry": {
        "type": "Point",
        "coordinates": [
          139.702308,
          35.6584394
        ]
      },
      "properties": {
        "timestamp": "2026-04-20T10:09:23Z"
      }
    },
    {
      "type": "Feature",
      "geometry": {
        "type": "Point",
        "coordinates": [
          139.702308,
          35.6584394
        ]
      },
      "properties": {
        "timestamp": "2026-04-20T10:09:24Z"
      }
    },
    {
      "type": "Feature",
      "geometry": {
        "type": "Point",
        "coordinates": [
          139.702308,
          35.6584394
        ]
      },
      "properties": {
        "timestamp": "2026-04-20T10:09:25Z"
      }
    },
    {
      "type": "Feature",
      "geometry": {
        "type": "Point",
        "coordinates": [
          139.702308,
          35.6584394
        ]
      },
      "properties": {
        "timestamp": "2026-04-20T10:09:26Z"
      }
    },
    {
      "type": "Feature",
      "geometry": {
        "type": "Point",
        "coordinates": [
          139.702308,
          35.6584394
        ]
      },
      "properties": {
        "timestamp": "2026-04-20T10:09:27Z"
      }
    },
    {
      "type": "Feature",
      "geometry": {
        "type": "Point",
        "coordinates": [
          139.702308,
          35.6584394
        ]
      },
      "properties": {
        "timestamp": "2026-04-20T10:09:28Z"
      }
    },
    {
      "type": "Feature",
      "geometry": {
        "type": "Point",
        "coordinates": [
          139.702308,
          35.6584394
        ]
      },
      "properties": {
        "timestamp": "2026-04-20T10:09:29Z"
      }
    },
    {
      "type": "Feature",
      "geometry": {
        "type": "Point",
        "coordinates": [
          139.702308,
          35.6584394
        ]
      },
      "properties": {
        "timestamp": "2026-04-20T10:09:30Z"
      }
    },
    {
      "type": "Feature",
      "geometry": {
        "type": "Point",
        "coordinates": [
          139.7023066,
          35.6584452
        ]
      },
      "properties": {
        "timestamp": "2026-04-20T10:09:31Z"
      }
    },
    {
      "type": "Feature",
      "geometry": {
        "type": "Point",
        "coordinates": [
          139.7022911,
          35.6584521
        ]
      },
      "properties": {
        "timestamp": "2026-04-20T10:09:32Z"
      }
    },
    {
      "type": "Feature",
      "geometry": {
        "type": "Point",
        "coordinates": [
          139.7022963,
          35.658462
        ]
      },
      "properties": {
        "timestamp": "2026-04-20T10:09:33Z"
      }
    },
    {
      "type": "Feature",
      "geometry": {
        "type": "Point",
        "coordinates": [
          139.7022935,
          35.6584707
        ]
      },
      "properties": {
        "timestamp": "2026-04-20T10:09:34Z"
      }
    },
    {
      "type": "Feature",
      "geometry": {
        "type": "Point",
        "coordinates": [
          139.7022873,
          35.658476
        ]
      },
      "properties": {
        "timestamp": "2026-04-20T10:09:35Z"
      }
    },
    {
      "type": "Feature",
      "geometry": {
        "type": "Point",
        "coordinates": [
          139.7022862,
          35.6584793
        ]
      },
      "properties": {
        "timestamp": "2026-04-20T10:09:36Z"
      }
    },
    {
      "type": "Feature",
      "geometry": {
        "type": "Point",
        "coordinates": [
          139.7022871,
          35.6584861
        ]
      },
      "properties": {
        "timestamp": "2026-04-20T10:09:37Z"
      }
    },
    {
      "type": "Feature",
      "geometry": {
        "type": "Point",
        "coordinates": [
          139.7022944,
          35.6584924
        ]
      },
      "properties": {
        "timestamp": "2026-04-20T10:09:38Z"
      }
    },
    {
      "type": "Feature",
      "geometry": {
        "type": "Point",
        "coordinates": [
          139.7022973,
          35.6584901
        ]
      },
      "properties": {
        "timestamp": "2026-04-20T10:09:39Z"
      }
    },
    {
      "type": "Feature",
      "geometry": {
        "type": "Point",
        "coordinates": [
          139.7023027,
          35.6584813
        ]
      },
      "properties": {
        "timestamp": "2026-04-20T10:09:40Z"
      }
    },
    {
      "type": "Feature",
      "geometry": {
        "type": "Point",
        "coordinates": [
          139.7023028,
          35.6584801
        ]
      },
      "properties": {
        "timestamp": "2026-04-20T10:09:41Z"
      }
    },
    {
      "type": "Feature",
      "geometry": {
        "type": "Point",
        "coordinates": [
          139.702295,
          35.658494
        ]
      },
      "properties": {
        "timestamp": "2026-04-20T10:09:42Z"
      }
    },
    {
      "type": "Feature",
      "geometry": {
        "type": "Point",
        "coordinates": [
          139.7022953,
          35.6584934
        ]
      },
      "properties": {
        "timestamp": "2026-04-20T10:09:43Z"
      }
    },
    {
      "type": "Feature",
      "geometry": {
        "type": "Point",
        "coordinates": [
          139.7022977,
          35.6585032
        ]
      },
      "properties": {
        "timestamp": "2026-04-20T10:09:44Z"
      }
    },
    {
      "type": "Feature",
      "geometry": {
        "type": "Point",
        "coordinates": [
          139.702297,
          35.6585066
        ]
      },
      "properties": {
        "timestamp": "2026-04-20T10:09:45Z"
      }
    },
    {
      "type": "Feature",
      "geometry": {
        "type": "Point",
        "coordinates": [
          139.7022992,
          35.6585108
        ]
      },
      "properties": {
        "timestamp": "2026-04-20T10:09:46Z"
      }
    },
    {
      "type": "Feature",
      "geometry": {
        "type": "Point",
        "coordinates": [
          139.702303,
          35.6585246
        ]
      },
      "properties": {
        "timestamp": "2026-04-20T10:09:47Z"
      }
    },
    {
      "type": "Feature",
      "geometry": {
        "type": "Point",
        "coordinates": [
          139.7023072,
          35.6585253
        ]
      },
      "properties": {
        "timestamp": "2026-04-20T10:09:48Z"
      }
    },
    {
      "type": "Feature",
      "geometry": {
        "type": "Point",
        "coordinates": [
          139.7023074,
          35.6585247
        ]
      },
      "properties": {
        "timestamp": "2026-04-20T10:09:49Z"
      }
    },
    {
      "type": "Feature",
      "geometry": {
        "type": "Point",
        "coordinates": [
          139.7023085,
          35.6585281
        ]
      },
      "properties": {
        "timestamp": "2026-04-20T10:09:50Z"
      }
    },
    {
      "type": "Feature",
      "geometry": {
        "type": "Point",
        "coordinates": [
          139.7023046,
          35.6585311
        ]
      },
      "properties": {
        "timestamp": "2026-04-20T10:09:51Z"
      }
    },
    {
      "type": "Feature",
      "geometry": {
        "type": "Point",
        "coordinates": [
          139.7022989,
          35.6585335
        ]
      },
      "properties": {
        "timestamp": "2026-04-20T10:09:52Z"
      }
    },
    {
      "type": "Feature",
      "geometry": {
        "type": "Point",
        "coordinates": [
          139.7022965,
          35.6585359
        ]
      },
      "properties": {
        "timestamp": "2026-04-20T10:09:53Z"
      }
    },
    {
      "type": "Feature",
      "geometry": {
        "type": "Point",
        "coordinates": [
          139.702297,
          35.6585343
        ]
      },
      "properties": {
        "timestamp": "2026-04-20T10:09:54Z"
      }
    },
    {
      "type": "Feature",
      "geometry": {
        "type": "Point",
        "coordinates": [
          139.7022989,
          35.6585264
        ]
      },
      "properties": {
        "timestamp": "2026-04-20T10:09:55Z"
      }
    },
    {
      "type": "Feature",
      "geometry": {
        "type": "Point",
        "coordinates": [
          139.7022987,
          35.6585268
        ]
      },
      "properties": {
        "timestamp": "2026-04-20T10:09:56Z"
      }
    },
    {
      "type": "Feature",
      "geometry": {
        "type": "Point",
        "coordinates": [
          139.7022957,
          35.6585262
        ]
      },
      "properties": {
        "timestamp": "2026-04-20T10:09:57Z"
      }
    },
    {
      "type": "Feature",
      "geometry": {
        "type": "Point",
        "coordinates": [
          139.7023001,
          35.6585249
        ]
      },
      "properties": {
        "timestamp": "2026-04-20T10:09:58Z"
      }
    },
    {
      "type": "Feature",
      "geometry": {
        "type": "Point",
        "coordinates": [
          139.7023,
          35.6585253
        ]
      },
      "properties": {
        "timestamp": "2026-04-20T10:09:59Z"
      }
    },
    {
      "type": "Feature",
      "geometry": {
        "type": "Point",
        "coordinates": [
          139.7023021,
          35.6585241
        ]
      },
      "properties": {
        "timestamp": "2026-04-20T10:10:00Z"
      }
    },
    {
      "type": "Feature",
      "geometry": {
        "type": "Point",
        "coordinates": [
          139.7022986,
          35.6585247
        ]
      },
      "properties": {
        "timestamp": "2026-04-20T10:10:01Z"
      }
    },
    {
      "type": "Feature",
      "geometry": {
        "type": "Point",
        "coordinates": [
          139.7023022,
          35.6585222
        ]
      },
      "properties": {
        "timestamp": "2026-04-20T10:10:02Z"
      }
    },
    {
      "type": "Feature",
      "geometry": {
        "type": "Point",
        "coordinates": [
          139.7022998,
          35.6585163
        ]
      },
      "properties": {
        "timestamp": "2026-04-20T10:10:03Z"
      }
    },
    {
      "type": "Feature",
      "geometry": {
        "type": "Point",
        "coordinates": [
          139.7023105,
          35.6585088
        ]
      },
      "properties": {
        "timestamp": "2026-04-20T10:10:04Z"
      }
    },
    {
      "type": "Feature",
      "geometry": {
        "type": "Point",
        "coordinates": [
          139.7023096,
          35.6585061
        ]
      },
      "properties": {
        "timestamp": "2026-04-20T10:10:05Z"
      }
    },
    {
      "type": "Feature",
      "geometry": {
        "type": "Point",
        "coordinates": [
          139.7023136,
          35.6584965
        ]
      },
      "properties": {
        "timestamp": "2026-04-20T10:10:06Z"
      }
    },
    {
      "type": "Feature",
      "geometry": {
        "type": "Point",
        "coordinates": [
          139.7023127,
          35.6584989
        ]
      },
      "properties": {
        "timestamp": "2026-04-20T10:10:07Z"
      }
    },
    {
      "type": "Feature",
      "geometry": {
        "type": "Point",
        "coordinates": [
          139.7023127,
          35.6584989
        ]
      },
      "properties": {
        "timestamp": "2026-04-20T10:10:08Z"
      }
    },
    {
      "type": "Feature",
      "geometry": {
        "type": "Point",
        "coordinates": [
          139.7023086,
          35.6585117
        ]
      },
      "properties": {
        "timestamp": "2026-04-20T10:10:09Z"
      }
    },
    {
      "type": "Feature",
      "geometry": {
        "type": "Point",
        "coordinates": [
          139.7023131,
          35.6584897
        ]
      },
      "properties": {
        "timestamp": "2026-04-20T10:10:10Z"
      }
    },
    {
      "type": "Feature",
      "geometry": {
        "type": "Point",
        "coordinates": [
          139.7023114,
          35.6584853
        ]
      },
      "properties": {
        "timestamp": "2026-04-20T10:10:11Z"
      }
    },
    {
      "type": "Feature",
      "geometry": {
        "type": "Point",
        "coordinates": [
          139.7023124,
          35.6584801
        ]
      },
      "properties": {
        "timestamp": "2026-04-20T10:10:12Z"
      }
    },
    {
      "type": "Feature",
      "geometry": {
        "type": "Point",
        "coordinates": [
          139.7023062,
          35.658481
        ]
      },
      "properties": {
        "timestamp": "2026-04-20T10:10:13Z"
      }
    },
    {
      "type": "Feature",
      "geometry": {
        "type": "Point",
        "coordinates": [
          139.7023111,
          35.6584916
        ]
      },
      "properties": {
        "timestamp": "2026-04-20T10:10:14Z"
      }
    },
    {
      "type": "Feature",
      "geometry": {
        "type": "Point",
        "coordinates": [
          139.7023103,
          35.6584937
        ]
      },
      "properties": {
        "timestamp": "2026-04-20T10:10:15Z"
      }
    },
    {
      "type": "Feature",
      "geometry": {
        "type": "Point",
        "coordinates": [
          139.7023103,
          35.6584937
        ]
      },
      "properties": {
        "timestamp": "2026-04-20T10:10:16Z"
      }
    },
    {
      "type": "Feature",
      "geometry": {
        "type": "Point",
        "coordinates": [
          139.702309,
          35.6585006
        ]
      },
      "properties": {
        "timestamp": "2026-04-20T10:10:17Z"
      }
    },
    {
      "type": "Feature",
      "geometry": {
        "type": "Point",
        "coordinates": [
          139.7022939,
          35.6585191
        ]
      },
      "properties": {
        "timestamp": "2026-04-20T10:10:18Z"
      }
    },
    {
      "type": "Feature",
      "geometry": {
        "type": "Point",
        "coordinates": [
          139.7022915,
          35.658526
        ]
      },
      "properties": {
        "timestamp": "2026-04-20T10:10:19Z"
      }
    },
    {
      "type": "Feature",
      "geometry": {
        "type": "Point",
        "coordinates": [
          139.702295,
          35.6585179
        ]
      },
      "properties": {
        "timestamp": "2026-04-20T10:10:20Z"
      }
    },
    {
      "type": "Feature",
      "geometry": {
        "type": "Point",
        "coordinates": [
          139.702291,
          35.6585277
        ]
      },
      "properties": {
        "timestamp": "2026-04-20T10:10:21Z"
      }
    },
    {
      "type": "Feature",
      "geometry": {
        "type": "Point",
        "coordinates": [
          139.7022855,
          35.6585395
        ]
      },
      "properties": {
        "timestamp": "2026-04-20T10:10:22Z"
      }
    },
    {
      "type": "Feature",
      "geometry": {
        "type": "Point",
        "coordinates": [
          139.7022805,
          35.6585425
        ]
      },
      "properties": {
        "timestamp": "2026-04-20T10:10:23Z"
      }
    },
    {
      "type": "Feature",
      "geometry": {
        "type": "Point",
        "coordinates": [
          139.7022789,
          35.6585318
        ]
      },
      "properties": {
        "timestamp": "2026-04-20T10:10:24Z"
      }
    },
    {
      "type": "Feature",
      "geometry": {
        "type": "Point",
        "coordinates": [
          139.7022758,
          35.6585238
        ]
      },
      "properties": {
        "timestamp": "2026-04-20T10:10:25Z"
      }
    },
    {
      "type": "Feature",
      "geometry": {
        "type": "Point",
        "coordinates": [
          139.70227,
          35.6585195
        ]
      },
      "properties": {
        "timestamp": "2026-04-20T10:10:26Z"
      }
    },
    {
      "type": "Feature",
      "geometry": {
        "type": "Point",
        "coordinates": [
          139.7022617,
          35.6585107
        ]
      },
      "properties": {
        "timestamp": "2026-04-20T10:10:27Z"
      }
    },
    {
      "type": "Feature",
      "geometry": {
        "type": "Point",
        "coordinates": [
          139.7022562,
          35.6585107
        ]
      },
      "properties": {
        "timestamp": "2026-04-20T10:10:28Z"
      }
    },
    {
      "type": "Feature",
      "geometry": {
        "type": "Point",
        "coordinates": [
          139.7022575,
          35.6585025
        ]
      },
      "properties": {
        "timestamp": "2026-04-20T10:10:29Z"
      }
    },
    {
      "type": "Feature",
      "geometry": {
        "type": "Point",
        "coordinates": [
          139.7022583,
          35.6585052
        ]
      },
      "properties": {
        "timestamp": "2026-04-20T10:10:30Z"
      }
    },
    {
      "type": "Feature",
      "geometry": {
        "type": "Point",
        "coordinates": [
          139.7022593,
          35.6585054
        ]
      },
      "properties": {
        "timestamp": "2026-04-20T10:10:31Z"
      }
    },
    {
      "type": "Feature",
      "geometry": {
        "type": "Point",
        "coordinates": [
          139.7022509,
          35.658516
        ]
      },
      "properties": {
        "timestamp": "2026-04-20T10:10:32Z"
      }
    },
    {
      "type": "Feature",
      "geometry": {
        "type": "Point",
        "coordinates": [
          139.7022443,
          35.6585178
        ]
      },
      "properties": {
        "timestamp": "2026-04-20T10:10:33Z"
      }
    },
    {
      "type": "Feature",
      "geometry": {
        "type": "Point",
        "coordinates": [
          139.7022458,
          35.6585237
        ]
      },
      "properties": {
        "timestamp": "2026-04-20T10:10:34Z"
      }
    },
    {
      "type": "Feature",
      "geometry": {
        "type": "Point",
        "coordinates": [
          139.7022406,
          35.6585267
        ]
      },
      "properties": {
        "timestamp": "2026-04-20T10:10:35Z"
      }
    },
    {
      "type": "Feature",
      "geometry": {
        "type": "Point",
        "coordinates": [
          139.7022422,
          35.6585219
        ]
      },
      "properties": {
        "timestamp": "2026-04-20T10:10:36Z"
      }
    },
    {
      "type": "Feature",
      "geometry": {
        "type": "Point",
        "coordinates": [
          139.70223,
          35.6585434
        ]
      },
      "properties": {
        "timestamp": "2026-04-20T10:10:37Z"
      }
    },
    {
      "type": "Feature",
      "geometry": {
        "type": "Point",
        "coordinates": [
          139.7022288,
          35.6585529
        ]
      },
      "properties": {
        "timestamp": "2026-04-20T10:10:38Z"
      }
    },
    {
      "type": "Feature",
      "geometry": {
        "type": "Point",
        "coordinates": [
          139.7022245,
          35.6585684
        ]
      },
      "properties": {
        "timestamp": "2026-04-20T10:10:39Z"
      }
    },
    {
      "type": "Feature",
      "geometry": {
        "type": "Point",
        "coordinates": [
          139.7022274,
          35.658582
        ]
      },
      "properties": {
        "timestamp": "2026-04-20T10:10:40Z"
      }
    },
    {
      "type": "Feature",
      "geometry": {
        "type": "Point",
        "coordinates": [
          139.7022295,
          35.6585782
        ]
      },
      "properties": {
        "timestamp": "2026-04-20T10:10:41Z"
      }
    },
    {
      "type": "Feature",
      "geometry": {
        "type": "Point",
        "coordinates": [
          139.7022364,
          35.6585838
        ]
      },
      "properties": {
        "timestamp": "2026-04-20T10:10:42Z"
      }
    },
    {
      "type": "Feature",
      "geometry": {
        "type": "Point",
        "coordinates": [
          139.7022343,
          35.6585953
        ]
      },
      "properties": {
        "timestamp": "2026-04-20T10:10:43Z"
      }
    },
    {
      "type": "Feature",
      "geometry": {
        "type": "Point",
        "coordinates": [
          139.7022276,
          35.6586079
        ]
      },
      "properties": {
        "timestamp": "2026-04-20T10:10:44Z"
      }
    },
    {
      "type": "Feature",
      "geometry": {
        "type": "Point",
        "coordinates": [
          139.7022282,
          35.6586154
        ]
      },
      "properties": {
        "timestamp": "2026-04-20T10:10:45Z"
      }
    },
    {
      "type": "Feature",
      "geometry": {
        "type": "Point",
        "coordinates": [
          139.7022197,
          35.6586073
        ]
      },
      "properties": {
        "timestamp": "2026-04-20T10:10:46Z"
      }
    },
    {
      "type": "Feature",
      "geometry": {
        "type": "Point",
        "coordinates": [
          139.7022115,
          35.658606
        ]
      },
      "properties": {
        "timestamp": "2026-04-20T10:10:47Z"
      }
    },
    {
      "type": "Feature",
      "geometry": {
        "type": "Point",
        "coordinates": [
          139.7022168,
          35.6585732
        ]
      },
      "properties": {
        "timestamp": "2026-04-20T10:10:48Z"
      }
    },
    {
      "type": "Feature",
      "geometry": {
        "type": "Point",
        "coordinates": [
          139.7022267,
          35.6585612
        ]
      },
      "properties": {
        "timestamp": "2026-04-20T10:10:49Z"
      }
    },
    {
      "type": "Feature",
      "geometry": {
        "type": "Point",
        "coordinates": [
          139.7022236,
          35.6585593
        ]
      },
      "properties": {
        "timestamp": "2026-04-20T10:10:50Z"
      }
    },
    {
      "type": "Feature",
      "geometry": {
        "type": "Point",
        "coordinates": [
          139.7022235,
          35.6585568
        ]
      },
      "properties": {
        "timestamp": "2026-04-20T10:10:51Z"
      }
    },
    {
      "type": "Feature",
      "geometry": {
        "type": "Point",
        "coordinates": [
          139.7022286,
          35.6585621
        ]
      },
      "properties": {
        "timestamp": "2026-04-20T10:10:52Z"
      }
    },
    {
      "type": "Feature",
      "geometry": {
        "type": "Point",
        "coordinates": [
          139.7022266,
          35.658576
        ]
      },
      "properties": {
        "timestamp": "2026-04-20T10:10:53Z"
      }
    },
    {
      "type": "Feature",
      "geometry": {
        "type": "Point",
        "coordinates": [
          139.7022195,
          35.6585819
        ]
      },
      "properties": {
        "timestamp": "2026-04-20T10:10:54Z"
      }
    },
    {
      "type": "Feature",
      "geometry": {
        "type": "Point",
        "coordinates": [
          139.7022241,
          35.6585717
        ]
      },
      "properties": {
        "timestamp": "2026-04-20T10:10:55Z"
      }
    },
    {
      "type": "Feature",
      "geometry": {
        "type": "Point",
        "coordinates": [
          139.7022121,
          35.6585649
        ]
      },
      "properties": {
        "timestamp": "2026-04-20T10:10:56Z"
      }
    },
    {
      "type": "Feature",
      "geometry": {
        "type": "Point",
        "coordinates": [
          139.7022003,
          35.6585568
        ]
      },
      "properties": {
        "timestamp": "2026-04-20T10:10:57Z"
      }
    },
    {
      "type": "Feature",
      "geometry": {
        "type": "Point",
        "coordinates": [
          139.7022018,
          35.6585537
        ]
      },
      "properties": {
        "timestamp": "2026-04-20T10:10:58Z"
      }
    },
    {
      "type": "Feature",
      "geometry": {
        "type": "Point",
        "coordinates": [
          139.7022018,
          35.6585537
        ]
      },
      "properties": {
        "timestamp": "2026-04-20T10:10:59Z"
      }
    },
    {
      "type": "Feature",
      "geometry": {
        "type": "Point",
        "coordinates": [
          139.7022018,
          35.6585537
        ]
      },
      "properties": {
        "timestamp": "2026-04-20T10:11:00Z"
      }
    },
    {
      "type": "Feature",
      "geometry": {
        "type": "Point",
        "coordinates": [
          139.7022018,
          35.6585537
        ]
      },
      "properties": {
        "timestamp": "2026-04-20T10:11:01Z"
      }
    },
    {
      "type": "Feature",
      "geometry": {
        "type": "Point",
        "coordinates": [
          139.7022018,
          35.6585537
        ]
      },
      "properties": {
        "timestamp": "2026-04-20T10:11:02Z"
      }
    },
    {
      "type": "Feature",
      "geometry": {
        "type": "Point",
        "coordinates": [
          139.7022018,
          35.6585537
        ]
      },
      "properties": {
        "timestamp": "2026-04-20T10:11:03Z"
      }
    },
    {
      "type": "Feature",
      "geometry": {
        "type": "Point",
        "coordinates": [
          139.7022018,
          35.6585537
        ]
      },
      "properties": {
        "timestamp": "2026-04-20T10:11:04Z"
      }
    },
    {
      "type": "Feature",
      "geometry": {
        "type": "Point",
        "coordinates": [
          139.7022018,
          35.6585537
        ]
      },
      "properties": {
        "timestamp": "2026-04-20T10:11:05Z"
      }
    },
    {
      "type": "Feature",
      "geometry": {
        "type": "Point",
        "coordinates": [
          139.7022018,
          35.6585537
        ]
      },
      "properties": {
        "timestamp": "2026-04-20T10:11:06Z"
      }
    },
    {
      "type": "Feature",
      "geometry": {
        "type": "Point",
        "coordinates": [
          139.7022018,
          35.6585537
        ]
      },
      "properties": {
        "timestamp": "2026-04-20T10:11:07Z"
      }
    },
    {
      "type": "Feature",
      "geometry": {
        "type": "Point",
        "coordinates": [
          139.7022018,
          35.6585537
        ]
      },
      "properties": {
        "timestamp": "2026-04-20T10:11:08Z"
      }
    },
    {
      "type": "Feature",
      "geometry": {
        "type": "Point",
        "coordinates": [
          139.7022018,
          35.6585537
        ]
      },
      "properties": {
        "timestamp": "2026-04-20T10:11:09Z"
      }
    },
    {
      "type": "Feature",
      "geometry": {
        "type": "Point",
        "coordinates": [
          139.7022018,
          35.6585537
        ]
      },
      "properties": {
        "timestamp": "2026-04-20T10:11:10Z"
      }
    },
    {
      "type": "Feature",
      "geometry": {
        "type": "Point",
        "coordinates": [
          139.7022013,
          35.6585448
        ]
      },
      "properties": {
        "timestamp": "2026-04-20T10:11:11Z"
      }
    },
    {
      "type": "Feature",
      "geometry": {
        "type": "Point",
        "coordinates": [
          139.7021972,
          35.6585338
        ]
      },
      "properties": {
        "timestamp": "2026-04-20T10:11:12Z"
      }
    },
    {
      "type": "Feature",
      "geometry": {
        "type": "Point",
        "coordinates": [
          139.7021982,
          35.6585316
        ]
      },
      "properties": {
        "timestamp": "2026-04-20T10:11:13Z"
      }
    },
    {
      "type": "Feature",
      "geometry": {
        "type": "Point",
        "coordinates": [
          139.7021961,
          35.6585282
        ]
      },
      "properties": {
        "timestamp": "2026-04-20T10:11:14Z"
      }
    },
    {
      "type": "Feature",
      "geometry": {
        "type": "Point",
        "coordinates": [
          139.7021965,
          35.6585299
        ]
      },
      "properties": {
        "timestamp": "2026-04-20T10:11:15Z"
      }
    },
    {
      "type": "Feature",
      "geometry": {
        "type": "Point",
        "coordinates": [
          139.7021963,
          35.6585364
        ]
      },
      "properties": {
        "timestamp": "2026-04-20T10:11:16Z"
      }
    },
    {
      "type": "Feature",
      "geometry": {
        "type": "Point",
        "coordinates": [
          139.7021979,
          35.6585443
        ]
      },
      "properties": {
        "timestamp": "2026-04-20T10:11:17Z"
      }
    },
    {
      "type": "Feature",
      "geometry": {
        "type": "Point",
        "coordinates": [
          139.7021999,
          35.6585484
        ]
      },
      "properties": {
        "timestamp": "2026-04-20T10:11:18Z"
      }
    },
    {
      "type": "Feature",
      "geometry": {
        "type": "Point",
        "coordinates": [
          139.7022056,
          35.658541
        ]
      },
      "properties": {
        "timestamp": "2026-04-20T10:11:19Z"
      }
    },
    {
      "type": "Feature",
      "geometry": {
        "type": "Point",
        "coordinates": [
          139.702211,
          35.6585351
        ]
      },
      "properties": {
        "timestamp": "2026-04-20T10:11:20Z"
      }
    },
    {
      "type": "Feature",
      "geometry": {
        "type": "Point",
        "coordinates": [
          139.7022155,
          35.6585261
        ]
      },
      "properties": {
        "timestamp": "2026-04-20T10:11:21Z"
      }
    },
    {
      "type": "Feature",
      "geometry": {
        "type": "Point",
        "coordinates": [
          139.7022088,
          35.65853
        ]
      },
      "properties": {
        "timestamp": "2026-04-20T10:11:22Z"
      }
    },
    {
      "type": "Feature",
      "geometry": {
        "type": "Point",
        "coordinates": [
          139.7022105,
          35.658533
        ]
      },
      "properties": {
        "timestamp": "2026-04-20T10:11:23Z"
      }
    },
    {
      "type": "Feature",
      "geometry": {
        "type": "Point",
        "coordinates": [
          139.7022064,
          35.6585459
        ]
      },
      "properties": {
        "timestamp": "2026-04-20T10:11:24Z"
      }
    },
    {
      "type": "Feature",
      "geometry": {
        "type": "Point",
        "coordinates": [
          139.7022089,
          35.6585521
        ]
      },
      "properties": {
        "timestamp": "2026-04-20T10:11:25Z"
      }
    },
    {
      "type": "Feature",
      "geometry": {
        "type": "Point",
        "coordinates": [
          139.7022059,
          35.6585604
        ]
      },
      "properties": {
        "timestamp": "2026-04-20T10:11:26Z"
      }
    },
    {
      "type": "Feature",
      "geometry": {
        "type": "Point",
        "coordinates": [
          139.70221,
          35.6585544
        ]
      },
      "properties": {
        "timestamp": "2026-04-20T10:11:27Z"
      }
    },
    {
      "type": "Feature",
      "geometry": {
        "type": "Point",
        "coordinates": [
          139.7022119,
          35.6585503
        ]
      },
      "properties": {
        "timestamp": "2026-04-20T10:11:28Z"
      }
    },
    {
      "type": "Feature",
      "geometry": {
        "type": "Point",
        "coordinates": [
          139.702217,
          35.6585502
        ]
      },
      "properties": {
        "timestamp": "2026-04-20T10:11:29Z"
      }
    },
    {
      "type": "Feature",
      "geometry": {
        "type": "Point",
        "coordinates": [
          139.7022181,
          35.6585481
        ]
      },
      "properties": {
        "timestamp": "2026-04-20T10:11:30Z"
      }
    },
    {
      "type": "Feature",
      "geometry": {
        "type": "Point",
        "coordinates": [
          139.7022181,
          35.6585481
        ]
      },
      "properties": {
        "timestamp": "2026-04-20T10:11:31Z"
      }
    },
    {
      "type": "Feature",
      "geometry": {
        "type": "Point",
        "coordinates": [
          139.7022181,
          35.6585481
        ]
      },
      "properties": {
        "timestamp": "2026-04-20T10:11:32Z"
      }
    },
    {
      "type": "Feature",
      "geometry": {
        "type": "Point",
        "coordinates": [
          139.7022181,
          35.6585481
        ]
      },
      "properties": {
        "timestamp": "2026-04-20T10:11:33Z"
      }
    },
    {
      "type": "Feature",
      "geometry": {
        "type": "Point",
        "coordinates": [
          139.7022181,
          35.6585481
        ]
      },
      "properties": {
        "timestamp": "2026-04-20T10:11:34Z"
      }
    },
    {
      "type": "Feature",
      "geometry": {
        "type": "Point",
        "coordinates": [
          139.7022181,
          35.6585481
        ]
      },
      "properties": {
        "timestamp": "2026-04-20T10:11:35Z"
      }
    },
    {
      "type": "Feature",
      "geometry": {
        "type": "Point",
        "coordinates": [
          139.7022181,
          35.6585481
        ]
      },
      "properties": {
        "timestamp": "2026-04-20T10:11:36Z"
      }
    },
    {
      "type": "Feature",
      "geometry": {
        "type": "Point",
        "coordinates": [
          139.7022181,
          35.6585481
        ]
      },
      "properties": {
        "timestamp": "2026-04-20T10:11:37Z"
      }
    },
    {
      "type": "Feature",
      "geometry": {
        "type": "Point",
        "coordinates": [
          139.7022181,
          35.6585481
        ]
      },
      "properties": {
        "timestamp": "2026-04-20T10:11:38Z"
      }
    },
    {
      "type": "Feature",
      "geometry": {
        "type": "Point",
        "coordinates": [
          139.7022181,
          35.6585481
        ]
      },
      "properties": {
        "timestamp": "2026-04-20T10:11:39Z"
      }
    },
    {
      "type": "Feature",
      "geometry": {
        "type": "Point",
        "coordinates": [
          139.7022181,
          35.6585481
        ]
      },
      "properties": {
        "timestamp": "2026-04-20T10:11:40Z"
      }
    },
    {
      "type": "Feature",
      "geometry": {
        "type": "Point",
        "coordinates": [
          139.7022181,
          35.6585481
        ]
      },
      "properties": {
        "timestamp": "2026-04-20T10:11:41Z"
      }
    },
    {
      "type": "Feature",
      "geometry": {
        "type": "Point",
        "coordinates": [
          139.7022214,
          35.6585443
        ]
      },
      "properties": {
        "timestamp": "2026-04-20T10:11:42Z"
      }
    },
    {
      "type": "Feature",
      "geometry": {
        "type": "Point",
        "coordinates": [
          139.7022194,
          35.6585448
        ]
      },
      "properties": {
        "timestamp": "2026-04-20T10:11:43Z"
      }
    },
    {
      "type": "Feature",
      "geometry": {
        "type": "Point",
        "coordinates": [
          139.7022233,
          35.6585486
        ]
      },
      "properties": {
        "timestamp": "2026-04-20T10:11:44Z"
      }
    },
    {
      "type": "Feature",
      "geometry": {
        "type": "Point",
        "coordinates": [
          139.7022257,
          35.6585573
        ]
      },
      "properties": {
        "timestamp": "2026-04-20T10:11:45Z"
      }
    },
    {
      "type": "Feature",
      "geometry": {
        "type": "Point",
        "coordinates": [
          139.7022286,
          35.658568
        ]
      },
      "properties": {
        "timestamp": "2026-04-20T10:11:46Z"
      }
    },
    {
      "type": "Feature",
      "geometry": {
        "type": "Point",
        "coordinates": [
          139.7022289,
          35.6585671
        ]
      },
      "properties": {
        "timestamp": "2026-04-20T10:11:47Z"
      }
    },
    {
      "type": "Feature",
      "geometry": {
        "type": "Point",
        "coordinates": [
          139.7022252,
          35.658565
        ]
      },
      "properties": {
        "timestamp": "2026-04-20T10:11:48Z"
      }
    },
    {
      "type": "Feature",
      "geometry": {
        "type": "Point",
        "coordinates": [
          139.702224,
          35.6585707
        ]
      },
      "properties": {
        "timestamp": "2026-04-20T10:11:49Z"
      }
    },
    {
      "type": "Feature",
      "geometry": {
        "type": "Point",
        "coordinates": [
          139.7022235,
          35.6585754
        ]
      },
      "properties": {
        "timestamp": "2026-04-20T10:11:50Z"
      }
    },
    {
      "type": "Feature",
      "geometry": {
        "type": "Point",
        "coordinates": [
          139.7022241,
          35.6585675
        ]
      },
      "properties": {
        "timestamp": "2026-04-20T10:11:51Z"
      }
    },
    {
      "type": "Feature",
      "geometry": {
        "type": "Point",
        "coordinates": [
          139.702222,
          35.6585622
        ]
      },
      "properties": {
        "timestamp": "2026-04-20T10:11:52Z"
      }
    },
    {
      "type": "Feature",
      "geometry": {
        "type": "Point",
        "coordinates": [
          139.702222,
          35.6585568
        ]
      },
      "properties": {
        "timestamp": "2026-04-20T10:11:53Z"
      }
    },
    {
      "type": "Feature",
      "geometry": {
        "type": "Point",
        "coordinates": [
          139.7022183,
          35.6585591
        ]
      },
      "properties": {
        "timestamp": "2026-04-20T10:11:54Z"
      }
    },
    {
      "type": "Feature",
      "geometry": {
        "type": "Point",
        "coordinates": [
          139.7022215,
          35.6585615
        ]
      },
      "properties": {
        "timestamp": "2026-04-20T10:11:55Z"
      }
    },
    {
      "type": "Feature",
      "geometry": {
        "type": "Point",
        "coordinates": [
          139.7022226,
          35.6585592
        ]
      },
      "properties": {
        "timestamp": "2026-04-20T10:11:56Z"
      }
    },
    {
      "type": "Feature",
      "geometry": {
        "type": "Point",
        "coordinates": [
          139.7022226,
          35.6585592
        ]
      },
      "properties": {
        "timestamp": "2026-04-20T10:11:57Z"
      }
    },
    {
      "type": "Feature",
      "geometry": {
        "type": "Point",
        "coordinates": [
          139.7022226,
          35.6585592
        ]
      },
      "properties": {
        "timestamp": "2026-04-20T10:11:58Z"
      }
    },
    {
      "type": "Feature",
      "geometry": {
        "type": "Point",
        "coordinates": [
          139.7022226,
          35.6585592
        ]
      },
      "properties": {
        "timestamp": "2026-04-20T10:11:59Z"
      }
    },
    {
      "type": "Feature",
      "geometry": {
        "type": "Point",
        "coordinates": [
          139.7022226,
          35.6585592
        ]
      },
      "properties": {
        "timestamp": "2026-04-20T10:12:00Z"
      }
    },
    {
      "type": "Feature",
      "geometry": {
        "type": "Point",
        "coordinates": [
          139.7022226,
          35.6585592
        ]
      },
      "properties": {
        "timestamp": "2026-04-20T10:12:01Z"
      }
    },
    {
      "type": "Feature",
      "geometry": {
        "type": "Point",
        "coordinates": [
          139.7022226,
          35.6585592
        ]
      },
      "properties": {
        "timestamp": "2026-04-20T10:12:02Z"
      }
    },
    {
      "type": "Feature",
      "geometry": {
        "type": "Point",
        "coordinates": [
          139.7022226,
          35.6585592
        ]
      },
      "properties": {
        "timestamp": "2026-04-20T10:12:03Z"
      }
    },
    {
      "type": "Feature",
      "geometry": {
        "type": "Point",
        "coordinates": [
          139.7022226,
          35.6585592
        ]
      },
      "properties": {
        "timestamp": "2026-04-20T10:12:04Z"
      }
    },
    {
      "type": "Feature",
      "geometry": {
        "type": "Point",
        "coordinates": [
          139.7022226,
          35.6585592
        ]
      },
      "properties": {
        "timestamp": "2026-04-20T10:12:05Z"
      }
    },
    {
      "type": "Feature",
      "geometry": {
        "type": "Point",
        "coordinates": [
          139.7022226,
          35.6585592
        ]
      },
      "properties": {
        "timestamp": "2026-04-20T10:12:06Z"
      }
    },
    {
      "type": "Feature",
      "geometry": {
        "type": "Point",
        "coordinates": [
          139.7022226,
          35.6585592
        ]
      },
      "properties": {
        "timestamp": "2026-04-20T10:12:07Z"
      }
    },
    {
      "type": "Feature",
      "geometry": {
        "type": "Point",
        "coordinates": [
          139.7022226,
          35.6585592
        ]
      },
      "properties": {
        "timestamp": "2026-04-20T10:12:08Z"
      }
    },
    {
      "type": "Feature",
      "geometry": {
        "type": "Point",
        "coordinates": [
          139.7022226,
          35.6585592
        ]
      },
      "properties": {
        "timestamp": "2026-04-20T10:12:09Z"
      }
    },
    {
      "type": "Feature",
      "geometry": {
        "type": "Point",
        "coordinates": [
          139.7022226,
          35.6585592
        ]
      },
      "properties": {
        "timestamp": "2026-04-20T10:12:10Z"
      }
    },
    {
      "type": "Feature",
      "geometry": {
        "type": "Point",
        "coordinates": [
          139.7022226,
          35.6585592
        ]
      },
      "properties": {
        "timestamp": "2026-04-20T10:12:11Z"
      }
    },
    {
      "type": "Feature",
      "geometry": {
        "type": "Point",
        "coordinates": [
          139.7022226,
          35.6585592
        ]
      },
      "properties": {
        "timestamp": "2026-04-20T10:12:12Z"
      }
    },
    {
      "type": "Feature",
      "geometry": {
        "type": "Point",
        "coordinates": [
          139.7022226,
          35.6585592
        ]
      },
      "properties": {
        "timestamp": "2026-04-20T10:12:13Z"
      }
    },
    {
      "type": "Feature",
      "geometry": {
        "type": "Point",
        "coordinates": [
          139.7022182,
          35.6585598
        ]
      },
      "properties": {
        "timestamp": "2026-04-20T10:12:14Z"
      }
    },
    {
      "type": "Feature",
      "geometry": {
        "type": "Point",
        "coordinates": [
          139.7022184,
          35.658553
        ]
      },
      "properties": {
        "timestamp": "2026-04-20T10:12:15Z"
      }
    },
    {
      "type": "Feature",
      "geometry": {
        "type": "Point",
        "coordinates": [
          139.7022149,
          35.6585531
        ]
      },
      "properties": {
        "timestamp": "2026-04-20T10:12:16Z"
      }
    },
    {
      "type": "Feature",
      "geometry": {
        "type": "Point",
        "coordinates": [
          139.7022126,
          35.6585527
        ]
      },
      "properties": {
        "timestamp": "2026-04-20T10:12:17Z"
      }
    },
    {
      "type": "Feature",
      "geometry": {
        "type": "Point",
        "coordinates": [
          139.7022145,
          35.658551
        ]
      },
      "properties": {
        "timestamp": "2026-04-20T10:12:18Z"
      }
    },
    {
      "type": "Feature",
      "geometry": {
        "type": "Point",
        "coordinates": [
          139.7022113,
          35.6585592
        ]
      },
      "properties": {
        "timestamp": "2026-04-20T10:12:19Z"
      }
    },
    {
      "type": "Feature",
      "geometry": {
        "type": "Point",
        "coordinates": [
          139.7022121,
          35.6585697
        ]
      },
      "properties": {
        "timestamp": "2026-04-20T10:12:20Z"
      }
    },
    {
      "type": "Feature",
      "geometry": {
        "type": "Point",
        "coordinates": [
          139.7022132,
          35.6585694
        ]
      },
      "properties": {
        "timestamp": "2026-04-20T10:12:21Z"
      }
    },
    {
      "type": "Feature",
      "geometry": {
        "type": "Point",
        "coordinates": [
          139.7022111,
          35.6585614
        ]
      },
      "properties": {
        "timestamp": "2026-04-20T10:12:22Z"
      }
    },
    {
      "type": "Feature",
      "geometry": {
        "type": "Point",
        "coordinates": [
          139.7022076,
          35.6585526
        ]
      },
      "properties": {
        "timestamp": "2026-04-20T10:12:23Z"
      }
    },
    {
      "type": "Feature",
      "geometry": {
        "type": "Point",
        "coordinates": [
          139.7022026,
          35.6585461
        ]
      },
      "properties": {
        "timestamp": "2026-04-20T10:12:24Z"
      }
    },
    {
      "type": "Feature",
      "geometry": {
        "type": "Point",
        "coordinates": [
          139.7021964,
          35.6585404
        ]
      },
      "properties": {
        "timestamp": "2026-04-20T10:12:25Z"
      }
    },
    {
      "type": "Feature",
      "geometry": {
        "type": "Point",
        "coordinates": [
          139.7021964,
          35.6585331
        ]
      },
      "properties": {
        "timestamp": "2026-04-20T10:12:26Z"
      }
    },
    {
      "type": "Feature",
      "geometry": {
        "type": "Point",
        "coordinates": [
          139.702196,
          35.6585273
        ]
      },
      "properties": {
        "timestamp": "2026-04-20T10:12:27Z"
      }
    },
    {
      "type": "Feature",
      "geometry": {
        "type": "Point",
        "coordinates": [
          139.7021921,
          35.6585252
        ]
      },
      "properties": {
        "timestamp": "2026-04-20T10:12:28Z"
      }
    },
    {
      "type": "Feature",
      "geometry": {
        "type": "Point",
        "coordinates": [
          139.7021924,
          35.6585214
        ]
      },
      "properties": {
        "timestamp": "2026-04-20T10:12:29Z"
      }
    },
    {
      "type": "Feature",
      "geometry": {
        "type": "Point",
        "coordinates": [
          139.7021995,
          35.6585213
        ]
      },
      "properties": {
        "timestamp": "2026-04-20T10:12:30Z"
      }
    },
    {
      "type": "Feature",
      "geometry": {
        "type": "Point",
        "coordinates": [
          139.7021955,
          35.6585291
        ]
      },
      "properties": {
        "timestamp": "2026-04-20T10:12:31Z"
      }
    },
    {
      "type": "Feature",
      "geometry": {
        "type": "Point",
        "coordinates": [
          139.7021902,
          35.6585371
        ]
      },
      "properties": {
        "timestamp": "2026-04-20T10:12:32Z"
      }
    },
    {
      "type": "Feature",
      "geometry": {
        "type": "Point",
        "coordinates": [
          139.7021906,
          35.6585347
        ]
      },
      "properties": {
        "timestamp": "2026-04-20T10:12:33Z"
      }
    },
    {
      "type": "Feature",
      "geometry": {
        "type": "Point",
        "coordinates": [
          139.7021976,
          35.6585334
        ]
      },
      "properties": {
        "timestamp": "2026-04-20T10:12:34Z"
      }
    },
    {
      "type": "Feature",
      "geometry": {
        "type": "Point",
        "coordinates": [
          139.7022006,
          35.658533
        ]
      },
      "properties": {
        "timestamp": "2026-04-20T10:12:35Z"
      }
    },
    {
      "type": "Feature",
      "geometry": {
        "type": "Point",
        "coordinates": [
          139.7021982,
          35.6585415
        ]
      },
      "properties": {
        "timestamp": "2026-04-20T10:12:36Z"
      }
    },
    {
      "type": "Feature",
      "geometry": {
        "type": "Point",
        "coordinates": [
          139.7021992,
          35.6585508
        ]
      },
      "properties": {
        "timestamp": "2026-04-20T10:12:37Z"
      }
    },
    {
      "type": "Feature",
      "geometry": {
        "type": "Point",
        "coordinates": [
          139.7022025,
          35.6585554
        ]
      },
      "properties": {
        "timestamp": "2026-04-20T10:12:38Z"
      }
    },
    {
      "type": "Feature",
      "geometry": {
        "type": "Point",
        "coordinates": [
          139.7022023,
          35.6585555
        ]
      },
      "properties": {
        "timestamp": "2026-04-20T10:12:39Z"
      }
    },
    {
      "type": "Feature",
      "geometry": {
        "type": "Point",
        "coordinates": [
          139.7022046,
          35.6585609
        ]
      },
      "properties": {
        "timestamp": "2026-04-20T10:12:40Z"
      }
    },
    {
      "type": "Feature",
      "geometry": {
        "type": "Point",
        "coordinates": [
          139.7022095,
          35.6585641
        ]
      },
      "properties": {
        "timestamp": "2026-04-20T10:12:41Z"
      }
    },
    {
      "type": "Feature",
      "geometry": {
        "type": "Point",
        "coordinates": [
          139.7022142,
          35.658555
        ]
      },
      "properties": {
        "timestamp": "2026-04-20T10:12:42Z"
      }
    },
    {
      "type": "Feature",
      "geometry": {
        "type": "Point",
        "coordinates": [
          139.7022116,
          35.6585554
        ]
      },
      "properties": {
        "timestamp": "2026-04-20T10:12:43Z"
      }
    },
    {
      "type": "Feature",
      "geometry": {
        "type": "Point",
        "coordinates": [
          139.7022165,
          35.658566
        ]
      },
      "properties": {
        "timestamp": "2026-04-20T10:12:44Z"
      }
    },
    {
      "type": "Feature",
      "geometry": {
        "type": "Point",
        "coordinates": [
          139.7022214,
          35.6585654
        ]
      },
      "properties": {
        "timestamp": "2026-04-20T10:12:45Z"
      }
    },
    {
      "type": "Feature",
      "geometry": {
        "type": "Point",
        "coordinates": [
          139.702222,
          35.6585642
        ]
      },
      "properties": {
        "timestamp": "2026-04-20T10:12:46Z"
      }
    },
    {
      "type": "Feature",
      "geometry": {
        "type": "Point",
        "coordinates": [
          139.7022309,
          35.6585532
        ]
      },
      "properties": {
        "timestamp": "2026-04-20T10:12:47Z"
      }
    },
    {
      "type": "Feature",
      "geometry": {
        "type": "Point",
        "coordinates": [
          139.7022353,
          35.6585612
        ]
      },
      "properties": {
        "timestamp": "2026-04-20T10:12:48Z"
      }
    },
    {
      "type": "Feature",
      "geometry": {
        "type": "Point",
        "coordinates": [
          139.7022382,
          35.6585665
        ]
      },
      "properties": {
        "timestamp": "2026-04-20T10:12:49Z"
      }
    },
    {
      "type": "Feature",
      "geometry": {
        "type": "Point",
        "coordinates": [
          139.7022375,
          35.6585728
        ]
      },
      "properties": {
        "timestamp": "2026-04-20T10:12:50Z"
      }
    },
    {
      "type": "Feature",
      "geometry": {
        "type": "Point",
        "coordinates": [
          139.702237,
          35.658572
        ]
      },
      "properties": {
        "timestamp": "2026-04-20T10:12:51Z"
      }
    },
    {
      "type": "Feature",
      "geometry": {
        "type": "Point",
        "coordinates": [
          139.702237,
          35.658572
        ]
      },
      "properties": {
        "timestamp": "2026-04-20T10:12:52Z"
      }
    },
    {
      "type": "Feature",
      "geometry": {
        "type": "Point",
        "coordinates": [
          139.702232,
          35.6585797
        ]
      },
      "properties": {
        "timestamp": "2026-04-20T10:12:53Z"
      }
    },
    {
      "type": "Feature",
      "geometry": {
        "type": "Point",
        "coordinates": [
          139.7022287,
          35.6585837
        ]
      },
      "properties": {
        "timestamp": "2026-04-20T10:12:54Z"
      }
    },
    {
      "type": "Feature",
      "geometry": {
        "type": "Point",
        "coordinates": [
          139.7022309,
          35.6585862
        ]
      },
      "properties": {
        "timestamp": "2026-04-20T10:12:55Z"
      }
    },
    {
      "type": "Feature",
      "geometry": {
        "type": "Point",
        "coordinates": [
          139.7022334,
          35.6585803
        ]
      },
      "properties": {
        "timestamp": "2026-04-20T10:12:56Z"
      }
    },
    {
      "type": "Feature",
      "geometry": {
        "type": "Point",
        "coordinates": [
          139.7022363,
          35.6585756
        ]
      },
      "properties": {
        "timestamp": "2026-04-20T10:12:57Z"
      }
    },
    {
      "type": "Feature",
      "geometry": {
        "type": "Point",
        "coordinates": [
          139.7022358,
          35.6585651
        ]
      },
      "properties": {
        "timestamp": "2026-04-20T10:12:58Z"
      }
    },
    {
      "type": "Feature",
      "geometry": {
        "type": "Point",
        "coordinates": [
          139.7022322,
          35.6585651
        ]
      },
      "properties": {
        "timestamp": "2026-04-20T10:12:59Z"
      }
    },
    {
      "type": "Feature",
      "geometry": {
        "type": "Point",
        "coordinates": [
          139.7022307,
          35.6585592
        ]
      },
      "properties": {
        "timestamp": "2026-04-20T10:13:00Z"
      }
    },
    {
      "type": "Feature",
      "geometry": {
        "type": "Point",
        "coordinates": [
          139.7022345,
          35.6585559
        ]
      },
      "properties": {
        "timestamp": "2026-04-20T10:13:01Z"
      }
    },
    {
      "type": "Feature",
      "geometry": {
        "type": "Point",
        "coordinates": [
          139.7022428,
          35.658555
        ]
      },
      "properties": {
        "timestamp": "2026-04-20T10:13:02Z"
      }
    },
    {
      "type": "Feature",
      "geometry": {
        "type": "Point",
        "coordinates": [
          139.7022432,
          35.6585511
        ]
      },
      "properties": {
        "timestamp": "2026-04-20T10:13:03Z"
      }
    },
    {
      "type": "Feature",
      "geometry": {
        "type": "Point",
        "coordinates": [
          139.7022416,
          35.6585454
        ]
      },
      "properties": {
        "timestamp": "2026-04-20T10:13:04Z"
      }
    },
    {
      "type": "Feature",
      "geometry": {
        "type": "Point",
        "coordinates": [
          139.7022469,
          35.6585398
        ]
      },
      "properties": {
        "timestamp": "2026-04-20T10:13:05Z"
      }
    },
    {
      "type": "Feature",
      "geometry": {
        "type": "Point",
        "coordinates": [
          139.7022509,
          35.6585353
        ]
      },
      "properties": {
        "timestamp": "2026-04-20T10:13:06Z"
      }
    },
    {
      "type": "Feature",
      "geometry": {
        "type": "Point",
        "coordinates": [
          139.702252,
          35.6585342
        ]
      },
      "properties": {
        "timestamp": "2026-04-20T10:13:07Z"
      }
    },
    {
      "type": "Feature",
      "geometry": {
        "type": "Point",
        "coordinates": [
          139.7022518,
          35.6585362
        ]
      },
      "properties": {
        "timestamp": "2026-04-20T10:13:08Z"
      }
    },
    {
      "type": "Feature",
      "geometry": {
        "type": "Point",
        "coordinates": [
          139.7022415,
          35.6585379
        ]
      },
      "properties": {
        "timestamp": "2026-04-20T10:13:09Z"
      }
    },
    {
      "type": "Feature",
      "geometry": {
        "type": "Point",
        "coordinates": [
          139.7022401,
          35.6585414
        ]
      },
      "properties": {
        "timestamp": "2026-04-20T10:13:10Z"
      }
    },
    {
      "type": "Feature",
      "geometry": {
        "type": "Point",
        "coordinates": [
          139.7022449,
          35.6585334
        ]
      },
      "properties": {
        "timestamp": "2026-04-20T10:13:11Z"
      }
    },
    {
      "type": "Feature",
      "geometry": {
        "type": "Point",
        "coordinates": [
          139.7022433,
          35.6585371
        ]
      },
      "properties": {
        "timestamp": "2026-04-20T10:13:12Z"
      }
    },
    {
      "type": "Feature",
      "geometry": {
        "type": "Point",
        "coordinates": [
          139.7022443,
          35.6585423
        ]
      },
      "properties": {
        "timestamp": "2026-04-20T10:13:13Z"
      }
    },
    {
      "type": "Feature",
      "geometry": {
        "type": "Point",
        "coordinates": [
          139.702249,
          35.6585444
        ]
      },
      "properties": {
        "timestamp": "2026-04-20T10:13:14Z"
      }
    },
    {
      "type": "Feature",
      "geometry": {
        "type": "Point",
        "coordinates": [
          139.7022538,
          35.658546
        ]
      },
      "properties": {
        "timestamp": "2026-04-20T10:13:15Z"
      }
    },
    {
      "type": "Feature",
      "geometry": {
        "type": "Point",
        "coordinates": [
          139.7022558,
          35.6585486
        ]
      },
      "properties": {
        "timestamp": "2026-04-20T10:13:16Z"
      }
    },
    {
      "type": "Feature",
      "geometry": {
        "type": "Point",
        "coordinates": [
          139.7022537,
          35.658563
        ]
      },
      "properties": {
        "timestamp": "2026-04-20T10:13:17Z"
      }
    },
    {
      "type": "Feature",
      "geometry": {
        "type": "Point",
        "coordinates": [
          139.7022582,
          35.6585627
        ]
      },
      "properties": {
        "timestamp": "2026-04-20T10:13:18Z"
      }
    },
    {
      "type": "Feature",
      "geometry": {
        "type": "Point",
        "coordinates": [
          139.7022663,
          35.6585523
        ]
      },
      "properties": {
        "timestamp": "2026-04-20T10:13:19Z"
      }
    },
    {
      "type": "Feature",
      "geometry": {
        "type": "Point",
        "coordinates": [
          139.7022669,
          35.6585363
        ]
      },
      "properties": {
        "timestamp": "2026-04-20T10:13:20Z"
      }
    },
    {
      "type": "Feature",
      "geometry": {
        "type": "Point",
        "coordinates": [
          139.7022668,
          35.6585376
        ]
      },
      "properties": {
        "timestamp": "2026-04-20T10:13:21Z"
      }
    },
    {
      "type": "Feature",
      "geometry": {
        "type": "Point",
        "coordinates": [
          139.7022603,
          35.6585417
        ]
      },
      "properties": {
        "timestamp": "2026-04-20T10:13:22Z"
      }
    },
    {
      "type": "Feature",
      "geometry": {
        "type": "Point",
        "coordinates": [
          139.702264,
          35.6585383
        ]
      },
      "properties": {
        "timestamp": "2026-04-20T10:13:23Z"
      }
    },
    {
      "type": "Feature",
      "geometry": {
        "type": "Point",
        "coordinates": [
          139.702261,
          35.6585385
        ]
      },
      "properties": {
        "timestamp": "2026-04-20T10:13:24Z"
      }
    },
    {
      "type": "Feature",
      "geometry": {
        "type": "Point",
        "coordinates": [
          139.7022588,
          35.6585257
        ]
      },
      "properties": {
        "timestamp": "2026-04-20T10:13:25Z"
      }
    },
    {
      "type": "Feature",
      "geometry": {
        "type": "Point",
        "coordinates": [
          139.7022594,
          35.6585321
        ]
      },
      "properties": {
        "timestamp": "2026-04-20T10:13:26Z"
      }
    },
    {
      "type": "Feature",
      "geometry": {
        "type": "Point",
        "coordinates": [
          139.7022539,
          35.6585399
        ]
      },
      "properties": {
        "timestamp": "2026-04-20T10:13:27Z"
      }
    },
    {
      "type": "Feature",
      "geometry": {
        "type": "Point",
        "coordinates": [
          139.7022561,
          35.658535
        ]
      },
      "properties": {
        "timestamp": "2026-04-20T10:13:28Z"
      }
    },
    {
      "type": "Feature",
      "geometry": {
        "type": "Point",
        "coordinates": [
          139.7022512,
          35.6585356
        ]
      },
      "properties": {
        "timestamp": "2026-04-20T10:13:29Z"
      }
    },
    {
      "type": "Feature",
      "geometry": {
        "type": "Point",
        "coordinates": [
          139.7022485,
          35.6585381
        ]
      },
      "properties": {
        "timestamp": "2026-04-20T10:13:30Z"
      }
    },
    {
      "type": "Feature",
      "geometry": {
        "type": "Point",
        "coordinates": [
          139.7022481,
          35.6585411
        ]
      },
      "properties": {
        "timestamp": "2026-04-20T10:13:31Z"
      }
    },
    {
      "type": "Feature",
      "geometry": {
        "type": "Point",
        "coordinates": [
          139.7022561,
          35.6585354
        ]
      },
      "properties": {
        "timestamp": "2026-04-20T10:13:32Z"
      }
    },
    {
      "type": "Feature",
      "geometry": {
        "type": "Point",
        "coordinates": [
          139.702256,
          35.6585342
        ]
      },
      "properties": {
        "timestamp": "2026-04-20T10:13:33Z"
      }
    },
    {
      "type": "Feature",
      "geometry": {
        "type": "Point",
        "coordinates": [
          139.7022581,
          35.6585347
        ]
      },
      "properties": {
        "timestamp": "2026-04-20T10:13:34Z"
      }
    },
    {
      "type": "Feature",
      "geometry": {
        "type": "Point",
        "coordinates": [
          139.7022584,
          35.6585393
        ]
      },
      "properties": {
        "timestamp": "2026-04-20T10:13:35Z"
      }
    },
    {
      "type": "Feature",
      "geometry": {
        "type": "Point",
        "coordinates": [
          139.7022514,
          35.6585448
        ]
      },
      "properties": {
        "timestamp": "2026-04-20T10:13:36Z"
      }
    },
    {
      "type": "Feature",
      "geometry": {
        "type": "Point",
        "coordinates": [
          139.7022541,
          35.6585391
        ]
      },
      "properties": {
        "timestamp": "2026-04-20T10:13:37Z"
      }
    },
    {
      "type": "Feature",
      "geometry": {
        "type": "Point",
        "coordinates": [
          139.7022571,
          35.6585332
        ]
      },
      "properties": {
        "timestamp": "2026-04-20T10:13:38Z"
      }
    },
    {
      "type": "Feature",
      "geometry": {
        "type": "Point",
        "coordinates": [
          139.7022566,
          35.658538
        ]
      },
      "properties": {
        "timestamp": "2026-04-20T10:13:39Z"
      }
    },
    {
      "type": "Feature",
      "geometry": {
        "type": "Point",
        "coordinates": [
          139.7022601,
          35.6585357
        ]
      },
      "properties": {
        "timestamp": "2026-04-20T10:13:40Z"
      }
    },
    {
      "type": "Feature",
      "geometry": {
        "type": "Point",
        "coordinates": [
          139.7022607,
          35.6585346
        ]
      },
      "properties": {
        "timestamp": "2026-04-20T10:13:41Z"
      }
    },
    {
      "type": "Feature",
      "geometry": {
        "type": "Point",
        "coordinates": [
          139.7022609,
          35.6585373
        ]
      },
      "properties": {
        "timestamp": "2026-04-20T10:13:42Z"
      }
    },
    {
      "type": "Feature",
      "geometry": {
        "type": "Point",
        "coordinates": [
          139.7022579,
          35.6585329
        ]
      },
      "properties": {
        "timestamp": "2026-04-20T10:13:43Z"
      }
    },
    {
      "type": "Feature",
      "geometry": {
        "type": "Point",
        "coordinates": [
          139.7022537,
          35.658534
        ]
      },
      "properties": {
        "timestamp": "2026-04-20T10:13:44Z"
      }
    },
    {
      "type": "Feature",
      "geometry": {
        "type": "Point",
        "coordinates": [
          139.7022509,
          35.6585367
        ]
      },
      "properties": {
        "timestamp": "2026-04-20T10:13:45Z"
      }
    },
    {
      "type": "Feature",
      "geometry": {
        "type": "Point",
        "coordinates": [
          139.70225,
          35.6585409
        ]
      },
      "properties": {
        "timestamp": "2026-04-20T10:13:46Z"
      }
    },
    {
      "type": "Feature",
      "geometry": {
        "type": "Point",
        "coordinates": [
          139.7022483,
          35.6585436
        ]
      },
      "properties": {
        "timestamp": "2026-04-20T10:13:47Z"
      }
    },
    {
      "type": "Feature",
      "geometry": {
        "type": "Point",
        "coordinates": [
          139.7022499,
          35.6585397
        ]
      },
      "properties": {
        "timestamp": "2026-04-20T10:13:48Z"
      }
    },
    {
      "type": "Feature",
      "geometry": {
        "type": "Point",
        "coordinates": [
          139.7022518,
          35.6585408
        ]
      },
      "properties": {
        "timestamp": "2026-04-20T10:13:49Z"
      }
    },
    {
      "type": "Feature",
      "geometry": {
        "type": "Point",
        "coordinates": [
          139.7022561,
          35.6585362
        ]
      },
      "properties": {
        "timestamp": "2026-04-20T10:13:50Z"
      }
    },
    {
      "type": "Feature",
      "geometry": {
        "type": "Point",
        "coordinates": [
          139.7022572,
          35.6585346
        ]
      },
      "properties": {
        "timestamp": "2026-04-20T10:13:51Z"
      }
    },
    {
      "type": "Feature",
      "geometry": {
        "type": "Point",
        "coordinates": [
          139.7022637,
          35.6585138
        ]
      },
      "properties": {
        "timestamp": "2026-04-20T10:13:52Z"
      }
    },
    {
      "type": "Feature",
      "geometry": {
        "type": "Point",
        "coordinates": [
          139.7022667,
          35.6585057
        ]
      },
      "properties": {
        "timestamp": "2026-04-20T10:13:53Z"
      }
    },
    {
      "type": "Feature",
      "geometry": {
        "type": "Point",
        "coordinates": [
          139.7022717,
          35.6584962
        ]
      },
      "properties": {
        "timestamp": "2026-04-20T10:13:54Z"
      }
    },
    {
      "type": "Feature",
      "geometry": {
        "type": "Point",
        "coordinates": [
          139.7022633,
          35.6585038
        ]
      },
      "properties": {
        "timestamp": "2026-04-20T10:13:55Z"
      }
    },
    {
      "type": "Feature",
      "geometry": {
        "type": "Point",
        "coordinates": [
          139.7022585,
          35.6585051
        ]
      },
      "properties": {
        "timestamp": "2026-04-20T10:13:56Z"
      }
    },
    {
      "type": "Feature",
      "geometry": {
        "type": "Point",
        "coordinates": [
          139.7022515,
          35.6585069
        ]
      },
      "properties": {
        "timestamp": "2026-04-20T10:13:57Z"
      }
    },
    {
      "type": "Feature",
      "geometry": {
        "type": "Point",
        "coordinates": [
          139.7022481,
          35.6584907
        ]
      },
      "properties": {
        "timestamp": "2026-04-20T10:13:58Z"
      }
    },
    {
      "type": "Feature",
      "geometry": {
        "type": "Point",
        "coordinates": [
          139.702254,
          35.6584811
        ]
      },
      "properties": {
        "timestamp": "2026-04-20T10:13:59Z"
      }
    },
    {
      "type": "Feature",
      "geometry": {
        "type": "Point",
        "coordinates": [
          139.702256,
          35.6584804
        ]
      },
      "properties": {
        "timestamp": "2026-04-20T10:14:00Z"
      }
    },
    {
      "type": "Feature",
      "geometry": {
        "type": "Point",
        "coordinates": [
          139.7022598,
          35.6584791
        ]
      },
      "properties": {
        "timestamp": "2026-04-20T10:14:01Z"
      }
    },
    {
      "type": "Feature",
      "geometry": {
        "type": "Point",
        "coordinates": [
          139.7022582,
          35.6584734
        ]
      },
      "properties": {
        "timestamp": "2026-04-20T10:14:02Z"
      }
    },
    {
      "type": "Feature",
      "geometry": {
        "type": "Point",
        "coordinates": [
          139.7022528,
          35.6584694
        ]
      },
      "properties": {
        "timestamp": "2026-04-20T10:14:03Z"
      }
    },
    {
      "type": "Feature",
      "geometry": {
        "type": "Point",
        "coordinates": [
          139.702256,
          35.6584652
        ]
      },
      "properties": {
        "timestamp": "2026-04-20T10:14:04Z"
      }
    },
    {
      "type": "Feature",
      "geometry": {
        "type": "Point",
        "coordinates": [
          139.7022587,
          35.658455
        ]
      },
      "properties": {
        "timestamp": "2026-04-20T10:14:05Z"
      }
    },
    {
      "type": "Feature",
      "geometry": {
        "type": "Point",
        "coordinates": [
          139.7022626,
          35.6584523
        ]
      },
      "properties": {
        "timestamp": "2026-04-20T10:14:06Z"
      }
    },
    {
      "type": "Feature",
      "geometry": {
        "type": "Point",
        "coordinates": [
          139.702266,
          35.6584547
        ]
      },
      "properties": {
        "timestamp": "2026-04-20T10:14:07Z"
      }
    },
    {
      "type": "Feature",
      "geometry": {
        "type": "Point",
        "coordinates": [
          139.7022549,
          35.6584649
        ]
      },
      "properties": {
        "timestamp": "2026-04-20T10:14:08Z"
      }
    },
    {
      "type": "Feature",
      "geometry": {
        "type": "Point",
        "coordinates": [
          139.7022511,
          35.6584751
        ]
      },
      "properties": {
        "timestamp": "2026-04-20T10:14:09Z"
      }
    },
    {
      "type": "Feature",
      "geometry": {
        "type": "Point",
        "coordinates": [
          139.7022479,
          35.6584778
        ]
      },
      "properties": {
        "timestamp": "2026-04-20T10:14:10Z"
      }
    },
    {
      "type": "Feature",
      "geometry": {
        "type": "Point",
        "coordinates": [
          139.7022468,
          35.6584876
        ]
      },
      "properties": {
        "timestamp": "2026-04-20T10:14:11Z"
      }
    },
    {
      "type": "Feature",
      "geometry": {
        "type": "Point",
        "coordinates": [
          139.7022452,
          35.6584963
        ]
      },
      "properties": {
        "timestamp": "2026-04-20T10:14:12Z"
      }
    },
    {
      "type": "Feature",
      "geometry": {
        "type": "Point",
        "coordinates": [
          139.7022463,
          35.6585078
        ]
      },
      "properties": {
        "timestamp": "2026-04-20T10:14:13Z"
      }
    },
    {
      "type": "Feature",
      "geometry": {
        "type": "Point",
        "coordinates": [
          139.7022421,
          35.6585148
        ]
      },
      "properties": {
        "timestamp": "2026-04-20T10:14:14Z"
      }
    },
    {
      "type": "Feature",
      "geometry": {
        "type": "Point",
        "coordinates": [
          139.7022418,
          35.6585283
        ]
      },
      "properties": {
        "timestamp": "2026-04-20T10:14:15Z"
      }
    },
    {
      "type": "Feature",
      "geometry": {
        "type": "Point",
        "coordinates": [
          139.7022408,
          35.6585276
        ]
      },
      "properties": {
        "timestamp": "2026-04-20T10:14:16Z"
      }
    },
    {
      "type": "Feature",
      "geometry": {
        "type": "Point",
        "coordinates": [
          139.7022379,
          35.6585319
        ]
      },
      "properties": {
        "timestamp": "2026-04-20T10:14:17Z"
      }
    },
    {
      "type": "Feature",
      "geometry": {
        "type": "Point",
        "coordinates": [
          139.7022379,
          35.6585415
        ]
      },
      "properties": {
        "timestamp": "2026-04-20T10:14:18Z"
      }
    },
    {
      "type": "Feature",
      "geometry": {
        "type": "Point",
        "coordinates": [
          139.7022276,
          35.6585425
        ]
      },
      "properties": {
        "timestamp": "2026-04-20T10:14:19Z"
      }
    },
    {
      "type": "Feature",
      "geometry": {
        "type": "Point",
        "coordinates": [
          139.7022136,
          35.6585449
        ]
      },
      "properties": {
        "timestamp": "2026-04-20T10:14:20Z"
      }
    },
    {
      "type": "Feature",
      "geometry": {
        "type": "Point",
        "coordinates": [
          139.7022167,
          35.6585482
        ]
      },
      "properties": {
        "timestamp": "2026-04-20T10:14:21Z"
      }
    },
    {
      "type": "Feature",
      "geometry": {
        "type": "Point",
        "coordinates": [
          139.7022147,
          35.658558
        ]
      },
      "properties": {
        "timestamp": "2026-04-20T10:14:22Z"
      }
    },
    {
      "type": "Feature",
      "geometry": {
        "type": "Point",
        "coordinates": [
          139.7022179,
          35.6585627
        ]
      },
      "properties": {
        "timestamp": "2026-04-20T10:14:23Z"
      }
    },
    {
      "type": "Feature",
      "geometry": {
        "type": "Point",
        "coordinates": [
          139.7022206,
          35.6585616
        ]
      },
      "properties": {
        "timestamp": "2026-04-20T10:14:24Z"
      }
    },
    {
      "type": "Feature",
      "geometry": {
        "type": "Point",
        "coordinates": [
          139.7022221,
          35.6585635
        ]
      },
      "properties": {
        "timestamp": "2026-04-20T10:14:25Z"
      }
    },
    {
      "type": "Feature",
      "geometry": {
        "type": "Point",
        "coordinates": [
          139.7022191,
          35.658556
        ]
      },
      "properties": {
        "timestamp": "2026-04-20T10:14:26Z"
      }
    },
    {
      "type": "Feature",
      "geometry": {
        "type": "Point",
        "coordinates": [
          139.7022117,
          35.6585539
        ]
      },
      "properties": {
        "timestamp": "2026-04-20T10:14:27Z"
      }
    },
    {
      "type": "Feature",
      "geometry": {
        "type": "Point",
        "coordinates": [
          139.7022154,
          35.6585547
        ]
      },
      "properties": {
        "timestamp": "2026-04-20T10:14:28Z"
      }
    },
    {
      "type": "Feature",
      "geometry": {
        "type": "Point",
        "coordinates": [
          139.7022154,
          35.658557
        ]
      },
      "properties": {
        "timestamp": "2026-04-20T10:14:29Z"
      }
    },
    {
      "type": "Feature",
      "geometry": {
        "type": "Point",
        "coordinates": [
          139.7022177,
          35.658558
        ]
      },
      "properties": {
        "timestamp": "2026-04-20T10:14:30Z"
      }
    },
    {
      "type": "Feature",
      "geometry": {
        "type": "Point",
        "coordinates": [
          139.702229,
          35.6585493
        ]
      },
      "properties": {
        "timestamp": "2026-04-20T10:14:31Z"
      }
    },
    {
      "type": "Feature",
      "geometry": {
        "type": "Point",
        "coordinates": [
          139.7022209,
          35.6585673
        ]
      },
      "properties": {
        "timestamp": "2026-04-20T10:14:32Z"
      }
    },
    {
      "type": "Feature",
      "geometry": {
        "type": "Point",
        "coordinates": [
          139.7022188,
          35.6585617
        ]
      },
      "properties": {
        "timestamp": "2026-04-20T10:14:33Z"
      }
    },
    {
      "type": "Feature",
      "geometry": {
        "type": "Point",
        "coordinates": [
          139.7022081,
          35.6585762
        ]
      },
      "properties": {
        "timestamp": "2026-04-20T10:14:34Z"
      }
    },
    {
      "type": "Feature",
      "geometry": {
        "type": "Point",
        "coordinates": [
          139.7022111,
          35.6585814
        ]
      },
      "properties": {
        "timestamp": "2026-04-20T10:14:35Z"
      }
    },
    {
      "type": "Feature",
      "geometry": {
        "type": "Point",
        "coordinates": [
          139.7022087,
          35.6585832
        ]
      },
      "properties": {
        "timestamp": "2026-04-20T10:14:36Z"
      }
    },
    {
      "type": "Feature",
      "geometry": {
        "type": "Point",
        "coordinates": [
          139.7022099,
          35.6585821
        ]
      },
      "properties": {
        "timestamp": "2026-04-20T10:14:37Z"
      }
    },
    {
      "type": "Feature",
      "geometry": {
        "type": "Point",
        "coordinates": [
          139.7022175,
          35.6585758
        ]
      },
      "properties": {
        "timestamp": "2026-04-20T10:14:38Z"
      }
    },
    {
      "type": "Feature",
      "geometry": {
        "type": "Point",
        "coordinates": [
          139.7022219,
          35.658578
        ]
      },
      "properties": {
        "timestamp": "2026-04-20T10:14:39Z"
      }
    },
    {
      "type": "Feature",
      "geometry": {
        "type": "Point",
        "coordinates": [
          139.7022171,
          35.658588
        ]
      },
      "properties": {
        "timestamp": "2026-04-20T10:14:40Z"
      }
    },
    {
      "type": "Feature",
      "geometry": {
        "type": "Point",
        "coordinates": [
          139.7022121,
          35.6586075
        ]
      },
      "properties": {
        "timestamp": "2026-04-20T10:14:41Z"
      }
    },
    {
      "type": "Feature",
      "geometry": {
        "type": "Point",
        "coordinates": [
          139.7022113,
          35.6586126
        ]
      },
      "properties": {
        "timestamp": "2026-04-20T10:14:42Z"
      }
    },
    {
      "type": "Feature",
      "geometry": {
        "type": "Point",
        "coordinates": [
          139.7022117,
          35.6586123
        ]
      },
      "properties": {
        "timestamp": "2026-04-20T10:14:43Z"
      }
    },
    {
      "type": "Feature",
      "geometry": {
        "type": "Point",
        "coordinates": [
          139.7022117,
          35.6586123
        ]
      },
      "properties": {
        "timestamp": "2026-04-20T10:14:44Z"
      }
    },
    {
      "type": "Feature",
      "geometry": {
        "type": "Point",
        "coordinates": [
          139.7022117,
          35.6586123
        ]
      },
      "properties": {
        "timestamp": "2026-04-20T10:14:45Z"
      }
    },
    {
      "type": "Feature",
      "geometry": {
        "type": "Point",
        "coordinates": [
          139.7022139,
          35.6586039
        ]
      },
      "properties": {
        "timestamp": "2026-04-20T10:14:46Z"
      }
    },
    {
      "type": "Feature",
      "geometry": {
        "type": "Point",
        "coordinates": [
          139.7022158,
          35.658622
        ]
      },
      "properties": {
        "timestamp": "2026-04-20T10:14:47Z"
      }
    },
    {
      "type": "Feature",
      "geometry": {
        "type": "Point",
        "coordinates": [
          139.702223,
          35.6586241
        ]
      },
      "properties": {
        "timestamp": "2026-04-20T10:14:48Z"
      }
    },
    {
      "type": "Feature",
      "geometry": {
        "type": "Point",
        "coordinates": [
          139.7022345,
          35.6586093
        ]
      },
      "properties": {
        "timestamp": "2026-04-20T10:14:49Z"
      }
    },
    {
      "type": "Feature",
      "geometry": {
        "type": "Point",
        "coordinates": [
          139.7022425,
          35.6586028
        ]
      },
      "properties": {
        "timestamp": "2026-04-20T10:14:50Z"
      }
    },
    {
      "type": "Feature",
      "geometry": {
        "type": "Point",
        "coordinates": [
          139.7022418,
          35.6586037
        ]
      },
      "properties": {
        "timestamp": "2026-04-20T10:14:51Z"
      }
    },
    {
      "type": "Feature",
      "geometry": {
        "type": "Point",
        "coordinates": [
          139.7022418,
          35.6586037
        ]
      },
      "properties": {
        "timestamp": "2026-04-20T10:14:52Z"
      }
    },
    {
      "type": "Feature",
      "geometry": {
        "type": "Point",
        "coordinates": [
          139.7022418,
          35.6586037
        ]
      },
      "properties": {
        "timestamp": "2026-04-20T10:14:53Z"
      }
    },
    {
      "type": "Feature",
      "geometry": {
        "type": "Point",
        "coordinates": [
          139.7022418,
          35.6586037
        ]
      },
      "properties": {
        "timestamp": "2026-04-20T10:14:54Z"
      }
    },
    {
      "type": "Feature",
      "geometry": {
        "type": "Point",
        "coordinates": [
          139.7022418,
          35.6586037
        ]
      },
      "properties": {
        "timestamp": "2026-04-20T10:14:55Z"
      }
    },
    {
      "type": "Feature",
      "geometry": {
        "type": "Point",
        "coordinates": [
          139.7022427,
          35.6586096
        ]
      },
      "properties": {
        "timestamp": "2026-04-20T10:14:56Z"
      }
    },
    {
      "type": "Feature",
      "geometry": {
        "type": "Point",
        "coordinates": [
          139.7022527,
          35.6586113
        ]
      },
      "properties": {
        "timestamp": "2026-04-20T10:14:57Z"
      }
    },
    {
      "type": "Feature",
      "geometry": {
        "type": "Point",
        "coordinates": [
          139.7022565,
          35.6586182
        ]
      },
      "properties": {
        "timestamp": "2026-04-20T10:14:58Z"
      }
    },
    {
      "type": "Feature",
      "geometry": {
        "type": "Point",
        "coordinates": [
          139.7022556,
          35.6586197
        ]
      },
      "properties": {
        "timestamp": "2026-04-20T10:14:59Z"
      }
    },
    {
      "type": "Feature",
      "geometry": {
        "type": "Point",
        "coordinates": [
          139.7022556,
          35.6586197
        ]
      },
      "properties": {
        "timestamp": "2026-04-20T10:15:00Z"
      }
    },
    {
      "type": "Feature",
      "geometry": {
        "type": "Point",
        "coordinates": [
          139.7022556,
          35.6586197
        ]
      },
      "properties": {
        "timestamp": "2026-04-20T10:15:01Z"
      }
    },
    {
      "type": "Feature",
      "geometry": {
        "type": "Point",
        "coordinates": [
          139.7022556,
          35.6586197
        ]
      },
      "properties": {
        "timestamp": "2026-04-20T10:15:02Z"
      }
    },
    {
      "type": "Feature",
      "geometry": {
        "type": "Point",
        "coordinates": [
          139.7022556,
          35.6586197
        ]
      },
      "properties": {
        "timestamp": "2026-04-20T10:15:03Z"
      }
    },
    {
      "type": "Feature",
      "geometry": {
        "type": "Point",
        "coordinates": [
          139.7022556,
          35.6586197
        ]
      },
      "properties": {
        "timestamp": "2026-04-20T10:15:04Z"
      }
    },
    {
      "type": "Feature",
      "geometry": {
        "type": "Point",
        "coordinates": [
          139.7022556,
          35.6586197
        ]
      },
      "properties": {
        "timestamp": "2026-04-20T10:15:05Z"
      }
    },
    {
      "type": "Feature",
      "geometry": {
        "type": "Point",
        "coordinates": [
          139.7022556,
          35.6586197
        ]
      },
      "properties": {
        "timestamp": "2026-04-20T10:15:06Z"
      }
    },
    {
      "type": "Feature",
      "geometry": {
        "type": "Point",
        "coordinates": [
          139.702249,
          35.6586314
        ]
      },
      "properties": {
        "timestamp": "2026-04-20T10:15:07Z"
      }
    },
    {
      "type": "Feature",
      "geometry": {
        "type": "Point",
        "coordinates": [
          139.7022453,
          35.6586524
        ]
      },
      "properties": {
        "timestamp": "2026-04-20T10:15:08Z"
      }
    },
    {
      "type": "Feature",
      "geometry": {
        "type": "Point",
        "coordinates": [
          139.7022458,
          35.6586521
        ]
      },
      "properties": {
        "timestamp": "2026-04-20T10:15:09Z"
      }
    },
    {
      "type": "Feature",
      "geometry": {
        "type": "Point",
        "coordinates": [
          139.7022458,
          35.6586521
        ]
      },
      "properties": {
        "timestamp": "2026-04-20T10:15:10Z"
      }
    },
    {
      "type": "Feature",
      "geometry": {
        "type": "Point",
        "coordinates": [
          139.7022458,
          35.6586521
        ]
      },
      "properties": {
        "timestamp": "2026-04-20T10:15:11Z"
      }
    },
    {
      "type": "Feature",
      "geometry": {
        "type": "Point",
        "coordinates": [
          139.7022498,
          35.6586451
        ]
      },
      "properties": {
        "timestamp": "2026-04-20T10:15:12Z"
      }
    },
    {
      "type": "Feature",
      "geometry": {
        "type": "Point",
        "coordinates": [
          139.7022541,
          35.6586433
        ]
      },
      "properties": {
        "timestamp": "2026-04-20T10:15:13Z"
      }
    },
    {
      "type": "Feature",
      "geometry": {
        "type": "Point",
        "coordinates": [
          139.7022608,
          35.6586415
        ]
      },
      "properties": {
        "timestamp": "2026-04-20T10:15:14Z"
      }
    },
    {
      "type": "Feature",
      "geometry": {
        "type": "Point",
        "coordinates": [
          139.7022603,
          35.6586371
        ]
      },
      "properties": {
        "timestamp": "2026-04-20T10:15:15Z"
      }
    },
    {
      "type": "Feature",
      "geometry": {
        "type": "Point",
        "coordinates": [
          139.7022643,
          35.658637
        ]
      },
      "properties": {
        "timestamp": "2026-04-20T10:15:16Z"
      }
    },
    {
      "type": "Feature",
      "geometry": {
        "type": "Point",
        "coordinates": [
          139.7022628,
          35.6586355
        ]
      },
      "properties": {
        "timestamp": "2026-04-20T10:15:17Z"
      }
    },
    {
      "type": "Feature",
      "geometry": {
        "type": "Point",
        "coordinates": [
          139.7022577,
          35.6586331
        ]
      },
      "properties": {
        "timestamp": "2026-04-20T10:15:18Z"
      }
    },
    {
      "type": "Feature",
      "geometry": {
        "type": "Point",
        "coordinates": [
          139.7022566,
          35.6586303
        ]
      },
      "properties": {
        "timestamp": "2026-04-20T10:15:19Z"
      }
    },
    {
      "type": "Feature",
      "geometry": {
        "type": "Point",
        "coordinates": [
          139.7022556,
          35.6586347
        ]
      },
      "properties": {
        "timestamp": "2026-04-20T10:15:20Z"
      }
    },
    {
      "type": "Feature",
      "geometry": {
        "type": "Point",
        "coordinates": [
          139.7022572,
          35.6586351
        ]
      },
      "properties": {
        "timestamp": "2026-04-20T10:15:21Z"
      }
    },
    {
      "type": "Feature",
      "geometry": {
        "type": "Point",
        "coordinates": [
          139.7022609,
          35.6586327
        ]
      },
      "properties": {
        "timestamp": "2026-04-20T10:15:22Z"
      }
    },
    {
      "type": "Feature",
      "geometry": {
        "type": "Point",
        "coordinates": [
          139.702262,
          35.6586265
        ]
      },
      "properties": {
        "timestamp": "2026-04-20T10:15:23Z"
      }
    },
    {
      "type": "Feature",
      "geometry": {
        "type": "Point",
        "coordinates": [
          139.7022644,
          35.6586236
        ]
      },
      "properties": {
        "timestamp": "2026-04-20T10:15:24Z"
      }
    },
    {
      "type": "Feature",
      "geometry": {
        "type": "Point",
        "coordinates": [
          139.702269,
          35.658628
        ]
      },
      "properties": {
        "timestamp": "2026-04-20T10:15:25Z"
      }
    },
    {
      "type": "Feature",
      "geometry": {
        "type": "Point",
        "coordinates": [
          139.7022721,
          35.6586308
        ]
      },
      "properties": {
        "timestamp": "2026-04-20T10:15:26Z"
      }
    },
    {
      "type": "Feature",
      "geometry": {
        "type": "Point",
        "coordinates": [
          139.7022767,
          35.6586375
        ]
      },
      "properties": {
        "timestamp": "2026-04-20T10:15:27Z"
      }
    },
    {
      "type": "Feature",
      "geometry": {
        "type": "Point",
        "coordinates": [
          139.7022761,
          35.6586403
        ]
      },
      "properties": {
        "timestamp": "2026-04-20T10:15:28Z"
      }
    },
    {
      "type": "Feature",
      "geometry": {
        "type": "Point",
        "coordinates": [
          139.7022772,
          35.6586406
        ]
      },
      "properties": {
        "timestamp": "2026-04-20T10:15:29Z"
      }
    },
    {
      "type": "Feature",
      "geometry": {
        "type": "Point",
        "coordinates": [
          139.7022754,
          35.6586429
        ]
      },
      "properties": {
        "timestamp": "2026-04-20T10:15:30Z"
      }
    },
    {
      "type": "Feature",
      "geometry": {
        "type": "Point",
        "coordinates": [
          139.7022831,
          35.6586433
        ]
      },
      "properties": {
        "timestamp": "2026-04-20T10:15:31Z"
      }
    },
    {
      "type": "Feature",
      "geometry": {
        "type": "Point",
        "coordinates": [
          139.7022902,
          35.6586461
        ]
      },
      "properties": {
        "timestamp": "2026-04-20T10:15:32Z"
      }
    },
    {
      "type": "Feature",
      "geometry": {
        "type": "Point",
        "coordinates": [
          139.7022905,
          35.6586457
        ]
      },
      "properties": {
        "timestamp": "2026-04-20T10:15:33Z"
      }
    },
    {
      "type": "Feature",
      "geometry": {
        "type": "Point",
        "coordinates": [
          139.7022946,
          35.6586492
        ]
      },
      "properties": {
        "timestamp": "2026-04-20T10:15:34Z"
      }
    },
    {
      "type": "Feature",
      "geometry": {
        "type": "Point",
        "coordinates": [
          139.702301,
          35.658643
        ]
      },
      "properties": {
        "timestamp": "2026-04-20T10:15:35Z"
      }
    },
    {
      "type": "Feature",
      "geometry": {
        "type": "Point",
        "coordinates": [
          139.7023118,
          35.6586363
        ]
      },
      "properties": {
        "timestamp": "2026-04-20T10:15:36Z"
      }
    },
    {
      "type": "Feature",
      "geometry": {
        "type": "Point",
        "coordinates": [
          139.702324,
          35.6586259
        ]
      },
      "properties": {
        "timestamp": "2026-04-20T10:15:37Z"
      }
    },
    {
      "type": "Feature",
      "geometry": {
        "type": "Point",
        "coordinates": [
          139.7023297,
          35.6586231
        ]
      },
      "properties": {
        "timestamp": "2026-04-20T10:15:38Z"
      }
    },
    {
      "type": "Feature",
      "geometry": {
        "type": "Point",
        "coordinates": [
          139.7023347,
          35.6586159
        ]
      },
      "properties": {
        "timestamp": "2026-04-20T10:15:39Z"
      }
    },
    {
      "type": "Feature",
      "geometry": {
        "type": "Point",
        "coordinates": [
          139.7023284,
          35.6586145
        ]
      },
      "properties": {
        "timestamp": "2026-04-20T10:15:40Z"
      }
    },
    {
      "type": "Feature",
      "geometry": {
        "type": "Point",
        "coordinates": [
          139.7023265,
          35.6586093
        ]
      },
      "properties": {
        "timestamp": "2026-04-20T10:15:41Z"
      }
    },
    {
      "type": "Feature",
      "geometry": {
        "type": "Point",
        "coordinates": [
          139.7023231,
          35.6586062
        ]
      },
      "properties": {
        "timestamp": "2026-04-20T10:15:42Z"
      }
    },
    {
      "type": "Feature",
      "geometry": {
        "type": "Point",
        "coordinates": [
          139.702326,
          35.6586111
        ]
      },
      "properties": {
        "timestamp": "2026-04-20T10:15:43Z"
      }
    },
    {
      "type": "Feature",
      "geometry": {
        "type": "Point",
        "coordinates": [
          139.7023271,
          35.6586081
        ]
      },
      "properties": {
        "timestamp": "2026-04-20T10:15:44Z"
      }
    },
    {
      "type": "Feature",
      "geometry": {
        "type": "Point",
        "coordinates": [
          139.7023272,
          35.6586066
        ]
      },
      "properties": {
        "timestamp": "2026-04-20T10:15:45Z"
      }
    },
    {
      "type": "Feature",
      "geometry": {
        "type": "Point",
        "coordinates": [
          139.7023247,
          35.6586062
        ]
      },
      "properties": {
        "timestamp": "2026-04-20T10:15:46Z"
      }
    },
    {
      "type": "Feature",
      "geometry": {
        "type": "Point",
        "coordinates": [
          139.702323,
          35.6586035
        ]
      },
      "properties": {
        "timestamp": "2026-04-20T10:15:47Z"
      }
    },
    {
      "type": "Feature",
      "geometry": {
        "type": "Point",
        "coordinates": [
          139.7023335,
          35.6586132
        ]
      },
      "properties": {
        "timestamp": "2026-04-20T10:15:48Z"
      }
    },
    {
      "type": "Feature",
      "geometry": {
        "type": "Point",
        "coordinates": [
          139.7023361,
          35.6586085
        ]
      },
      "properties": {
        "timestamp": "2026-04-20T10:15:49Z"
      }
    },
    {
      "type": "Feature",
      "geometry": {
        "type": "Point",
        "coordinates": [
          139.7023379,
          35.6585966
        ]
      },
      "properties": {
        "timestamp": "2026-04-20T10:15:50Z"
      }
    },
    {
      "type": "Feature",
      "geometry": {
        "type": "Point",
        "coordinates": [
          139.7023429,
          35.6585908
        ]
      },
      "properties": {
        "timestamp": "2026-04-20T10:15:51Z"
      }
    },
    {
      "type": "Feature",
      "geometry": {
        "type": "Point",
        "coordinates": [
          139.70235,
          35.6585871
        ]
      },
      "properties": {
        "timestamp": "2026-04-20T10:15:52Z"
      }
    },
    {
      "type": "Feature",
      "geometry": {
        "type": "Point",
        "coordinates": [
          139.7023567,
          35.6585957
        ]
      },
      "properties": {
        "timestamp": "2026-04-20T10:15:53Z"
      }
    },
    {
      "type": "Feature",
      "geometry": {
        "type": "Point",
        "coordinates": [
          139.7023604,
          35.6586126
        ]
      },
      "properties": {
        "timestamp": "2026-04-20T10:15:54Z"
      }
    },
    {
      "type": "Feature",
      "geometry": {
        "type": "Point",
        "coordinates": [
          139.7023598,
          35.6586034
        ]
      },
      "properties": {
        "timestamp": "2026-04-20T10:15:55Z"
      }
    },
    {
      "type": "Feature",
      "geometry": {
        "type": "Point",
        "coordinates": [
          139.7023653,
          35.6585969
        ]
      },
      "properties": {
        "timestamp": "2026-04-20T10:15:56Z"
      }
    },
    {
      "type": "Feature",
      "geometry": {
        "type": "Point",
        "coordinates": [
          139.7023631,
          35.6585873
        ]
      },
      "properties": {
        "timestamp": "2026-04-20T10:15:57Z"
      }
    },
    {
      "type": "Feature",
      "geometry": {
        "type": "Point",
        "coordinates": [
          139.7023676,
          35.658588
        ]
      },
      "properties": {
        "timestamp": "2026-04-20T10:15:58Z"
      }
    },
    {
      "type": "Feature",
      "geometry": {
        "type": "Point",
        "coordinates": [
          139.7023676,
          35.658588
        ]
      },
      "properties": {
        "timestamp": "2026-04-20T10:15:59Z"
      }
    },
    {
      "type": "Feature",
      "geometry": {
        "type": "Point",
        "coordinates": [
          139.7023676,
          35.658588
        ]
      },
      "properties": {
        "timestamp": "2026-04-20T10:16:00Z"
      }
    },
    {
      "type": "Feature",
      "geometry": {
        "type": "Point",
        "coordinates": [
          139.7023581,
          35.6585797
        ]
      },
      "properties": {
        "timestamp": "2026-04-20T10:16:01Z"
      }
    },
    {
      "type": "Feature",
      "geometry": {
        "type": "Point",
        "coordinates": [
          139.7023618,
          35.6585802
        ]
      },
      "properties": {
        "timestamp": "2026-04-20T10:16:02Z"
      }
    },
    {
      "type": "Feature",
      "geometry": {
        "type": "Point",
        "coordinates": [
          139.7023618,
          35.6585802
        ]
      },
      "properties": {
        "timestamp": "2026-04-20T10:16:03Z"
      }
    },
    {
      "type": "Feature",
      "geometry": {
        "type": "Point",
        "coordinates": [
          139.7023588,
          35.6585797
        ]
      },
      "properties": {
        "timestamp": "2026-04-20T10:16:04Z"
      }
    },
    {
      "type": "Feature",
      "geometry": {
        "type": "Point",
        "coordinates": [
          139.7023551,
          35.6585926
        ]
      },
      "properties": {
        "timestamp": "2026-04-20T10:16:05Z"
      }
    },
    {
      "type": "Feature",
      "geometry": {
        "type": "Point",
        "coordinates": [
          139.702353,
          35.6585916
        ]
      },
      "properties": {
        "timestamp": "2026-04-20T10:16:06Z"
      }
    },
    {
      "type": "Feature",
      "geometry": {
        "type": "Point",
        "coordinates": [
          139.7023552,
          35.6585915
        ]
      },
      "properties": {
        "timestamp": "2026-04-20T10:16:07Z"
      }
    },
    {
      "type": "Feature",
      "geometry": {
        "type": "Point",
        "coordinates": [
          139.702363,
          35.6585886
        ]
      },
      "properties": {
        "timestamp": "2026-04-20T10:16:08Z"
      }
    },
    {
      "type": "Feature",
      "geometry": {
        "type": "Point",
        "coordinates": [
          139.7023641,
          35.6585886
        ]
      },
      "properties": {
        "timestamp": "2026-04-20T10:16:09Z"
      }
    },
    {
      "type": "Feature",
      "geometry": {
        "type": "Point",
        "coordinates": [
          139.7023641,
          35.6585886
        ]
      },
      "properties": {
        "timestamp": "2026-04-20T10:16:10Z"
      }
    },
    {
      "type": "Feature",
      "geometry": {
        "type": "Point",
        "coordinates": [
          139.7023641,
          35.6585886
        ]
      },
      "properties": {
        "timestamp": "2026-04-20T10:16:11Z"
      }
    },
    {
      "type": "Feature",
      "geometry": {
        "type": "Point",
        "coordinates": [
          139.7023641,
          35.6585886
        ]
      },
      "properties": {
        "timestamp": "2026-04-20T10:16:12Z"
      }
    },
    {
      "type": "Feature",
      "geometry": {
        "type": "Point",
        "coordinates": [
          139.7023641,
          35.6585886
        ]
      },
      "properties": {
        "timestamp": "2026-04-20T10:16:13Z"
      }
    },
    {
      "type": "Feature",
      "geometry": {
        "type": "Point",
        "coordinates": [
          139.7023641,
          35.6585886
        ]
      },
      "properties": {
        "timestamp": "2026-04-20T10:16:14Z"
      }
    },
    {
      "type": "Feature",
      "geometry": {
        "type": "Point",
        "coordinates": [
          139.7023641,
          35.6585886
        ]
      },
      "properties": {
        "timestamp": "2026-04-20T10:16:15Z"
      }
    },
    {
      "type": "Feature",
      "geometry": {
        "type": "Point",
        "coordinates": [
          139.7023641,
          35.6585886
        ]
      },
      "properties": {
        "timestamp": "2026-04-20T10:16:16Z"
      }
    },
    {
      "type": "Feature",
      "geometry": {
        "type": "Point",
        "coordinates": [
          139.7023675,
          35.6586049
        ]
      },
      "properties": {
        "timestamp": "2026-04-20T10:16:17Z"
      }
    },
    {
      "type": "Feature",
      "geometry": {
        "type": "Point",
        "coordinates": [
          139.7023668,
          35.6586062
        ]
      },
      "properties": {
        "timestamp": "2026-04-20T10:16:18Z"
      }
    },
    {
      "type": "Feature",
      "geometry": {
        "type": "Point",
        "coordinates": [
          139.7023668,
          35.6586062
        ]
      },
      "properties": {
        "timestamp": "2026-04-20T10:16:19Z"
      }
    },
    {
      "type": "Feature",
      "geometry": {
        "type": "Point",
        "coordinates": [
          139.7023668,
          35.6586062
        ]
      },
      "properties": {
        "timestamp": "2026-04-20T10:16:20Z"
      }
    },
    {
      "type": "Feature",
      "geometry": {
        "type": "Point",
        "coordinates": [
          139.7023554,
          35.6586143
        ]
      },
      "properties": {
        "timestamp": "2026-04-20T10:16:21Z"
      }
    },
    {
      "type": "Feature",
      "geometry": {
        "type": "Point",
        "coordinates": [
          139.7023449,
          35.6586094
        ]
      },
      "properties": {
        "timestamp": "2026-04-20T10:16:22Z"
      }
    },
    {
      "type": "Feature",
      "geometry": {
        "type": "Point",
        "coordinates": [
          139.7023394,
          35.6586102
        ]
      },
      "properties": {
        "timestamp": "2026-04-20T10:16:23Z"
      }
    },
    {
      "type": "Feature",
      "geometry": {
        "type": "Point",
        "coordinates": [
          139.7023385,
          35.6586114
        ]
      },
      "properties": {
        "timestamp": "2026-04-20T10:16:24Z"
      }
    },
    {
      "type": "Feature",
      "geometry": {
        "type": "Point",
        "coordinates": [
          139.7023333,
          35.6586049
        ]
      },
      "properties": {
        "timestamp": "2026-04-20T10:16:25Z"
      }
    },
    {
      "type": "Feature",
      "geometry": {
        "type": "Point",
        "coordinates": [
          139.7023176,
          35.6585961
        ]
      },
      "properties": {
        "timestamp": "2026-04-20T10:16:26Z"
      }
    },
    {
      "type": "Feature",
      "geometry": {
        "type": "Point",
        "coordinates": [
          139.7023064,
          35.6585915
        ]
      },
      "properties": {
        "timestamp": "2026-04-20T10:16:27Z"
      }
    },
    {
      "type": "Feature",
      "geometry": {
        "type": "Point",
        "coordinates": [
          139.7022948,
          35.6585868
        ]
      },
      "properties": {
        "timestamp": "2026-04-20T10:16:28Z"
      }
    },
    {
      "type": "Feature",
      "geometry": {
        "type": "Point",
        "coordinates": [
          139.7022776,
          35.6585782
        ]
      },
      "properties": {
        "timestamp": "2026-04-20T10:16:29Z"
      }
    },
    {
      "type": "Feature",
      "geometry": {
        "type": "Point",
        "coordinates": [
          139.7022577,
          35.6585714
        ]
      },
      "properties": {
        "timestamp": "2026-04-20T10:16:30Z"
      }
    },
    {
      "type": "Feature",
      "geometry": {
        "type": "Point",
        "coordinates": [
          139.7022483,
          35.6585719
        ]
      },
      "properties": {
        "timestamp": "2026-04-20T10:16:31Z"
      }
    },
    {
      "type": "Feature",
      "geometry": {
        "type": "Point",
        "coordinates": [
          139.7022414,
          35.6585683
        ]
      },
      "properties": {
        "timestamp": "2026-04-20T10:16:32Z"
      }
    },
    {
      "type": "Feature",
      "geometry": {
        "type": "Point",
        "coordinates": [
          139.7022437,
          35.658571
        ]
      },
      "properties": {
        "timestamp": "2026-04-20T10:16:33Z"
      }
    },
    {
      "type": "Feature",
      "geometry": {
        "type": "Point",
        "coordinates": [
          139.7022455,
          35.6585753
        ]
      },
      "properties": {
        "timestamp": "2026-04-20T10:16:34Z"
      }
    },
    {
      "type": "Feature",
      "geometry": {
        "type": "Point",
        "coordinates": [
          139.702243,
          35.6585749
        ]
      },
      "properties": {
        "timestamp": "2026-04-20T10:16:35Z"
      }
    },
    {
      "type": "Feature",
      "geometry": {
        "type": "Point",
        "coordinates": [
          139.7022464,
          35.6585826
        ]
      },
      "properties": {
        "timestamp": "2026-04-20T10:16:36Z"
      }
    },
    {
      "type": "Feature",
      "geometry": {
        "type": "Point",
        "coordinates": [
          139.7022644,
          35.6586006
        ]
      },
      "properties": {
        "timestamp": "2026-04-20T10:16:37Z"
      }
    },
    {
      "type": "Feature",
      "geometry": {
        "type": "Point",
        "coordinates": [
          139.7022819,
          35.6585979
        ]
      },
      "properties": {
        "timestamp": "2026-04-20T10:16:38Z"
      }
    },
    {
      "type": "Feature",
      "geometry": {
        "type": "Point",
        "coordinates": [
          139.702285,
          35.6586034
        ]
      },
      "properties": {
        "timestamp": "2026-04-20T10:16:39Z"
      }
    },
    {
      "type": "Feature",
      "geometry": {
        "type": "Point",
        "coordinates": [
          139.702289,
          35.6586087
        ]
      },
      "properties": {
        "timestamp": "2026-04-20T10:16:40Z"
      }
    },
    {
      "type": "Feature",
      "geometry": {
        "type": "Point",
        "coordinates": [
          139.7022899,
          35.6586091
        ]
      },
      "properties": {
        "timestamp": "2026-04-20T10:16:41Z"
      }
    },
    {
      "type": "Feature",
      "geometry": {
        "type": "Point",
        "coordinates": [
          139.7022996,
          35.658607
        ]
      },
      "properties": {
        "timestamp": "2026-04-20T10:16:42Z"
      }
    },
    {
      "type": "Feature",
      "geometry": {
        "type": "Point",
        "coordinates": [
          139.7023147,
          35.6586073
        ]
      },
      "properties": {
        "timestamp": "2026-04-20T10:16:43Z"
      }
    },
    {
      "type": "Feature",
      "geometry": {
        "type": "Point",
        "coordinates": [
          139.7023212,
          35.6586127
        ]
      },
      "properties": {
        "timestamp": "2026-04-20T10:16:44Z"
      }
    },
    {
      "type": "Feature",
      "geometry": {
        "type": "Point",
        "coordinates": [
          139.7023356,
          35.6586331
        ]
      },
      "properties": {
        "timestamp": "2026-04-20T10:16:45Z"
      }
    },
    {
      "type": "Feature",
      "geometry": {
        "type": "Point",
        "coordinates": [
          139.7023587,
          35.6586475
        ]
      },
      "properties": {
        "timestamp": "2026-04-20T10:16:46Z"
      }
    },
    {
      "type": "Feature",
      "geometry": {
        "type": "Point",
        "coordinates": [
          139.7023721,
          35.6586461
        ]
      },
      "properties": {
        "timestamp": "2026-04-20T10:16:47Z"
      }
    },
    {
      "type": "Feature",
      "geometry": {
        "type": "Point",
        "coordinates": [
          139.7023734,
          35.6586392
        ]
      },
      "properties": {
        "timestamp": "2026-04-20T10:16:48Z"
      }
    },
    {
      "type": "Feature",
      "geometry": {
        "type": "Point",
        "coordinates": [
          139.7023763,
          35.6586328
        ]
      },
      "properties": {
        "timestamp": "2026-04-20T10:16:49Z"
      }
    },
    {
      "type": "Feature",
      "geometry": {
        "type": "Point",
        "coordinates": [
          139.7023763,
          35.6586329
        ]
      },
      "properties": {
        "timestamp": "2026-04-20T10:16:50Z"
      }
    },
    {
      "type": "Feature",
      "geometry": {
        "type": "Point",
        "coordinates": [
          139.7023755,
          35.6586263
        ]
      },
      "properties": {
        "timestamp": "2026-04-20T10:16:51Z"
      }
    },
    {
      "type": "Feature",
      "geometry": {
        "type": "Point",
        "coordinates": [
          139.7023799,
          35.6586204
        ]
      },
      "properties": {
        "timestamp": "2026-04-20T10:16:52Z"
      }
    },
    {
      "type": "Feature",
      "geometry": {
        "type": "Point",
        "coordinates": [
          139.7023856,
          35.6586276
        ]
      },
      "properties": {
        "timestamp": "2026-04-20T10:16:53Z"
      }
    },
    {
      "type": "Feature",
      "geometry": {
        "type": "Point",
        "coordinates": [
          139.7023879,
          35.6586159
        ]
      },
      "properties": {
        "timestamp": "2026-04-20T10:16:54Z"
      }
    },
    {
      "type": "Feature",
      "geometry": {
        "type": "Point",
        "coordinates": [
          139.7024023,
          35.6586152
        ]
      },
      "properties": {
        "timestamp": "2026-04-20T10:16:55Z"
      }
    },
    {
      "type": "Feature",
      "geometry": {
        "type": "Point",
        "coordinates": [
          139.7023995,
          35.6586052
        ]
      },
      "properties": {
        "timestamp": "2026-04-20T10:16:56Z"
      }
    },
    {
      "type": "Feature",
      "geometry": {
        "type": "Point",
        "coordinates": [
          139.702405,
          35.6586029
        ]
      },
      "properties": {
        "timestamp": "2026-04-20T10:16:57Z"
      }
    },
    {
      "type": "Feature",
      "geometry": {
        "type": "Point",
        "coordinates": [
          139.702413,
          35.6586031
        ]
      },
      "properties": {
        "timestamp": "2026-04-20T10:16:58Z"
      }
    },
    {
      "type": "Feature",
      "geometry": {
        "type": "Point",
        "coordinates": [
          139.7024214,
          35.6585993
        ]
      },
      "properties": {
        "timestamp": "2026-04-20T10:16:59Z"
      }
    },
    {
      "type": "Feature",
      "geometry": {
        "type": "Point",
        "coordinates": [
          139.7024265,
          35.658603
        ]
      },
      "properties": {
        "timestamp": "2026-04-20T10:17:00Z"
      }
    },
    {
      "type": "Feature",
      "geometry": {
        "type": "Point",
        "coordinates": [
          139.7024081,
          35.6585842
        ]
      },
      "properties": {
        "timestamp": "2026-04-20T10:17:01Z"
      }
    },
    {
      "type": "Feature",
      "geometry": {
        "type": "Point",
        "coordinates": [
          139.7024102,
          35.6585809
        ]
      },
      "properties": {
        "timestamp": "2026-04-20T10:17:02Z"
      }
    },
    {
      "type": "Feature",
      "geometry": {
        "type": "Point",
        "coordinates": [
          139.7024126,
          35.6585593
        ]
      },
      "properties": {
        "timestamp": "2026-04-20T10:17:03Z"
      }
    },
    {
      "type": "Feature",
      "geometry": {
        "type": "Point",
        "coordinates": [
          139.7024272,
          35.6585579
        ]
      },
      "properties": {
        "timestamp": "2026-04-20T10:17:04Z"
      }
    },
    {
      "type": "Feature",
      "geometry": {
        "type": "Point",
        "coordinates": [
          139.702446,
          35.6585604
        ]
      },
      "properties": {
        "timestamp": "2026-04-20T10:17:05Z"
      }
    },
    {
      "type": "Feature",
      "geometry": {
        "type": "Point",
        "coordinates": [
          139.7024681,
          35.6585722
        ]
      },
      "properties": {
        "timestamp": "2026-04-20T10:17:06Z"
      }
    },
    {
      "type": "Feature",
      "geometry": {
        "type": "Point",
        "coordinates": [
          139.7024763,
          35.6585748
        ]
      },
      "properties": {
        "timestamp": "2026-04-20T10:17:07Z"
      }
    },
    {
      "type": "Feature",
      "geometry": {
        "type": "Point",
        "coordinates": [
          139.7024915,
          35.658582
        ]
      },
      "properties": {
        "timestamp": "2026-04-20T10:17:08Z"
      }
    },
    {
      "type": "Feature",
      "geometry": {
        "type": "Point",
        "coordinates": [
          139.7025022,
          35.658584
        ]
      },
      "properties": {
        "timestamp": "2026-04-20T10:17:09Z"
      }
    },
    {
      "type": "Feature",
      "geometry": {
        "type": "Point",
        "coordinates": [
          139.7025205,
          35.658584
        ]
      },
      "properties": {
        "timestamp": "2026-04-20T10:17:10Z"
      }
    },
    {
      "type": "Feature",
      "geometry": {
        "type": "Point",
        "coordinates": [
          139.7025226,
          35.6585823
        ]
      },
      "properties": {
        "timestamp": "2026-04-20T10:17:11Z"
      }
    },
    {
      "type": "Feature",
      "geometry": {
        "type": "Point",
        "coordinates": [
          139.7025277,
          35.6585788
        ]
      },
      "properties": {
        "timestamp": "2026-04-20T10:17:12Z"
      }
    },
    {
      "type": "Feature",
      "geometry": {
        "type": "Point",
        "coordinates": [
          139.7025196,
          35.6585695
        ]
      },
      "properties": {
        "timestamp": "2026-04-20T10:17:13Z"
      }
    },
    {
      "type": "Feature",
      "geometry": {
        "type": "Point",
        "coordinates": [
          139.702515,
          35.6585655
        ]
      },
      "properties": {
        "timestamp": "2026-04-20T10:17:14Z"
      }
    },
    {
      "type": "Feature",
      "geometry": {
        "type": "Point",
        "coordinates": [
          139.7025013,
          35.6585263
        ]
      },
      "properties": {
        "timestamp": "2026-04-20T10:17:15Z"
      }
    },
    {
      "type": "Feature",
      "geometry": {
        "type": "Point",
        "coordinates": [
          139.7024825,
          35.6585078
        ]
      },
      "properties": {
        "timestamp": "2026-04-20T10:17:16Z"
      }
    },
    {
      "type": "Feature",
      "geometry": {
        "type": "Point",
        "coordinates": [
          139.7025055,
          35.6584928
        ]
      },
      "properties": {
        "timestamp": "2026-04-20T10:17:17Z"
      }
    },
    {
      "type": "Feature",
      "geometry": {
        "type": "Point",
        "coordinates": [
          139.7024835,
          35.6584777
        ]
      },
      "properties": {
        "timestamp": "2026-04-20T10:17:18Z"
      }
    },
    {
      "type": "Feature",
      "geometry": {
        "type": "Point",
        "coordinates": [
          139.7024851,
          35.6584739
        ]
      },
      "properties": {
        "timestamp": "2026-04-20T10:17:19Z"
      }
    },
    {
      "type": "Feature",
      "geometry": {
        "type": "Point",
        "coordinates": [
          139.702479,
          35.658474
        ]
      },
      "properties": {
        "timestamp": "2026-04-20T10:17:20Z"
      }
    },
    {
      "type": "Feature",
      "geometry": {
        "type": "Point",
        "coordinates": [
          139.702479,
          35.658474
        ]
      },
      "properties": {
        "timestamp": "2026-04-20T10:17:21Z"
      }
    },
    {
      "type": "Feature",
      "geometry": {
        "type": "Point",
        "coordinates": [
          139.702479,
          35.658474
        ]
      },
      "properties": {
        "timestamp": "2026-04-20T10:17:22Z"
      }
    },
    {
      "type": "Feature",
      "geometry": {
        "type": "Point",
        "coordinates": [
          139.702479,
          35.658474
        ]
      },
      "properties": {
        "timestamp": "2026-04-20T10:17:23Z"
      }
    },
    {
      "type": "Feature",
      "geometry": {
        "type": "Point",
        "coordinates": [
          139.702479,
          35.658474
        ]
      },
      "properties": {
        "timestamp": "2026-04-20T10:17:24Z"
      }
    },
    {
      "type": "Feature",
      "geometry": {
        "type": "Point",
        "coordinates": [
          139.7024724,
          35.658456
        ]
      },
      "properties": {
        "timestamp": "2026-04-20T10:17:25Z"
      }
    },
    {
      "type": "Feature",
      "geometry": {
        "type": "Point",
        "coordinates": [
          139.7024658,
          35.6584407
        ]
      },
      "properties": {
        "timestamp": "2026-04-20T10:17:26Z"
      }
    },
    {
      "type": "Feature",
      "geometry": {
        "type": "Point",
        "coordinates": [
          139.7024699,
          35.6584477
        ]
      },
      "properties": {
        "timestamp": "2026-04-20T10:17:27Z"
      }
    },
    {
      "type": "Feature",
      "geometry": {
        "type": "Point",
        "coordinates": [
          139.7024592,
          35.6584617
        ]
      },
      "properties": {
        "timestamp": "2026-04-20T10:17:28Z"
      }
    },
    {
      "type": "Feature",
      "geometry": {
        "type": "Point",
        "coordinates": [
          139.702458,
          35.6584644
        ]
      },
      "properties": {
        "timestamp": "2026-04-20T10:17:29Z"
      }
    },
    {
      "type": "Feature",
      "geometry": {
        "type": "Point",
        "coordinates": [
          139.7024796,
          35.6584607
        ]
      },
      "properties": {
        "timestamp": "2026-04-20T10:17:30Z"
      }
    },
    {
      "type": "Feature",
      "geometry": {
        "type": "Point",
        "coordinates": [
          139.7024894,
          35.6584627
        ]
      },
      "properties": {
        "timestamp": "2026-04-20T10:17:31Z"
      }
    },
    {
      "type": "Feature",
      "geometry": {
        "type": "Point",
        "coordinates": [
          139.7024696,
          35.6584674
        ]
      },
      "properties": {
        "timestamp": "2026-04-20T10:17:32Z"
      }
    },
    {
      "type": "Feature",
      "geometry": {
        "type": "Point",
        "coordinates": [
          139.7024464,
          35.658466
        ]
      },
      "properties": {
        "timestamp": "2026-04-20T10:17:33Z"
      }
    },
    {
      "type": "Feature",
      "geometry": {
        "type": "Point",
        "coordinates": [
          139.7024372,
          35.6584511
        ]
      },
      "properties": {
        "timestamp": "2026-04-20T10:17:34Z"
      }
    },
    {
      "type": "Feature",
      "geometry": {
        "type": "Point",
        "coordinates": [
          139.7024363,
          35.6584385
        ]
      },
      "properties": {
        "timestamp": "2026-04-20T10:17:35Z"
      }
    },
    {
      "type": "Feature",
      "geometry": {
        "type": "Point",
        "coordinates": [
          139.7024304,
          35.6584257
        ]
      },
      "properties": {
        "timestamp": "2026-04-20T10:17:36Z"
      }
    },
    {
      "type": "Feature",
      "geometry": {
        "type": "Point",
        "coordinates": [
          139.7024021,
          35.6584122
        ]
      },
      "properties": {
        "timestamp": "2026-04-20T10:17:37Z"
      }
    },
    {
      "type": "Feature",
      "geometry": {
        "type": "Point",
        "coordinates": [
          139.7023908,
          35.658396
        ]
      },
      "properties": {
        "timestamp": "2026-04-20T10:17:38Z"
      }
    },
    {
      "type": "Feature",
      "geometry": {
        "type": "Point",
        "coordinates": [
          139.7023538,
          35.6583793
        ]
      },
      "properties": {
        "timestamp": "2026-04-20T10:17:39Z"
      }
    },
    {
      "type": "Feature",
      "geometry": {
        "type": "Point",
        "coordinates": [
          139.7023157,
          35.6583577
        ]
      },
      "properties": {
        "timestamp": "2026-04-20T10:17:40Z"
      }
    },
    {
      "type": "Feature",
      "geometry": {
        "type": "Point",
        "coordinates": [
          139.7023245,
          35.6583393
        ]
      },
      "properties": {
        "timestamp": "2026-04-20T10:17:41Z"
      }
    },
    {
      "type": "Feature",
      "geometry": {
        "type": "Point",
        "coordinates": [
          139.7023074,
          35.6583334
        ]
      },
      "properties": {
        "timestamp": "2026-04-20T10:17:42Z"
      }
    },
    {
      "type": "Feature",
      "geometry": {
        "type": "Point",
        "coordinates": [
          139.7023025,
          35.6583307
        ]
      },
      "properties": {
        "timestamp": "2026-04-20T10:17:43Z"
      }
    },
    {
      "type": "Feature",
      "geometry": {
        "type": "Point",
        "coordinates": [
          139.7023136,
          35.658325
        ]
      },
      "properties": {
        "timestamp": "2026-04-20T10:17:44Z"
      }
    },
    {
      "type": "Feature",
      "geometry": {
        "type": "Point",
        "coordinates": [
          139.7023453,
          35.6583248
        ]
      },
      "properties": {
        "timestamp": "2026-04-20T10:17:45Z"
      }
    },
    {
      "type": "Feature",
      "geometry": {
        "type": "Point",
        "coordinates": [
          139.7023758,
          35.6583236
        ]
      },
      "properties": {
        "timestamp": "2026-04-20T10:17:46Z"
      }
    },
    {
      "type": "Feature",
      "geometry": {
        "type": "Point",
        "coordinates": [
          139.702404,
          35.6583236
        ]
      },
      "properties": {
        "timestamp": "2026-04-20T10:17:47Z"
      }
    },
    {
      "type": "Feature",
      "geometry": {
        "type": "Point",
        "coordinates": [
          139.7024296,
          35.6583276
        ]
      },
      "properties": {
        "timestamp": "2026-04-20T10:17:48Z"
      }
    },
    {
      "type": "Feature",
      "geometry": {
        "type": "Point",
        "coordinates": [
          139.7024672,
          35.6583375
        ]
      },
      "properties": {
        "timestamp": "2026-04-20T10:17:49Z"
      }
    },
    {
      "type": "Feature",
      "geometry": {
        "type": "Point",
        "coordinates": [
          139.7024993,
          35.6583457
        ]
      },
      "properties": {
        "timestamp": "2026-04-20T10:17:50Z"
      }
    },
    {
      "type": "Feature",
      "geometry": {
        "type": "Point",
        "coordinates": [
          139.702515,
          35.6583478
        ]
      },
      "properties": {
        "timestamp": "2026-04-20T10:17:51Z"
      }
    },
    {
      "type": "Feature",
      "geometry": {
        "type": "Point",
        "coordinates": [
          139.7025308,
          35.6583518
        ]
      },
      "properties": {
        "timestamp": "2026-04-20T10:17:52Z"
      }
    },
    {
      "type": "Feature",
      "geometry": {
        "type": "Point",
        "coordinates": [
          139.7025423,
          35.6583469
        ]
      },
      "properties": {
        "timestamp": "2026-04-20T10:17:53Z"
      }
    },
    {
      "type": "Feature",
      "geometry": {
        "type": "Point",
        "coordinates": [
          139.7025483,
          35.6583467
        ]
      },
      "properties": {
        "timestamp": "2026-04-20T10:17:54Z"
      }
    },
    {
      "type": "Feature",
      "geometry": {
        "type": "Point",
        "coordinates": [
          139.7025609,
          35.658341
        ]
      },
      "properties": {
        "timestamp": "2026-04-20T10:17:55Z"
      }
    },
    {
      "type": "Feature",
      "geometry": {
        "type": "Point",
        "coordinates": [
          139.702576,
          35.6583309
        ]
      },
      "properties": {
        "timestamp": "2026-04-20T10:17:56Z"
      }
    },
    {
      "type": "Feature",
      "geometry": {
        "type": "Point",
        "coordinates": [
          139.7025888,
          35.6583215
        ]
      },
      "properties": {
        "timestamp": "2026-04-20T10:17:57Z"
      }
    },
    {
      "type": "Feature",
      "geometry": {
        "type": "Point",
        "coordinates": [
          139.7025587,
          35.6583155
        ]
      },
      "properties": {
        "timestamp": "2026-04-20T10:17:58Z"
      }
    },
    {
      "type": "Feature",
      "geometry": {
        "type": "Point",
        "coordinates": [
          139.7025282,
          35.6583029
        ]
      },
      "properties": {
        "timestamp": "2026-04-20T10:17:59Z"
      }
    },
    {
      "type": "Feature",
      "geometry": {
        "type": "Point",
        "coordinates": [
          139.7025063,
          35.658301
        ]
      },
      "properties": {
        "timestamp": "2026-04-20T10:18:00Z"
      }
    },
    {
      "type": "Feature",
      "geometry": {
        "type": "Point",
        "coordinates": [
          139.7025328,
          35.6582866
        ]
      },
      "properties": {
        "timestamp": "2026-04-20T10:18:01Z"
      }
    },
    {
      "type": "Feature",
      "geometry": {
        "type": "Point",
        "coordinates": [
          139.7025539,
          35.658285
        ]
      },
      "properties": {
        "timestamp": "2026-04-20T10:18:02Z"
      }
    },
    {
      "type": "Feature",
      "geometry": {
        "type": "Point",
        "coordinates": [
          139.7025618,
          35.6582844
        ]
      },
      "properties": {
        "timestamp": "2026-04-20T10:18:03Z"
      }
    },
    {
      "type": "Feature",
      "geometry": {
        "type": "Point",
        "coordinates": [
          139.7025618,
          35.6582844
        ]
      },
      "properties": {
        "timestamp": "2026-04-20T10:18:04Z"
      }
    },
    {
      "type": "Feature",
      "geometry": {
        "type": "Point",
        "coordinates": [
          139.7025342,
          35.658269
        ]
      },
      "properties": {
        "timestamp": "2026-04-20T10:18:05Z"
      }
    },
    {
      "type": "Feature",
      "geometry": {
        "type": "Point",
        "coordinates": [
          139.702523,
          35.658261
        ]
      },
      "properties": {
        "timestamp": "2026-04-20T10:18:06Z"
      }
    },
    {
      "type": "Feature",
      "geometry": {
        "type": "Point",
        "coordinates": [
          139.7025022,
          35.6582703
        ]
      },
      "properties": {
        "timestamp": "2026-04-20T10:18:07Z"
      }
    },
    {
      "type": "Feature",
      "geometry": {
        "type": "Point",
        "coordinates": [
          139.7024934,
          35.6582757
        ]
      },
      "properties": {
        "timestamp": "2026-04-20T10:18:08Z"
      }
    },
    {
      "type": "Feature",
      "geometry": {
        "type": "Point",
        "coordinates": [
          139.7024933,
          35.6582758
        ]
      },
      "properties": {
        "timestamp": "2026-04-20T10:18:09Z"
      }
    },
    {
      "type": "Feature",
      "geometry": {
        "type": "Point",
        "coordinates": [
          139.7024933,
          35.6582758
        ]
      },
      "properties": {
        "timestamp": "2026-04-20T10:18:10Z"
      }
    },
    {
      "type": "Feature",
      "geometry": {
        "type": "Point",
        "coordinates": [
          139.7024951,
          35.658266
        ]
      },
      "properties": {
        "timestamp": "2026-04-20T10:18:11Z"
      }
    },
    {
      "type": "Feature",
      "geometry": {
        "type": "Point",
        "coordinates": [
          139.7025058,
          35.6582556
        ]
      },
      "properties": {
        "timestamp": "2026-04-20T10:18:12Z"
      }
    },
    {
      "type": "Feature",
      "geometry": {
        "type": "Point",
        "coordinates": [
          139.7025084,
          35.6582488
        ]
      },
      "properties": {
        "timestamp": "2026-04-20T10:18:13Z"
      }
    },
    {
      "type": "Feature",
      "geometry": {
        "type": "Point",
        "coordinates": [
          139.7025488,
          35.6582508
        ]
      },
      "properties": {
        "timestamp": "2026-04-20T10:18:14Z"
      }
    },
    {
      "type": "Feature",
      "geometry": {
        "type": "Point",
        "coordinates": [
          139.7025605,
          35.6582522
        ]
      },
      "properties": {
        "timestamp": "2026-04-20T10:18:15Z"
      }
    },
    {
      "type": "Feature",
      "geometry": {
        "type": "Point",
        "coordinates": [
          139.7025737,
          35.6582496
        ]
      },
      "properties": {
        "timestamp": "2026-04-20T10:18:16Z"
      }
    },
    {
      "type": "Feature",
      "geometry": {
        "type": "Point",
        "coordinates": [
          139.7025772,
          35.658256
        ]
      },
      "properties": {
        "timestamp": "2026-04-20T10:18:17Z"
      }
    },
    {
      "type": "Feature",
      "geometry": {
        "type": "Point",
        "coordinates": [
          139.702571,
          35.6582672
        ]
      },
      "properties": {
        "timestamp": "2026-04-20T10:18:18Z"
      }
    },
    {
      "type": "Feature",
      "geometry": {
        "type": "Point",
        "coordinates": [
          139.702573,
          35.6582656
        ]
      },
      "properties": {
        "timestamp": "2026-04-20T10:18:19Z"
      }
    },
    {
      "type": "Feature",
      "geometry": {
        "type": "Point",
        "coordinates": [
          139.7025572,
          35.6582719
        ]
      },
      "properties": {
        "timestamp": "2026-04-20T10:18:20Z"
      }
    },
    {
      "type": "Feature",
      "geometry": {
        "type": "Point",
        "coordinates": [
          139.7025565,
          35.6582722
        ]
      },
      "properties": {
        "timestamp": "2026-04-20T10:18:21Z"
      }
    },
    {
      "type": "Feature",
      "geometry": {
        "type": "Point",
        "coordinates": [
          139.7025565,
          35.6582722
        ]
      },
      "properties": {
        "timestamp": "2026-04-20T10:18:22Z"
      }
    },
    {
      "type": "Feature",
      "geometry": {
        "type": "Point",
        "coordinates": [
          139.7025565,
          35.6582722
        ]
      },
      "properties": {
        "timestamp": "2026-04-20T10:18:23Z"
      }
    },
    {
      "type": "Feature",
      "geometry": {
        "type": "Point",
        "coordinates": [
          139.7025344,
          35.6582709
        ]
      },
      "properties": {
        "timestamp": "2026-04-20T10:18:24Z"
      }
    },
    {
      "type": "Feature",
      "geometry": {
        "type": "Point",
        "coordinates": [
          139.70254,
          35.6582706
        ]
      },
      "properties": {
        "timestamp": "2026-04-20T10:18:25Z"
      }
    },
    {
      "type": "Feature",
      "geometry": {
        "type": "Point",
        "coordinates": [
          139.7025491,
          35.658275
        ]
      },
      "properties": {
        "timestamp": "2026-04-20T10:18:26Z"
      }
    },
    {
      "type": "Feature",
      "geometry": {
        "type": "Point",
        "coordinates": [
          139.7025541,
          35.6582737
        ]
      },
      "properties": {
        "timestamp": "2026-04-20T10:18:27Z"
      }
    },
    {
      "type": "Feature",
      "geometry": {
        "type": "Point",
        "coordinates": [
          139.7025613,
          35.6582689
        ]
      },
      "properties": {
        "timestamp": "2026-04-20T10:18:28Z"
      }
    },
    {
      "type": "Feature",
      "geometry": {
        "type": "Point",
        "coordinates": [
          139.7025709,
          35.6582625
        ]
      },
      "properties": {
        "timestamp": "2026-04-20T10:18:29Z"
      }
    },
    {
      "type": "Feature",
      "geometry": {
        "type": "Point",
        "coordinates": [
          139.7025744,
          35.6582582
        ]
      },
      "properties": {
        "timestamp": "2026-04-20T10:18:30Z"
      }
    },
    {
      "type": "Feature",
      "geometry": {
        "type": "Point",
        "coordinates": [
          139.7025831,
          35.6582535
        ]
      },
      "properties": {
        "timestamp": "2026-04-20T10:18:31Z"
      }
    },
    {
      "type": "Feature",
      "geometry": {
        "type": "Point",
        "coordinates": [
          139.7025901,
          35.6582581
        ]
      },
      "properties": {
        "timestamp": "2026-04-20T10:18:32Z"
      }
    },
    {
      "type": "Feature",
      "geometry": {
        "type": "Point",
        "coordinates": [
          139.7025889,
          35.6582653
        ]
      },
      "properties": {
        "timestamp": "2026-04-20T10:18:33Z"
      }
    },
    {
      "type": "Feature",
      "geometry": {
        "type": "Point",
        "coordinates": [
          139.7025869,
          35.6582631
        ]
      },
      "properties": {
        "timestamp": "2026-04-20T10:18:34Z"
      }
    },
    {
      "type": "Feature",
      "geometry": {
        "type": "Point",
        "coordinates": [
          139.7025833,
          35.6582605
        ]
      },
      "properties": {
        "timestamp": "2026-04-20T10:18:35Z"
      }
    },
    {
      "type": "Feature",
      "geometry": {
        "type": "Point",
        "coordinates": [
          139.7025838,
          35.6582612
        ]
      },
      "properties": {
        "timestamp": "2026-04-20T10:18:36Z"
      }
    },
    {
      "type": "Feature",
      "geometry": {
        "type": "Point",
        "coordinates": [
          139.7025838,
          35.6582612
        ]
      },
      "properties": {
        "timestamp": "2026-04-20T10:18:37Z"
      }
    },
    {
      "type": "Feature",
      "geometry": {
        "type": "Point",
        "coordinates": [
          139.7025838,
          35.6582612
        ]
      },
      "properties": {
        "timestamp": "2026-04-20T10:18:38Z"
      }
    },
    {
      "type": "Feature",
      "geometry": {
        "type": "Point",
        "coordinates": [
          139.7025838,
          35.6582612
        ]
      },
      "properties": {
        "timestamp": "2026-04-20T10:18:39Z"
      }
    },
    {
      "type": "Feature",
      "geometry": {
        "type": "Point",
        "coordinates": [
          139.7025838,
          35.6582612
        ]
      },
      "properties": {
        "timestamp": "2026-04-20T10:18:40Z"
      }
    },
    {
      "type": "Feature",
      "geometry": {
        "type": "Point",
        "coordinates": [
          139.7025838,
          35.6582612
        ]
      },
      "properties": {
        "timestamp": "2026-04-20T10:18:41Z"
      }
    },
    {
      "type": "Feature",
      "geometry": {
        "type": "Point",
        "coordinates": [
          139.7025838,
          35.6582612
        ]
      },
      "properties": {
        "timestamp": "2026-04-20T10:18:42Z"
      }
    },
    {
      "type": "Feature",
      "geometry": {
        "type": "Point",
        "coordinates": [
          139.7025838,
          35.6582612
        ]
      },
      "properties": {
        "timestamp": "2026-04-20T10:18:43Z"
      }
    },
    {
      "type": "Feature",
      "geometry": {
        "type": "Point",
        "coordinates": [
          139.7025838,
          35.6582612
        ]
      },
      "properties": {
        "timestamp": "2026-04-20T10:18:44Z"
      }
    },
    {
      "type": "Feature",
      "geometry": {
        "type": "Point",
        "coordinates": [
          139.7025838,
          35.6582612
        ]
      },
      "properties": {
        "timestamp": "2026-04-20T10:18:45Z"
      }
    },
    {
      "type": "Feature",
      "geometry": {
        "type": "Point",
        "coordinates": [
          139.7025838,
          35.6582612
        ]
      },
      "properties": {
        "timestamp": "2026-04-20T10:18:46Z"
      }
    },
    {
      "type": "Feature",
      "geometry": {
        "type": "Point",
        "coordinates": [
          139.7025838,
          35.6582612
        ]
      },
      "properties": {
        "timestamp": "2026-04-20T10:18:47Z"
      }
    },
    {
      "type": "Feature",
      "geometry": {
        "type": "Point",
        "coordinates": [
          139.7025838,
          35.6582612
        ]
      },
      "properties": {
        "timestamp": "2026-04-20T10:18:48Z"
      }
    },
    {
      "type": "Feature",
      "geometry": {
        "type": "Point",
        "coordinates": [
          139.70257,
          35.6582662
        ]
      },
      "properties": {
        "timestamp": "2026-04-20T10:18:49Z"
      }
    },
    {
      "type": "Feature",
      "geometry": {
        "type": "Point",
        "coordinates": [
          139.7025699,
          35.6582664
        ]
      },
      "properties": {
        "timestamp": "2026-04-20T10:18:50Z"
      }
    },
    {
      "type": "Feature",
      "geometry": {
        "type": "Point",
        "coordinates": [
          139.7025699,
          35.6582664
        ]
      },
      "properties": {
        "timestamp": "2026-04-20T10:18:51Z"
      }
    },
    {
      "type": "Feature",
      "geometry": {
        "type": "Point",
        "coordinates": [
          139.7025699,
          35.6582664
        ]
      },
      "properties": {
        "timestamp": "2026-04-20T10:18:52Z"
      }
    },
    {
      "type": "Feature",
      "geometry": {
        "type": "Point",
        "coordinates": [
          139.7025773,
          35.6582681
        ]
      },
      "properties": {
        "timestamp": "2026-04-20T10:18:53Z"
      }
    },
    {
      "type": "Feature",
      "geometry": {
        "type": "Point",
        "coordinates": [
          139.7025664,
          35.6582689
        ]
      },
      "properties": {
        "timestamp": "2026-04-20T10:18:54Z"
      }
    },
    {
      "type": "Feature",
      "geometry": {
        "type": "Point",
        "coordinates": [
          139.702544,
          35.6582792
        ]
      },
      "properties": {
        "timestamp": "2026-04-20T10:18:55Z"
      }
    },
    {
      "type": "Feature",
      "geometry": {
        "type": "Point",
        "coordinates": [
          139.7025325,
          35.6582859
        ]
      },
      "properties": {
        "timestamp": "2026-04-20T10:18:56Z"
      }
    },
    {
      "type": "Feature",
      "geometry": {
        "type": "Point",
        "coordinates": [
          139.7025353,
          35.6582865
        ]
      },
      "properties": {
        "timestamp": "2026-04-20T10:18:57Z"
      }
    },
    {
      "type": "Feature",
      "geometry": {
        "type": "Point",
        "coordinates": [
          139.7025353,
          35.6582865
        ]
      },
      "properties": {
        "timestamp": "2026-04-20T10:18:58Z"
      }
    },
    {
      "type": "Feature",
      "geometry": {
        "type": "Point",
        "coordinates": [
          139.7025353,
          35.6582865
        ]
      },
      "properties": {
        "timestamp": "2026-04-20T10:18:59Z"
      }
    },
    {
      "type": "Feature",
      "geometry": {
        "type": "Point",
        "coordinates": [
          139.7025353,
          35.6582865
        ]
      },
      "properties": {
        "timestamp": "2026-04-20T10:19:00Z"
      }
    },
    {
      "type": "Feature",
      "geometry": {
        "type": "Point",
        "coordinates": [
          139.7025353,
          35.6582865
        ]
      },
      "properties": {
        "timestamp": "2026-04-20T10:19:01Z"
      }
    },
    {
      "type": "Feature",
      "geometry": {
        "type": "Point",
        "coordinates": [
          139.7025156,
          35.6582916
        ]
      },
      "properties": {
        "timestamp": "2026-04-20T10:19:02Z"
      }
    },
    {
      "type": "Feature",
      "geometry": {
        "type": "Point",
        "coordinates": [
          139.7025123,
          35.6582856
        ]
      },
      "properties": {
        "timestamp": "2026-04-20T10:19:03Z"
      }
    },
    {
      "type": "Feature",
      "geometry": {
        "type": "Point",
        "coordinates": [
          139.7025121,
          35.6582799
        ]
      },
      "properties": {
        "timestamp": "2026-04-20T10:19:04Z"
      }
    },
    {
      "type": "Feature",
      "geometry": {
        "type": "Point",
        "coordinates": [
          139.7025116,
          35.6582797
        ]
      },
      "properties": {
        "timestamp": "2026-04-20T10:19:05Z"
      }
    },
    {
      "type": "Feature",
      "geometry": {
        "type": "Point",
        "coordinates": [
          139.7025116,
          35.6582797
        ]
      },
      "properties": {
        "timestamp": "2026-04-20T10:19:06Z"
      }
    },
    {
      "type": "Feature",
      "geometry": {
        "type": "Point",
        "coordinates": [
          139.7025116,
          35.6582797
        ]
      },
      "properties": {
        "timestamp": "2026-04-20T10:19:07Z"
      }
    },
    {
      "type": "Feature",
      "geometry": {
        "type": "Point",
        "coordinates": [
          139.7024956,
          35.6582743
        ]
      },
      "properties": {
        "timestamp": "2026-04-20T10:19:08Z"
      }
    },
    {
      "type": "Feature",
      "geometry": {
        "type": "Point",
        "coordinates": [
          139.7024701,
          35.6582668
        ]
      },
      "properties": {
        "timestamp": "2026-04-20T10:19:09Z"
      }
    },
    {
      "type": "Feature",
      "geometry": {
        "type": "Point",
        "coordinates": [
          139.7024732,
          35.6582675
        ]
      },
      "properties": {
        "timestamp": "2026-04-20T10:19:10Z"
      }
    },
    {
      "type": "Feature",
      "geometry": {
        "type": "Point",
        "coordinates": [
          139.7024732,
          35.6582675
        ]
      },
      "properties": {
        "timestamp": "2026-04-20T10:19:11Z"
      }
    },
    {
      "type": "Feature",
      "geometry": {
        "type": "Point",
        "coordinates": [
          139.7024751,
          35.6582667
        ]
      },
      "properties": {
        "timestamp": "2026-04-20T10:19:12Z"
      }
    },
    {
      "type": "Feature",
      "geometry": {
        "type": "Point",
        "coordinates": [
          139.702473,
          35.6582657
        ]
      },
      "properties": {
        "timestamp": "2026-04-20T10:19:13Z"
      }
    },
    {
      "type": "Feature",
      "geometry": {
        "type": "Point",
        "coordinates": [
          139.7024642,
          35.6582626
        ]
      },
      "properties": {
        "timestamp": "2026-04-20T10:19:14Z"
      }
    },
    {
      "type": "Feature",
      "geometry": {
        "type": "Point",
        "coordinates": [
          139.7024591,
          35.6582564
        ]
      },
      "properties": {
        "timestamp": "2026-04-20T10:19:15Z"
      }
    },
    {
      "type": "Feature",
      "geometry": {
        "type": "Point",
        "coordinates": [
          139.7024563,
          35.6582546
        ]
      },
      "properties": {
        "timestamp": "2026-04-20T10:19:16Z"
      }
    },
    {
      "type": "Feature",
      "geometry": {
        "type": "Point",
        "coordinates": [
          139.7024485,
          35.658253
        ]
      },
      "properties": {
        "timestamp": "2026-04-20T10:19:17Z"
      }
    },
    {
      "type": "Feature",
      "geometry": {
        "type": "Point",
        "coordinates": [
          139.702447,
          35.6582571
        ]
      },
      "properties": {
        "timestamp": "2026-04-20T10:19:18Z"
      }
    },
    {
      "type": "Feature",
      "geometry": {
        "type": "Point",
        "coordinates": [
          139.7024528,
          35.658253
        ]
      },
      "properties": {
        "timestamp": "2026-04-20T10:19:19Z"
      }
    },
    {
      "type": "Feature",
      "geometry": {
        "type": "Point",
        "coordinates": [
          139.7024622,
          35.6582557
        ]
      },
      "properties": {
        "timestamp": "2026-04-20T10:19:20Z"
      }
    },
    {
      "type": "Feature",
      "geometry": {
        "type": "Point",
        "coordinates": [
          139.7024571,
          35.6582577
        ]
      },
      "properties": {
        "timestamp": "2026-04-20T10:19:21Z"
      }
    },
    {
      "type": "Feature",
      "geometry": {
        "type": "Point",
        "coordinates": [
          139.7024648,
          35.6582594
        ]
      },
      "properties": {
        "timestamp": "2026-04-20T10:19:22Z"
      }
    },
    {
      "type": "Feature",
      "geometry": {
        "type": "Point",
        "coordinates": [
          139.7024687,
          35.6582554
        ]
      },
      "properties": {
        "timestamp": "2026-04-20T10:19:23Z"
      }
    },
    {
      "type": "Feature",
      "geometry": {
        "type": "Point",
        "coordinates": [
          139.7024701,
          35.6582535
        ]
      },
      "properties": {
        "timestamp": "2026-04-20T10:19:24Z"
      }
    },
    {
      "type": "Feature",
      "geometry": {
        "type": "Point",
        "coordinates": [
          139.702474,
          35.6582501
        ]
      },
      "properties": {
        "timestamp": "2026-04-20T10:19:25Z"
      }
    },
    {
      "type": "Feature",
      "geometry": {
        "type": "Point",
        "coordinates": [
          139.7024767,
          35.6582494
        ]
      },
      "properties": {
        "timestamp": "2026-04-20T10:19:26Z"
      }
    },
    {
      "type": "Feature",
      "geometry": {
        "type": "Point",
        "coordinates": [
          139.7024782,
          35.6582453
        ]
      },
      "properties": {
        "timestamp": "2026-04-20T10:19:27Z"
      }
    },
    {
      "type": "Feature",
      "geometry": {
        "type": "Point",
        "coordinates": [
          139.7024909,
          35.6582472
        ]
      },
      "properties": {
        "timestamp": "2026-04-20T10:19:28Z"
      }
    },
    {
      "type": "Feature",
      "geometry": {
        "type": "Point",
        "coordinates": [
          139.702496,
          35.6582547
        ]
      },
      "properties": {
        "timestamp": "2026-04-20T10:19:29Z"
      }
    },
    {
      "type": "Feature",
      "geometry": {
        "type": "Point",
        "coordinates": [
          139.702492,
          35.6582596
        ]
      },
      "properties": {
        "timestamp": "2026-04-20T10:19:30Z"
      }
    },
    {
      "type": "Feature",
      "geometry": {
        "type": "Point",
        "coordinates": [
          139.7024875,
          35.6582588
        ]
      },
      "properties": {
        "timestamp": "2026-04-20T10:19:31Z"
      }
    },
    {
      "type": "Feature",
      "geometry": {
        "type": "Point",
        "coordinates": [
          139.7024875,
          35.6582588
        ]
      },
      "properties": {
        "timestamp": "2026-04-20T10:19:32Z"
      }
    },
    {
      "type": "Feature",
      "geometry": {
        "type": "Point",
        "coordinates": [
          139.7024875,
          35.6582588
        ]
      },
      "properties": {
        "timestamp": "2026-04-20T10:19:33Z"
      }
    },
    {
      "type": "Feature",
      "geometry": {
        "type": "Point",
        "coordinates": [
          139.7024875,
          35.6582588
        ]
      },
      "properties": {
        "timestamp": "2026-04-20T10:19:34Z"
      }
    },
    {
      "type": "Feature",
      "geometry": {
        "type": "Point",
        "coordinates": [
          139.7024875,
          35.6582588
        ]
      },
      "properties": {
        "timestamp": "2026-04-20T10:19:35Z"
      }
    },
    {
      "type": "Feature",
      "geometry": {
        "type": "Point",
        "coordinates": [
          139.7024875,
          35.6582588
        ]
      },
      "properties": {
        "timestamp": "2026-04-20T10:19:36Z"
      }
    },
    {
      "type": "Feature",
      "geometry": {
        "type": "Point",
        "coordinates": [
          139.7024951,
          35.6582578
        ]
      },
      "properties": {
        "timestamp": "2026-04-20T10:19:37Z"
      }
    },
    {
      "type": "Feature",
      "geometry": {
        "type": "Point",
        "coordinates": [
          139.7024994,
          35.6582577
        ]
      },
      "properties": {
        "timestamp": "2026-04-20T10:19:38Z"
      }
    },
    {
      "type": "Feature",
      "geometry": {
        "type": "Point",
        "coordinates": [
          139.7025035,
          35.6582645
        ]
      },
      "properties": {
        "timestamp": "2026-04-20T10:19:39Z"
      }
    },
    {
      "type": "Feature",
      "geometry": {
        "type": "Point",
        "coordinates": [
          139.7025083,
          35.6582694
        ]
      },
      "properties": {
        "timestamp": "2026-04-20T10:19:40Z"
      }
    },
    {
      "type": "Feature",
      "geometry": {
        "type": "Point",
        "coordinates": [
          139.7025186,
          35.6582696
        ]
      },
      "properties": {
        "timestamp": "2026-04-20T10:19:41Z"
      }
    },
    {
      "type": "Feature",
      "geometry": {
        "type": "Point",
        "coordinates": [
          139.7025239,
          35.6582657
        ]
      },
      "properties": {
        "timestamp": "2026-04-20T10:19:42Z"
      }
    },
    {
      "type": "Feature",
      "geometry": {
        "type": "Point",
        "coordinates": [
          139.7025278,
          35.6582655
        ]
      },
      "properties": {
        "timestamp": "2026-04-20T10:19:43Z"
      }
    },
    {
      "type": "Feature",
      "geometry": {
        "type": "Point",
        "coordinates": [
          139.7025358,
          35.6582603
        ]
      },
      "properties": {
        "timestamp": "2026-04-20T10:19:44Z"
      }
    },
    {
      "type": "Feature",
      "geometry": {
        "type": "Point",
        "coordinates": [
          139.7025375,
          35.658258
        ]
      },
      "properties": {
        "timestamp": "2026-04-20T10:19:45Z"
      }
    },
    {
      "type": "Feature",
      "geometry": {
        "type": "Point",
        "coordinates": [
          139.70254,
          35.6582578
        ]
      },
      "properties": {
        "timestamp": "2026-04-20T10:19:46Z"
      }
    },
    {
      "type": "Feature",
      "geometry": {
        "type": "Point",
        "coordinates": [
          139.7025371,
          35.658253
        ]
      },
      "properties": {
        "timestamp": "2026-04-20T10:19:47Z"
      }
    },
    {
      "type": "Feature",
      "geometry": {
        "type": "Point",
        "coordinates": [
          139.7025368,
          35.6582562
        ]
      },
      "properties": {
        "timestamp": "2026-04-20T10:19:48Z"
      }
    },
    {
      "type": "Feature",
      "geometry": {
        "type": "Point",
        "coordinates": [
          139.7025441,
          35.6582567
        ]
      },
      "properties": {
        "timestamp": "2026-04-20T10:19:49Z"
      }
    },
    {
      "type": "Feature",
      "geometry": {
        "type": "Point",
        "coordinates": [
          139.7025505,
          35.6582577
        ]
      },
      "properties": {
        "timestamp": "2026-04-20T10:19:50Z"
      }
    },
    {
      "type": "Feature",
      "geometry": {
        "type": "Point",
        "coordinates": [
          139.7025524,
          35.6582566
        ]
      },
      "properties": {
        "timestamp": "2026-04-20T10:19:51Z"
      }
    },
    {
      "type": "Feature",
      "geometry": {
        "type": "Point",
        "coordinates": [
          139.7025534,
          35.6582538
        ]
      },
      "properties": {
        "timestamp": "2026-04-20T10:19:52Z"
      }
    },
    {
      "type": "Feature",
      "geometry": {
        "type": "Point",
        "coordinates": [
          139.7025512,
          35.6582549
        ]
      },
      "properties": {
        "timestamp": "2026-04-20T10:19:53Z"
      }
    },
    {
      "type": "Feature",
      "geometry": {
        "type": "Point",
        "coordinates": [
          139.7025525,
          35.6582527
        ]
      },
      "properties": {
        "timestamp": "2026-04-20T10:19:54Z"
      }
    },
    {
      "type": "Feature",
      "geometry": {
        "type": "Point",
        "coordinates": [
          139.7025557,
          35.6582498
        ]
      },
      "properties": {
        "timestamp": "2026-04-20T10:19:55Z"
      }
    },
    {
      "type": "Feature",
      "geometry": {
        "type": "Point",
        "coordinates": [
          139.7025552,
          35.6582471
        ]
      },
      "properties": {
        "timestamp": "2026-04-20T10:19:56Z"
      }
    },
    {
      "type": "Feature",
      "geometry": {
        "type": "Point",
        "coordinates": [
          139.7025519,
          35.6582449
        ]
      },
      "properties": {
        "timestamp": "2026-04-20T10:19:57Z"
      }
    },
    {
      "type": "Feature",
      "geometry": {
        "type": "Point",
        "coordinates": [
          139.7025414,
          35.6582468
        ]
      },
      "properties": {
        "timestamp": "2026-04-20T10:19:58Z"
      }
    },
    {
      "type": "Feature",
      "geometry": {
        "type": "Point",
        "coordinates": [
          139.7025329,
          35.6582476
        ]
      },
      "properties": {
        "timestamp": "2026-04-20T10:19:59Z"
      }
    },
    {
      "type": "Feature",
      "geometry": {
        "type": "Point",
        "coordinates": [
          139.7025354,
          35.6582487
        ]
      },
      "properties": {
        "timestamp": "2026-04-20T10:20:00Z"
      }
    },
    {
      "type": "Feature",
      "geometry": {
        "type": "Point",
        "coordinates": [
          139.7025312,
          35.6582488
        ]
      },
      "properties": {
        "timestamp": "2026-04-20T10:20:01Z"
      }
    },
    {
      "type": "Feature",
      "geometry": {
        "type": "Point",
        "coordinates": [
          139.7025274,
          35.6582449
        ]
      },
      "properties": {
        "timestamp": "2026-04-20T10:20:02Z"
      }
    },
    {
      "type": "Feature",
      "geometry": {
        "type": "Point",
        "coordinates": [
          139.7025256,
          35.658243
        ]
      },
      "properties": {
        "timestamp": "2026-04-20T10:20:03Z"
      }
    },
    {
      "type": "Feature",
      "geometry": {
        "type": "Point",
        "coordinates": [
          139.7025099,
          35.6582398
        ]
      },
      "properties": {
        "timestamp": "2026-04-20T10:20:04Z"
      }
    },
    {
      "type": "Feature",
      "geometry": {
        "type": "Point",
        "coordinates": [
          139.7024977,
          35.6582321
        ]
      },
      "properties": {
        "timestamp": "2026-04-20T10:20:05Z"
      }
    },
    {
      "type": "Feature",
      "geometry": {
        "type": "Point",
        "coordinates": [
          139.7025027,
          35.6582233
        ]
      },
      "properties": {
        "timestamp": "2026-04-20T10:20:06Z"
      }
    },
    {
      "type": "Feature",
      "geometry": {
        "type": "Point",
        "coordinates": [
          139.7025102,
          35.6582204
        ]
      },
      "properties": {
        "timestamp": "2026-04-20T10:20:07Z"
      }
    },
    {
      "type": "Feature",
      "geometry": {
        "type": "Point",
        "coordinates": [
          139.7025152,
          35.6582212
        ]
      },
      "properties": {
        "timestamp": "2026-04-20T10:20:08Z"
      }
    },
    {
      "type": "Feature",
      "geometry": {
        "type": "Point",
        "coordinates": [
          139.7025204,
          35.6582168
        ]
      },
      "properties": {
        "timestamp": "2026-04-20T10:20:09Z"
      }
    },
    {
      "type": "Feature",
      "geometry": {
        "type": "Point",
        "coordinates": [
          139.7025353,
          35.6582074
        ]
      },
      "properties": {
        "timestamp": "2026-04-20T10:20:10Z"
      }
    },
    {
      "type": "Feature",
      "geometry": {
        "type": "Point",
        "coordinates": [
          139.702538,
          35.6582078
        ]
      },
      "properties": {
        "timestamp": "2026-04-20T10:20:11Z"
      }
    },
    {
      "type": "Feature",
      "geometry": {
        "type": "Point",
        "coordinates": [
          139.7025395,
          35.6582158
        ]
      },
      "properties": {
        "timestamp": "2026-04-20T10:20:12Z"
      }
    },
    {
      "type": "Feature",
      "geometry": {
        "type": "Point",
        "coordinates": [
          139.7025425,
          35.6582197
        ]
      },
      "properties": {
        "timestamp": "2026-04-20T10:20:13Z"
      }
    },
    {
      "type": "Feature",
      "geometry": {
        "type": "Point",
        "coordinates": [
          139.702547,
          35.6582214
        ]
      },
      "properties": {
        "timestamp": "2026-04-20T10:20:14Z"
      }
    },
    {
      "type": "Feature",
      "geometry": {
        "type": "Point",
        "coordinates": [
          139.702559,
          35.6582225
        ]
      },
      "properties": {
        "timestamp": "2026-04-20T10:20:15Z"
      }
    },
    {
      "type": "Feature",
      "geometry": {
        "type": "Point",
        "coordinates": [
          139.7025467,
          35.6582189
        ]
      },
      "properties": {
        "timestamp": "2026-04-20T10:20:16Z"
      }
    },
    {
      "type": "Feature",
      "geometry": {
        "type": "Point",
        "coordinates": [
          139.702544,
          35.6582214
        ]
      },
      "properties": {
        "timestamp": "2026-04-20T10:20:17Z"
      }
    },
    {
      "type": "Feature",
      "geometry": {
        "type": "Point",
        "coordinates": [
          139.7025427,
          35.6582261
        ]
      },
      "properties": {
        "timestamp": "2026-04-20T10:20:18Z"
      }
    },
    {
      "type": "Feature",
      "geometry": {
        "type": "Point",
        "coordinates": [
          139.7025399,
          35.6582269
        ]
      },
      "properties": {
        "timestamp": "2026-04-20T10:20:19Z"
      }
    },
    {
      "type": "Feature",
      "geometry": {
        "type": "Point",
        "coordinates": [
          139.7025339,
          35.6582322
        ]
      },
      "properties": {
        "timestamp": "2026-04-20T10:20:20Z"
      }
    },
    {
      "type": "Feature",
      "geometry": {
        "type": "Point",
        "coordinates": [
          139.7025254,
          35.6582367
        ]
      },
      "properties": {
        "timestamp": "2026-04-20T10:20:21Z"
      }
    },
    {
      "type": "Feature",
      "geometry": {
        "type": "Point",
        "coordinates": [
          139.7025119,
          35.6582413
        ]
      },
      "properties": {
        "timestamp": "2026-04-20T10:20:22Z"
      }
    },
    {
      "type": "Feature",
      "geometry": {
        "type": "Point",
        "coordinates": [
          139.7024997,
          35.6582437
        ]
      },
      "properties": {
        "timestamp": "2026-04-20T10:20:23Z"
      }
    },
    {
      "type": "Feature",
      "geometry": {
        "type": "Point",
        "coordinates": [
          139.702502,
          35.6582547
        ]
      },
      "properties": {
        "timestamp": "2026-04-20T10:20:24Z"
      }
    },
    {
      "type": "Feature",
      "geometry": {
        "type": "Point",
        "coordinates": [
          139.7024957,
          35.6582602
        ]
      },
      "properties": {
        "timestamp": "2026-04-20T10:20:25Z"
      }
    },
    {
      "type": "Feature",
      "geometry": {
        "type": "Point",
        "coordinates": [
          139.7024733,
          35.6582651
        ]
      },
      "properties": {
        "timestamp": "2026-04-20T10:20:26Z"
      }
    },
    {
      "type": "Feature",
      "geometry": {
        "type": "Point",
        "coordinates": [
          139.7024641,
          35.6582679
        ]
      },
      "properties": {
        "timestamp": "2026-04-20T10:20:27Z"
      }
    },
    {
      "type": "Feature",
      "geometry": {
        "type": "Point",
        "coordinates": [
          139.7024576,
          35.6582706
        ]
      },
      "properties": {
        "timestamp": "2026-04-20T10:20:28Z"
      }
    },
    {
      "type": "Feature",
      "geometry": {
        "type": "Point",
        "coordinates": [
          139.7024562,
          35.6582708
        ]
      },
      "properties": {
        "timestamp": "2026-04-20T10:20:29Z"
      }
    },
    {
      "type": "Feature",
      "geometry": {
        "type": "Point",
        "coordinates": [
          139.702449,
          35.6582729
        ]
      },
      "properties": {
        "timestamp": "2026-04-20T10:20:30Z"
      }
    },
    {
      "type": "Feature",
      "geometry": {
        "type": "Point",
        "coordinates": [
          139.7024481,
          35.6582728
        ]
      },
      "properties": {
        "timestamp": "2026-04-20T10:20:31Z"
      }
    },
    {
      "type": "Feature",
      "geometry": {
        "type": "Point",
        "coordinates": [
          139.7024516,
          35.6582768
        ]
      },
      "properties": {
        "timestamp": "2026-04-20T10:20:32Z"
      }
    },
    {
      "type": "Feature",
      "geometry": {
        "type": "Point",
        "coordinates": [
          139.7024444,
          35.6582854
        ]
      },
      "properties": {
        "timestamp": "2026-04-20T10:20:33Z"
      }
    },
    {
      "type": "Feature",
      "geometry": {
        "type": "Point",
        "coordinates": [
          139.7024318,
          35.6582956
        ]
      },
      "properties": {
        "timestamp": "2026-04-20T10:20:34Z"
      }
    },
    {
      "type": "Feature",
      "geometry": {
        "type": "Point",
        "coordinates": [
          139.7024276,
          35.658309
        ]
      },
      "properties": {
        "timestamp": "2026-04-20T10:20:35Z"
      }
    },
    {
      "type": "Feature",
      "geometry": {
        "type": "Point",
        "coordinates": [
          139.7024131,
          35.6583156
        ]
      },
      "properties": {
        "timestamp": "2026-04-20T10:20:36Z"
      }
    },
    {
      "type": "Feature",
      "geometry": {
        "type": "Point",
        "coordinates": [
          139.702398,
          35.6583119
        ]
      },
      "properties": {
        "timestamp": "2026-04-20T10:20:37Z"
      }
    },
    {
      "type": "Feature",
      "geometry": {
        "type": "Point",
        "coordinates": [
          139.7023768,
          35.6583104
        ]
      },
      "properties": {
        "timestamp": "2026-04-20T10:20:38Z"
      }
    },
    {
      "type": "Feature",
      "geometry": {
        "type": "Point",
        "coordinates": [
          139.7023559,
          35.6583181
        ]
      },
      "properties": {
        "timestamp": "2026-04-20T10:20:39Z"
      }
    },
    {
      "type": "Feature",
      "geometry": {
        "type": "Point",
        "coordinates": [
          139.7023504,
          35.6583039
        ]
      },
      "properties": {
        "timestamp": "2026-04-20T10:20:40Z"
      }
    },
    {
      "type": "Feature",
      "geometry": {
        "type": "Point",
        "coordinates": [
          139.702314,
          35.6583018
        ]
      },
      "properties": {
        "timestamp": "2026-04-20T10:20:41Z"
      }
    },
    {
      "type": "Feature",
      "geometry": {
        "type": "Point",
        "coordinates": [
          139.7022913,
          35.6582886
        ]
      },
      "properties": {
        "timestamp": "2026-04-20T10:20:42Z"
      }
    },
    {
      "type": "Feature",
      "geometry": {
        "type": "Point",
        "coordinates": [
          139.7022581,
          35.658301
        ]
      },
      "properties": {
        "timestamp": "2026-04-20T10:20:43Z"
      }
    },
    {
      "type": "Feature",
      "geometry": {
        "type": "Point",
        "coordinates": [
          139.7022298,
          35.6583065
        ]
      },
      "properties": {
        "timestamp": "2026-04-20T10:20:44Z"
      }
    },
    {
      "type": "Feature",
      "geometry": {
        "type": "Point",
        "coordinates": [
          139.7022074,
          35.6583128
        ]
      },
      "properties": {
        "timestamp": "2026-04-20T10:20:45Z"
      }
    },
    {
      "type": "Feature",
      "geometry": {
        "type": "Point",
        "coordinates": [
          139.702181,
          35.6583313
        ]
      },
      "properties": {
        "timestamp": "2026-04-20T10:20:46Z"
      }
    },
    {
      "type": "Feature",
      "geometry": {
        "type": "Point",
        "coordinates": [
          139.7021435,
          35.6583545
        ]
      },
      "properties": {
        "timestamp": "2026-04-20T10:20:47Z"
      }
    },
    {
      "type": "Feature",
      "geometry": {
        "type": "Point",
        "coordinates": [
          139.7021265,
          35.658379
        ]
      },
      "properties": {
        "timestamp": "2026-04-20T10:20:48Z"
      }
    },
    {
      "type": "Feature",
      "geometry": {
        "type": "Point",
        "coordinates": [
          139.7021036,
          35.6584067
        ]
      },
      "properties": {
        "timestamp": "2026-04-20T10:20:49Z"
      }
    },
    {
      "type": "Feature",
      "geometry": {
        "type": "Point",
        "coordinates": [
          139.7020958,
          35.6584366
        ]
      },
      "properties": {
        "timestamp": "2026-04-20T10:20:50Z"
      }
    },
    {
      "type": "Feature",
      "geometry": {
        "type": "Point",
        "coordinates": [
          139.7020588,
          35.658485
        ]
      },
      "properties": {
        "timestamp": "2026-04-20T10:20:51Z"
      }
    },
    {
      "type": "Feature",
      "geometry": {
        "type": "Point",
        "coordinates": [
          139.7020376,
          35.6585214
        ]
      },
      "properties": {
        "timestamp": "2026-04-20T10:20:52Z"
      }
    },
    {
      "type": "Feature",
      "geometry": {
        "type": "Point",
        "coordinates": [
          139.7020018,
          35.6585576
        ]
      },
      "properties": {
        "timestamp": "2026-04-20T10:20:53Z"
      }
    },
    {
      "type": "Feature",
      "geometry": {
        "type": "Point",
        "coordinates": [
          139.7020023,
          35.6586052
        ]
      },
      "properties": {
        "timestamp": "2026-04-20T10:20:54Z"
      }
    },
    {
      "type": "Feature",
      "geometry": {
        "type": "Point",
        "coordinates": [
          139.701947,
          35.6586013
        ]
      },
      "properties": {
        "timestamp": "2026-04-20T10:20:55Z"
      }
    },
    {
      "type": "Feature",
      "geometry": {
        "type": "Point",
        "coordinates": [
          139.7019558,
          35.6586149
        ]
      },
      "properties": {
        "timestamp": "2026-04-20T10:20:56Z"
      }
    },
    {
      "type": "Feature",
      "geometry": {
        "type": "Point",
        "coordinates": [
          139.7019697,
          35.6586156
        ]
      },
      "properties": {
        "timestamp": "2026-04-20T10:20:57Z"
      }
    },
    {
      "type": "Feature",
      "geometry": {
        "type": "Point",
        "coordinates": [
          139.7019608,
          35.6586266
        ]
      },
      "properties": {
        "timestamp": "2026-04-20T10:20:58Z"
      }
    },
    {
      "type": "Feature",
      "geometry": {
        "type": "Point",
        "coordinates": [
          139.701961,
          35.6586256
        ]
      },
      "properties": {
        "timestamp": "2026-04-20T10:20:59Z"
      }
    },
    {
      "type": "Feature",
      "geometry": {
        "type": "Point",
        "coordinates": [
          139.7019724,
          35.6586248
        ]
      },
      "properties": {
        "timestamp": "2026-04-20T10:21:00Z"
      }
    },
    {
      "type": "Feature",
      "geometry": {
        "type": "Point",
        "coordinates": [
          139.7019757,
          35.6586258
        ]
      },
      "properties": {
        "timestamp": "2026-04-20T10:21:01Z"
      }
    },
    {
      "type": "Feature",
      "geometry": {
        "type": "Point",
        "coordinates": [
          139.70199,
          35.6585985
        ]
      },
      "properties": {
        "timestamp": "2026-04-20T10:21:02Z"
      }
    },
    {
      "type": "Feature",
      "geometry": {
        "type": "Point",
        "coordinates": [
          139.7019939,
          35.6585779
        ]
      },
      "properties": {
        "timestamp": "2026-04-20T10:21:03Z"
      }
    },
    {
      "type": "Feature",
      "geometry": {
        "type": "Point",
        "coordinates": [
          139.7020085,
          35.6585279
        ]
      },
      "properties": {
        "timestamp": "2026-04-20T10:21:04Z"
      }
    },
    {
      "type": "Feature",
      "geometry": {
        "type": "Point",
        "coordinates": [
          139.7019989,
          35.6585142
        ]
      },
      "properties": {
        "timestamp": "2026-04-20T10:21:05Z"
      }
    },
    {
      "type": "Feature",
      "geometry": {
        "type": "Point",
        "coordinates": [
          139.7020195,
          35.6584912
        ]
      },
      "properties": {
        "timestamp": "2026-04-20T10:21:06Z"
      }
    },
    {
      "type": "Feature",
      "geometry": {
        "type": "Point",
        "coordinates": [
          139.7020377,
          35.6584676
        ]
      },
      "properties": {
        "timestamp": "2026-04-20T10:21:07Z"
      }
    },
    {
      "type": "Feature",
      "geometry": {
        "type": "Point",
        "coordinates": [
          139.7020658,
          35.6584312
        ]
      },
      "properties": {
        "timestamp": "2026-04-20T10:21:08Z"
      }
    },
    {
      "type": "Feature",
      "geometry": {
        "type": "Point",
        "coordinates": [
          139.7020698,
          35.6584045
        ]
      },
      "properties": {
        "timestamp": "2026-04-20T10:21:09Z"
      }
    },
    {
      "type": "Feature",
      "geometry": {
        "type": "Point",
        "coordinates": [
          139.7020754,
          35.6583751
        ]
      },
      "properties": {
        "timestamp": "2026-04-20T10:21:10Z"
      }
    },
    {
      "type": "Feature",
      "geometry": {
        "type": "Point",
        "coordinates": [
          139.7020689,
          35.6583648
        ]
      },
      "properties": {
        "timestamp": "2026-04-20T10:21:11Z"
      }
    },
    {
      "type": "Feature",
      "geometry": {
        "type": "Point",
        "coordinates": [
          139.7020805,
          35.658361
        ]
      },
      "properties": {
        "timestamp": "2026-04-20T10:21:12Z"
      }
    },
    {
      "type": "Feature",
      "geometry": {
        "type": "Point",
        "coordinates": [
          139.7020871,
          35.6583441
        ]
      },
      "properties": {
        "timestamp": "2026-04-20T10:21:13Z"
      }
    },
    {
      "type": "Feature",
      "geometry": {
        "type": "Point",
        "coordinates": [
          139.702091,
          35.658327
        ]
      },
      "properties": {
        "timestamp": "2026-04-20T10:21:14Z"
      }
    },
    {
      "type": "Feature",
      "geometry": {
        "type": "Point",
        "coordinates": [
          139.7020813,
          35.6583163
        ]
      },
      "properties": {
        "timestamp": "2026-04-20T10:21:15Z"
      }
    },
    {
      "type": "Feature",
      "geometry": {
        "type": "Point",
        "coordinates": [
          139.7021169,
          35.658199
        ]
      },
      "properties": {
        "timestamp": "2026-04-20T10:21:16Z"
      }
    },
    {
      "type": "Feature",
      "geometry": {
        "type": "Point",
        "coordinates": [
          139.7021017,
          35.6581893
        ]
      },
      "properties": {
        "timestamp": "2026-04-20T10:21:17Z"
      }
    },
    {
      "type": "Feature",
      "geometry": {
        "type": "Point",
        "coordinates": [
          139.7020987,
          35.6581718
        ]
      },
      "properties": {
        "timestamp": "2026-04-20T10:21:18Z"
      }
    },
    {
      "type": "Feature",
      "geometry": {
        "type": "Point",
        "coordinates": [
          139.7020953,
          35.6581463
        ]
      },
      "properties": {
        "timestamp": "2026-04-20T10:21:19Z"
      }
    },
    {
      "type": "Feature",
      "geometry": {
        "type": "Point",
        "coordinates": [
          139.7020976,
          35.6581181
        ]
      },
      "properties": {
        "timestamp": "2026-04-20T10:21:20Z"
      }
    },
    {
      "type": "Feature",
      "geometry": {
        "type": "Point",
        "coordinates": [
          139.7021043,
          35.6580922
        ]
      },
      "properties": {
        "timestamp": "2026-04-20T10:21:21Z"
      }
    },
    {
      "type": "Feature",
      "geometry": {
        "type": "Point",
        "coordinates": [
          139.7020983,
          35.658064
        ]
      },
      "properties": {
        "timestamp": "2026-04-20T10:21:22Z"
      }
    },
    {
      "type": "Feature",
      "geometry": {
        "type": "Point",
        "coordinates": [
          139.7020986,
          35.6580534
        ]
      },
      "properties": {
        "timestamp": "2026-04-20T10:21:23Z"
      }
    },
    {
      "type": "Feature",
      "geometry": {
        "type": "Point",
        "coordinates": [
          139.7020918,
          35.6580712
        ]
      },
      "properties": {
        "timestamp": "2026-04-20T10:21:24Z"
      }
    },
    {
      "type": "Feature",
      "geometry": {
        "type": "Point",
        "coordinates": [
          139.7020841,
          35.6580607
        ]
      },
      "properties": {
        "timestamp": "2026-04-20T10:21:25Z"
      }
    },
    {
      "type": "Feature",
      "geometry": {
        "type": "Point",
        "coordinates": [
          139.7020721,
          35.6580621
        ]
      },
      "properties": {
        "timestamp": "2026-04-20T10:21:26Z"
      }
    },
    {
      "type": "Feature",
      "geometry": {
        "type": "Point",
        "coordinates": [
          139.70206,
          35.6580551
        ]
      },
      "properties": {
        "timestamp": "2026-04-20T10:21:27Z"
      }
    },
    {
      "type": "Feature",
      "geometry": {
        "type": "Point",
        "coordinates": [
          139.7020497,
          35.6580463
        ]
      },
      "properties": {
        "timestamp": "2026-04-20T10:21:28Z"
      }
    },
    {
      "type": "Feature",
      "geometry": {
        "type": "Point",
        "coordinates": [
          139.7020528,
          35.6580356
        ]
      },
      "properties": {
        "timestamp": "2026-04-20T10:21:29Z"
      }
    },
    {
      "type": "Feature",
      "geometry": {
        "type": "Point",
        "coordinates": [
          139.7020503,
          35.6580424
        ]
      },
      "properties": {
        "timestamp": "2026-04-20T10:21:30Z"
      }
    },
    {
      "type": "Feature",
      "geometry": {
        "type": "Point",
        "coordinates": [
          139.7020654,
          35.6580423
        ]
      },
      "properties": {
        "timestamp": "2026-04-20T10:21:31Z"
      }
    },
    {
      "type": "Feature",
      "geometry": {
        "type": "Point",
        "coordinates": [
          139.7020651,
          35.6580409
        ]
      },
      "properties": {
        "timestamp": "2026-04-20T10:21:32Z"
      }
    },
    {
      "type": "Feature",
      "geometry": {
        "type": "Point",
        "coordinates": [
          139.7020634,
          35.6580286
        ]
      },
      "properties": {
        "timestamp": "2026-04-20T10:21:33Z"
      }
    },
    {
      "type": "Feature",
      "geometry": {
        "type": "Point",
        "coordinates": [
          139.7020847,
          35.6580497
        ]
      },
      "properties": {
        "timestamp": "2026-04-20T10:21:34Z"
      }
    },
    {
      "type": "Feature",
      "geometry": {
        "type": "Point",
        "coordinates": [
          139.7020908,
          35.658081
        ]
      },
      "properties": {
        "timestamp": "2026-04-20T10:21:35Z"
      }
    },
    {
      "type": "Feature",
      "geometry": {
        "type": "Point",
        "coordinates": [
          139.7021084,
          35.6580899
        ]
      },
      "properties": {
        "timestamp": "2026-04-20T10:21:36Z"
      }
    },
    {
      "type": "Feature",
      "geometry": {
        "type": "Point",
        "coordinates": [
          139.7021061,
          35.6580895
        ]
      },
      "properties": {
        "timestamp": "2026-04-20T10:21:37Z"
      }
    },
    {
      "type": "Feature",
      "geometry": {
        "type": "Point",
        "coordinates": [
          139.7020634,
          35.6580853
        ]
      },
      "properties": {
        "timestamp": "2026-04-20T10:21:38Z"
      }
    },
    {
      "type": "Feature",
      "geometry": {
        "type": "Point",
        "coordinates": [
          139.7020655,
          35.6580803
        ]
      },
      "properties": {
        "timestamp": "2026-04-20T10:21:39Z"
      }
    },
    {
      "type": "Feature",
      "geometry": {
        "type": "Point",
        "coordinates": [
          139.7020656,
          35.6580805
        ]
      },
      "properties": {
        "timestamp": "2026-04-20T10:21:40Z"
      }
    },
    {
      "type": "Feature",
      "geometry": {
        "type": "Point",
        "coordinates": [
          139.7020656,
          35.6580805
        ]
      },
      "properties": {
        "timestamp": "2026-04-20T10:21:41Z"
      }
    },
    {
      "type": "Feature",
      "geometry": {
        "type": "Point",
        "coordinates": [
          139.7020772,
          35.6580916
        ]
      },
      "properties": {
        "timestamp": "2026-04-20T10:21:42Z"
      }
    },
    {
      "type": "Feature",
      "geometry": {
        "type": "Point",
        "coordinates": [
          139.7020828,
          35.6580917
        ]
      },
      "properties": {
        "timestamp": "2026-04-20T10:21:43Z"
      }
    },
    {
      "type": "Feature",
      "geometry": {
        "type": "Point",
        "coordinates": [
          139.7020835,
          35.6580963
        ]
      },
      "properties": {
        "timestamp": "2026-04-20T10:21:44Z"
      }
    },
    {
      "type": "Feature",
      "geometry": {
        "type": "Point",
        "coordinates": [
          139.7020771,
          35.6581
        ]
      },
      "properties": {
        "timestamp": "2026-04-20T10:21:45Z"
      }
    },
    {
      "type": "Feature",
      "geometry": {
        "type": "Point",
        "coordinates": [
          139.7020764,
          35.658101
        ]
      },
      "properties": {
        "timestamp": "2026-04-20T10:21:46Z"
      }
    },
    {
      "type": "Feature",
      "geometry": {
        "type": "Point",
        "coordinates": [
          139.7020785,
          35.6581004
        ]
      },
      "properties": {
        "timestamp": "2026-04-20T10:21:47Z"
      }
    },
    {
      "type": "Feature",
      "geometry": {
        "type": "Point",
        "coordinates": [
          139.7020839,
          35.6580962
        ]
      },
      "properties": {
        "timestamp": "2026-04-20T10:21:48Z"
      }
    },
    {
      "type": "Feature",
      "geometry": {
        "type": "Point",
        "coordinates": [
          139.7020953,
          35.6580883
        ]
      },
      "properties": {
        "timestamp": "2026-04-20T10:21:49Z"
      }
    },
    {
      "type": "Feature",
      "geometry": {
        "type": "Point",
        "coordinates": [
          139.7020976,
          35.658079
        ]
      },
      "properties": {
        "timestamp": "2026-04-20T10:21:50Z"
      }
    },
    {
      "type": "Feature",
      "geometry": {
        "type": "Point",
        "coordinates": [
          139.7020979,
          35.6580634
        ]
      },
      "properties": {
        "timestamp": "2026-04-20T10:21:51Z"
      }
    },
    {
      "type": "Feature",
      "geometry": {
        "type": "Point",
        "coordinates": [
          139.7020952,
          35.6580439
        ]
      },
      "properties": {
        "timestamp": "2026-04-20T10:21:52Z"
      }
    },
    {
      "type": "Feature",
      "geometry": {
        "type": "Point",
        "coordinates": [
          139.7020878,
          35.6580336
        ]
      },
      "properties": {
        "timestamp": "2026-04-20T10:21:53Z"
      }
    },
    {
      "type": "Feature",
      "geometry": {
        "type": "Point",
        "coordinates": [
          139.7021276,
          35.6580584
        ]
      },
      "properties": {
        "timestamp": "2026-04-20T10:21:56Z"
      }
    },
    {
      "type": "Feature",
      "geometry": {
        "type": "Point",
        "coordinates": [
          139.7021888,
          35.6580899
        ]
      },
      "properties": {
        "timestamp": "2026-04-20T10:21:58Z"
      }
    },
    {
      "type": "Feature",
      "geometry": {
        "type": "Point",
        "coordinates": [
          139.7021603,
          35.658076
        ]
      },
      "properties": {
        "timestamp": "2026-04-20T10:21:59Z"
      }
    },
    {
      "type": "Feature",
      "geometry": {
        "type": "Point",
        "coordinates": [
          139.7021279,
          35.658068
        ]
      },
      "properties": {
        "timestamp": "2026-04-20T10:22:00Z"
      }
    },
    {
      "type": "Feature",
      "geometry": {
        "type": "Point",
        "coordinates": [
          139.7020986,
          35.658058
        ]
      },
      "properties": {
        "timestamp": "2026-04-20T10:22:01Z"
      }
    },
    {
      "type": "Feature",
      "geometry": {
        "type": "Point",
        "coordinates": [
          139.7020708,
          35.6580491
        ]
      },
      "properties": {
        "timestamp": "2026-04-20T10:22:02Z"
      }
    },
    {
      "type": "Feature",
      "geometry": {
        "type": "Point",
        "coordinates": [
          139.7020387,
          35.6580395
        ]
      },
      "properties": {
        "timestamp": "2026-04-20T10:22:03Z"
      }
    },
    {
      "type": "Feature",
      "geometry": {
        "type": "Point",
        "coordinates": [
          139.701945,
          35.6579386
        ]
      },
      "properties": {
        "timestamp": "2026-04-20T10:22:04Z"
      }
    },
    {
      "type": "Feature",
      "geometry": {
        "type": "Point",
        "coordinates": [
          139.7018386,
          35.6582708
        ]
      },
      "properties": {
        "timestamp": "2026-04-20T10:24:58Z"
      }
    },
    {
      "type": "Feature",
      "geometry": {
        "type": "Point",
        "coordinates": [
          139.7017569,
          35.6582545
        ]
      },
      "properties": {
        "timestamp": "2026-04-20T10:24:59Z"
      }
    },
    {
      "type": "Feature",
      "geometry": {
        "type": "Point",
        "coordinates": [
          139.7017636,
          35.6582669
        ]
      },
      "properties": {
        "timestamp": "2026-04-20T10:25:00Z"
      }
    },
    {
      "type": "Feature",
      "geometry": {
        "type": "Point",
        "coordinates": [
          139.7017063,
          35.6582167
        ]
      },
      "properties": {
        "timestamp": "2026-04-20T10:25:01Z"
      }
    },
    {
      "type": "Feature",
      "geometry": {
        "type": "Point",
        "coordinates": [
          139.7016945,
          35.6582235
        ]
      },
      "properties": {
        "timestamp": "2026-04-20T10:25:02Z"
      }
    },
    {
      "type": "Feature",
      "geometry": {
        "type": "Point",
        "coordinates": [
          139.7016918,
          35.658219
        ]
      },
      "properties": {
        "timestamp": "2026-04-20T10:25:03Z"
      }
    },
    {
      "type": "Feature",
      "geometry": {
        "type": "Point",
        "coordinates": [
          139.7016974,
          35.6582105
        ]
      },
      "properties": {
        "timestamp": "2026-04-20T10:25:04Z"
      }
    },
    {
      "type": "Feature",
      "geometry": {
        "type": "Point",
        "coordinates": [
          139.7016884,
          35.6581958
        ]
      },
      "properties": {
        "timestamp": "2026-04-20T10:25:05Z"
      }
    },
    {
      "type": "Feature",
      "geometry": {
        "type": "Point",
        "coordinates": [
          139.7016897,
          35.6581807
        ]
      },
      "properties": {
        "timestamp": "2026-04-20T10:25:06Z"
      }
    },
    {
      "type": "Feature",
      "geometry": {
        "type": "Point",
        "coordinates": [
          139.701664,
          35.6581835
        ]
      },
      "properties": {
        "timestamp": "2026-04-20T10:25:07Z"
      }
    },
    {
      "type": "Feature",
      "geometry": {
        "type": "Point",
        "coordinates": [
          139.7016968,
          35.6581812
        ]
      },
      "properties": {
        "timestamp": "2026-04-20T10:25:08Z"
      }
    },
    {
      "type": "Feature",
      "geometry": {
        "type": "Point",
        "coordinates": [
          139.7016943,
          35.6581716
        ]
      },
      "properties": {
        "timestamp": "2026-04-20T10:25:09Z"
      }
    },
    {
      "type": "Feature",
      "geometry": {
        "type": "Point",
        "coordinates": [
          139.7016796,
          35.658145
        ]
      },
      "properties": {
        "timestamp": "2026-04-20T10:25:10Z"
      }
    },
    {
      "type": "Feature",
      "geometry": {
        "type": "Point",
        "coordinates": [
          139.701714,
          35.6581565
        ]
      },
      "properties": {
        "timestamp": "2026-04-20T10:25:11Z"
      }
    },
    {
      "type": "Feature",
      "geometry": {
        "type": "Point",
        "coordinates": [
          139.7017372,
          35.6581731
        ]
      },
      "properties": {
        "timestamp": "2026-04-20T10:25:12Z"
      }
    },
    {
      "type": "Feature",
      "geometry": {
        "type": "Point",
        "coordinates": [
          139.7017315,
          35.6581791
        ]
      },
      "properties": {
        "timestamp": "2026-04-20T10:25:13Z"
      }
    },
    {
      "type": "Feature",
      "geometry": {
        "type": "Point",
        "coordinates": [
          139.7017145,
          35.6581739
        ]
      },
      "properties": {
        "timestamp": "2026-04-20T10:25:14Z"
      }
    },
    {
      "type": "Feature",
      "geometry": {
        "type": "Point",
        "coordinates": [
          139.7017386,
          35.6582061
        ]
      },
      "properties": {
        "timestamp": "2026-04-20T10:25:15Z"
      }
    },
    {
      "type": "Feature",
      "geometry": {
        "type": "Point",
        "coordinates": [
          139.7017698,
          35.6582312
        ]
      },
      "properties": {
        "timestamp": "2026-04-20T10:25:16Z"
      }
    },
    {
      "type": "Feature",
      "geometry": {
        "type": "Point",
        "coordinates": [
          139.7017998,
          35.6582511
        ]
      },
      "properties": {
        "timestamp": "2026-04-20T10:25:17Z"
      }
    },
    {
      "type": "Feature",
      "geometry": {
        "type": "Point",
        "coordinates": [
          139.7018078,
          35.6582541
        ]
      },
      "properties": {
        "timestamp": "2026-04-20T10:25:18Z"
      }
    },
    {
      "type": "Feature",
      "geometry": {
        "type": "Point",
        "coordinates": [
          139.7018272,
          35.658246
        ]
      },
      "properties": {
        "timestamp": "2026-04-20T10:25:19Z"
      }
    },
    {
      "type": "Feature",
      "geometry": {
        "type": "Point",
        "coordinates": [
          139.7018164,
          35.6582477
        ]
      },
      "properties": {
        "timestamp": "2026-04-20T10:25:20Z"
      }
    },
    {
      "type": "Feature",
      "geometry": {
        "type": "Point",
        "coordinates": [
          139.7018453,
          35.6582481
        ]
      },
      "properties": {
        "timestamp": "2026-04-20T10:25:21Z"
      }
    },
    {
      "type": "Feature",
      "geometry": {
        "type": "Point",
        "coordinates": [
          139.7018807,
          35.6582494
        ]
      },
      "properties": {
        "timestamp": "2026-04-20T10:25:22Z"
      }
    },
    {
      "type": "Feature",
      "geometry": {
        "type": "Point",
        "coordinates": [
          139.7019162,
          35.6582504
        ]
      },
      "properties": {
        "timestamp": "2026-04-20T10:25:23Z"
      }
    },
    {
      "type": "Feature",
      "geometry": {
        "type": "Point",
        "coordinates": [
          139.7019479,
          35.6582569
        ]
      },
      "properties": {
        "timestamp": "2026-04-20T10:25:24Z"
      }
    },
    {
      "type": "Feature",
      "geometry": {
        "type": "Point",
        "coordinates": [
          139.7020015,
          35.6582571
        ]
      },
      "properties": {
        "timestamp": "2026-04-20T10:25:25Z"
      }
    },
    {
      "type": "Feature",
      "geometry": {
        "type": "Point",
        "coordinates": [
          139.7020524,
          35.658244
        ]
      },
      "properties": {
        "timestamp": "2026-04-20T10:25:26Z"
      }
    },
    {
      "type": "Feature",
      "geometry": {
        "type": "Point",
        "coordinates": [
          139.7020547,
          35.6582278
        ]
      },
      "properties": {
        "timestamp": "2026-04-20T10:25:27Z"
      }
    },
    {
      "type": "Feature",
      "geometry": {
        "type": "Point",
        "coordinates": [
          139.7020112,
          35.6581949
        ]
      },
      "properties": {
        "timestamp": "2026-04-20T10:25:28Z"
      }
    },
    {
      "type": "Feature",
      "geometry": {
        "type": "Point",
        "coordinates": [
          139.7020173,
          35.6581781
        ]
      },
      "properties": {
        "timestamp": "2026-04-20T10:25:29Z"
      }
    },
    {
      "type": "Feature",
      "geometry": {
        "type": "Point",
        "coordinates": [
          139.7020535,
          35.6581694
        ]
      },
      "properties": {
        "timestamp": "2026-04-20T10:25:30Z"
      }
    },
    {
      "type": "Feature",
      "geometry": {
        "type": "Point",
        "coordinates": [
          139.7020444,
          35.6581742
        ]
      },
      "properties": {
        "timestamp": "2026-04-20T10:25:31Z"
      }
    },
    {
      "type": "Feature",
      "geometry": {
        "type": "Point",
        "coordinates": [
          139.7020836,
          35.658167
        ]
      },
      "properties": {
        "timestamp": "2026-04-20T10:25:32Z"
      }
    },
    {
      "type": "Feature",
      "geometry": {
        "type": "Point",
        "coordinates": [
          139.7021328,
          35.6581685
        ]
      },
      "properties": {
        "timestamp": "2026-04-20T10:25:33Z"
      }
    },
    {
      "type": "Feature",
      "geometry": {
        "type": "Point",
        "coordinates": [
          139.7021257,
          35.6581663
        ]
      },
      "properties": {
        "timestamp": "2026-04-20T10:25:34Z"
      }
    },
    {
      "type": "Feature",
      "geometry": {
        "type": "Point",
        "coordinates": [
          139.7021505,
          35.6581542
        ]
      },
      "properties": {
        "timestamp": "2026-04-20T10:25:35Z"
      }
    },
    {
      "type": "Feature",
      "geometry": {
        "type": "Point",
        "coordinates": [
          139.7021632,
          35.6581462
        ]
      },
      "properties": {
        "timestamp": "2026-04-20T10:25:36Z"
      }
    },
    {
      "type": "Feature",
      "geometry": {
        "type": "Point",
        "coordinates": [
          139.7021831,
          35.6581337
        ]
      },
      "properties": {
        "timestamp": "2026-04-20T10:25:37Z"
      }
    },
    {
      "type": "Feature",
      "geometry": {
        "type": "Point",
        "coordinates": [
          139.7021933,
          35.6581251
        ]
      },
      "properties": {
        "timestamp": "2026-04-20T10:25:38Z"
      }
    },
    {
      "type": "Feature",
      "geometry": {
        "type": "Point",
        "coordinates": [
          139.7022066,
          35.6581115
        ]
      },
      "properties": {
        "timestamp": "2026-04-20T10:25:39Z"
      }
    },
    {
      "type": "Feature",
      "geometry": {
        "type": "Point",
        "coordinates": [
          139.7022235,
          35.6580921
        ]
      },
      "properties": {
        "timestamp": "2026-04-20T10:25:40Z"
      }
    },
    {
      "type": "Feature",
      "geometry": {
        "type": "Point",
        "coordinates": [
          139.7022169,
          35.6580396
        ]
      },
      "properties": {
        "timestamp": "2026-04-20T10:25:41Z"
      }
    },
    {
      "type": "Feature",
      "geometry": {
        "type": "Point",
        "coordinates": [
          139.7021484,
          35.6580443
        ]
      },
      "properties": {
        "timestamp": "2026-04-20T10:25:42Z"
      }
    },
    {
      "type": "Feature",
      "geometry": {
        "type": "Point",
        "coordinates": [
          139.7021217,
          35.6580462
        ]
      },
      "properties": {
        "timestamp": "2026-04-20T10:25:43Z"
      }
    },
    {
      "type": "Feature",
      "geometry": {
        "type": "Point",
        "coordinates": [
          139.7021127,
          35.6580418
        ]
      },
      "properties": {
        "timestamp": "2026-04-20T10:25:44Z"
      }
    },
    {
      "type": "Feature",
      "geometry": {
        "type": "Point",
        "coordinates": [
          139.7020986,
          35.6580455
        ]
      },
      "properties": {
        "timestamp": "2026-04-20T10:25:45Z"
      }
    },
    {
      "type": "Feature",
      "geometry": {
        "type": "Point",
        "coordinates": [
          139.7020965,
          35.6580402
        ]
      },
      "properties": {
        "timestamp": "2026-04-20T10:25:46Z"
      }
    },
    {
      "type": "Feature",
      "geometry": {
        "type": "Point",
        "coordinates": [
          139.7020955,
          35.6580493
        ]
      },
      "properties": {
        "timestamp": "2026-04-20T10:25:47Z"
      }
    },
    {
      "type": "Feature",
      "geometry": {
        "type": "Point",
        "coordinates": [
          139.702099,
          35.6580468
        ]
      },
      "properties": {
        "timestamp": "2026-04-20T10:25:48Z"
      }
    },
    {
      "type": "Feature",
      "geometry": {
        "type": "Point",
        "coordinates": [
          139.7020988,
          35.6580476
        ]
      },
      "properties": {
        "timestamp": "2026-04-20T10:25:49Z"
      }
    },
    {
      "type": "Feature",
      "geometry": {
        "type": "Point",
        "coordinates": [
          139.7020966,
          35.6580392
        ]
      },
      "properties": {
        "timestamp": "2026-04-20T10:25:50Z"
      }
    },
    {
      "type": "Feature",
      "geometry": {
        "type": "Point",
        "coordinates": [
          139.7020935,
          35.658025
        ]
      },
      "properties": {
        "timestamp": "2026-04-20T10:25:51Z"
      }
    },
    {
      "type": "Feature",
      "geometry": {
        "type": "Point",
        "coordinates": [
          139.702085,
          35.6580186
        ]
      },
      "properties": {
        "timestamp": "2026-04-20T10:25:52Z"
      }
    },
    {
      "type": "Feature",
      "geometry": {
        "type": "Point",
        "coordinates": [
          139.7020801,
          35.6580127
        ]
      },
      "properties": {
        "timestamp": "2026-04-20T10:25:53Z"
      }
    },
    {
      "type": "Feature",
      "geometry": {
        "type": "Point",
        "coordinates": [
          139.7020729,
          35.6580204
        ]
      },
      "properties": {
        "timestamp": "2026-04-20T10:25:54Z"
      }
    },
    {
      "type": "Feature",
      "geometry": {
        "type": "Point",
        "coordinates": [
          139.7020674,
          35.6580214
        ]
      },
      "properties": {
        "timestamp": "2026-04-20T10:25:55Z"
      }
    },
    {
      "type": "Feature",
      "geometry": {
        "type": "Point",
        "coordinates": [
          139.702071,
          35.658037
        ]
      },
      "properties": {
        "timestamp": "2026-04-20T10:25:56Z"
      }
    },
    {
      "type": "Feature",
      "geometry": {
        "type": "Point",
        "coordinates": [
          139.7020795,
          35.6580367
        ]
      },
      "properties": {
        "timestamp": "2026-04-20T10:25:57Z"
      }
    },
    {
      "type": "Feature",
      "geometry": {
        "type": "Point",
        "coordinates": [
          139.7020783,
          35.658045
        ]
      },
      "properties": {
        "timestamp": "2026-04-20T10:25:58Z"
      }
    },
    {
      "type": "Feature",
      "geometry": {
        "type": "Point",
        "coordinates": [
          139.702085,
          35.6580489
        ]
      },
      "properties": {
        "timestamp": "2026-04-20T10:25:59Z"
      }
    },
    {
      "type": "Feature",
      "geometry": {
        "type": "Point",
        "coordinates": [
          139.7020867,
          35.6580534
        ]
      },
      "properties": {
        "timestamp": "2026-04-20T10:26:00Z"
      }
    },
    {
      "type": "Feature",
      "geometry": {
        "type": "Point",
        "coordinates": [
          139.7021055,
          35.6580626
        ]
      },
      "properties": {
        "timestamp": "2026-04-20T10:26:01Z"
      }
    },
    {
      "type": "Feature",
      "geometry": {
        "type": "Point",
        "coordinates": [
          139.7021171,
          35.6580682
        ]
      },
      "properties": {
        "timestamp": "2026-04-20T10:26:02Z"
      }
    },
    {
      "type": "Feature",
      "geometry": {
        "type": "Point",
        "coordinates": [
          139.7021268,
          35.6580771
        ]
      },
      "properties": {
        "timestamp": "2026-04-20T10:26:03Z"
      }
    },
    {
      "type": "Feature",
      "geometry": {
        "type": "Point",
        "coordinates": [
          139.7021379,
          35.6580927
        ]
      },
      "properties": {
        "timestamp": "2026-04-20T10:26:04Z"
      }
    },
    {
      "type": "Feature",
      "geometry": {
        "type": "Point",
        "coordinates": [
          139.702135,
          35.6581175
        ]
      },
      "properties": {
        "timestamp": "2026-04-20T10:26:05Z"
      }
    },
    {
      "type": "Feature",
      "geometry": {
        "type": "Point",
        "coordinates": [
          139.7021313,
          35.6581224
        ]
      },
      "properties": {
        "timestamp": "2026-04-20T10:26:06Z"
      }
    },
    {
      "type": "Feature",
      "geometry": {
        "type": "Point",
        "coordinates": [
          139.7021199,
          35.6581208
        ]
      },
      "properties": {
        "timestamp": "2026-04-20T10:26:07Z"
      }
    },
    {
      "type": "Feature",
      "geometry": {
        "type": "Point",
        "coordinates": [
          139.7021106,
          35.6581122
        ]
      },
      "properties": {
        "timestamp": "2026-04-20T10:26:08Z"
      }
    },
    {
      "type": "Feature",
      "geometry": {
        "type": "Point",
        "coordinates": [
          139.7020966,
          35.6580925
        ]
      },
      "properties": {
        "timestamp": "2026-04-20T10:26:09Z"
      }
    },
    {
      "type": "Feature",
      "geometry": {
        "type": "Point",
        "coordinates": [
          139.7020939,
          35.658074
        ]
      },
      "properties": {
        "timestamp": "2026-04-20T10:26:10Z"
      }
    },
    {
      "type": "Feature",
      "geometry": {
        "type": "Point",
        "coordinates": [
          139.7020836,
          35.6580379
        ]
      },
      "properties": {
        "timestamp": "2026-04-20T10:26:11Z"
      }
    },
    {
      "type": "Feature",
      "geometry": {
        "type": "Point",
        "coordinates": [
          139.7020748,
          35.6579545
        ]
      },
      "properties": {
        "timestamp": "2026-04-20T10:26:12Z"
      }
    },
    {
      "type": "Feature",
      "geometry": {
        "type": "Point",
        "coordinates": [
          139.7021851,
          35.6578563
        ]
      },
      "properties": {
        "timestamp": "2026-04-20T10:26:14Z"
      }
    },
    {
      "type": "Feature",
      "geometry": {
        "type": "Point",
        "coordinates": [
          139.7022071,
          35.657835
        ]
      },
      "properties": {
        "timestamp": "2026-04-20T10:26:15Z"
      }
    },
    {
      "type": "Feature",
      "geometry": {
        "type": "Point",
        "coordinates": [
          139.7022717,
          35.6577177
        ]
      },
      "properties": {
        "timestamp": "2026-04-20T10:26:19Z"
      }
    },
    {
      "type": "Feature",
      "geometry": {
        "type": "Point",
        "coordinates": [
          139.7025276,
          35.6575303
        ]
      },
      "properties": {
        "timestamp": "2026-04-20T10:26:23Z"
      }
    },
    {
      "type": "Feature",
      "geometry": {
        "type": "Point",
        "coordinates": [
          139.7025623,
          35.6573682
        ]
      },
      "properties": {
        "timestamp": "2026-04-20T10:26:27Z"
      }
    },
    {
      "type": "Feature",
      "geometry": {
        "type": "Point",
        "coordinates": [
          139.7025717,
          35.6573708
        ]
      },
      "properties": {
        "timestamp": "2026-04-20T10:26:28Z"
      }
    },
    {
      "type": "Feature",
      "geometry": {
        "type": "Point",
        "coordinates": [
          139.7026498,
          35.6573459
        ]
      },
      "properties": {
        "timestamp": "2026-04-20T10:26:29Z"
      }
    },
    {
      "type": "Feature",
      "geometry": {
        "type": "Point",
        "coordinates": [
          139.7019635,
          35.6584967
        ]
      },
      "properties": {
        "timestamp": "2026-04-20T10:28:55Z"
      }
    },
    {
      "type": "Feature",
      "geometry": {
        "type": "Point",
        "coordinates": [
          139.7019742,
          35.6585321
        ]
      },
      "properties": {
        "timestamp": "2026-04-20T10:28:56Z"
      }
    },
    {
      "type": "Feature",
      "geometry": {
        "type": "Point",
        "coordinates": [
          139.7019876,
          35.658535
        ]
      },
      "properties": {
        "timestamp": "2026-04-20T10:28:57Z"
      }
    },
    {
      "type": "Feature",
      "geometry": {
        "type": "Point",
        "coordinates": [
          139.7020135,
          35.6585411
        ]
      },
      "properties": {
        "timestamp": "2026-04-20T10:28:58Z"
      }
    },
    {
      "type": "Feature",
      "geometry": {
        "type": "Point",
        "coordinates": [
          139.7020334,
          35.6585361
        ]
      },
      "properties": {
        "timestamp": "2026-04-20T10:28:59Z"
      }
    },
    {
      "type": "Feature",
      "geometry": {
        "type": "Point",
        "coordinates": [
          139.7020528,
          35.6585523
        ]
      },
      "properties": {
        "timestamp": "2026-04-20T10:29:00Z"
      }
    },
    {
      "type": "Feature",
      "geometry": {
        "type": "Point",
        "coordinates": [
          139.7020729,
          35.6585639
        ]
      },
      "properties": {
        "timestamp": "2026-04-20T10:29:01Z"
      }
    },
    {
      "type": "Feature",
      "geometry": {
        "type": "Point",
        "coordinates": [
          139.7020868,
          35.6585749
        ]
      },
      "properties": {
        "timestamp": "2026-04-20T10:29:03Z"
      }
    },
    {
      "type": "Feature",
      "geometry": {
        "type": "Point",
        "coordinates": [
          139.7020545,
          35.6585693
        ]
      },
      "properties": {
        "timestamp": "2026-04-20T10:29:06Z"
      }
    },
    {
      "type": "Feature",
      "geometry": {
        "type": "Point",
        "coordinates": [
          139.702069,
          35.658557
        ]
      },
      "properties": {
        "timestamp": "2026-04-20T10:29:07Z"
      }
    },
    {
      "type": "Feature",
      "geometry": {
        "type": "Point",
        "coordinates": [
          139.702381,
          35.6584761
        ]
      },
      "properties": {
        "timestamp": "2026-04-20T10:51:26Z"
      }
    },
    {
      "type": "Feature",
      "geometry": {
        "type": "Point",
        "coordinates": [
          139.7023303,
          35.658631
        ]
      },
      "properties": {
        "timestamp": "2026-04-20T10:51:27Z"
      }
    },
    {
      "type": "Feature",
      "geometry": {
        "type": "Point",
        "coordinates": [
          139.7023561,
          35.6586522
        ]
      },
      "properties": {
        "timestamp": "2026-04-20T10:51:28Z"
      }
    },
    {
      "type": "Feature",
      "geometry": {
        "type": "Point",
        "coordinates": [
          139.7023813,
          35.6585991
        ]
      },
      "properties": {
        "timestamp": "2026-04-20T10:51:29Z"
      }
    },
    {
      "type": "Feature",
      "geometry": {
        "type": "Point",
        "coordinates": [
          139.7023638,
          35.6586494
        ]
      },
      "properties": {
        "timestamp": "2026-04-20T10:51:30Z"
      }
    },
    {
      "type": "Feature",
      "geometry": {
        "type": "Point",
        "coordinates": [
          139.7023448,
          35.6586495
        ]
      },
      "properties": {
        "timestamp": "2026-04-20T10:51:31Z"
      }
    },
    {
      "type": "Feature",
      "geometry": {
        "type": "Point",
        "coordinates": [
          139.7023474,
          35.6586545
        ]
      },
      "properties": {
        "timestamp": "2026-04-20T10:51:32Z"
      }
    },
    {
      "type": "Feature",
      "geometry": {
        "type": "Point",
        "coordinates": [
          139.7023543,
          35.6586756
        ]
      },
      "properties": {
        "timestamp": "2026-04-20T10:51:33Z"
      }
    },
    {
      "type": "Feature",
      "geometry": {
        "type": "Point",
        "coordinates": [
          139.7023251,
          35.6587237
        ]
      },
      "properties": {
        "timestamp": "2026-04-20T10:51:34Z"
      }
    },
    {
      "type": "Feature",
      "geometry": {
        "type": "Point",
        "coordinates": [
          139.7022989,
          35.6587956
        ]
      },
      "properties": {
        "timestamp": "2026-04-20T10:51:35Z"
      }
    },
    {
      "type": "Feature",
      "geometry": {
        "type": "Point",
        "coordinates": [
          139.7023049,
          35.6587696
        ]
      },
      "properties": {
        "timestamp": "2026-04-20T10:51:36Z"
      }
    },
    {
      "type": "Feature",
      "geometry": {
        "type": "Point",
        "coordinates": [
          139.7022898,
          35.6587948
        ]
      },
      "properties": {
        "timestamp": "2026-04-20T10:51:37Z"
      }
    },
    {
      "type": "Feature",
      "geometry": {
        "type": "Point",
        "coordinates": [
          139.7022692,
          35.6588212
        ]
      },
      "properties": {
        "timestamp": "2026-04-20T10:51:38Z"
      }
    },
    {
      "type": "Feature",
      "geometry": {
        "type": "Point",
        "coordinates": [
          139.7022698,
          35.658827
        ]
      },
      "properties": {
        "timestamp": "2026-04-20T10:51:39Z"
      }
    },
    {
      "type": "Feature",
      "geometry": {
        "type": "Point",
        "coordinates": [
          139.7022578,
          35.6587862
        ]
      },
      "properties": {
        "timestamp": "2026-04-20T10:51:40Z"
      }
    },
    {
      "type": "Feature",
      "geometry": {
        "type": "Point",
        "coordinates": [
          139.7022397,
          35.6587555
        ]
      },
      "properties": {
        "timestamp": "2026-04-20T10:51:41Z"
      }
    },
    {
      "type": "Feature",
      "geometry": {
        "type": "Point",
        "coordinates": [
          139.7022323,
          35.6587193
        ]
      },
      "properties": {
        "timestamp": "2026-04-20T10:51:42Z"
      }
    },
    {
      "type": "Feature",
      "geometry": {
        "type": "Point",
        "coordinates": [
          139.702231,
          35.6587097
        ]
      },
      "properties": {
        "timestamp": "2026-04-20T10:51:43Z"
      }
    },
    {
      "type": "Feature",
      "geometry": {
        "type": "Point",
        "coordinates": [
          139.7022323,
          35.658686
        ]
      },
      "properties": {
        "timestamp": "2026-04-20T10:51:44Z"
      }
    },
    {
      "type": "Feature",
      "geometry": {
        "type": "Point",
        "coordinates": [
          139.7022257,
          35.6587078
        ]
      },
      "properties": {
        "timestamp": "2026-04-20T10:51:45Z"
      }
    },
    {
      "type": "Feature",
      "geometry": {
        "type": "Point",
        "coordinates": [
          139.7022258,
          35.6586789
        ]
      },
      "properties": {
        "timestamp": "2026-04-20T10:51:46Z"
      }
    },
    {
      "type": "Feature",
      "geometry": {
        "type": "Point",
        "coordinates": [
          139.7022303,
          35.6586411
        ]
      },
      "properties": {
        "timestamp": "2026-04-20T10:51:47Z"
      }
    },
    {
      "type": "Feature",
      "geometry": {
        "type": "Point",
        "coordinates": [
          139.7022447,
          35.6586305
        ]
      },
      "properties": {
        "timestamp": "2026-04-20T10:51:48Z"
      }
    },
    {
      "type": "Feature",
      "geometry": {
        "type": "Point",
        "coordinates": [
          139.7022538,
          35.6586499
        ]
      },
      "properties": {
        "timestamp": "2026-04-20T10:51:49Z"
      }
    }
  ]
}